Using pre-set license
Built from '6000.0/release' branch; Version is '6000.0.29f1 (9fafe5c9db65) revision 10465253'; Using compiler version '193933523'; Build Type 'Release'
OS: 'Windows 10  (10.0.19045) 64bit Core' Language: 'ko' Physical Memory: 16314 MB
BatchMode: 1, IsHumanControllingUs: 0, StartBugReporterOnCrash: 0, Is64bit: 1, IsPro: 1

COMMAND LINE ARGUMENTS:
C:\Program Files\Unity\Hub\Editor\6000.0.29f1\Editor\Unity.exe
-adb2
-batchMode
-noUpm
-name
AssetImportWorker1
-projectPath
C:/Users/Ellen/Desktop/Project/25_Dorememe/Dorememe4
-logFile
Logs/AssetImportWorker1.log
-srvPort
53127
-job-worker-count
3
-background-job-worker-count
8
-asset-garbage-collectors
1
Successfully changed project path to: C:/Users/Ellen/Desktop/Project/25_Dorememe/Dorememe4
C:/Users/Ellen/Desktop/Project/25_Dorememe/Dorememe4
[UnityMemory] Configuration Parameters - Can be set up in boot.config
    "memorysetup-bucket-allocator-granularity=16"
    "memorysetup-bucket-allocator-bucket-count=8"
    "memorysetup-bucket-allocator-block-size=33554432"
    "memorysetup-bucket-allocator-block-count=8"
    "memorysetup-main-allocator-block-size=16777216"
    "memorysetup-thread-allocator-block-size=16777216"
    "memorysetup-gfx-main-allocator-block-size=16777216"
    "memorysetup-gfx-thread-allocator-block-size=16777216"
    "memorysetup-cache-allocator-block-size=4194304"
    "memorysetup-typetree-allocator-block-size=2097152"
    "memorysetup-profiler-bucket-allocator-granularity=16"
    "memorysetup-profiler-bucket-allocator-bucket-count=8"
    "memorysetup-profiler-bucket-allocator-block-size=33554432"
    "memorysetup-profiler-bucket-allocator-block-count=8"
    "memorysetup-profiler-allocator-block-size=16777216"
    "memorysetup-profiler-editor-allocator-block-size=1048576"
    "memorysetup-temp-allocator-size-main=16777216"
    "memorysetup-job-temp-allocator-block-size=2097152"
    "memorysetup-job-temp-allocator-block-size-background=1048576"
    "memorysetup-job-temp-allocator-reduction-small-platforms=262144"
    "memorysetup-allocator-temp-initial-block-size-main=262144"
    "memorysetup-allocator-temp-initial-block-size-worker=262144"
    "memorysetup-temp-allocator-size-background-worker=32768"
    "memorysetup-temp-allocator-size-job-worker=262144"
    "memorysetup-temp-allocator-size-preload-manager=33554432"
    "memorysetup-temp-allocator-size-nav-mesh-worker=65536"
    "memorysetup-temp-allocator-size-audio-worker=65536"
    "memorysetup-temp-allocator-size-cloud-worker=32768"
    "memorysetup-temp-allocator-size-gi-baking-worker=262144"
    "memorysetup-temp-allocator-size-gi-baking-worker=262144"
    "memorysetup-temp-allocator-size-gi-baking-worker=262144"
    "memorysetup-temp-allocator-size-gi-baking-worker=262144"
    "memorysetup-temp-allocator-size-gi-baking-worker=262144"
    "memorysetup-temp-allocator-size-gfx=262144"
Player connection [9068]  Target information:

Player connection [9068]  * "[IP] 192.168.55.15 [Port] 0 [Flags] 2 [Guid] 3221058457 [EditorId] 3221058457 [Version] 1048832 [Id] WindowsEditor(7,DESKTOP-6IHTGVK) [Debug] 1 [PackageName] WindowsEditor [ProjectName] Editor" 

Player connection [9068] Host joined multi-casting on [225.0.0.222:54997]...
Player connection [9068] Host joined alternative multi-casting on [225.0.0.222:34997]...
JobSystem: Creating JobQueue using job-worker-count value 3
[Physics::Module] Initialized fallback backend.
[Physics::Module] Id: 0xdecafbad
Library Redirect Path: Library/
[Physics::Module] Selected backend.
[Physics::Module] Name: PhysX
[Physics::Module] Id: 0xf2b8ea05
[Physics::Module] SDK Version: 4.1.2
[Physics::Module] Integration Version: 1.0.0
[Physics::Module] Threading Mode: Multi-Threaded
Refreshing native plugins compatible for Editor in 27.93 ms, found 18 plugins.
Unity memory allocator detected: MetaXRAudio native memory allocations will be tracked.
Preloading 2 native plugins for Editor in 2.03 ms.
Initialize engine version: 6000.0.29f1 (9fafe5c9db65)
[Subsystems] Discovering subsystems at path C:/Program Files/Unity/Hub/Editor/6000.0.29f1/Editor/Data/Resources/UnitySubsystems
[Subsystems] Discovering subsystems at path C:/Users/Ellen/Desktop/Project/25_Dorememe/Dorememe4/Assets
[Subsystems] No descriptors matched for  examples in Assets/MeshingFeaturePlugin/UnitySubsystemsManifest.json.
[Subsystems] No descriptors matched for  inputs in Assets/MeshingFeaturePlugin/UnitySubsystemsManifest.json.
[Subsystems] No descriptors matched for  displays in Assets/MeshingFeaturePlugin/UnitySubsystemsManifest.json.
[Subsystems] 1 'meshings' descriptors matched in Assets/MeshingFeaturePlugin/UnitySubsystemsManifest.json
GfxDevice: creating device client; kGfxThreadingModeNonThreaded
Direct3D:
    Version:  Direct3D 11.0 [level 11.1]
    Renderer: NVIDIA GeForce RTX 2060 (ID=0x1e89)
    Vendor:   NVIDIA
    VRAM:     5945 MB
    Driver:   32.0.15.8157
Shader 'Meta/MRUK/Scene/HighlightsAndShadows': fallback shader 'Off' not found
Shader 'Oculus/OVRMRCameraFrameLit': fallback shader 'Alpha-Diffuse' not found
Initialize mono
Mono path[0] = 'C:/Program Files/Unity/Hub/Editor/6000.0.29f1/Editor/Data/Managed'
Mono path[1] = 'C:/Program Files/Unity/Hub/Editor/6000.0.29f1/Editor/Data/MonoBleedingEdge/lib/mono/unityjit-win32'
Mono config path = 'C:/Program Files/Unity/Hub/Editor/6000.0.29f1/Editor/Data/MonoBleedingEdge/etc'
Using monoOptions --debugger-agent=transport=dt_socket,embedding=1,server=y,suspend=n,address=127.0.0.1:56268
Begin MonoManager ReloadAssembly
Registering precompiled unity dll's ...
Register platform support module: C:/Program Files/Unity/Hub/Editor/6000.0.29f1/Editor/Data/PlaybackEngines/WindowsStandaloneSupport/UnityEditor.WindowsStandalone.Extensions.dll
Register platform support module: C:/Program Files/Unity/Hub/Editor/6000.0.29f1/Editor/Data/PlaybackEngines/AndroidPlayer/UnityEditor.Android.Extensions.dll
Registered in 0.003606 seconds.
- Loaded All Assemblies, in  0.428 seconds
Native extension for Android target not found
Android Extension - Scanning For ADB Devices 216 ms
Native extension for WindowsStandalone target not found
Mono: successfully reloaded assembly
- Finished resetting the current domain, in  0.599 seconds
Domain Reload Profiling: 1025ms
	BeginReloadAssembly (134ms)
		ExecutionOrderSort (0ms)
		DisableScriptedObjects (0ms)
		BackupInstance (0ms)
		ReleaseScriptingObjects (0ms)
		CreateAndSetChildDomain (1ms)
	RebuildCommonClasses (38ms)
	RebuildNativeTypeToScriptingClass (14ms)
	initialDomainReloadingComplete (51ms)
	LoadAllAssembliesAndSetupDomain (188ms)
		LoadAssemblies (132ms)
		RebuildTransferFunctionScriptingTraits (0ms)
		AnalyzeDomain (185ms)
			TypeCache.Refresh (183ms)
				TypeCache.ScanAssembly (160ms)
			BuildScriptInfoCaches (0ms)
			ResolveRequiredComponents (0ms)
	FinalizeReload (600ms)
		ReleaseScriptCaches (0ms)
		RebuildScriptCaches (0ms)
		SetupLoadedEditorAssemblies (530ms)
			LogAssemblyErrors (0ms)
			InitializePlatformSupportModulesInManaged (308ms)
			SetLoadedEditorAssemblies (3ms)
			BeforeProcessingInitializeOnLoad (7ms)
			ProcessInitializeOnLoadAttributes (144ms)
			ProcessInitializeOnLoadMethodAttributes (66ms)
			AfterProcessingInitializeOnLoad (2ms)
			EditorAssembliesLoaded (0ms)
		ExecutionOrderSort2 (0ms)
		AwakeInstancesAfterBackupRestoration (0ms)
========================================================================
Worker process is ready to serve import requests
Import Worker Mode flag is 0x00
Begin MonoManager ReloadAssembly
Symbol file LoadedFromMemory is not a mono symbol file
- Loaded All Assemblies, in  1.191 seconds
Script 'CharacterController' has the same name as built-in Unity component.
AddComponent and GetComponent will not work with this script.
'Packages/com.meta.xr.sdk.core/Editor/BuildingBlocks/BlocksWindow.cs' contains partial class of Unity.Object, exactly 1 of the partial classes needs to be in a file with the same filename. This is to know the one that can be referenced from ie. GameObjects
'Packages/com.meta.xr.sdk.core/Editor/BuildingBlocks/BlocksWindowDetailsExtension.cs' contains partial class of Unity.Object, exactly 1 of the partial classes needs to be in a file with the same filename. This is to know the one that can be referenced from ie. GameObjects
'Packages/com.meta.xr.sdk.core/Editor/BuildingBlocks/BlocksWindowCollectionsPageExtension.cs' contains partial class of Unity.Object, exactly 1 of the partial classes needs to be in a file with the same filename. This is to know the one that can be referenced from ie. GameObjects
Refreshing native plugins compatible for Editor in 15.73 ms, found 18 plugins.
Native extension for Android target not found
Native extension for WindowsStandalone target not found
Refreshing native plugins compatible for Editor in 16.25 ms, found 18 plugins.
Package Manager log level set to [2]
[Package Manager] Failed to launch server process. Reason: Unity was launched with the -noUpm command-line argument
[Package Manager] Unable to send message (not connected to server process).
[Package Manager] Cannot connect to Unity Package Manager local server
[Package Manager] Failed to launch server process. Reason: Unity was launched with the -noUpm command-line argument
[Package Manager] Unable to send message (not connected to server process).
[Package Manager] Cannot connect to Unity Package Manager local server
Mono: successfully reloaded assembly
[Package Manager] Failed to launch server process. Reason: Unity was launched with the -noUpm command-line argument
[Package Manager] Unable to send message (not connected to server process).
[Package Manager] Cannot connect to Unity Package Manager local server
[Package Manager] Failed to launch server process. Reason: Unity was launched with the -noUpm command-line argument
[Package Manager] Unable to send message (not connected to server process).
[Package Manager] Cannot connect to Unity Package Manager local server
- Finished resetting the current domain, in  3.066 seconds
Domain Reload Profiling: 4248ms
	BeginReloadAssembly (264ms)
		ExecutionOrderSort (0ms)
		DisableScriptedObjects (6ms)
		BackupInstance (0ms)
		ReleaseScriptingObjects (0ms)
		CreateAndSetChildDomain (29ms)
	RebuildCommonClasses (45ms)
	RebuildNativeTypeToScriptingClass (16ms)
	initialDomainReloadingComplete (42ms)
	LoadAllAssembliesAndSetupDomain (815ms)
		LoadAssemblies (528ms)
		RebuildTransferFunctionScriptingTraits (0ms)
		AnalyzeDomain (483ms)
			TypeCache.Refresh (303ms)
				TypeCache.ScanAssembly (277ms)
			BuildScriptInfoCaches (142ms)
			ResolveRequiredComponents (34ms)
	FinalizeReload (3066ms)
		ReleaseScriptCaches (0ms)
		RebuildScriptCaches (0ms)
		SetupLoadedEditorAssemblies (2227ms)
			LogAssemblyErrors (0ms)
			InitializePlatformSupportModulesInManaged (12ms)
			SetLoadedEditorAssemblies (7ms)
			BeforeProcessingInitializeOnLoad (165ms)
			ProcessInitializeOnLoadAttributes (1812ms)
			ProcessInitializeOnLoadMethodAttributes (219ms)
			AfterProcessingInitializeOnLoad (10ms)
			EditorAssembliesLoaded (1ms)
		ExecutionOrderSort2 (0ms)
		AwakeInstancesAfterBackupRestoration (9ms)
Shader 'Meta/MRUK/Scene/HighlightsAndShadows': fallback shader 'Off' not found
Shader 'Oculus/OVRMRCameraFrameLit': fallback shader 'Alpha-Diffuse' not found
Launched and connected shader compiler UnityShaderCompiler.exe after 0.02 seconds
Refreshing native plugins compatible for Editor in 16.72 ms, found 18 plugins.
Preloading 2 native plugins for Editor in 0.09 ms.
Unloading 462 Unused Serialized files (Serialized files now loaded: 0)
Unloading 9221 unused Assets / (10.7 MB). Loaded Objects now: 10109.
Memory consumption went from 257.8 MB to 247.1 MB.
Total: 30.299400 ms (FindLiveObjects: 1.988600 ms CreateObjectMapping: 1.833500 ms MarkObjects: 20.241400 ms  DeleteObjects: 6.234900 ms)

========================================================================
Received Import Request.
  Time since last request: 155918.822781 seconds.
  path: Assets/01 Scence/Night.mat
  artifactKey: Guid(d6e419b8e15e5cf4c89981b6c8576c90) Importer(815301076,1909f56bfc062723c751e8b465ee728b)
Start importing Assets/01 Scence/Night.mat using Guid(d6e419b8e15e5cf4c89981b6c8576c90) Importer(815301076,1909f56bfc062723c751e8b465ee728b) (PreviewImporter) -> (artifact id: 'edb3c94f1217aae569903a70aa95d71b') in 0.7969778 seconds
Number of updated asset objects reloaded before import = 0Number of asset objects unloaded after import = 2

========================================================================
Received Import Request.
  Time since last request: 0.000040 seconds.
  path: Assets/01 Scence/Daytime sky.mat
  artifactKey: Guid(cebda5295d6646a47af2315eaebe104b) Importer(815301076,1909f56bfc062723c751e8b465ee728b)
Start importing Assets/01 Scence/Daytime sky.mat using Guid(cebda5295d6646a47af2315eaebe104b) Importer(815301076,1909f56bfc062723c751e8b465ee728b) (PreviewImporter) -> (artifact id: 'daa98773d8c3d227d9d09b4964df9486') in 0.2701913 seconds
Number of updated asset objects reloaded before import = 0Number of asset objects unloaded after import = 2

========================================================================
Received Import Request.
  Time since last request: 0.000032 seconds.
  path: Assets/01 Scence/buttobar!!.unity
  artifactKey: Guid(3e51f2cb69232dc4e9edbde623822fa9) Importer(815301076,1909f56bfc062723c751e8b465ee728b)
Start importing Assets/01 Scence/buttobar!!.unity using Guid(3e51f2cb69232dc4e9edbde623822fa9) Importer(815301076,1909f56bfc062723c751e8b465ee728b) (PreviewImporter) -> (artifact id: 'ee75c45fd72398ebad0a22371aaa828a') in 0.0006138 seconds
Number of updated asset objects reloaded before import = 0Number of asset objects unloaded after import = 0

========================================================================
Received Prepare
Begin MonoManager ReloadAssembly
NullReferenceException: Object reference not set to an instance of an object
  at Tripolygon.UModeler.Hub.HubAnalytics.OnRelease (System.Boolean isReloading) [0x00019] in <796d15bd8fc549d4a7d2e0ec26344f93>:0 
  at Tripolygon.UModeler.Analytics.AnalyticsBase.Release (System.Boolean isReloading) [0x00000] in <796d15bd8fc549d4a7d2e0ec26344f93>:0 
  at Tripolygon.UModeler.Hub.HubAnalyticsService.OnRelease (System.Boolean isReloading) [0x00000] in <796d15bd8fc549d4a7d2e0ec26344f93>:0 
  at Tripolygon.UModeler.UI.ApplicationServiceBase.Application_Released (System.Object sender, Tripolygon.UModeler.UI.ApplicationReleasedEventArgs e) [0x00007] in <db0f9bfc5ab342038dd25261e46cfd15>:0 
  at (wrapper delegate-invoke) System.EventHandler`1[Tripolygon.UModeler.UI.ApplicationReleasedEventArgs].invoke_void_object_TEventArgs(object,Tripolygon.UModeler.UI.ApplicationReleasedEventArgs)
  at Tripolygon.UModeler.UI.Application.Release (System.Boolean isReloading) [0x0005f] in <db0f9bfc5ab342038dd25261e46cfd15>:0 
  at Tripolygon.UModeler.Editor.UI.UnityEditorApplication+<>c.<.cctor>b__6_1 () [0x00029] in <796d15bd8fc549d4a7d2e0ec26344f93>:0 
  at UnityEditor.AssemblyReloadEvents.OnBeforeAssemblyReload () [0x00017] in <20f98a04ac634cc8bf5f95425bb19bb9>:0 

Symbol file LoadedFromMemory is not a mono symbol file
- Loaded All Assemblies, in  1.321 seconds
Script 'CharacterController' has the same name as built-in Unity component.
AddComponent and GetComponent will not work with this script.
'Packages/com.meta.xr.sdk.core/Editor/BuildingBlocks/BlocksWindow.cs' contains partial class of Unity.Object, exactly 1 of the partial classes needs to be in a file with the same filename. This is to know the one that can be referenced from ie. GameObjects
'Packages/com.meta.xr.sdk.core/Editor/BuildingBlocks/BlocksWindowDetailsExtension.cs' contains partial class of Unity.Object, exactly 1 of the partial classes needs to be in a file with the same filename. This is to know the one that can be referenced from ie. GameObjects
'Packages/com.meta.xr.sdk.core/Editor/BuildingBlocks/BlocksWindowCollectionsPageExtension.cs' contains partial class of Unity.Object, exactly 1 of the partial classes needs to be in a file with the same filename. This is to know the one that can be referenced from ie. GameObjects
Refreshing native plugins compatible for Editor in 19.53 ms, found 18 plugins.
Native extension for Android target not found
Native extension for WindowsStandalone target not found
Refreshing native plugins compatible for Editor in 17.56 ms, found 18 plugins.
[Package Manager] Failed to launch server process. Reason: Unity was launched with the -noUpm command-line argument
[Package Manager] Unable to send message (not connected to server process).
[Package Manager] Cannot connect to Unity Package Manager local server
[Package Manager] Failed to launch server process. Reason: Unity was launched with the -noUpm command-line argument
[Package Manager] Unable to send message (not connected to server process).
[Package Manager] Cannot connect to Unity Package Manager local server
Mono: successfully reloaded assembly
[Package Manager] Failed to launch server process. Reason: Unity was launched with the -noUpm command-line argument
[Package Manager] Unable to send message (not connected to server process).
[Package Manager] Cannot connect to Unity Package Manager local server
- Finished resetting the current domain, in  2.806 seconds
Domain Reload Profiling: 4123ms
	BeginReloadAssembly (454ms)
		ExecutionOrderSort (0ms)
		DisableScriptedObjects (28ms)
		BackupInstance (0ms)
		ReleaseScriptingObjects (0ms)
		CreateAndSetChildDomain (109ms)
	RebuildCommonClasses (40ms)
	RebuildNativeTypeToScriptingClass (17ms)
	initialDomainReloadingComplete (30ms)
	LoadAllAssembliesAndSetupDomain (774ms)
		LoadAssemblies (475ms)
		RebuildTransferFunctionScriptingTraits (0ms)
		AnalyzeDomain (405ms)
			TypeCache.Refresh (25ms)
				TypeCache.ScanAssembly (0ms)
			BuildScriptInfoCaches (344ms)
			ResolveRequiredComponents (31ms)
	FinalizeReload (2807ms)
		ReleaseScriptCaches (0ms)
		RebuildScriptCaches (0ms)
		SetupLoadedEditorAssemblies (1979ms)
			LogAssemblyErrors (0ms)
			InitializePlatformSupportModulesInManaged (14ms)
			SetLoadedEditorAssemblies (8ms)
			BeforeProcessingInitializeOnLoad (169ms)
			ProcessInitializeOnLoadAttributes (1591ms)
			ProcessInitializeOnLoadMethodAttributes (189ms)
			AfterProcessingInitializeOnLoad (8ms)
			EditorAssembliesLoaded (1ms)
		ExecutionOrderSort2 (0ms)
		AwakeInstancesAfterBackupRestoration (17ms)
Shader 'Meta/MRUK/Scene/HighlightsAndShadows': fallback shader 'Off' not found
Shader 'Oculus/OVRMRCameraFrameLit': fallback shader 'Alpha-Diffuse' not found
Refreshing native plugins compatible for Editor in 17.26 ms, found 18 plugins.
Preloading 2 native plugins for Editor in 0.09 ms.
Unloading 92 Unused Serialized files (Serialized files now loaded: 0)
Unloading 9221 unused Assets / (11.8 MB). Loaded Objects now: 10190.
Memory consumption went from 327.9 MB to 316.1 MB.
Total: 31.011200 ms (FindLiveObjects: 1.997500 ms CreateObjectMapping: 2.191700 ms MarkObjects: 20.845400 ms  DeleteObjects: 5.975200 ms)

Prepare: number of updated asset objects reloaded= 0
========================================================================
Received Prepare
Begin MonoManager ReloadAssembly
NullReferenceException: Object reference not set to an instance of an object
  at Tripolygon.UModeler.Hub.HubAnalytics.OnRelease (System.Boolean isReloading) [0x00019] in <796d15bd8fc549d4a7d2e0ec26344f93>:0 
  at Tripolygon.UModeler.Analytics.AnalyticsBase.Release (System.Boolean isReloading) [0x00000] in <796d15bd8fc549d4a7d2e0ec26344f93>:0 
  at Tripolygon.UModeler.Hub.HubAnalyticsService.OnRelease (System.Boolean isReloading) [0x00000] in <796d15bd8fc549d4a7d2e0ec26344f93>:0 
  at Tripolygon.UModeler.UI.ApplicationServiceBase.Application_Released (System.Object sender, Tripolygon.UModeler.UI.ApplicationReleasedEventArgs e) [0x00007] in <db0f9bfc5ab342038dd25261e46cfd15>:0 
  at (wrapper delegate-invoke) System.EventHandler`1[Tripolygon.UModeler.UI.ApplicationReleasedEventArgs].invoke_void_object_TEventArgs(object,Tripolygon.UModeler.UI.ApplicationReleasedEventArgs)
  at Tripolygon.UModeler.UI.Application.Release (System.Boolean isReloading) [0x0005f] in <db0f9bfc5ab342038dd25261e46cfd15>:0 
  at Tripolygon.UModeler.Editor.UI.UnityEditorApplication+<>c.<.cctor>b__6_1 () [0x00029] in <796d15bd8fc549d4a7d2e0ec26344f93>:0 
  at UnityEditor.AssemblyReloadEvents.OnBeforeAssemblyReload () [0x00017] in <20f98a04ac634cc8bf5f95425bb19bb9>:0 

Symbol file LoadedFromMemory is not a mono symbol file
- Loaded All Assemblies, in  1.248 seconds
Script 'CharacterController' has the same name as built-in Unity component.
AddComponent and GetComponent will not work with this script.
'Packages/com.meta.xr.sdk.core/Editor/BuildingBlocks/BlocksWindow.cs' contains partial class of Unity.Object, exactly 1 of the partial classes needs to be in a file with the same filename. This is to know the one that can be referenced from ie. GameObjects
'Packages/com.meta.xr.sdk.core/Editor/BuildingBlocks/BlocksWindowDetailsExtension.cs' contains partial class of Unity.Object, exactly 1 of the partial classes needs to be in a file with the same filename. This is to know the one that can be referenced from ie. GameObjects
'Packages/com.meta.xr.sdk.core/Editor/BuildingBlocks/BlocksWindowCollectionsPageExtension.cs' contains partial class of Unity.Object, exactly 1 of the partial classes needs to be in a file with the same filename. This is to know the one that can be referenced from ie. GameObjects
Refreshing native plugins compatible for Editor in 17.38 ms, found 18 plugins.
Native extension for Android target not found
Native extension for WindowsStandalone target not found
Refreshing native plugins compatible for Editor in 18.59 ms, found 18 plugins.
[Package Manager] Failed to launch server process. Reason: Unity was launched with the -noUpm command-line argument
[Package Manager] Unable to send message (not connected to server process).
[Package Manager] Cannot connect to Unity Package Manager local server
[Package Manager] Failed to launch server process. Reason: Unity was launched with the -noUpm command-line argument
[Package Manager] Unable to send message (not connected to server process).
[Package Manager] Cannot connect to Unity Package Manager local server
Mono: successfully reloaded assembly
[Package Manager] Failed to launch server process. Reason: Unity was launched with the -noUpm command-line argument
[Package Manager] Unable to send message (not connected to server process).
[Package Manager] Cannot connect to Unity Package Manager local server
- Finished resetting the current domain, in  2.640 seconds
Domain Reload Profiling: 3887ms
	BeginReloadAssembly (415ms)
		ExecutionOrderSort (0ms)
		DisableScriptedObjects (7ms)
		BackupInstance (0ms)
		ReleaseScriptingObjects (0ms)
		CreateAndSetChildDomain (88ms)
	RebuildCommonClasses (44ms)
	RebuildNativeTypeToScriptingClass (17ms)
	initialDomainReloadingComplete (29ms)
	LoadAllAssembliesAndSetupDomain (738ms)
		LoadAssemblies (483ms)
		RebuildTransferFunctionScriptingTraits (0ms)
		AnalyzeDomain (365ms)
			TypeCache.Refresh (12ms)
				TypeCache.ScanAssembly (0ms)
			BuildScriptInfoCaches (319ms)
			ResolveRequiredComponents (30ms)
	FinalizeReload (2644ms)
		ReleaseScriptCaches (0ms)
		RebuildScriptCaches (0ms)
		SetupLoadedEditorAssemblies (1944ms)
			LogAssemblyErrors (0ms)
			InitializePlatformSupportModulesInManaged (13ms)
			SetLoadedEditorAssemblies (8ms)
			BeforeProcessingInitializeOnLoad (172ms)
			ProcessInitializeOnLoadAttributes (1557ms)
			ProcessInitializeOnLoadMethodAttributes (186ms)
			AfterProcessingInitializeOnLoad (8ms)
			EditorAssembliesLoaded (1ms)
		ExecutionOrderSort2 (0ms)
		AwakeInstancesAfterBackupRestoration (16ms)
Shader 'Meta/MRUK/Scene/HighlightsAndShadows': fallback shader 'Off' not found
Shader 'Oculus/OVRMRCameraFrameLit': fallback shader 'Alpha-Diffuse' not found
Refreshing native plugins compatible for Editor in 19.93 ms, found 18 plugins.
Preloading 2 native plugins for Editor in 0.11 ms.
Unloading 83 Unused Serialized files (Serialized files now loaded: 0)
Unloading 9221 unused Assets / (11.8 MB). Loaded Objects now: 10193.
Memory consumption went from 256.3 MB to 244.5 MB.
Total: 43.233800 ms (FindLiveObjects: 5.767100 ms CreateObjectMapping: 3.292200 ms MarkObjects: 26.966500 ms  DeleteObjects: 7.207100 ms)

Prepare: number of updated asset objects reloaded= 0
========================================================================
Received Prepare
Begin MonoManager ReloadAssembly
NullReferenceException: Object reference not set to an instance of an object
  at Tripolygon.UModeler.Hub.HubAnalytics.OnRelease (System.Boolean isReloading) [0x00019] in <796d15bd8fc549d4a7d2e0ec26344f93>:0 
  at Tripolygon.UModeler.Analytics.AnalyticsBase.Release (System.Boolean isReloading) [0x00000] in <796d15bd8fc549d4a7d2e0ec26344f93>:0 
  at Tripolygon.UModeler.Hub.HubAnalyticsService.OnRelease (System.Boolean isReloading) [0x00000] in <796d15bd8fc549d4a7d2e0ec26344f93>:0 
  at Tripolygon.UModeler.UI.ApplicationServiceBase.Application_Released (System.Object sender, Tripolygon.UModeler.UI.ApplicationReleasedEventArgs e) [0x00007] in <db0f9bfc5ab342038dd25261e46cfd15>:0 
  at (wrapper delegate-invoke) System.EventHandler`1[Tripolygon.UModeler.UI.ApplicationReleasedEventArgs].invoke_void_object_TEventArgs(object,Tripolygon.UModeler.UI.ApplicationReleasedEventArgs)
  at Tripolygon.UModeler.UI.Application.Release (System.Boolean isReloading) [0x0005f] in <db0f9bfc5ab342038dd25261e46cfd15>:0 
  at Tripolygon.UModeler.Editor.UI.UnityEditorApplication+<>c.<.cctor>b__6_1 () [0x00029] in <796d15bd8fc549d4a7d2e0ec26344f93>:0 
  at UnityEditor.AssemblyReloadEvents.OnBeforeAssemblyReload () [0x00017] in <20f98a04ac634cc8bf5f95425bb19bb9>:0 

Symbol file LoadedFromMemory is not a mono symbol file
- Loaded All Assemblies, in  1.267 seconds
Script 'CharacterController' has the same name as built-in Unity component.
AddComponent and GetComponent will not work with this script.
'Packages/com.meta.xr.sdk.core/Editor/BuildingBlocks/BlocksWindow.cs' contains partial class of Unity.Object, exactly 1 of the partial classes needs to be in a file with the same filename. This is to know the one that can be referenced from ie. GameObjects
'Packages/com.meta.xr.sdk.core/Editor/BuildingBlocks/BlocksWindowDetailsExtension.cs' contains partial class of Unity.Object, exactly 1 of the partial classes needs to be in a file with the same filename. This is to know the one that can be referenced from ie. GameObjects
'Packages/com.meta.xr.sdk.core/Editor/BuildingBlocks/BlocksWindowCollectionsPageExtension.cs' contains partial class of Unity.Object, exactly 1 of the partial classes needs to be in a file with the same filename. This is to know the one that can be referenced from ie. GameObjects
Refreshing native plugins compatible for Editor in 17.99 ms, found 18 plugins.
Native extension for Android target not found
Native extension for WindowsStandalone target not found
Refreshing native plugins compatible for Editor in 16.92 ms, found 18 plugins.
[Package Manager] Failed to launch server process. Reason: Unity was launched with the -noUpm command-line argument
[Package Manager] Unable to send message (not connected to server process).
[Package Manager] Cannot connect to Unity Package Manager local server
[Package Manager] Failed to launch server process. Reason: Unity was launched with the -noUpm command-line argument
[Package Manager] Unable to send message (not connected to server process).
[Package Manager] Cannot connect to Unity Package Manager local server
Mono: successfully reloaded assembly
[Package Manager] Failed to launch server process. Reason: Unity was launched with the -noUpm command-line argument
[Package Manager] Unable to send message (not connected to server process).
[Package Manager] Cannot connect to Unity Package Manager local server
- Finished resetting the current domain, in  2.712 seconds
Domain Reload Profiling: 3973ms
	BeginReloadAssembly (413ms)
		ExecutionOrderSort (0ms)
		DisableScriptedObjects (8ms)
		BackupInstance (0ms)
		ReleaseScriptingObjects (0ms)
		CreateAndSetChildDomain (92ms)
	RebuildCommonClasses (44ms)
	RebuildNativeTypeToScriptingClass (17ms)
	initialDomainReloadingComplete (33ms)
	LoadAllAssembliesAndSetupDomain (754ms)
		LoadAssemblies (496ms)
		RebuildTransferFunctionScriptingTraits (0ms)
		AnalyzeDomain (364ms)
			TypeCache.Refresh (9ms)
				TypeCache.ScanAssembly (0ms)
			BuildScriptInfoCaches (318ms)
			ResolveRequiredComponents (31ms)
	FinalizeReload (2712ms)
		ReleaseScriptCaches (0ms)
		RebuildScriptCaches (0ms)
		SetupLoadedEditorAssemblies (1969ms)
			LogAssemblyErrors (0ms)
			InitializePlatformSupportModulesInManaged (13ms)
			SetLoadedEditorAssemblies (8ms)
			BeforeProcessingInitializeOnLoad (166ms)
			ProcessInitializeOnLoadAttributes (1582ms)
			ProcessInitializeOnLoadMethodAttributes (188ms)
			AfterProcessingInitializeOnLoad (11ms)
			EditorAssembliesLoaded (1ms)
		ExecutionOrderSort2 (0ms)
		AwakeInstancesAfterBackupRestoration (16ms)
Shader 'Meta/MRUK/Scene/HighlightsAndShadows': fallback shader 'Off' not found
Shader 'Oculus/OVRMRCameraFrameLit': fallback shader 'Alpha-Diffuse' not found
Refreshing native plugins compatible for Editor in 17.51 ms, found 18 plugins.
Preloading 2 native plugins for Editor in 0.08 ms.
Unloading 83 Unused Serialized files (Serialized files now loaded: 0)
Unloading 9221 unused Assets / (11.8 MB). Loaded Objects now: 10196.
Memory consumption went from 256.3 MB to 244.6 MB.
Total: 32.541400 ms (FindLiveObjects: 1.068300 ms CreateObjectMapping: 1.767400 ms MarkObjects: 21.383600 ms  DeleteObjects: 8.320900 ms)

Prepare: number of updated asset objects reloaded= 0
========================================================================
Received Prepare
Begin MonoManager ReloadAssembly
NullReferenceException: Object reference not set to an instance of an object
  at Tripolygon.UModeler.Hub.HubAnalytics.OnRelease (System.Boolean isReloading) [0x00019] in <796d15bd8fc549d4a7d2e0ec26344f93>:0 
  at Tripolygon.UModeler.Analytics.AnalyticsBase.Release (System.Boolean isReloading) [0x00000] in <796d15bd8fc549d4a7d2e0ec26344f93>:0 
  at Tripolygon.UModeler.Hub.HubAnalyticsService.OnRelease (System.Boolean isReloading) [0x00000] in <796d15bd8fc549d4a7d2e0ec26344f93>:0 
  at Tripolygon.UModeler.UI.ApplicationServiceBase.Application_Released (System.Object sender, Tripolygon.UModeler.UI.ApplicationReleasedEventArgs e) [0x00007] in <db0f9bfc5ab342038dd25261e46cfd15>:0 
  at (wrapper delegate-invoke) System.EventHandler`1[Tripolygon.UModeler.UI.ApplicationReleasedEventArgs].invoke_void_object_TEventArgs(object,Tripolygon.UModeler.UI.ApplicationReleasedEventArgs)
  at Tripolygon.UModeler.UI.Application.Release (System.Boolean isReloading) [0x0005f] in <db0f9bfc5ab342038dd25261e46cfd15>:0 
  at Tripolygon.UModeler.Editor.UI.UnityEditorApplication+<>c.<.cctor>b__6_1 () [0x00029] in <796d15bd8fc549d4a7d2e0ec26344f93>:0 
  at UnityEditor.AssemblyReloadEvents.OnBeforeAssemblyReload () [0x00017] in <20f98a04ac634cc8bf5f95425bb19bb9>:0 

Symbol file LoadedFromMemory is not a mono symbol file
- Loaded All Assemblies, in  1.299 seconds
Script 'CharacterController' has the same name as built-in Unity component.
AddComponent and GetComponent will not work with this script.
'Packages/com.meta.xr.sdk.core/Editor/BuildingBlocks/BlocksWindow.cs' contains partial class of Unity.Object, exactly 1 of the partial classes needs to be in a file with the same filename. This is to know the one that can be referenced from ie. GameObjects
'Packages/com.meta.xr.sdk.core/Editor/BuildingBlocks/BlocksWindowDetailsExtension.cs' contains partial class of Unity.Object, exactly 1 of the partial classes needs to be in a file with the same filename. This is to know the one that can be referenced from ie. GameObjects
'Packages/com.meta.xr.sdk.core/Editor/BuildingBlocks/BlocksWindowCollectionsPageExtension.cs' contains partial class of Unity.Object, exactly 1 of the partial classes needs to be in a file with the same filename. This is to know the one that can be referenced from ie. GameObjects
Refreshing native plugins compatible for Editor in 19.80 ms, found 18 plugins.
Native extension for Android target not found
Native extension for WindowsStandalone target not found
Refreshing native plugins compatible for Editor in 17.35 ms, found 18 plugins.
[Package Manager] Failed to launch server process. Reason: Unity was launched with the -noUpm command-line argument
[Package Manager] Unable to send message (not connected to server process).
[Package Manager] Cannot connect to Unity Package Manager local server
[Package Manager] Failed to launch server process. Reason: Unity was launched with the -noUpm command-line argument
[Package Manager] Unable to send message (not connected to server process).
[Package Manager] Cannot connect to Unity Package Manager local server
Mono: successfully reloaded assembly
[Package Manager] Failed to launch server process. Reason: Unity was launched with the -noUpm command-line argument
[Package Manager] Unable to send message (not connected to server process).
[Package Manager] Cannot connect to Unity Package Manager local server
- Finished resetting the current domain, in  2.752 seconds
Domain Reload Profiling: 4047ms
	BeginReloadAssembly (444ms)
		ExecutionOrderSort (0ms)
		DisableScriptedObjects (11ms)
		BackupInstance (0ms)
		ReleaseScriptingObjects (0ms)
		CreateAndSetChildDomain (92ms)
	RebuildCommonClasses (44ms)
	RebuildNativeTypeToScriptingClass (19ms)
	initialDomainReloadingComplete (30ms)
	LoadAllAssembliesAndSetupDomain (757ms)
		LoadAssemblies (460ms)
		RebuildTransferFunctionScriptingTraits (0ms)
		AnalyzeDomain (407ms)
			TypeCache.Refresh (25ms)
				TypeCache.ScanAssembly (0ms)
			BuildScriptInfoCaches (349ms)
			ResolveRequiredComponents (29ms)
	FinalizeReload (2753ms)
		ReleaseScriptCaches (0ms)
		RebuildScriptCaches (0ms)
		SetupLoadedEditorAssemblies (1967ms)
			LogAssemblyErrors (0ms)
			InitializePlatformSupportModulesInManaged (13ms)
			SetLoadedEditorAssemblies (8ms)
			BeforeProcessingInitializeOnLoad (162ms)
			ProcessInitializeOnLoadAttributes (1585ms)
			ProcessInitializeOnLoadMethodAttributes (192ms)
			AfterProcessingInitializeOnLoad (8ms)
			EditorAssembliesLoaded (1ms)
		ExecutionOrderSort2 (0ms)
		AwakeInstancesAfterBackupRestoration (15ms)
Shader 'Meta/MRUK/Scene/HighlightsAndShadows': fallback shader 'Off' not found
Shader 'Oculus/OVRMRCameraFrameLit': fallback shader 'Alpha-Diffuse' not found
Refreshing native plugins compatible for Editor in 16.35 ms, found 18 plugins.
Preloading 2 native plugins for Editor in 0.08 ms.
Unloading 83 Unused Serialized files (Serialized files now loaded: 0)
Unloading 9221 unused Assets / (11.5 MB). Loaded Objects now: 10199.
Memory consumption went from 326.2 MB to 314.7 MB.
Total: 29.195900 ms (FindLiveObjects: 1.098600 ms CreateObjectMapping: 1.441900 ms MarkObjects: 21.272000 ms  DeleteObjects: 5.382100 ms)

Prepare: number of updated asset objects reloaded= 0
========================================================================
Received Prepare
Begin MonoManager ReloadAssembly
NullReferenceException: Object reference not set to an instance of an object
  at Tripolygon.UModeler.Hub.HubAnalytics.OnRelease (System.Boolean isReloading) [0x00019] in <796d15bd8fc549d4a7d2e0ec26344f93>:0 
  at Tripolygon.UModeler.Analytics.AnalyticsBase.Release (System.Boolean isReloading) [0x00000] in <796d15bd8fc549d4a7d2e0ec26344f93>:0 
  at Tripolygon.UModeler.Hub.HubAnalyticsService.OnRelease (System.Boolean isReloading) [0x00000] in <796d15bd8fc549d4a7d2e0ec26344f93>:0 
  at Tripolygon.UModeler.UI.ApplicationServiceBase.Application_Released (System.Object sender, Tripolygon.UModeler.UI.ApplicationReleasedEventArgs e) [0x00007] in <db0f9bfc5ab342038dd25261e46cfd15>:0 
  at (wrapper delegate-invoke) System.EventHandler`1[Tripolygon.UModeler.UI.ApplicationReleasedEventArgs].invoke_void_object_TEventArgs(object,Tripolygon.UModeler.UI.ApplicationReleasedEventArgs)
  at Tripolygon.UModeler.UI.Application.Release (System.Boolean isReloading) [0x0005f] in <db0f9bfc5ab342038dd25261e46cfd15>:0 
  at Tripolygon.UModeler.Editor.UI.UnityEditorApplication+<>c.<.cctor>b__6_1 () [0x00029] in <796d15bd8fc549d4a7d2e0ec26344f93>:0 
  at UnityEditor.AssemblyReloadEvents.OnBeforeAssemblyReload () [0x00017] in <20f98a04ac634cc8bf5f95425bb19bb9>:0 

Symbol file LoadedFromMemory is not a mono symbol file
- Loaded All Assemblies, in  1.250 seconds
Script 'CharacterController' has the same name as built-in Unity component.
AddComponent and GetComponent will not work with this script.
'Packages/com.meta.xr.sdk.core/Editor/BuildingBlocks/BlocksWindow.cs' contains partial class of Unity.Object, exactly 1 of the partial classes needs to be in a file with the same filename. This is to know the one that can be referenced from ie. GameObjects
'Packages/com.meta.xr.sdk.core/Editor/BuildingBlocks/BlocksWindowDetailsExtension.cs' contains partial class of Unity.Object, exactly 1 of the partial classes needs to be in a file with the same filename. This is to know the one that can be referenced from ie. GameObjects
'Packages/com.meta.xr.sdk.core/Editor/BuildingBlocks/BlocksWindowCollectionsPageExtension.cs' contains partial class of Unity.Object, exactly 1 of the partial classes needs to be in a file with the same filename. This is to know the one that can be referenced from ie. GameObjects
Refreshing native plugins compatible for Editor in 17.98 ms, found 18 plugins.
Native extension for Android target not found
Native extension for WindowsStandalone target not found
Refreshing native plugins compatible for Editor in 19.53 ms, found 18 plugins.
[Package Manager] Failed to launch server process. Reason: Unity was launched with the -noUpm command-line argument
[Package Manager] Unable to send message (not connected to server process).
[Package Manager] Cannot connect to Unity Package Manager local server
[Package Manager] Failed to launch server process. Reason: Unity was launched with the -noUpm command-line argument
[Package Manager] Unable to send message (not connected to server process).
[Package Manager] Cannot connect to Unity Package Manager local server
Mono: successfully reloaded assembly
[Package Manager] Failed to launch server process. Reason: Unity was launched with the -noUpm command-line argument
[Package Manager] Unable to send message (not connected to server process).
[Package Manager] Cannot connect to Unity Package Manager local server
- Finished resetting the current domain, in  2.782 seconds
Domain Reload Profiling: 4029ms
	BeginReloadAssembly (402ms)
		ExecutionOrderSort (0ms)
		DisableScriptedObjects (7ms)
		BackupInstance (0ms)
		ReleaseScriptingObjects (0ms)
		CreateAndSetChildDomain (89ms)
	RebuildCommonClasses (41ms)
	RebuildNativeTypeToScriptingClass (19ms)
	initialDomainReloadingComplete (31ms)
	LoadAllAssembliesAndSetupDomain (752ms)
		LoadAssemblies (488ms)
		RebuildTransferFunctionScriptingTraits (0ms)
		AnalyzeDomain (372ms)
			TypeCache.Refresh (10ms)
				TypeCache.ScanAssembly (0ms)
			BuildScriptInfoCaches (327ms)
			ResolveRequiredComponents (30ms)
	FinalizeReload (2783ms)
		ReleaseScriptCaches (0ms)
		RebuildScriptCaches (0ms)
		SetupLoadedEditorAssemblies (1957ms)
			LogAssemblyErrors (0ms)
			InitializePlatformSupportModulesInManaged (13ms)
			SetLoadedEditorAssemblies (10ms)
			BeforeProcessingInitializeOnLoad (164ms)
			ProcessInitializeOnLoadAttributes (1576ms)
			ProcessInitializeOnLoadMethodAttributes (184ms)
			AfterProcessingInitializeOnLoad (8ms)
			EditorAssembliesLoaded (1ms)
		ExecutionOrderSort2 (0ms)
		AwakeInstancesAfterBackupRestoration (18ms)
Shader 'Meta/MRUK/Scene/HighlightsAndShadows': fallback shader 'Off' not found
Shader 'Oculus/OVRMRCameraFrameLit': fallback shader 'Alpha-Diffuse' not found
Refreshing native plugins compatible for Editor in 19.50 ms, found 18 plugins.
Preloading 2 native plugins for Editor in 0.09 ms.
Unloading 83 Unused Serialized files (Serialized files now loaded: 0)
Unloading 9221 unused Assets / (11.8 MB). Loaded Objects now: 10202.
Memory consumption went from 256.4 MB to 244.6 MB.
Total: 30.082300 ms (FindLiveObjects: 1.110400 ms CreateObjectMapping: 1.989100 ms MarkObjects: 20.615900 ms  DeleteObjects: 6.365400 ms)

Prepare: number of updated asset objects reloaded= 0
========================================================================
Received Prepare
Begin MonoManager ReloadAssembly
NullReferenceException: Object reference not set to an instance of an object
  at Tripolygon.UModeler.Hub.HubAnalytics.OnRelease (System.Boolean isReloading) [0x00019] in <796d15bd8fc549d4a7d2e0ec26344f93>:0 
  at Tripolygon.UModeler.Analytics.AnalyticsBase.Release (System.Boolean isReloading) [0x00000] in <796d15bd8fc549d4a7d2e0ec26344f93>:0 
  at Tripolygon.UModeler.Hub.HubAnalyticsService.OnRelease (System.Boolean isReloading) [0x00000] in <796d15bd8fc549d4a7d2e0ec26344f93>:0 
  at Tripolygon.UModeler.UI.ApplicationServiceBase.Application_Released (System.Object sender, Tripolygon.UModeler.UI.ApplicationReleasedEventArgs e) [0x00007] in <db0f9bfc5ab342038dd25261e46cfd15>:0 
  at (wrapper delegate-invoke) System.EventHandler`1[Tripolygon.UModeler.UI.ApplicationReleasedEventArgs].invoke_void_object_TEventArgs(object,Tripolygon.UModeler.UI.ApplicationReleasedEventArgs)
  at Tripolygon.UModeler.UI.Application.Release (System.Boolean isReloading) [0x0005f] in <db0f9bfc5ab342038dd25261e46cfd15>:0 
  at Tripolygon.UModeler.Editor.UI.UnityEditorApplication+<>c.<.cctor>b__6_1 () [0x00029] in <796d15bd8fc549d4a7d2e0ec26344f93>:0 
  at UnityEditor.AssemblyReloadEvents.OnBeforeAssemblyReload () [0x00017] in <20f98a04ac634cc8bf5f95425bb19bb9>:0 

Symbol file LoadedFromMemory is not a mono symbol file
- Loaded All Assemblies, in  2.733 seconds
Script 'CharacterController' has the same name as built-in Unity component.
AddComponent and GetComponent will not work with this script.
'Packages/com.meta.xr.sdk.core/Editor/BuildingBlocks/BlocksWindow.cs' contains partial class of Unity.Object, exactly 1 of the partial classes needs to be in a file with the same filename. This is to know the one that can be referenced from ie. GameObjects
'Packages/com.meta.xr.sdk.core/Editor/BuildingBlocks/BlocksWindowDetailsExtension.cs' contains partial class of Unity.Object, exactly 1 of the partial classes needs to be in a file with the same filename. This is to know the one that can be referenced from ie. GameObjects
'Packages/com.meta.xr.sdk.core/Editor/BuildingBlocks/BlocksWindowCollectionsPageExtension.cs' contains partial class of Unity.Object, exactly 1 of the partial classes needs to be in a file with the same filename. This is to know the one that can be referenced from ie. GameObjects
Refreshing native plugins compatible for Editor in 22.14 ms, found 18 plugins.
Native extension for Android target not found
Native extension for WindowsStandalone target not found
Refreshing native plugins compatible for Editor in 19.16 ms, found 18 plugins.
[Package Manager] Failed to launch server process. Reason: Unity was launched with the -noUpm command-line argument
[Package Manager] Unable to send message (not connected to server process).
[Package Manager] Cannot connect to Unity Package Manager local server
[Package Manager] Failed to launch server process. Reason: Unity was launched with the -noUpm command-line argument
[Package Manager] Unable to send message (not connected to server process).
[Package Manager] Cannot connect to Unity Package Manager local server
Mono: successfully reloaded assembly
[Package Manager] Failed to launch server process. Reason: Unity was launched with the -noUpm command-line argument
[Package Manager] Unable to send message (not connected to server process).
[Package Manager] Cannot connect to Unity Package Manager local server
- Finished resetting the current domain, in  2.937 seconds
Domain Reload Profiling: 5668ms
	BeginReloadAssembly (682ms)
		ExecutionOrderSort (0ms)
		DisableScriptedObjects (8ms)
		BackupInstance (0ms)
		ReleaseScriptingObjects (0ms)
		CreateAndSetChildDomain (92ms)
	RebuildCommonClasses (42ms)
	RebuildNativeTypeToScriptingClass (17ms)
	initialDomainReloadingComplete (30ms)
	LoadAllAssembliesAndSetupDomain (1955ms)
		LoadAssemblies (1940ms)
		RebuildTransferFunctionScriptingTraits (0ms)
		AnalyzeDomain (394ms)
			TypeCache.Refresh (11ms)
				TypeCache.ScanAssembly (0ms)
			BuildScriptInfoCaches (346ms)
			ResolveRequiredComponents (31ms)
	FinalizeReload (2941ms)
		ReleaseScriptCaches (0ms)
		RebuildScriptCaches (0ms)
		SetupLoadedEditorAssemblies (2081ms)
			LogAssemblyErrors (0ms)
			InitializePlatformSupportModulesInManaged (12ms)
			SetLoadedEditorAssemblies (9ms)
			BeforeProcessingInitializeOnLoad (172ms)
			ProcessInitializeOnLoadAttributes (1661ms)
			ProcessInitializeOnLoadMethodAttributes (218ms)
			AfterProcessingInitializeOnLoad (9ms)
			EditorAssembliesLoaded (1ms)
		ExecutionOrderSort2 (0ms)
		AwakeInstancesAfterBackupRestoration (16ms)
Shader 'Meta/MRUK/Scene/HighlightsAndShadows': fallback shader 'Off' not found
Shader 'Oculus/OVRMRCameraFrameLit': fallback shader 'Alpha-Diffuse' not found
Refreshing native plugins compatible for Editor in 23.89 ms, found 18 plugins.
Preloading 2 native plugins for Editor in 0.10 ms.
Unloading 83 Unused Serialized files (Serialized files now loaded: 0)
Unloading 9221 unused Assets / (11.9 MB). Loaded Objects now: 10205.
Memory consumption went from 256.4 MB to 244.5 MB.
Total: 37.914700 ms (FindLiveObjects: 2.168700 ms CreateObjectMapping: 2.955100 ms MarkObjects: 24.119700 ms  DeleteObjects: 8.670200 ms)

Prepare: number of updated asset objects reloaded= 0
========================================================================
Received Prepare
Begin MonoManager ReloadAssembly
NullReferenceException: Object reference not set to an instance of an object
  at Tripolygon.UModeler.Hub.HubAnalytics.OnRelease (System.Boolean isReloading) [0x00019] in <796d15bd8fc549d4a7d2e0ec26344f93>:0 
  at Tripolygon.UModeler.Analytics.AnalyticsBase.Release (System.Boolean isReloading) [0x00000] in <796d15bd8fc549d4a7d2e0ec26344f93>:0 
  at Tripolygon.UModeler.Hub.HubAnalyticsService.OnRelease (System.Boolean isReloading) [0x00000] in <796d15bd8fc549d4a7d2e0ec26344f93>:0 
  at Tripolygon.UModeler.UI.ApplicationServiceBase.Application_Released (System.Object sender, Tripolygon.UModeler.UI.ApplicationReleasedEventArgs e) [0x00007] in <db0f9bfc5ab342038dd25261e46cfd15>:0 
  at (wrapper delegate-invoke) System.EventHandler`1[Tripolygon.UModeler.UI.ApplicationReleasedEventArgs].invoke_void_object_TEventArgs(object,Tripolygon.UModeler.UI.ApplicationReleasedEventArgs)
  at Tripolygon.UModeler.UI.Application.Release (System.Boolean isReloading) [0x0005f] in <db0f9bfc5ab342038dd25261e46cfd15>:0 
  at Tripolygon.UModeler.Editor.UI.UnityEditorApplication+<>c.<.cctor>b__6_1 () [0x00029] in <796d15bd8fc549d4a7d2e0ec26344f93>:0 
  at UnityEditor.AssemblyReloadEvents.OnBeforeAssemblyReload () [0x00017] in <20f98a04ac634cc8bf5f95425bb19bb9>:0 

Symbol file LoadedFromMemory is not a mono symbol file
- Loaded All Assemblies, in  1.285 seconds
Script 'CharacterController' has the same name as built-in Unity component.
AddComponent and GetComponent will not work with this script.
'Packages/com.meta.xr.sdk.core/Editor/BuildingBlocks/BlocksWindow.cs' contains partial class of Unity.Object, exactly 1 of the partial classes needs to be in a file with the same filename. This is to know the one that can be referenced from ie. GameObjects
'Packages/com.meta.xr.sdk.core/Editor/BuildingBlocks/BlocksWindowDetailsExtension.cs' contains partial class of Unity.Object, exactly 1 of the partial classes needs to be in a file with the same filename. This is to know the one that can be referenced from ie. GameObjects
'Packages/com.meta.xr.sdk.core/Editor/BuildingBlocks/BlocksWindowCollectionsPageExtension.cs' contains partial class of Unity.Object, exactly 1 of the partial classes needs to be in a file with the same filename. This is to know the one that can be referenced from ie. GameObjects
Refreshing native plugins compatible for Editor in 18.99 ms, found 18 plugins.
Native extension for Android target not found
Native extension for WindowsStandalone target not found
Refreshing native plugins compatible for Editor in 20.18 ms, found 18 plugins.
[Package Manager] Failed to launch server process. Reason: Unity was launched with the -noUpm command-line argument
[Package Manager] Unable to send message (not connected to server process).
[Package Manager] Cannot connect to Unity Package Manager local server
[Package Manager] Failed to launch server process. Reason: Unity was launched with the -noUpm command-line argument
[Package Manager] Unable to send message (not connected to server process).
[Package Manager] Cannot connect to Unity Package Manager local server
Mono: successfully reloaded assembly
[Package Manager] Failed to launch server process. Reason: Unity was launched with the -noUpm command-line argument
[Package Manager] Unable to send message (not connected to server process).
[Package Manager] Cannot connect to Unity Package Manager local server
- Finished resetting the current domain, in  2.760 seconds
Domain Reload Profiling: 4045ms
	BeginReloadAssembly (396ms)
		ExecutionOrderSort (0ms)
		DisableScriptedObjects (8ms)
		BackupInstance (0ms)
		ReleaseScriptingObjects (0ms)
		CreateAndSetChildDomain (91ms)
	RebuildCommonClasses (45ms)
	RebuildNativeTypeToScriptingClass (19ms)
	initialDomainReloadingComplete (31ms)
	LoadAllAssembliesAndSetupDomain (789ms)
		LoadAssemblies (532ms)
		RebuildTransferFunctionScriptingTraits (0ms)
		AnalyzeDomain (371ms)
			TypeCache.Refresh (10ms)
				TypeCache.ScanAssembly (0ms)
			BuildScriptInfoCaches (326ms)
			ResolveRequiredComponents (31ms)
	FinalizeReload (2765ms)
		ReleaseScriptCaches (0ms)
		RebuildScriptCaches (0ms)
		SetupLoadedEditorAssemblies (1963ms)
			LogAssemblyErrors (0ms)
			InitializePlatformSupportModulesInManaged (12ms)
			SetLoadedEditorAssemblies (9ms)
			BeforeProcessingInitializeOnLoad (164ms)
			ProcessInitializeOnLoadAttributes (1550ms)
			ProcessInitializeOnLoadMethodAttributes (219ms)
			AfterProcessingInitializeOnLoad (8ms)
			EditorAssembliesLoaded (1ms)
		ExecutionOrderSort2 (0ms)
		AwakeInstancesAfterBackupRestoration (15ms)
Shader 'Meta/MRUK/Scene/HighlightsAndShadows': fallback shader 'Off' not found
Shader 'Oculus/OVRMRCameraFrameLit': fallback shader 'Alpha-Diffuse' not found
Refreshing native plugins compatible for Editor in 18.81 ms, found 18 plugins.
Preloading 2 native plugins for Editor in 0.09 ms.
Unloading 83 Unused Serialized files (Serialized files now loaded: 0)
Unloading 9221 unused Assets / (11.7 MB). Loaded Objects now: 10208.
Memory consumption went from 256.4 MB to 244.6 MB.
Total: 29.241300 ms (FindLiveObjects: 1.048100 ms CreateObjectMapping: 2.441300 ms MarkObjects: 19.543900 ms  DeleteObjects: 6.206400 ms)

Prepare: number of updated asset objects reloaded= 0
========================================================================
Received Prepare
Begin MonoManager ReloadAssembly
NullReferenceException: Object reference not set to an instance of an object
  at Tripolygon.UModeler.Hub.HubAnalytics.OnRelease (System.Boolean isReloading) [0x00019] in <796d15bd8fc549d4a7d2e0ec26344f93>:0 
  at Tripolygon.UModeler.Analytics.AnalyticsBase.Release (System.Boolean isReloading) [0x00000] in <796d15bd8fc549d4a7d2e0ec26344f93>:0 
  at Tripolygon.UModeler.Hub.HubAnalyticsService.OnRelease (System.Boolean isReloading) [0x00000] in <796d15bd8fc549d4a7d2e0ec26344f93>:0 
  at Tripolygon.UModeler.UI.ApplicationServiceBase.Application_Released (System.Object sender, Tripolygon.UModeler.UI.ApplicationReleasedEventArgs e) [0x00007] in <db0f9bfc5ab342038dd25261e46cfd15>:0 
  at (wrapper delegate-invoke) System.EventHandler`1[Tripolygon.UModeler.UI.ApplicationReleasedEventArgs].invoke_void_object_TEventArgs(object,Tripolygon.UModeler.UI.ApplicationReleasedEventArgs)
  at Tripolygon.UModeler.UI.Application.Release (System.Boolean isReloading) [0x0005f] in <db0f9bfc5ab342038dd25261e46cfd15>:0 
  at Tripolygon.UModeler.Editor.UI.UnityEditorApplication+<>c.<.cctor>b__6_1 () [0x00029] in <796d15bd8fc549d4a7d2e0ec26344f93>:0 
  at UnityEditor.AssemblyReloadEvents.OnBeforeAssemblyReload () [0x00017] in <20f98a04ac634cc8bf5f95425bb19bb9>:0 

Symbol file LoadedFromMemory is not a mono symbol file
- Loaded All Assemblies, in  1.251 seconds
Script 'CharacterController' has the same name as built-in Unity component.
AddComponent and GetComponent will not work with this script.
'Packages/com.meta.xr.sdk.core/Editor/BuildingBlocks/BlocksWindow.cs' contains partial class of Unity.Object, exactly 1 of the partial classes needs to be in a file with the same filename. This is to know the one that can be referenced from ie. GameObjects
'Packages/com.meta.xr.sdk.core/Editor/BuildingBlocks/BlocksWindowDetailsExtension.cs' contains partial class of Unity.Object, exactly 1 of the partial classes needs to be in a file with the same filename. This is to know the one that can be referenced from ie. GameObjects
'Packages/com.meta.xr.sdk.core/Editor/BuildingBlocks/BlocksWindowCollectionsPageExtension.cs' contains partial class of Unity.Object, exactly 1 of the partial classes needs to be in a file with the same filename. This is to know the one that can be referenced from ie. GameObjects
Refreshing native plugins compatible for Editor in 19.63 ms, found 18 plugins.
Native extension for Android target not found
Native extension for WindowsStandalone target not found
Refreshing native plugins compatible for Editor in 19.57 ms, found 18 plugins.
[Package Manager] Failed to launch server process. Reason: Unity was launched with the -noUpm command-line argument
[Package Manager] Unable to send message (not connected to server process).
[Package Manager] Cannot connect to Unity Package Manager local server
[Package Manager] Failed to launch server process. Reason: Unity was launched with the -noUpm command-line argument
[Package Manager] Unable to send message (not connected to server process).
[Package Manager] Cannot connect to Unity Package Manager local server
Mono: successfully reloaded assembly
[Package Manager] Failed to launch server process. Reason: Unity was launched with the -noUpm command-line argument
[Package Manager] Unable to send message (not connected to server process).
[Package Manager] Cannot connect to Unity Package Manager local server
- Finished resetting the current domain, in  2.784 seconds
Domain Reload Profiling: 4032ms
	BeginReloadAssembly (394ms)
		ExecutionOrderSort (0ms)
		DisableScriptedObjects (9ms)
		BackupInstance (0ms)
		ReleaseScriptingObjects (0ms)
		CreateAndSetChildDomain (86ms)
	RebuildCommonClasses (43ms)
	RebuildNativeTypeToScriptingClass (20ms)
	initialDomainReloadingComplete (29ms)
	LoadAllAssembliesAndSetupDomain (757ms)
		LoadAssemblies (476ms)
		RebuildTransferFunctionScriptingTraits (0ms)
		AnalyzeDomain (393ms)
			TypeCache.Refresh (12ms)
				TypeCache.ScanAssembly (0ms)
			BuildScriptInfoCaches (344ms)
			ResolveRequiredComponents (32ms)
	FinalizeReload (2789ms)
		ReleaseScriptCaches (0ms)
		RebuildScriptCaches (0ms)
		SetupLoadedEditorAssemblies (1953ms)
			LogAssemblyErrors (0ms)
			InitializePlatformSupportModulesInManaged (13ms)
			SetLoadedEditorAssemblies (11ms)
			BeforeProcessingInitializeOnLoad (166ms)
			ProcessInitializeOnLoadAttributes (1544ms)
			ProcessInitializeOnLoadMethodAttributes (210ms)
			AfterProcessingInitializeOnLoad (8ms)
			EditorAssembliesLoaded (1ms)
		ExecutionOrderSort2 (0ms)
		AwakeInstancesAfterBackupRestoration (18ms)
Shader 'Meta/MRUK/Scene/HighlightsAndShadows': fallback shader 'Off' not found
Shader 'Oculus/OVRMRCameraFrameLit': fallback shader 'Alpha-Diffuse' not found
Refreshing native plugins compatible for Editor in 19.68 ms, found 18 plugins.
Preloading 2 native plugins for Editor in 0.08 ms.
Unloading 83 Unused Serialized files (Serialized files now loaded: 0)
Unloading 9221 unused Assets / (11.8 MB). Loaded Objects now: 10211.
Memory consumption went from 256.4 MB to 244.7 MB.
Total: 30.756800 ms (FindLiveObjects: 1.008800 ms CreateObjectMapping: 1.589500 ms MarkObjects: 21.621400 ms  DeleteObjects: 6.535900 ms)

Prepare: number of updated asset objects reloaded= 0
========================================================================
Received Prepare
Begin MonoManager ReloadAssembly
NullReferenceException: Object reference not set to an instance of an object
  at Tripolygon.UModeler.Hub.HubAnalytics.OnRelease (System.Boolean isReloading) [0x00019] in <796d15bd8fc549d4a7d2e0ec26344f93>:0 
  at Tripolygon.UModeler.Analytics.AnalyticsBase.Release (System.Boolean isReloading) [0x00000] in <796d15bd8fc549d4a7d2e0ec26344f93>:0 
  at Tripolygon.UModeler.Hub.HubAnalyticsService.OnRelease (System.Boolean isReloading) [0x00000] in <796d15bd8fc549d4a7d2e0ec26344f93>:0 
  at Tripolygon.UModeler.UI.ApplicationServiceBase.Application_Released (System.Object sender, Tripolygon.UModeler.UI.ApplicationReleasedEventArgs e) [0x00007] in <db0f9bfc5ab342038dd25261e46cfd15>:0 
  at (wrapper delegate-invoke) System.EventHandler`1[Tripolygon.UModeler.UI.ApplicationReleasedEventArgs].invoke_void_object_TEventArgs(object,Tripolygon.UModeler.UI.ApplicationReleasedEventArgs)
  at Tripolygon.UModeler.UI.Application.Release (System.Boolean isReloading) [0x0005f] in <db0f9bfc5ab342038dd25261e46cfd15>:0 
  at Tripolygon.UModeler.Editor.UI.UnityEditorApplication+<>c.<.cctor>b__6_1 () [0x00029] in <796d15bd8fc549d4a7d2e0ec26344f93>:0 
  at UnityEditor.AssemblyReloadEvents.OnBeforeAssemblyReload () [0x00017] in <20f98a04ac634cc8bf5f95425bb19bb9>:0 

Symbol file LoadedFromMemory is not a mono symbol file
- Loaded All Assemblies, in  1.259 seconds
Script 'CharacterController' has the same name as built-in Unity component.
AddComponent and GetComponent will not work with this script.
'Packages/com.meta.xr.sdk.core/Editor/BuildingBlocks/BlocksWindow.cs' contains partial class of Unity.Object, exactly 1 of the partial classes needs to be in a file with the same filename. This is to know the one that can be referenced from ie. GameObjects
'Packages/com.meta.xr.sdk.core/Editor/BuildingBlocks/BlocksWindowDetailsExtension.cs' contains partial class of Unity.Object, exactly 1 of the partial classes needs to be in a file with the same filename. This is to know the one that can be referenced from ie. GameObjects
'Packages/com.meta.xr.sdk.core/Editor/BuildingBlocks/BlocksWindowCollectionsPageExtension.cs' contains partial class of Unity.Object, exactly 1 of the partial classes needs to be in a file with the same filename. This is to know the one that can be referenced from ie. GameObjects
Refreshing native plugins compatible for Editor in 21.11 ms, found 18 plugins.
Native extension for Android target not found
Native extension for WindowsStandalone target not found
Refreshing native plugins compatible for Editor in 19.18 ms, found 18 plugins.
[Package Manager] Failed to launch server process. Reason: Unity was launched with the -noUpm command-line argument
[Package Manager] Unable to send message (not connected to server process).
[Package Manager] Cannot connect to Unity Package Manager local server
[Package Manager] Failed to launch server process. Reason: Unity was launched with the -noUpm command-line argument
[Package Manager] Unable to send message (not connected to server process).
[Package Manager] Cannot connect to Unity Package Manager local server
Mono: successfully reloaded assembly
[Package Manager] Failed to launch server process. Reason: Unity was launched with the -noUpm command-line argument
[Package Manager] Unable to send message (not connected to server process).
[Package Manager] Cannot connect to Unity Package Manager local server
- Finished resetting the current domain, in  2.753 seconds
Domain Reload Profiling: 4005ms
	BeginReloadAssembly (412ms)
		ExecutionOrderSort (0ms)
		DisableScriptedObjects (8ms)
		BackupInstance (0ms)
		ReleaseScriptingObjects (0ms)
		CreateAndSetChildDomain (88ms)
	RebuildCommonClasses (43ms)
	RebuildNativeTypeToScriptingClass (20ms)
	initialDomainReloadingComplete (31ms)
	LoadAllAssembliesAndSetupDomain (746ms)
		LoadAssemblies (482ms)
		RebuildTransferFunctionScriptingTraits (0ms)
		AnalyzeDomain (369ms)
			TypeCache.Refresh (11ms)
				TypeCache.ScanAssembly (0ms)
			BuildScriptInfoCaches (324ms)
			ResolveRequiredComponents (29ms)
	FinalizeReload (2753ms)
		ReleaseScriptCaches (0ms)
		RebuildScriptCaches (0ms)
		SetupLoadedEditorAssemblies (1943ms)
			LogAssemblyErrors (0ms)
			InitializePlatformSupportModulesInManaged (12ms)
			SetLoadedEditorAssemblies (8ms)
			BeforeProcessingInitializeOnLoad (174ms)
			ProcessInitializeOnLoadAttributes (1526ms)
			ProcessInitializeOnLoadMethodAttributes (215ms)
			AfterProcessingInitializeOnLoad (7ms)
			EditorAssembliesLoaded (1ms)
		ExecutionOrderSort2 (0ms)
		AwakeInstancesAfterBackupRestoration (14ms)
Shader 'Meta/MRUK/Scene/HighlightsAndShadows': fallback shader 'Off' not found
Shader 'Oculus/OVRMRCameraFrameLit': fallback shader 'Alpha-Diffuse' not found
Refreshing native plugins compatible for Editor in 16.93 ms, found 18 plugins.
Preloading 2 native plugins for Editor in 0.10 ms.
Unloading 83 Unused Serialized files (Serialized files now loaded: 0)
Unloading 9221 unused Assets / (11.6 MB). Loaded Objects now: 10214.
Memory consumption went from 256.4 MB to 244.8 MB.
Total: 28.600200 ms (FindLiveObjects: 1.016900 ms CreateObjectMapping: 1.592500 ms MarkObjects: 19.914600 ms  DeleteObjects: 6.074800 ms)

Prepare: number of updated asset objects reloaded= 0
========================================================================
Received Prepare
Begin MonoManager ReloadAssembly
NullReferenceException: Object reference not set to an instance of an object
  at Tripolygon.UModeler.Hub.HubAnalytics.OnRelease (System.Boolean isReloading) [0x00019] in <796d15bd8fc549d4a7d2e0ec26344f93>:0 
  at Tripolygon.UModeler.Analytics.AnalyticsBase.Release (System.Boolean isReloading) [0x00000] in <796d15bd8fc549d4a7d2e0ec26344f93>:0 
  at Tripolygon.UModeler.Hub.HubAnalyticsService.OnRelease (System.Boolean isReloading) [0x00000] in <796d15bd8fc549d4a7d2e0ec26344f93>:0 
  at Tripolygon.UModeler.UI.ApplicationServiceBase.Application_Released (System.Object sender, Tripolygon.UModeler.UI.ApplicationReleasedEventArgs e) [0x00007] in <db0f9bfc5ab342038dd25261e46cfd15>:0 
  at (wrapper delegate-invoke) System.EventHandler`1[Tripolygon.UModeler.UI.ApplicationReleasedEventArgs].invoke_void_object_TEventArgs(object,Tripolygon.UModeler.UI.ApplicationReleasedEventArgs)
  at Tripolygon.UModeler.UI.Application.Release (System.Boolean isReloading) [0x0005f] in <db0f9bfc5ab342038dd25261e46cfd15>:0 
  at Tripolygon.UModeler.Editor.UI.UnityEditorApplication+<>c.<.cctor>b__6_1 () [0x00029] in <796d15bd8fc549d4a7d2e0ec26344f93>:0 
  at UnityEditor.AssemblyReloadEvents.OnBeforeAssemblyReload () [0x00017] in <20f98a04ac634cc8bf5f95425bb19bb9>:0 

Symbol file LoadedFromMemory is not a mono symbol file
- Loaded All Assemblies, in  1.342 seconds
Script 'CharacterController' has the same name as built-in Unity component.
AddComponent and GetComponent will not work with this script.
'Packages/com.meta.xr.sdk.core/Editor/BuildingBlocks/BlocksWindow.cs' contains partial class of Unity.Object, exactly 1 of the partial classes needs to be in a file with the same filename. This is to know the one that can be referenced from ie. GameObjects
'Packages/com.meta.xr.sdk.core/Editor/BuildingBlocks/BlocksWindowDetailsExtension.cs' contains partial class of Unity.Object, exactly 1 of the partial classes needs to be in a file with the same filename. This is to know the one that can be referenced from ie. GameObjects
'Packages/com.meta.xr.sdk.core/Editor/BuildingBlocks/BlocksWindowCollectionsPageExtension.cs' contains partial class of Unity.Object, exactly 1 of the partial classes needs to be in a file with the same filename. This is to know the one that can be referenced from ie. GameObjects
Refreshing native plugins compatible for Editor in 20.13 ms, found 18 plugins.
Native extension for Android target not found
Native extension for WindowsStandalone target not found
Refreshing native plugins compatible for Editor in 18.32 ms, found 18 plugins.
[Package Manager] Failed to launch server process. Reason: Unity was launched with the -noUpm command-line argument
[Package Manager] Unable to send message (not connected to server process).
[Package Manager] Cannot connect to Unity Package Manager local server
[Package Manager] Failed to launch server process. Reason: Unity was launched with the -noUpm command-line argument
[Package Manager] Unable to send message (not connected to server process).
[Package Manager] Cannot connect to Unity Package Manager local server
Mono: successfully reloaded assembly
[Package Manager] Failed to launch server process. Reason: Unity was launched with the -noUpm command-line argument
[Package Manager] Unable to send message (not connected to server process).
[Package Manager] Cannot connect to Unity Package Manager local server
- Finished resetting the current domain, in  2.692 seconds
Domain Reload Profiling: 4034ms
	BeginReloadAssembly (408ms)
		ExecutionOrderSort (0ms)
		DisableScriptedObjects (7ms)
		BackupInstance (0ms)
		ReleaseScriptingObjects (0ms)
		CreateAndSetChildDomain (83ms)
	RebuildCommonClasses (46ms)
	RebuildNativeTypeToScriptingClass (18ms)
	initialDomainReloadingComplete (34ms)
	LoadAllAssembliesAndSetupDomain (832ms)
		LoadAssemblies (574ms)
		RebuildTransferFunctionScriptingTraits (0ms)
		AnalyzeDomain (375ms)
			TypeCache.Refresh (10ms)
				TypeCache.ScanAssembly (0ms)
			BuildScriptInfoCaches (330ms)
			ResolveRequiredComponents (31ms)
	FinalizeReload (2696ms)
		ReleaseScriptCaches (0ms)
		RebuildScriptCaches (0ms)
		SetupLoadedEditorAssemblies (1945ms)
			LogAssemblyErrors (0ms)
			InitializePlatformSupportModulesInManaged (12ms)
			SetLoadedEditorAssemblies (9ms)
			BeforeProcessingInitializeOnLoad (168ms)
			ProcessInitializeOnLoadAttributes (1559ms)
			ProcessInitializeOnLoadMethodAttributes (189ms)
			AfterProcessingInitializeOnLoad (8ms)
			EditorAssembliesLoaded (1ms)
		ExecutionOrderSort2 (0ms)
		AwakeInstancesAfterBackupRestoration (15ms)
Shader 'Meta/MRUK/Scene/HighlightsAndShadows': fallback shader 'Off' not found
Shader 'Oculus/OVRMRCameraFrameLit': fallback shader 'Alpha-Diffuse' not found
Refreshing native plugins compatible for Editor in 20.22 ms, found 18 plugins.
Preloading 2 native plugins for Editor in 0.14 ms.
Unloading 83 Unused Serialized files (Serialized files now loaded: 0)
Unloading 9221 unused Assets / (11.7 MB). Loaded Objects now: 10217.
Memory consumption went from 256.4 MB to 244.7 MB.
Total: 30.118700 ms (FindLiveObjects: 1.274500 ms CreateObjectMapping: 1.630200 ms MarkObjects: 21.319300 ms  DeleteObjects: 5.893300 ms)

Prepare: number of updated asset objects reloaded= 0
========================================================================
Received Prepare
Begin MonoManager ReloadAssembly
NullReferenceException: Object reference not set to an instance of an object
  at Tripolygon.UModeler.Hub.HubAnalytics.OnRelease (System.Boolean isReloading) [0x00019] in <796d15bd8fc549d4a7d2e0ec26344f93>:0 
  at Tripolygon.UModeler.Analytics.AnalyticsBase.Release (System.Boolean isReloading) [0x00000] in <796d15bd8fc549d4a7d2e0ec26344f93>:0 
  at Tripolygon.UModeler.Hub.HubAnalyticsService.OnRelease (System.Boolean isReloading) [0x00000] in <796d15bd8fc549d4a7d2e0ec26344f93>:0 
  at Tripolygon.UModeler.UI.ApplicationServiceBase.Application_Released (System.Object sender, Tripolygon.UModeler.UI.ApplicationReleasedEventArgs e) [0x00007] in <db0f9bfc5ab342038dd25261e46cfd15>:0 
  at (wrapper delegate-invoke) System.EventHandler`1[Tripolygon.UModeler.UI.ApplicationReleasedEventArgs].invoke_void_object_TEventArgs(object,Tripolygon.UModeler.UI.ApplicationReleasedEventArgs)
  at Tripolygon.UModeler.UI.Application.Release (System.Boolean isReloading) [0x0005f] in <db0f9bfc5ab342038dd25261e46cfd15>:0 
  at Tripolygon.UModeler.Editor.UI.UnityEditorApplication+<>c.<.cctor>b__6_1 () [0x00029] in <796d15bd8fc549d4a7d2e0ec26344f93>:0 
  at UnityEditor.AssemblyReloadEvents.OnBeforeAssemblyReload () [0x00017] in <20f98a04ac634cc8bf5f95425bb19bb9>:0 

Symbol file LoadedFromMemory is not a mono symbol file
- Loaded All Assemblies, in  1.269 seconds
Script 'CharacterController' has the same name as built-in Unity component.
AddComponent and GetComponent will not work with this script.
'Packages/com.meta.xr.sdk.core/Editor/BuildingBlocks/BlocksWindow.cs' contains partial class of Unity.Object, exactly 1 of the partial classes needs to be in a file with the same filename. This is to know the one that can be referenced from ie. GameObjects
'Packages/com.meta.xr.sdk.core/Editor/BuildingBlocks/BlocksWindowDetailsExtension.cs' contains partial class of Unity.Object, exactly 1 of the partial classes needs to be in a file with the same filename. This is to know the one that can be referenced from ie. GameObjects
'Packages/com.meta.xr.sdk.core/Editor/BuildingBlocks/BlocksWindowCollectionsPageExtension.cs' contains partial class of Unity.Object, exactly 1 of the partial classes needs to be in a file with the same filename. This is to know the one that can be referenced from ie. GameObjects
Refreshing native plugins compatible for Editor in 21.79 ms, found 18 plugins.
Native extension for Android target not found
Native extension for WindowsStandalone target not found
Refreshing native plugins compatible for Editor in 20.02 ms, found 18 plugins.
[Package Manager] Failed to launch server process. Reason: Unity was launched with the -noUpm command-line argument
[Package Manager] Unable to send message (not connected to server process).
[Package Manager] Cannot connect to Unity Package Manager local server
[Package Manager] Failed to launch server process. Reason: Unity was launched with the -noUpm command-line argument
[Package Manager] Unable to send message (not connected to server process).
[Package Manager] Cannot connect to Unity Package Manager local server
Mono: successfully reloaded assembly
[Package Manager] Failed to launch server process. Reason: Unity was launched with the -noUpm command-line argument
[Package Manager] Unable to send message (not connected to server process).
[Package Manager] Cannot connect to Unity Package Manager local server
- Finished resetting the current domain, in  2.700 seconds
Domain Reload Profiling: 3965ms
	BeginReloadAssembly (406ms)
		ExecutionOrderSort (0ms)
		DisableScriptedObjects (8ms)
		BackupInstance (0ms)
		ReleaseScriptingObjects (0ms)
		CreateAndSetChildDomain (88ms)
	RebuildCommonClasses (48ms)
	RebuildNativeTypeToScriptingClass (19ms)
	initialDomainReloadingComplete (33ms)
	LoadAllAssembliesAndSetupDomain (758ms)
		LoadAssemblies (501ms)
		RebuildTransferFunctionScriptingTraits (0ms)
		AnalyzeDomain (371ms)
			TypeCache.Refresh (11ms)
				TypeCache.ScanAssembly (0ms)
			BuildScriptInfoCaches (326ms)
			ResolveRequiredComponents (30ms)
	FinalizeReload (2701ms)
		ReleaseScriptCaches (0ms)
		RebuildScriptCaches (0ms)
		SetupLoadedEditorAssemblies (1948ms)
			LogAssemblyErrors (0ms)
			InitializePlatformSupportModulesInManaged (13ms)
			SetLoadedEditorAssemblies (8ms)
			BeforeProcessingInitializeOnLoad (164ms)
			ProcessInitializeOnLoadAttributes (1553ms)
			ProcessInitializeOnLoadMethodAttributes (196ms)
			AfterProcessingInitializeOnLoad (10ms)
			EditorAssembliesLoaded (4ms)
		ExecutionOrderSort2 (0ms)
		AwakeInstancesAfterBackupRestoration (14ms)
Shader 'Meta/MRUK/Scene/HighlightsAndShadows': fallback shader 'Off' not found
Shader 'Oculus/OVRMRCameraFrameLit': fallback shader 'Alpha-Diffuse' not found
Refreshing native plugins compatible for Editor in 19.05 ms, found 18 plugins.
Preloading 2 native plugins for Editor in 0.09 ms.
Unloading 83 Unused Serialized files (Serialized files now loaded: 0)
Unloading 9221 unused Assets / (11.8 MB). Loaded Objects now: 10220.
Memory consumption went from 256.4 MB to 244.6 MB.
Total: 30.226900 ms (FindLiveObjects: 1.094600 ms CreateObjectMapping: 1.867900 ms MarkObjects: 20.788900 ms  DeleteObjects: 6.473900 ms)

Prepare: number of updated asset objects reloaded= 0
========================================================================
Received Prepare
Begin MonoManager ReloadAssembly
NullReferenceException: Object reference not set to an instance of an object
  at Tripolygon.UModeler.Hub.HubAnalytics.OnRelease (System.Boolean isReloading) [0x00019] in <796d15bd8fc549d4a7d2e0ec26344f93>:0 
  at Tripolygon.UModeler.Analytics.AnalyticsBase.Release (System.Boolean isReloading) [0x00000] in <796d15bd8fc549d4a7d2e0ec26344f93>:0 
  at Tripolygon.UModeler.Hub.HubAnalyticsService.OnRelease (System.Boolean isReloading) [0x00000] in <796d15bd8fc549d4a7d2e0ec26344f93>:0 
  at Tripolygon.UModeler.UI.ApplicationServiceBase.Application_Released (System.Object sender, Tripolygon.UModeler.UI.ApplicationReleasedEventArgs e) [0x00007] in <db0f9bfc5ab342038dd25261e46cfd15>:0 
  at (wrapper delegate-invoke) System.EventHandler`1[Tripolygon.UModeler.UI.ApplicationReleasedEventArgs].invoke_void_object_TEventArgs(object,Tripolygon.UModeler.UI.ApplicationReleasedEventArgs)
  at Tripolygon.UModeler.UI.Application.Release (System.Boolean isReloading) [0x0005f] in <db0f9bfc5ab342038dd25261e46cfd15>:0 
  at Tripolygon.UModeler.Editor.UI.UnityEditorApplication+<>c.<.cctor>b__6_1 () [0x00029] in <796d15bd8fc549d4a7d2e0ec26344f93>:0 
  at UnityEditor.AssemblyReloadEvents.OnBeforeAssemblyReload () [0x00017] in <20f98a04ac634cc8bf5f95425bb19bb9>:0 

Symbol file LoadedFromMemory is not a mono symbol file
- Loaded All Assemblies, in  1.249 seconds
Script 'CharacterController' has the same name as built-in Unity component.
AddComponent and GetComponent will not work with this script.
'Packages/com.meta.xr.sdk.core/Editor/BuildingBlocks/BlocksWindow.cs' contains partial class of Unity.Object, exactly 1 of the partial classes needs to be in a file with the same filename. This is to know the one that can be referenced from ie. GameObjects
'Packages/com.meta.xr.sdk.core/Editor/BuildingBlocks/BlocksWindowDetailsExtension.cs' contains partial class of Unity.Object, exactly 1 of the partial classes needs to be in a file with the same filename. This is to know the one that can be referenced from ie. GameObjects
'Packages/com.meta.xr.sdk.core/Editor/BuildingBlocks/BlocksWindowCollectionsPageExtension.cs' contains partial class of Unity.Object, exactly 1 of the partial classes needs to be in a file with the same filename. This is to know the one that can be referenced from ie. GameObjects
Refreshing native plugins compatible for Editor in 23.13 ms, found 18 plugins.
Native extension for Android target not found
Native extension for WindowsStandalone target not found
Refreshing native plugins compatible for Editor in 20.83 ms, found 18 plugins.
[Package Manager] Failed to launch server process. Reason: Unity was launched with the -noUpm command-line argument
[Package Manager] Unable to send message (not connected to server process).
[Package Manager] Cannot connect to Unity Package Manager local server
[Package Manager] Failed to launch server process. Reason: Unity was launched with the -noUpm command-line argument
[Package Manager] Unable to send message (not connected to server process).
[Package Manager] Cannot connect to Unity Package Manager local server
Mono: successfully reloaded assembly
[Package Manager] Failed to launch server process. Reason: Unity was launched with the -noUpm command-line argument
[Package Manager] Unable to send message (not connected to server process).
[Package Manager] Cannot connect to Unity Package Manager local server
- Finished resetting the current domain, in  2.722 seconds
Domain Reload Profiling: 3964ms
	BeginReloadAssembly (404ms)
		ExecutionOrderSort (0ms)
		DisableScriptedObjects (7ms)
		BackupInstance (0ms)
		ReleaseScriptingObjects (0ms)
		CreateAndSetChildDomain (90ms)
	RebuildCommonClasses (45ms)
	RebuildNativeTypeToScriptingClass (17ms)
	initialDomainReloadingComplete (33ms)
	LoadAllAssembliesAndSetupDomain (743ms)
		LoadAssemblies (481ms)
		RebuildTransferFunctionScriptingTraits (0ms)
		AnalyzeDomain (369ms)
			TypeCache.Refresh (11ms)
				TypeCache.ScanAssembly (0ms)
			BuildScriptInfoCaches (322ms)
			ResolveRequiredComponents (32ms)
	FinalizeReload (2723ms)
		ReleaseScriptCaches (0ms)
		RebuildScriptCaches (0ms)
		SetupLoadedEditorAssemblies (1992ms)
			LogAssemblyErrors (0ms)
			InitializePlatformSupportModulesInManaged (13ms)
			SetLoadedEditorAssemblies (9ms)
			BeforeProcessingInitializeOnLoad (166ms)
			ProcessInitializeOnLoadAttributes (1597ms)
			ProcessInitializeOnLoadMethodAttributes (196ms)
			AfterProcessingInitializeOnLoad (11ms)
			EditorAssembliesLoaded (1ms)
		ExecutionOrderSort2 (0ms)
		AwakeInstancesAfterBackupRestoration (14ms)
Shader 'Meta/MRUK/Scene/HighlightsAndShadows': fallback shader 'Off' not found
Shader 'Oculus/OVRMRCameraFrameLit': fallback shader 'Alpha-Diffuse' not found
Refreshing native plugins compatible for Editor in 18.15 ms, found 18 plugins.
Preloading 2 native plugins for Editor in 0.09 ms.
Unloading 83 Unused Serialized files (Serialized files now loaded: 0)
Unloading 9221 unused Assets / (11.7 MB). Loaded Objects now: 10223.
Memory consumption went from 256.4 MB to 244.7 MB.
Total: 30.082500 ms (FindLiveObjects: 1.254400 ms CreateObjectMapping: 2.196900 ms MarkObjects: 20.175100 ms  DeleteObjects: 6.454600 ms)

Prepare: number of updated asset objects reloaded= 0
========================================================================
Received Prepare
Begin MonoManager ReloadAssembly
NullReferenceException: Object reference not set to an instance of an object
  at Tripolygon.UModeler.Hub.HubAnalytics.OnRelease (System.Boolean isReloading) [0x00019] in <796d15bd8fc549d4a7d2e0ec26344f93>:0 
  at Tripolygon.UModeler.Analytics.AnalyticsBase.Release (System.Boolean isReloading) [0x00000] in <796d15bd8fc549d4a7d2e0ec26344f93>:0 
  at Tripolygon.UModeler.Hub.HubAnalyticsService.OnRelease (System.Boolean isReloading) [0x00000] in <796d15bd8fc549d4a7d2e0ec26344f93>:0 
  at Tripolygon.UModeler.UI.ApplicationServiceBase.Application_Released (System.Object sender, Tripolygon.UModeler.UI.ApplicationReleasedEventArgs e) [0x00007] in <db0f9bfc5ab342038dd25261e46cfd15>:0 
  at (wrapper delegate-invoke) System.EventHandler`1[Tripolygon.UModeler.UI.ApplicationReleasedEventArgs].invoke_void_object_TEventArgs(object,Tripolygon.UModeler.UI.ApplicationReleasedEventArgs)
  at Tripolygon.UModeler.UI.Application.Release (System.Boolean isReloading) [0x0005f] in <db0f9bfc5ab342038dd25261e46cfd15>:0 
  at Tripolygon.UModeler.Editor.UI.UnityEditorApplication+<>c.<.cctor>b__6_1 () [0x00029] in <796d15bd8fc549d4a7d2e0ec26344f93>:0 
  at UnityEditor.AssemblyReloadEvents.OnBeforeAssemblyReload () [0x00017] in <20f98a04ac634cc8bf5f95425bb19bb9>:0 

Symbol file LoadedFromMemory is not a mono symbol file
- Loaded All Assemblies, in  1.267 seconds
Script 'CharacterController' has the same name as built-in Unity component.
AddComponent and GetComponent will not work with this script.
'Packages/com.meta.xr.sdk.core/Editor/BuildingBlocks/BlocksWindow.cs' contains partial class of Unity.Object, exactly 1 of the partial classes needs to be in a file with the same filename. This is to know the one that can be referenced from ie. GameObjects
'Packages/com.meta.xr.sdk.core/Editor/BuildingBlocks/BlocksWindowDetailsExtension.cs' contains partial class of Unity.Object, exactly 1 of the partial classes needs to be in a file with the same filename. This is to know the one that can be referenced from ie. GameObjects
'Packages/com.meta.xr.sdk.core/Editor/BuildingBlocks/BlocksWindowCollectionsPageExtension.cs' contains partial class of Unity.Object, exactly 1 of the partial classes needs to be in a file with the same filename. This is to know the one that can be referenced from ie. GameObjects
Refreshing native plugins compatible for Editor in 24.08 ms, found 18 plugins.
Native extension for Android target not found
Native extension for WindowsStandalone target not found
Refreshing native plugins compatible for Editor in 21.93 ms, found 18 plugins.
[Package Manager] Failed to launch server process. Reason: Unity was launched with the -noUpm command-line argument
[Package Manager] Unable to send message (not connected to server process).
[Package Manager] Cannot connect to Unity Package Manager local server
[Package Manager] Failed to launch server process. Reason: Unity was launched with the -noUpm command-line argument
[Package Manager] Unable to send message (not connected to server process).
[Package Manager] Cannot connect to Unity Package Manager local server
Mono: successfully reloaded assembly
[Package Manager] Failed to launch server process. Reason: Unity was launched with the -noUpm command-line argument
[Package Manager] Unable to send message (not connected to server process).
[Package Manager] Cannot connect to Unity Package Manager local server
- Finished resetting the current domain, in  2.822 seconds
Domain Reload Profiling: 4089ms
	BeginReloadAssembly (396ms)
		ExecutionOrderSort (0ms)
		DisableScriptedObjects (7ms)
		BackupInstance (0ms)
		ReleaseScriptingObjects (0ms)
		CreateAndSetChildDomain (89ms)
	RebuildCommonClasses (45ms)
	RebuildNativeTypeToScriptingClass (17ms)
	initialDomainReloadingComplete (31ms)
	LoadAllAssembliesAndSetupDomain (774ms)
		LoadAssemblies (500ms)
		RebuildTransferFunctionScriptingTraits (0ms)
		AnalyzeDomain (378ms)
			TypeCache.Refresh (11ms)
				TypeCache.ScanAssembly (0ms)
			BuildScriptInfoCaches (332ms)
			ResolveRequiredComponents (31ms)
	FinalizeReload (2826ms)
		ReleaseScriptCaches (0ms)
		RebuildScriptCaches (0ms)
		SetupLoadedEditorAssemblies (1965ms)
			LogAssemblyErrors (0ms)
			InitializePlatformSupportModulesInManaged (14ms)
			SetLoadedEditorAssemblies (8ms)
			BeforeProcessingInitializeOnLoad (159ms)
			ProcessInitializeOnLoadAttributes (1561ms)
			ProcessInitializeOnLoadMethodAttributes (211ms)
			AfterProcessingInitializeOnLoad (10ms)
			EditorAssembliesLoaded (1ms)
		ExecutionOrderSort2 (0ms)
		AwakeInstancesAfterBackupRestoration (17ms)
Shader 'Meta/MRUK/Scene/HighlightsAndShadows': fallback shader 'Off' not found
Shader 'Oculus/OVRMRCameraFrameLit': fallback shader 'Alpha-Diffuse' not found
Refreshing native plugins compatible for Editor in 19.94 ms, found 18 plugins.
Preloading 2 native plugins for Editor in 0.10 ms.
Unloading 83 Unused Serialized files (Serialized files now loaded: 0)
Unloading 9221 unused Assets / (11.8 MB). Loaded Objects now: 10226.
Memory consumption went from 256.5 MB to 244.7 MB.
Total: 35.405000 ms (FindLiveObjects: 1.149700 ms CreateObjectMapping: 2.481900 ms MarkObjects: 24.895500 ms  DeleteObjects: 6.876700 ms)

Prepare: number of updated asset objects reloaded= 0
========================================================================
Received Prepare
Begin MonoManager ReloadAssembly
NullReferenceException: Object reference not set to an instance of an object
  at Tripolygon.UModeler.Hub.HubAnalytics.OnRelease (System.Boolean isReloading) [0x00019] in <796d15bd8fc549d4a7d2e0ec26344f93>:0 
  at Tripolygon.UModeler.Analytics.AnalyticsBase.Release (System.Boolean isReloading) [0x00000] in <796d15bd8fc549d4a7d2e0ec26344f93>:0 
  at Tripolygon.UModeler.Hub.HubAnalyticsService.OnRelease (System.Boolean isReloading) [0x00000] in <796d15bd8fc549d4a7d2e0ec26344f93>:0 
  at Tripolygon.UModeler.UI.ApplicationServiceBase.Application_Released (System.Object sender, Tripolygon.UModeler.UI.ApplicationReleasedEventArgs e) [0x00007] in <db0f9bfc5ab342038dd25261e46cfd15>:0 
  at (wrapper delegate-invoke) System.EventHandler`1[Tripolygon.UModeler.UI.ApplicationReleasedEventArgs].invoke_void_object_TEventArgs(object,Tripolygon.UModeler.UI.ApplicationReleasedEventArgs)
  at Tripolygon.UModeler.UI.Application.Release (System.Boolean isReloading) [0x0005f] in <db0f9bfc5ab342038dd25261e46cfd15>:0 
  at Tripolygon.UModeler.Editor.UI.UnityEditorApplication+<>c.<.cctor>b__6_1 () [0x00029] in <796d15bd8fc549d4a7d2e0ec26344f93>:0 
  at UnityEditor.AssemblyReloadEvents.OnBeforeAssemblyReload () [0x00017] in <20f98a04ac634cc8bf5f95425bb19bb9>:0 

Symbol file LoadedFromMemory is not a mono symbol file
- Loaded All Assemblies, in  1.313 seconds
Script 'CharacterController' has the same name as built-in Unity component.
AddComponent and GetComponent will not work with this script.
'Packages/com.meta.xr.sdk.core/Editor/BuildingBlocks/BlocksWindow.cs' contains partial class of Unity.Object, exactly 1 of the partial classes needs to be in a file with the same filename. This is to know the one that can be referenced from ie. GameObjects
'Packages/com.meta.xr.sdk.core/Editor/BuildingBlocks/BlocksWindowDetailsExtension.cs' contains partial class of Unity.Object, exactly 1 of the partial classes needs to be in a file with the same filename. This is to know the one that can be referenced from ie. GameObjects
'Packages/com.meta.xr.sdk.core/Editor/BuildingBlocks/BlocksWindowCollectionsPageExtension.cs' contains partial class of Unity.Object, exactly 1 of the partial classes needs to be in a file with the same filename. This is to know the one that can be referenced from ie. GameObjects
Refreshing native plugins compatible for Editor in 22.36 ms, found 18 plugins.
Native extension for Android target not found
Native extension for WindowsStandalone target not found
Refreshing native plugins compatible for Editor in 19.25 ms, found 18 plugins.
[Package Manager] Failed to launch server process. Reason: Unity was launched with the -noUpm command-line argument
[Package Manager] Unable to send message (not connected to server process).
[Package Manager] Cannot connect to Unity Package Manager local server
[Package Manager] Failed to launch server process. Reason: Unity was launched with the -noUpm command-line argument
[Package Manager] Unable to send message (not connected to server process).
[Package Manager] Cannot connect to Unity Package Manager local server
Mono: successfully reloaded assembly
[Package Manager] Failed to launch server process. Reason: Unity was launched with the -noUpm command-line argument
[Package Manager] Unable to send message (not connected to server process).
[Package Manager] Cannot connect to Unity Package Manager local server
- Finished resetting the current domain, in  2.737 seconds
Domain Reload Profiling: 4048ms
	BeginReloadAssembly (406ms)
		ExecutionOrderSort (0ms)
		DisableScriptedObjects (9ms)
		BackupInstance (0ms)
		ReleaseScriptingObjects (0ms)
		CreateAndSetChildDomain (88ms)
	RebuildCommonClasses (41ms)
	RebuildNativeTypeToScriptingClass (17ms)
	initialDomainReloadingComplete (30ms)
	LoadAllAssembliesAndSetupDomain (816ms)
		LoadAssemblies (532ms)
		RebuildTransferFunctionScriptingTraits (0ms)
		AnalyzeDomain (391ms)
			TypeCache.Refresh (20ms)
				TypeCache.ScanAssembly (0ms)
			BuildScriptInfoCaches (338ms)
			ResolveRequiredComponents (29ms)
	FinalizeReload (2738ms)
		ReleaseScriptCaches (0ms)
		RebuildScriptCaches (0ms)
		SetupLoadedEditorAssemblies (1968ms)
			LogAssemblyErrors (0ms)
			InitializePlatformSupportModulesInManaged (14ms)
			SetLoadedEditorAssemblies (8ms)
			BeforeProcessingInitializeOnLoad (171ms)
			ProcessInitializeOnLoadAttributes (1573ms)
			ProcessInitializeOnLoadMethodAttributes (191ms)
			AfterProcessingInitializeOnLoad (9ms)
			EditorAssembliesLoaded (1ms)
		ExecutionOrderSort2 (0ms)
		AwakeInstancesAfterBackupRestoration (15ms)
Shader 'Meta/MRUK/Scene/HighlightsAndShadows': fallback shader 'Off' not found
Shader 'Oculus/OVRMRCameraFrameLit': fallback shader 'Alpha-Diffuse' not found
Refreshing native plugins compatible for Editor in 19.13 ms, found 18 plugins.
Preloading 2 native plugins for Editor in 0.12 ms.
Unloading 83 Unused Serialized files (Serialized files now loaded: 0)
Unloading 9221 unused Assets / (11.7 MB). Loaded Objects now: 10229.
Memory consumption went from 326.2 MB to 314.5 MB.
Total: 30.047800 ms (FindLiveObjects: 1.213800 ms CreateObjectMapping: 1.995800 ms MarkObjects: 20.383200 ms  DeleteObjects: 6.453500 ms)

Prepare: number of updated asset objects reloaded= 0
========================================================================
Received Prepare
Begin MonoManager ReloadAssembly
NullReferenceException: Object reference not set to an instance of an object
  at Tripolygon.UModeler.Hub.HubAnalytics.OnRelease (System.Boolean isReloading) [0x00019] in <796d15bd8fc549d4a7d2e0ec26344f93>:0 
  at Tripolygon.UModeler.Analytics.AnalyticsBase.Release (System.Boolean isReloading) [0x00000] in <796d15bd8fc549d4a7d2e0ec26344f93>:0 
  at Tripolygon.UModeler.Hub.HubAnalyticsService.OnRelease (System.Boolean isReloading) [0x00000] in <796d15bd8fc549d4a7d2e0ec26344f93>:0 
  at Tripolygon.UModeler.UI.ApplicationServiceBase.Application_Released (System.Object sender, Tripolygon.UModeler.UI.ApplicationReleasedEventArgs e) [0x00007] in <db0f9bfc5ab342038dd25261e46cfd15>:0 
  at (wrapper delegate-invoke) System.EventHandler`1[Tripolygon.UModeler.UI.ApplicationReleasedEventArgs].invoke_void_object_TEventArgs(object,Tripolygon.UModeler.UI.ApplicationReleasedEventArgs)
  at Tripolygon.UModeler.UI.Application.Release (System.Boolean isReloading) [0x0005f] in <db0f9bfc5ab342038dd25261e46cfd15>:0 
  at Tripolygon.UModeler.Editor.UI.UnityEditorApplication+<>c.<.cctor>b__6_1 () [0x00029] in <796d15bd8fc549d4a7d2e0ec26344f93>:0 
  at UnityEditor.AssemblyReloadEvents.OnBeforeAssemblyReload () [0x00017] in <20f98a04ac634cc8bf5f95425bb19bb9>:0 

Symbol file LoadedFromMemory is not a mono symbol file
- Loaded All Assemblies, in  1.282 seconds
Script 'CharacterController' has the same name as built-in Unity component.
AddComponent and GetComponent will not work with this script.
'Packages/com.meta.xr.sdk.core/Editor/BuildingBlocks/BlocksWindow.cs' contains partial class of Unity.Object, exactly 1 of the partial classes needs to be in a file with the same filename. This is to know the one that can be referenced from ie. GameObjects
'Packages/com.meta.xr.sdk.core/Editor/BuildingBlocks/BlocksWindowDetailsExtension.cs' contains partial class of Unity.Object, exactly 1 of the partial classes needs to be in a file with the same filename. This is to know the one that can be referenced from ie. GameObjects
'Packages/com.meta.xr.sdk.core/Editor/BuildingBlocks/BlocksWindowCollectionsPageExtension.cs' contains partial class of Unity.Object, exactly 1 of the partial classes needs to be in a file with the same filename. This is to know the one that can be referenced from ie. GameObjects
Refreshing native plugins compatible for Editor in 22.24 ms, found 18 plugins.
Native extension for Android target not found
Native extension for WindowsStandalone target not found
Refreshing native plugins compatible for Editor in 20.70 ms, found 18 plugins.
[Package Manager] Failed to launch server process. Reason: Unity was launched with the -noUpm command-line argument
[Package Manager] Unable to send message (not connected to server process).
[Package Manager] Cannot connect to Unity Package Manager local server
[Package Manager] Failed to launch server process. Reason: Unity was launched with the -noUpm command-line argument
[Package Manager] Unable to send message (not connected to server process).
[Package Manager] Cannot connect to Unity Package Manager local server
Mono: successfully reloaded assembly
[Package Manager] Failed to launch server process. Reason: Unity was launched with the -noUpm command-line argument
[Package Manager] Unable to send message (not connected to server process).
[Package Manager] Cannot connect to Unity Package Manager local server
- Finished resetting the current domain, in  2.726 seconds
Domain Reload Profiling: 3999ms
	BeginReloadAssembly (406ms)
		ExecutionOrderSort (0ms)
		DisableScriptedObjects (7ms)
		BackupInstance (0ms)
		ReleaseScriptingObjects (0ms)
		CreateAndSetChildDomain (95ms)
	RebuildCommonClasses (39ms)
	RebuildNativeTypeToScriptingClass (16ms)
	initialDomainReloadingComplete (31ms)
	LoadAllAssembliesAndSetupDomain (781ms)
		LoadAssemblies (517ms)
		RebuildTransferFunctionScriptingTraits (0ms)
		AnalyzeDomain (369ms)
			TypeCache.Refresh (10ms)
				TypeCache.ScanAssembly (0ms)
			BuildScriptInfoCaches (325ms)
			ResolveRequiredComponents (29ms)
	FinalizeReload (2726ms)
		ReleaseScriptCaches (0ms)
		RebuildScriptCaches (0ms)
		SetupLoadedEditorAssemblies (1975ms)
			LogAssemblyErrors (0ms)
			InitializePlatformSupportModulesInManaged (13ms)
			SetLoadedEditorAssemblies (8ms)
			BeforeProcessingInitializeOnLoad (162ms)
			ProcessInitializeOnLoadAttributes (1568ms)
			ProcessInitializeOnLoadMethodAttributes (212ms)
			AfterProcessingInitializeOnLoad (12ms)
			EditorAssembliesLoaded (1ms)
		ExecutionOrderSort2 (0ms)
		AwakeInstancesAfterBackupRestoration (21ms)
Shader 'Meta/MRUK/Scene/HighlightsAndShadows': fallback shader 'Off' not found
Shader 'Oculus/OVRMRCameraFrameLit': fallback shader 'Alpha-Diffuse' not found
Refreshing native plugins compatible for Editor in 18.63 ms, found 18 plugins.
Preloading 2 native plugins for Editor in 0.08 ms.
Unloading 83 Unused Serialized files (Serialized files now loaded: 0)
Unloading 9221 unused Assets / (11.7 MB). Loaded Objects now: 10232.
Memory consumption went from 256.5 MB to 244.8 MB.
Total: 31.887900 ms (FindLiveObjects: 1.285200 ms CreateObjectMapping: 2.884500 ms MarkObjects: 21.223200 ms  DeleteObjects: 6.493900 ms)

Prepare: number of updated asset objects reloaded= 0
========================================================================
Received Prepare
Begin MonoManager ReloadAssembly
NullReferenceException: Object reference not set to an instance of an object
  at Tripolygon.UModeler.Hub.HubAnalytics.OnRelease (System.Boolean isReloading) [0x00019] in <796d15bd8fc549d4a7d2e0ec26344f93>:0 
  at Tripolygon.UModeler.Analytics.AnalyticsBase.Release (System.Boolean isReloading) [0x00000] in <796d15bd8fc549d4a7d2e0ec26344f93>:0 
  at Tripolygon.UModeler.Hub.HubAnalyticsService.OnRelease (System.Boolean isReloading) [0x00000] in <796d15bd8fc549d4a7d2e0ec26344f93>:0 
  at Tripolygon.UModeler.UI.ApplicationServiceBase.Application_Released (System.Object sender, Tripolygon.UModeler.UI.ApplicationReleasedEventArgs e) [0x00007] in <db0f9bfc5ab342038dd25261e46cfd15>:0 
  at (wrapper delegate-invoke) System.EventHandler`1[Tripolygon.UModeler.UI.ApplicationReleasedEventArgs].invoke_void_object_TEventArgs(object,Tripolygon.UModeler.UI.ApplicationReleasedEventArgs)
  at Tripolygon.UModeler.UI.Application.Release (System.Boolean isReloading) [0x0005f] in <db0f9bfc5ab342038dd25261e46cfd15>:0 
  at Tripolygon.UModeler.Editor.UI.UnityEditorApplication+<>c.<.cctor>b__6_1 () [0x00029] in <796d15bd8fc549d4a7d2e0ec26344f93>:0 
  at UnityEditor.AssemblyReloadEvents.OnBeforeAssemblyReload () [0x00017] in <20f98a04ac634cc8bf5f95425bb19bb9>:0 

Symbol file LoadedFromMemory is not a mono symbol file
- Loaded All Assemblies, in  1.301 seconds
Script 'CharacterController' has the same name as built-in Unity component.
AddComponent and GetComponent will not work with this script.
'Packages/com.meta.xr.sdk.core/Editor/BuildingBlocks/BlocksWindow.cs' contains partial class of Unity.Object, exactly 1 of the partial classes needs to be in a file with the same filename. This is to know the one that can be referenced from ie. GameObjects
'Packages/com.meta.xr.sdk.core/Editor/BuildingBlocks/BlocksWindowDetailsExtension.cs' contains partial class of Unity.Object, exactly 1 of the partial classes needs to be in a file with the same filename. This is to know the one that can be referenced from ie. GameObjects
'Packages/com.meta.xr.sdk.core/Editor/BuildingBlocks/BlocksWindowCollectionsPageExtension.cs' contains partial class of Unity.Object, exactly 1 of the partial classes needs to be in a file with the same filename. This is to know the one that can be referenced from ie. GameObjects
Refreshing native plugins compatible for Editor in 19.88 ms, found 18 plugins.
Native extension for Android target not found
Native extension for WindowsStandalone target not found
Refreshing native plugins compatible for Editor in 20.11 ms, found 18 plugins.
[Package Manager] Failed to launch server process. Reason: Unity was launched with the -noUpm command-line argument
[Package Manager] Unable to send message (not connected to server process).
[Package Manager] Cannot connect to Unity Package Manager local server
[Package Manager] Failed to launch server process. Reason: Unity was launched with the -noUpm command-line argument
[Package Manager] Unable to send message (not connected to server process).
[Package Manager] Cannot connect to Unity Package Manager local server
Mono: successfully reloaded assembly
[Package Manager] Failed to launch server process. Reason: Unity was launched with the -noUpm command-line argument
[Package Manager] Unable to send message (not connected to server process).
[Package Manager] Cannot connect to Unity Package Manager local server
- Finished resetting the current domain, in  2.771 seconds
Domain Reload Profiling: 4070ms
	BeginReloadAssembly (408ms)
		ExecutionOrderSort (0ms)
		DisableScriptedObjects (8ms)
		BackupInstance (0ms)
		ReleaseScriptingObjects (0ms)
		CreateAndSetChildDomain (94ms)
	RebuildCommonClasses (41ms)
	RebuildNativeTypeToScriptingClass (17ms)
	initialDomainReloadingComplete (30ms)
	LoadAllAssembliesAndSetupDomain (798ms)
		LoadAssemblies (530ms)
		RebuildTransferFunctionScriptingTraits (0ms)
		AnalyzeDomain (373ms)
			TypeCache.Refresh (10ms)
				TypeCache.ScanAssembly (0ms)
			BuildScriptInfoCaches (328ms)
			ResolveRequiredComponents (31ms)
	FinalizeReload (2775ms)
		ReleaseScriptCaches (0ms)
		RebuildScriptCaches (0ms)
		SetupLoadedEditorAssemblies (1928ms)
			LogAssemblyErrors (0ms)
			InitializePlatformSupportModulesInManaged (12ms)
			SetLoadedEditorAssemblies (11ms)
			BeforeProcessingInitializeOnLoad (162ms)
			ProcessInitializeOnLoadAttributes (1546ms)
			ProcessInitializeOnLoadMethodAttributes (188ms)
			AfterProcessingInitializeOnLoad (8ms)
			EditorAssembliesLoaded (1ms)
		ExecutionOrderSort2 (0ms)
		AwakeInstancesAfterBackupRestoration (14ms)
Shader 'Meta/MRUK/Scene/HighlightsAndShadows': fallback shader 'Off' not found
Shader 'Oculus/OVRMRCameraFrameLit': fallback shader 'Alpha-Diffuse' not found
Refreshing native plugins compatible for Editor in 17.10 ms, found 18 plugins.
Preloading 2 native plugins for Editor in 0.08 ms.
Unloading 83 Unused Serialized files (Serialized files now loaded: 0)
Unloading 9221 unused Assets / (11.7 MB). Loaded Objects now: 10235.
Memory consumption went from 256.5 MB to 244.7 MB.
Total: 28.827800 ms (FindLiveObjects: 1.070000 ms CreateObjectMapping: 1.614600 ms MarkObjects: 20.139500 ms  DeleteObjects: 6.002600 ms)

Prepare: number of updated asset objects reloaded= 0
========================================================================
Received Prepare
Begin MonoManager ReloadAssembly
NullReferenceException: Object reference not set to an instance of an object
  at Tripolygon.UModeler.Hub.HubAnalytics.OnRelease (System.Boolean isReloading) [0x00019] in <796d15bd8fc549d4a7d2e0ec26344f93>:0 
  at Tripolygon.UModeler.Analytics.AnalyticsBase.Release (System.Boolean isReloading) [0x00000] in <796d15bd8fc549d4a7d2e0ec26344f93>:0 
  at Tripolygon.UModeler.Hub.HubAnalyticsService.OnRelease (System.Boolean isReloading) [0x00000] in <796d15bd8fc549d4a7d2e0ec26344f93>:0 
  at Tripolygon.UModeler.UI.ApplicationServiceBase.Application_Released (System.Object sender, Tripolygon.UModeler.UI.ApplicationReleasedEventArgs e) [0x00007] in <db0f9bfc5ab342038dd25261e46cfd15>:0 
  at (wrapper delegate-invoke) System.EventHandler`1[Tripolygon.UModeler.UI.ApplicationReleasedEventArgs].invoke_void_object_TEventArgs(object,Tripolygon.UModeler.UI.ApplicationReleasedEventArgs)
  at Tripolygon.UModeler.UI.Application.Release (System.Boolean isReloading) [0x0005f] in <db0f9bfc5ab342038dd25261e46cfd15>:0 
  at Tripolygon.UModeler.Editor.UI.UnityEditorApplication+<>c.<.cctor>b__6_1 () [0x00029] in <796d15bd8fc549d4a7d2e0ec26344f93>:0 
  at UnityEditor.AssemblyReloadEvents.OnBeforeAssemblyReload () [0x00017] in <20f98a04ac634cc8bf5f95425bb19bb9>:0 

Symbol file LoadedFromMemory is not a mono symbol file
- Loaded All Assemblies, in  1.306 seconds
Script 'CharacterController' has the same name as built-in Unity component.
AddComponent and GetComponent will not work with this script.
'Packages/com.meta.xr.sdk.core/Editor/BuildingBlocks/BlocksWindow.cs' contains partial class of Unity.Object, exactly 1 of the partial classes needs to be in a file with the same filename. This is to know the one that can be referenced from ie. GameObjects
'Packages/com.meta.xr.sdk.core/Editor/BuildingBlocks/BlocksWindowDetailsExtension.cs' contains partial class of Unity.Object, exactly 1 of the partial classes needs to be in a file with the same filename. This is to know the one that can be referenced from ie. GameObjects
'Packages/com.meta.xr.sdk.core/Editor/BuildingBlocks/BlocksWindowCollectionsPageExtension.cs' contains partial class of Unity.Object, exactly 1 of the partial classes needs to be in a file with the same filename. This is to know the one that can be referenced from ie. GameObjects
Refreshing native plugins compatible for Editor in 21.08 ms, found 18 plugins.
Native extension for Android target not found
Native extension for WindowsStandalone target not found
Refreshing native plugins compatible for Editor in 22.77 ms, found 18 plugins.
[Package Manager] Failed to launch server process. Reason: Unity was launched with the -noUpm command-line argument
[Package Manager] Unable to send message (not connected to server process).
[Package Manager] Cannot connect to Unity Package Manager local server
[Package Manager] Failed to launch server process. Reason: Unity was launched with the -noUpm command-line argument
[Package Manager] Unable to send message (not connected to server process).
[Package Manager] Cannot connect to Unity Package Manager local server
Mono: successfully reloaded assembly
[Package Manager] Failed to launch server process. Reason: Unity was launched with the -noUpm command-line argument
[Package Manager] Unable to send message (not connected to server process).
[Package Manager] Cannot connect to Unity Package Manager local server
- Finished resetting the current domain, in  2.868 seconds
Domain Reload Profiling: 4169ms
	BeginReloadAssembly (431ms)
		ExecutionOrderSort (0ms)
		DisableScriptedObjects (8ms)
		BackupInstance (0ms)
		ReleaseScriptingObjects (0ms)
		CreateAndSetChildDomain (89ms)
	RebuildCommonClasses (45ms)
	RebuildNativeTypeToScriptingClass (19ms)
	initialDomainReloadingComplete (32ms)
	LoadAllAssembliesAndSetupDomain (774ms)
		LoadAssemblies (506ms)
		RebuildTransferFunctionScriptingTraits (0ms)
		AnalyzeDomain (375ms)
			TypeCache.Refresh (11ms)
				TypeCache.ScanAssembly (0ms)
			BuildScriptInfoCaches (328ms)
			ResolveRequiredComponents (31ms)
	FinalizeReload (2869ms)
		ReleaseScriptCaches (0ms)
		RebuildScriptCaches (0ms)
		SetupLoadedEditorAssemblies (1998ms)
			LogAssemblyErrors (0ms)
			InitializePlatformSupportModulesInManaged (15ms)
			SetLoadedEditorAssemblies (9ms)
			BeforeProcessingInitializeOnLoad (163ms)
			ProcessInitializeOnLoadAttributes (1579ms)
			ProcessInitializeOnLoadMethodAttributes (223ms)
			AfterProcessingInitializeOnLoad (8ms)
			EditorAssembliesLoaded (1ms)
		ExecutionOrderSort2 (0ms)
		AwakeInstancesAfterBackupRestoration (16ms)
Shader 'Meta/MRUK/Scene/HighlightsAndShadows': fallback shader 'Off' not found
Shader 'Oculus/OVRMRCameraFrameLit': fallback shader 'Alpha-Diffuse' not found
Refreshing native plugins compatible for Editor in 19.79 ms, found 18 plugins.
Preloading 2 native plugins for Editor in 0.08 ms.
Unloading 83 Unused Serialized files (Serialized files now loaded: 0)
Unloading 9221 unused Assets / (11.5 MB). Loaded Objects now: 10238.
Memory consumption went from 256.4 MB to 245.0 MB.
Total: 30.854300 ms (FindLiveObjects: 1.385600 ms CreateObjectMapping: 2.729500 ms MarkObjects: 20.934300 ms  DeleteObjects: 5.781500 ms)

Prepare: number of updated asset objects reloaded= 0
