[2025-11-02 오후 6:56:59] [Debug] [Application] service: Tripolygon.UModeler.Hub.HubAuthentication = Tripolygon.UModeler.Hub.HubAuthentication
[2025-11-02 오후 6:56:59] [Debug] [Application] service: Tripolygon.UModeler.UI.IApplicationCache = Tripolygon.UModeler.Editor.UI.UnityEditorApplicationCache
[2025-11-02 오후 6:56:59] [Debug] ActualHost
[2025-11-02 오후 6:56:59] [Debug] [Application] service: Tripolygon.UModeler.Hub.IHubService = Tripolygon.UModeler.Hub.HubService
[2025-11-02 오후 6:56:59] [Debug] [Application] service: Tripolygon.UModeler.Authentication.IAuthenticationApiProvider = Tripolygon.UModeler.Editor.AuthenticationApiProviderService
[2025-11-02 오후 6:56:59] [Debug] [Application] service: Tripolygon.UModeler.UI.IObjectHierarchyService = Tripolygon.UModeler.Editor.UI.UnityEditorObjectHierarchyService
[2025-11-02 오후 6:56:59] [Debug] [Application] service: Tripolygon.UModeler.UI.IApplicationUtilityService = Tripolygon.UModeler.Editor.UI.UnityEditorApplicationUtilityService
[2025-11-02 오후 6:56:59] [Debug] [Application] service: Tripolygon.UModeler.Editor.UI.ApplicationSettings = Tripolygon.UModeler.Editor.UI.ApplicationSettings
[2025-11-02 오후 6:56:59] [Debug] [Application] service: Tripolygon.UModeler.UI.ITextureProvider = Tripolygon.UModeler.Editor.UI.UnityEditorTextureProvider
[2025-11-02 오후 6:56:59] [Debug] [Application] service: Tripolygon.UModeler.Hub.Resources.IResourcesApiProvider = Tripolygon.UModeler.Hub.ResourcesApiProviderService
[2025-11-02 오후 6:56:59] [Debug] [Application] service: Tripolygon.UModeler.Hub.HubFlashService = Tripolygon.UModeler.Hub.HubFlashService
[2025-11-02 오후 6:56:59] [Debug] [Application] service: Tripolygon.UModeler.Hub.IHubAnalyticsService = Tripolygon.UModeler.Hub.HubAnalyticsService
[2025-11-02 오후 6:56:59] [Debug] [Application] service: Tripolygon.UModeler.Hub.VSAttributionService = Tripolygon.UModeler.Hub.VSAttributionService
[2025-11-02 오후 6:56:59] [Debug] [Application] service: Tripolygon.UModeler.Hub.Notifications.UpdateHubNotifier = Tripolygon.UModeler.Hub.Notifications.UpdateHubNotifier
[2025-11-02 오후 6:56:59] [Debug] [Application] service: Tripolygon.UModeler.Hub.Notifications.UpdateProductNotifier = Tripolygon.UModeler.Hub.Notifications.UpdateProductNotifier
[2025-11-02 오후 6:56:59] [Debug] [Application] service: Tripolygon.UModeler.Hub.INoticeService = Tripolygon.UModeler.Hub.Noticies.NoticeService
[2025-11-02 오후 6:56:59] [Debug] [Application] service: Tripolygon.UModeler.Hub.Views.SceneViews.HubSceneViewService = Tripolygon.UModeler.Hub.Views.SceneViews.HubSceneViewService
[2025-11-02 오후 6:57:00] [Debug] [Application] Initialize: isReloading=False
[2025-11-02 오후 6:57:00] [Debug] [Application] Service Initialize: Tripolygon.UModeler.Hub.HubAuthentication
[2025-11-02 오후 6:57:00] [Debug] [Application] Service Initialize: Tripolygon.UModeler.Editor.UI.UnityEditorApplicationCache
[2025-11-02 오후 6:57:00] [Debug] [Application] Service Initialize: Tripolygon.UModeler.Hub.HubService
[2025-11-02 오후 6:57:00] [Debug] [Application] Service Initialize: Tripolygon.UModeler.Editor.UI.UnityEditorApplicationUtilityService
[2025-11-02 오후 6:57:00] [Debug] [Application] Service Initialize: Tripolygon.UModeler.Hub.HubFlashService
[2025-11-02 오후 6:57:00] [Debug] [HubAnalytics] PosthogClient.SetAutoFlush: Value Changed: True
[2025-11-02 오후 6:57:00] [Debug] [Application] Service Initialize: Tripolygon.UModeler.Hub.HubAnalyticsService
[2025-11-02 오후 6:57:00] [Debug] [Application] Service Initialize: Tripolygon.UModeler.Hub.VSAttributionService
[2025-11-02 오후 6:57:00] [Debug] [Application] Service Initialize: Tripolygon.UModeler.Hub.Notifications.UpdateHubNotifier
[2025-11-02 오후 6:57:00] [Debug] [Application] Service Initialize: Tripolygon.UModeler.Hub.Notifications.UpdateProductNotifier
[2025-11-02 오후 6:57:00] [Debug] [Application] Service Initialize: Tripolygon.UModeler.Hub.Noticies.NoticeService
[2025-11-02 오후 6:57:00] [Debug] [Application] Service Initialize: Tripolygon.UModeler.Hub.Views.SceneViews.HubSceneViewService
[2025-11-02 오후 7:00:05] [Debug] [HubAnalytics] OnAppStart
[2025-11-02 오후 7:00:11] [Debug] [HubAnalytics] PosthogClient.BatchAsync: Sending Queue Items={"api_key":"phc_DQ6tsN03HRXTr9hNBfi3DierOY5Y0SisUxgxjuAmZG5","batch":[{"event":"app start","properties":{"$set":{"sdk_region_id":"ko-KR","sdk_region_name":"South Korea","sdk_language":"Korean","sdk_os_architecture":"X64","sdk_time_zone":"Korea Standard Time","product_version":"1.1.6","platform_account_id":"anonymous","platform_account_name":"a4X8r4Pdk9CIw7s1+PnuYYIuFOp1JGeD+dyQrXGVaE/BgPR6aUTON1ZAvP9+NycWOU0RCZxlo+fne+tQ495vmQYmmYmhJr9c7X5G3uPb939VNP5OAucd5veJT1rpEbB3s5ypvBTHaigrundZKQIoLWKOsI/LPawI/KtERsNDlZxziXZDOK33FLkhIA2/mQHFSDO8OyoaQRwd2zqwezarBszFG7Uqi1cYOKyWHuhTeTnG7B09j9GtmKUWH5hz6EMbhLgV9WNsCnuCVeAoyfbtHtvsk2yLsMTkd4v7VGnNKq7Ay/Svz45TXbSAzMCicdH0ZTBrWsRax884zb4XRuf62A=="},"$os":"WINDOWS","$os_name":"WINDOWS","$session_id":"41841b78-1e7e-4e78-b00c-f9070a833b85_5fbc1836-5ded-45ad-8f0a-c3532b89368b","distinct_id":"b436f785064ea140538673dd9b84f3f59c821871","product_name":"UModeler Hub","product_version":"1.1.6","platform_name":"Unity","platform_version":"6000.0.29f1","screen_width":1920,"screen_height":1080,"viewport_width":640,"viewport_height":480,"unity_systeminfo_language":"Korean","unity_systeminfo_os":"Windows 10  (10.0.19045) 64bit","unity_systeminfo_graphicsDeviceType":"Direct3D11","unity_systeminfo_graphicsDeviceVendor":"NVIDIA","unity_systeminfo_graphicsDeviceName":"NVIDIA GeForce RTX 2060","unity_systeminfo_deviceType":"Desktop","unity_systeminfo_processorType":"Intel(R) Core(TM) i7-9700F CPU @ 3.00GHz"},"timestamp":"2025-11-02T10:00:05.3854152Z"}]}
[2025-11-02 오후 7:00:11] [Debug] [HubAnalytics] PosthogClient.BatchAsync: Sent 1 queue item(s).
[2025-11-02 오후 7:00:16] [Debug] [Application] service: Tripolygon.UModeler.Hub.HubAuthentication = Tripolygon.UModeler.Hub.HubAuthentication
[2025-11-02 오후 7:00:16] [Debug] [Application] service: Tripolygon.UModeler.UI.IApplicationCache = Tripolygon.UModeler.Editor.UI.UnityEditorApplicationCache
[2025-11-02 오후 7:00:16] [Debug] ActualHost
[2025-11-02 오후 7:00:16] [Debug] [Application] service: Tripolygon.UModeler.Hub.IHubService = Tripolygon.UModeler.Hub.HubService
[2025-11-02 오후 7:00:16] [Debug] [Application] service: Tripolygon.UModeler.Authentication.IAuthenticationApiProvider = Tripolygon.UModeler.Editor.AuthenticationApiProviderService
[2025-11-02 오후 7:00:16] [Debug] [Application] service: Tripolygon.UModeler.UI.IObjectHierarchyService = Tripolygon.UModeler.Editor.UI.UnityEditorObjectHierarchyService
[2025-11-02 오후 7:00:16] [Debug] [Application] service: Tripolygon.UModeler.UI.IApplicationUtilityService = Tripolygon.UModeler.Editor.UI.UnityEditorApplicationUtilityService
[2025-11-02 오후 7:00:16] [Debug] [Application] service: Tripolygon.UModeler.Editor.UI.ApplicationSettings = Tripolygon.UModeler.Editor.UI.ApplicationSettings
[2025-11-02 오후 7:00:16] [Debug] [Application] service: Tripolygon.UModeler.UI.ITextureProvider = Tripolygon.UModeler.Editor.UI.UnityEditorTextureProvider
[2025-11-02 오후 7:00:16] [Debug] [Application] service: Tripolygon.UModeler.Hub.Resources.IResourcesApiProvider = Tripolygon.UModeler.Hub.ResourcesApiProviderService
[2025-11-02 오후 7:00:16] [Debug] [Application] service: Tripolygon.UModeler.Hub.HubFlashService = Tripolygon.UModeler.Hub.HubFlashService
[2025-11-02 오후 7:00:16] [Debug] [Application] service: Tripolygon.UModeler.Hub.IHubAnalyticsService = Tripolygon.UModeler.Hub.HubAnalyticsService
[2025-11-02 오후 7:00:16] [Debug] [Application] service: Tripolygon.UModeler.Hub.VSAttributionService = Tripolygon.UModeler.Hub.VSAttributionService
[2025-11-02 오후 7:00:16] [Debug] [Application] service: Tripolygon.UModeler.Hub.Notifications.UpdateHubNotifier = Tripolygon.UModeler.Hub.Notifications.UpdateHubNotifier
[2025-11-02 오후 7:00:16] [Debug] [Application] service: Tripolygon.UModeler.Hub.Notifications.UpdateProductNotifier = Tripolygon.UModeler.Hub.Notifications.UpdateProductNotifier
[2025-11-02 오후 7:00:16] [Debug] [Application] service: Tripolygon.UModeler.Hub.INoticeService = Tripolygon.UModeler.Hub.Noticies.NoticeService
[2025-11-02 오후 7:00:16] [Debug] [Application] service: Tripolygon.UModeler.Hub.Views.SceneViews.HubSceneViewService = Tripolygon.UModeler.Hub.Views.SceneViews.HubSceneViewService
[2025-11-02 오후 7:00:17] [Debug] [Application] Initialize: isReloading=False
[2025-11-02 오후 7:00:17] [Debug] [Application] Service Initialize: Tripolygon.UModeler.Hub.HubAuthentication
[2025-11-02 오후 7:00:17] [Debug] [Application] Service Initialize: Tripolygon.UModeler.Editor.UI.UnityEditorApplicationCache
[2025-11-02 오후 7:00:18] [Debug] [Application] Service Initialize: Tripolygon.UModeler.Hub.HubService
[2025-11-02 오후 7:00:18] [Debug] [Application] Service Initialize: Tripolygon.UModeler.Editor.UI.UnityEditorApplicationUtilityService
[2025-11-02 오후 7:00:18] [Debug] [Application] Service Initialize: Tripolygon.UModeler.Hub.HubFlashService
[2025-11-02 오후 7:00:18] [Debug] [HubAnalytics] PosthogClient.SetAutoFlush: Value Changed: True
[2025-11-02 오후 7:00:18] [Debug] [Application] Service Initialize: Tripolygon.UModeler.Hub.HubAnalyticsService
[2025-11-02 오후 7:00:18] [Debug] [Application] Service Initialize: Tripolygon.UModeler.Hub.VSAttributionService
[2025-11-02 오후 7:00:18] [Debug] [Application] Service Initialize: Tripolygon.UModeler.Hub.Notifications.UpdateHubNotifier
[2025-11-02 오후 7:00:18] [Debug] [Application] Service Initialize: Tripolygon.UModeler.Hub.Notifications.UpdateProductNotifier
[2025-11-02 오후 7:00:18] [Debug] [Application] Service Initialize: Tripolygon.UModeler.Hub.Noticies.NoticeService
[2025-11-02 오후 7:00:18] [Debug] [Application] Service Initialize: Tripolygon.UModeler.Hub.Views.SceneViews.HubSceneViewService
[2025-11-02 오후 7:00:21] [Debug] [Application] Release: isReloading=True
[2025-11-02 오후 7:00:21] [Debug] [Application] Service Release: Tripolygon.UModeler.Hub.Views.SceneViews.HubSceneViewService
[2025-11-02 오후 7:00:21] [Debug] [Application] Service Release: Tripolygon.UModeler.Hub.Noticies.NoticeService
[2025-11-02 오후 7:00:21] [Debug] [Application] Service Release: Tripolygon.UModeler.Hub.Notifications.UpdateProductNotifier
[2025-11-02 오후 7:00:21] [Debug] [Application] Service Release: Tripolygon.UModeler.Hub.Notifications.UpdateHubNotifier
[2025-11-02 오후 7:00:21] [Debug] [Application] Service Release: Tripolygon.UModeler.Hub.VSAttributionService
[2025-11-02 오후 7:00:21] [Debug] [HubAnalytics] PosthogClient.SetAutoFlush: Value Changed: False
[2025-11-02 오후 7:00:21] [Debug] [Application] Service Release: Tripolygon.UModeler.Hub.HubAnalyticsService
[2025-11-02 오후 7:00:21] [Debug] [Application] Service Release: Tripolygon.UModeler.Hub.HubFlashService
[2025-11-02 오후 7:00:21] [Debug] [Application] Service Release: Tripolygon.UModeler.Editor.UI.UnityEditorApplicationUtilityService
[2025-11-02 오후 7:00:21] [Debug] [Application] Service Release: Tripolygon.UModeler.Hub.HubService
[2025-11-02 오후 7:00:21] [Debug] [Application] Service Release: Tripolygon.UModeler.Editor.UI.UnityEditorApplicationCache
[2025-11-02 오후 7:00:21] [Debug] [Application] Service Release: Tripolygon.UModeler.Hub.HubAuthentication
[2025-11-02 오후 7:00:26] [Debug] [Application] service: Tripolygon.UModeler.Hub.HubAuthentication = Tripolygon.UModeler.Hub.HubAuthentication
[2025-11-02 오후 7:00:26] [Debug] [Application] service: Tripolygon.UModeler.UI.IApplicationCache = Tripolygon.UModeler.Editor.UI.UnityEditorApplicationCache
[2025-11-02 오후 7:00:26] [Debug] ActualHost
[2025-11-02 오후 7:00:26] [Debug] [Application] service: Tripolygon.UModeler.Hub.IHubService = Tripolygon.UModeler.Hub.HubService
[2025-11-02 오후 7:00:26] [Debug] [Application] service: Tripolygon.UModeler.Authentication.IAuthenticationApiProvider = Tripolygon.UModeler.Editor.AuthenticationApiProviderService
[2025-11-02 오후 7:00:26] [Debug] [Application] service: Tripolygon.UModeler.UI.IObjectHierarchyService = Tripolygon.UModeler.Editor.UI.UnityEditorObjectHierarchyService
[2025-11-02 오후 7:00:26] [Debug] [Application] service: Tripolygon.UModeler.UI.IApplicationUtilityService = Tripolygon.UModeler.Editor.UI.UnityEditorApplicationUtilityService
[2025-11-02 오후 7:00:26] [Debug] [Application] service: Tripolygon.UModeler.Editor.UI.ApplicationSettings = Tripolygon.UModeler.Editor.UI.ApplicationSettings
[2025-11-02 오후 7:00:26] [Debug] [Application] service: Tripolygon.UModeler.UI.ITextureProvider = Tripolygon.UModeler.Editor.UI.UnityEditorTextureProvider
[2025-11-02 오후 7:00:26] [Debug] [Application] service: Tripolygon.UModeler.Hub.Resources.IResourcesApiProvider = Tripolygon.UModeler.Hub.ResourcesApiProviderService
[2025-11-02 오후 7:00:26] [Debug] [Application] service: Tripolygon.UModeler.Hub.HubFlashService = Tripolygon.UModeler.Hub.HubFlashService
[2025-11-02 오후 7:00:26] [Debug] [Application] service: Tripolygon.UModeler.Hub.IHubAnalyticsService = Tripolygon.UModeler.Hub.HubAnalyticsService
[2025-11-02 오후 7:00:26] [Debug] [Application] service: Tripolygon.UModeler.Hub.VSAttributionService = Tripolygon.UModeler.Hub.VSAttributionService
[2025-11-02 오후 7:00:26] [Debug] [Application] service: Tripolygon.UModeler.Hub.Notifications.UpdateHubNotifier = Tripolygon.UModeler.Hub.Notifications.UpdateHubNotifier
[2025-11-02 오후 7:00:26] [Debug] [Application] service: Tripolygon.UModeler.Hub.Notifications.UpdateProductNotifier = Tripolygon.UModeler.Hub.Notifications.UpdateProductNotifier
[2025-11-02 오후 7:00:26] [Debug] [Application] service: Tripolygon.UModeler.Hub.INoticeService = Tripolygon.UModeler.Hub.Noticies.NoticeService
[2025-11-02 오후 7:00:26] [Debug] [Application] service: Tripolygon.UModeler.Hub.Views.SceneViews.HubSceneViewService = Tripolygon.UModeler.Hub.Views.SceneViews.HubSceneViewService
[2025-11-02 오후 7:00:27] [Debug] [Application] Initialize: isReloading=True
[2025-11-02 오후 7:00:27] [Debug] [Application] Service Initialize: Tripolygon.UModeler.Hub.HubAuthentication
[2025-11-02 오후 7:00:27] [Debug] [Application] Service Initialize: Tripolygon.UModeler.Editor.UI.UnityEditorApplicationCache
[2025-11-02 오후 7:00:27] [Debug] [Application] Service Initialize: Tripolygon.UModeler.Hub.HubService
[2025-11-02 오후 7:00:27] [Debug] [Application] Service Initialize: Tripolygon.UModeler.Editor.UI.UnityEditorApplicationUtilityService
[2025-11-02 오후 7:00:27] [Debug] [Application] Service Initialize: Tripolygon.UModeler.Hub.HubFlashService
[2025-11-02 오후 7:00:27] [Debug] [HubAnalytics] PosthogClient.SetAutoFlush: Value Changed: True
[2025-11-02 오후 7:00:27] [Debug] [Application] Service Initialize: Tripolygon.UModeler.Hub.HubAnalyticsService
[2025-11-02 오후 7:00:27] [Debug] [Application] Service Initialize: Tripolygon.UModeler.Hub.VSAttributionService
[2025-11-02 오후 7:00:27] [Debug] [Application] Service Initialize: Tripolygon.UModeler.Hub.Notifications.UpdateHubNotifier
[2025-11-02 오후 7:00:27] [Debug] [Application] Service Initialize: Tripolygon.UModeler.Hub.Notifications.UpdateProductNotifier
[2025-11-02 오후 7:00:27] [Debug] [Application] Service Initialize: Tripolygon.UModeler.Hub.Noticies.NoticeService
[2025-11-02 오후 7:00:26] [Debug] [Application] service: Tripolygon.UModeler.Hub.HubAuthentication = Tripolygon.UModeler.Hub.HubAuthentication
[2025-11-02 오후 7:00:27] [Debug] [Application] Service Initialize: Tripolygon.UModeler.Hub.Views.SceneViews.HubSceneViewService
[2025-11-02 오후 7:00:26] [Debug] ActualHost
[2025-11-02 오후 7:00:26] [Debug] [Application] service: Tripolygon.UModeler.Hub.IHubService = Tripolygon.UModeler.Hub.HubService
[2025-11-02 오후 7:00:26] [Debug] [Application] service: Tripolygon.UModeler.Authentication.IAuthenticationApiProvider = Tripolygon.UModeler.Editor.AuthenticationApiProviderService
[2025-11-02 오후 7:00:26] [Debug] [Application] service: Tripolygon.UModeler.UI.IObjectHierarchyService = Tripolygon.UModeler.Editor.UI.UnityEditorObjectHierarchyService
[2025-11-02 오후 7:00:26] [Debug] [Application] service: Tripolygon.UModeler.UI.IApplicationUtilityService = Tripolygon.UModeler.Editor.UI.UnityEditorApplicationUtilityService
[2025-11-02 오후 7:00:26] [Debug] [Application] service: Tripolygon.UModeler.Editor.UI.ApplicationSettings = Tripolygon.UModeler.Editor.UI.ApplicationSettings
[2025-11-02 오후 7:00:26] [Debug] [Application] service: Tripolygon.UModeler.UI.ITextureProvider = Tripolygon.UModeler.Editor.UI.UnityEditorTextureProvider
[2025-11-02 오후 7:00:26] [Debug] [Application] service: Tripolygon.UModeler.Hub.Resources.IResourcesApiProvider = Tripolygon.UModeler.Hub.ResourcesApiProviderService
[2025-11-02 오후 7:00:26] [Debug] [Application] service: Tripolygon.UModeler.Hub.HubFlashService = Tripolygon.UModeler.Hub.HubFlashService
[2025-11-02 오후 7:00:26] [Debug] [Application] service: Tripolygon.UModeler.Hub.IHubAnalyticsService = Tripolygon.UModeler.Hub.HubAnalyticsService
[2025-11-02 오후 7:00:26] [Debug] [Application] service: Tripolygon.UModeler.Hub.VSAttributionService = Tripolygon.UModeler.Hub.VSAttributionService
[2025-11-02 오후 7:00:26] [Debug] [Application] service: Tripolygon.UModeler.Hub.Notifications.UpdateHubNotifier = Tripolygon.UModeler.Hub.Notifications.UpdateHubNotifier
[2025-11-02 오후 7:00:26] [Debug] [Application] service: Tripolygon.UModeler.Hub.Notifications.UpdateProductNotifier = Tripolygon.UModeler.Hub.Notifications.UpdateProductNotifier
[2025-11-02 오후 7:00:26] [Debug] [Application] service: Tripolygon.UModeler.Hub.INoticeService = Tripolygon.UModeler.Hub.Noticies.NoticeService
[2025-11-02 오후 7:00:26] [Debug] [Application] service: Tripolygon.UModeler.Hub.Views.SceneViews.HubSceneViewService = Tripolygon.UModeler.Hub.Views.SceneViews.HubSceneViewService
[2025-11-02 오후 7:00:27] [Debug] [Application] Initialize: isReloading=False
[2025-11-02 오후 7:00:27] [Debug] [Application] Service Initialize: Tripolygon.UModeler.Hub.HubAuthentication
[2025-11-02 오후 7:00:27] [Debug] [Application] Service Initialize: Tripolygon.UModeler.Editor.UI.UnityEditorApplicationCache
[2025-11-02 오후 7:00:27] [Debug] [Application] Service Initialize: Tripolygon.UModeler.Hub.HubService
[2025-11-02 오후 7:00:27] [Debug] [Application] Service Initialize: Tripolygon.UModeler.Editor.UI.UnityEditorApplicationUtilityService
[2025-11-02 오후 7:00:27] [Debug] [Application] Service Initialize: Tripolygon.UModeler.Hub.HubFlashService
[2025-11-02 오후 7:00:27] [Debug] [HubAnalytics] PosthogClient.SetAutoFlush: Value Changed: True
[2025-11-02 오후 7:00:28] [Debug] [Application] Service Initialize: Tripolygon.UModeler.Hub.HubAnalyticsService
[2025-11-02 오후 7:00:28] [Debug] [Application] Service Initialize: Tripolygon.UModeler.Hub.VSAttributionService
[2025-11-02 오후 7:00:28] [Debug] [Application] Service Initialize: Tripolygon.UModeler.Hub.Notifications.UpdateHubNotifier
[2025-11-02 오후 7:00:28] [Debug] [Application] Service Initialize: Tripolygon.UModeler.Hub.Notifications.UpdateProductNotifier
[2025-11-02 오후 7:00:28] [Debug] [Application] Service Initialize: Tripolygon.UModeler.Hub.Noticies.NoticeService
[2025-11-02 오후 7:00:28] [Debug] [Application] Service Initialize: Tripolygon.UModeler.Hub.Views.SceneViews.HubSceneViewService
[2025-11-02 오후 7:00:28] [Debug] [HubAnalytics] OnAppStart
[2025-11-02 오후 7:00:28] [Debug] [Application] Release: isReloading=True
[2025-11-02 오후 7:00:28] [Debug] [Application] Service Release: Tripolygon.UModeler.Hub.Views.SceneViews.HubSceneViewService
[2025-11-02 오후 7:00:28] [Debug] [Application] Service Release: Tripolygon.UModeler.Hub.Noticies.NoticeService
[2025-11-02 오후 7:00:28] [Debug] [Application] Service Release: Tripolygon.UModeler.Hub.Notifications.UpdateProductNotifier
[2025-11-02 오후 7:00:28] [Debug] [Application] Service Release: Tripolygon.UModeler.Hub.Notifications.UpdateHubNotifier
[2025-11-02 오후 7:00:28] [Debug] [Application] Release: isReloading=True
[2025-11-02 오후 7:00:28] [Debug] [Application] Service Release: Tripolygon.UModeler.Hub.VSAttributionService
[2025-11-02 오후 7:00:28] [Debug] [Application] Service Release: Tripolygon.UModeler.Hub.Views.SceneViews.HubSceneViewService
[2025-11-02 오후 7:00:28] [Debug] [Application] Service Release: Tripolygon.UModeler.Hub.Noticies.NoticeService
[2025-11-02 오후 7:00:28] [Debug] [Application] Service Release: Tripolygon.UModeler.Hub.Notifications.UpdateProductNotifier
[2025-11-02 오후 7:00:28] [Debug] [Application] Service Release: Tripolygon.UModeler.Hub.Notifications.UpdateHubNotifier
[2025-11-02 오후 7:00:28] [Debug] [Application] Service Release: Tripolygon.UModeler.Hub.VSAttributionService
[2025-11-02 오후 7:00:31] [Debug] [Application] service: Tripolygon.UModeler.Hub.HubAuthentication = Tripolygon.UModeler.Hub.HubAuthentication
[2025-11-02 오후 7:00:31] [Debug] [Application] service: Tripolygon.UModeler.UI.IApplicationCache = Tripolygon.UModeler.Editor.UI.UnityEditorApplicationCache
[2025-11-02 오후 7:00:31] [Debug] ActualHost
[2025-11-02 오후 7:00:31] [Debug] [Application] service: Tripolygon.UModeler.Hub.IHubService = Tripolygon.UModeler.Hub.HubService
[2025-11-02 오후 7:00:31] [Debug] [Application] service: Tripolygon.UModeler.Authentication.IAuthenticationApiProvider = Tripolygon.UModeler.Editor.AuthenticationApiProviderService
[2025-11-02 오후 7:00:31] [Debug] [Application] service: Tripolygon.UModeler.UI.IObjectHierarchyService = Tripolygon.UModeler.Editor.UI.UnityEditorObjectHierarchyService
[2025-11-02 오후 7:00:31] [Debug] [Application] service: Tripolygon.UModeler.Hub.HubAuthentication = Tripolygon.UModeler.Hub.HubAuthentication
[2025-11-02 오후 7:00:31] [Debug] [Application] service: Tripolygon.UModeler.Hub.IHubAnalyticsService = Tripolygon.UModeler.Hub.HubAnalyticsService
[2025-11-02 오후 7:00:31] [Debug] ActualHost
[2025-11-02 오후 7:00:31] [Debug] [Application] service: Tripolygon.UModeler.Hub.Notifications.UpdateHubNotifier = Tripolygon.UModeler.Hub.Notifications.UpdateHubNotifier
[2025-11-02 오후 7:00:31] [Debug] [Application] service: Tripolygon.UModeler.Authentication.IAuthenticationApiProvider = Tripolygon.UModeler.Editor.AuthenticationApiProviderService
[2025-11-02 오후 7:00:31] [Debug] [Application] service: Tripolygon.UModeler.Hub.INoticeService = Tripolygon.UModeler.Hub.Noticies.NoticeService
[2025-11-02 오후 7:00:31] [Debug] [Application] service: Tripolygon.UModeler.UI.IObjectHierarchyService = Tripolygon.UModeler.Editor.UI.UnityEditorObjectHierarchyService
[2025-11-02 오후 7:00:31] [Debug] [Application] service: Tripolygon.UModeler.Hub.Views.SceneViews.HubSceneViewService = Tripolygon.UModeler.Hub.Views.SceneViews.HubSceneViewService
[2025-11-02 오후 7:00:31] [Debug] [Application] service: Tripolygon.UModeler.UI.IApplicationUtilityService = Tripolygon.UModeler.Editor.UI.UnityEditorApplicationUtilityService
[2025-11-02 오후 7:00:32] [Debug] [Application] Initialize: isReloading=True
[2025-11-02 오후 7:00:31] [Debug] [Application] service: Tripolygon.UModeler.UI.ITextureProvider = Tripolygon.UModeler.Editor.UI.UnityEditorTextureProvider
[2025-11-02 오후 7:00:32] [Debug] [Application] Service Initialize: Tripolygon.UModeler.Hub.HubAuthentication
[2025-11-02 오후 7:00:31] [Debug] [Application] service: Tripolygon.UModeler.Hub.HubFlashService = Tripolygon.UModeler.Hub.HubFlashService
[2025-11-02 오후 7:00:32] [Debug] [Application] Service Initialize: Tripolygon.UModeler.Editor.UI.UnityEditorApplicationCache
[2025-11-02 오후 7:00:31] [Debug] [Application] service: Tripolygon.UModeler.Hub.IHubAnalyticsService = Tripolygon.UModeler.Hub.HubAnalyticsService
[2025-11-02 오후 7:00:31] [Debug] [Application] service: Tripolygon.UModeler.Hub.VSAttributionService = Tripolygon.UModeler.Hub.VSAttributionService
[2025-11-02 오후 7:00:32] [Debug] [Application] Service Initialize: Tripolygon.UModeler.Hub.HubService
[2025-11-02 오후 7:00:31] [Debug] [Application] service: Tripolygon.UModeler.Hub.Notifications.UpdateProductNotifier = Tripolygon.UModeler.Hub.Notifications.UpdateProductNotifier
[2025-11-02 오후 7:00:32] [Debug] [Application] Service Initialize: Tripolygon.UModeler.Editor.UI.UnityEditorApplicationUtilityService
[2025-11-02 오후 7:00:31] [Debug] [Application] service: Tripolygon.UModeler.Hub.Views.SceneViews.HubSceneViewService = Tripolygon.UModeler.Hub.Views.SceneViews.HubSceneViewService
[2025-11-02 오후 7:00:32] [Debug] [Application] Service Initialize: Tripolygon.UModeler.Hub.HubFlashService
[2025-11-02 오후 7:00:32] [Debug] [Application] Service Initialize: Tripolygon.UModeler.Hub.HubAuthentication
[2025-11-02 오후 7:00:32] [Debug] [HubAnalytics] PosthogClient.SetAutoFlush: Value Changed: True
[2025-11-02 오후 7:00:32] [Debug] [Application] Service Initialize: Tripolygon.UModeler.Editor.UI.UnityEditorApplicationCache
[2025-11-02 오후 7:00:32] [Debug] [Application] Service Initialize: Tripolygon.UModeler.Hub.HubAnalyticsService
[2025-11-02 오후 7:00:32] [Debug] [Application] Service Initialize: Tripolygon.UModeler.Hub.HubService
[2025-11-02 오후 7:00:32] [Debug] [Application] Service Initialize: Tripolygon.UModeler.Hub.VSAttributionService
[2025-11-02 오후 7:00:32] [Debug] [Application] Service Initialize: Tripolygon.UModeler.Editor.UI.UnityEditorApplicationUtilityService
[2025-11-02 오후 7:00:32] [Debug] [Application] Service Initialize: Tripolygon.UModeler.Hub.Notifications.UpdateHubNotifier
[2025-11-02 오후 7:00:32] [Debug] [Application] Service Initialize: Tripolygon.UModeler.Hub.HubFlashService
[2025-11-02 오후 7:00:32] [Debug] [Application] Service Initialize: Tripolygon.UModeler.Hub.Notifications.UpdateProductNotifier
[2025-11-02 오후 7:00:32] [Debug] [HubAnalytics] PosthogClient.SetAutoFlush: Value Changed: True
[2025-11-02 오후 7:00:32] [Debug] [Application] Service Initialize: Tripolygon.UModeler.Hub.Noticies.NoticeService
[2025-11-02 오후 7:00:32] [Debug] [Application] Service Initialize: Tripolygon.UModeler.Hub.HubAnalyticsService
[2025-11-02 오후 7:00:32] [Debug] [Application] Service Initialize: Tripolygon.UModeler.Hub.Views.SceneViews.HubSceneViewService
[2025-11-02 오후 7:00:32] [Debug] [Application] Service Initialize: Tripolygon.UModeler.Hub.VSAttributionService
[2025-11-02 오후 7:00:32] [Debug] [Application] Service Initialize: Tripolygon.UModeler.Hub.Notifications.UpdateHubNotifier
[2025-11-02 오후 7:00:32] [Debug] [Application] Service Initialize: Tripolygon.UModeler.Hub.Notifications.UpdateProductNotifier
[2025-11-02 오후 7:00:32] [Debug] [Application] Service Initialize: Tripolygon.UModeler.Hub.Noticies.NoticeService
[2025-11-02 오후 7:00:32] [Debug] [Application] Service Initialize: Tripolygon.UModeler.Hub.Views.SceneViews.HubSceneViewService
[2025-11-02 오후 7:00:33] [Debug] [Application] Release: isReloading=False
[2025-11-02 오후 7:00:33] [Debug] [Application] Service Release: Tripolygon.UModeler.Hub.Views.SceneViews.HubSceneViewService
[2025-11-02 오후 7:00:33] [Debug] [Application] Service Release: Tripolygon.UModeler.Hub.Noticies.NoticeService
[2025-11-02 오후 7:00:33] [Debug] [Application] Service Release: Tripolygon.UModeler.Hub.Notifications.UpdateProductNotifier
[2025-11-02 오후 7:00:33] [Debug] [Application] Service Release: Tripolygon.UModeler.Hub.Notifications.UpdateHubNotifier
[2025-11-02 오후 7:00:33] [Debug] [Application] Service Release: Tripolygon.UModeler.Hub.VSAttributionService
[2025-11-02 오후 7:00:33] [Debug] [HubAnalytics] OnAppEnd
[2025-11-02 오후 7:00:33] [Debug] [HubAnalytics] PosthogClient.SetAutoFlush: Value Changed: False
[2025-11-02 오후 7:00:33] [Debug] [HubAnalytics] PosthogClient.BatchAsync: Sending Queue Items={"api_key":"phc_DQ6tsN03HRXTr9hNBfi3DierOY5Y0SisUxgxjuAmZG5","batch":[{"event":"app start","properties":{"$set":{"sdk_region_id":"ko-KR","sdk_region_name":"South Korea","sdk_language":"Korean","sdk_os_architecture":"X64","sdk_time_zone":"Korea Standard Time","product_version":"1.1.6","platform_account_id":"anonymous","platform_account_name":"d4+xSTuh/bEJnjuj6znxGwpEw5cNVwDFfsnsTL29ZYFaYyayZuwDOG70Rl0pLshTUdLFH4tAO3C7WNxbAt7f90eqIhUlyzzZZYhFnqjdhoBIfSk/wr34iZBBdA0RF6CxkxSF1KoSkSZkms+zlse9mWhsd3OSNVZAWTjpfz8xWdPutHxfRc/sOp96AD7/SwOjOjwXBQIaw/41Bja5zCf8jodbC5CrdZ8NhOud8TMc7wfKXKX+mJ26+1hXPYUpp7bG3qpbroWhOqBz6obkWEXVQxVWU6L+U5osPrVw/gTIPvZAWbo/8ZSyvfrGhOLli8O7HfNa8zBwE9sTwpiIXKAI3A=="},"$os":"WINDOWS","$os_name":"WINDOWS","$session_id":"18595321-b618-43a1-9a06-0d70da5ab342_bc2f54ac-0c80-4ce3-9405-ef6a224b3de1","distinct_id":"b436f785064ea140538673dd9b84f3f59c821871","product_name":"UModeler Hub","product_version":"1.1.6","platform_name":"Unity","platform_version":"6000.0.29f1","screen_width":1920,"screen_height":1080,"viewport_width":736,"viewport_height":520,"unity_systeminfo_language":"Korean","unity_systeminfo_os":"Windows 10  (10.0.19045) 64bit","unity_systeminfo_graphicsDeviceType":"Direct3D11","unity_systeminfo_graphicsDeviceVendor":"NVIDIA","unity_systeminfo_graphicsDeviceName":"NVIDIA GeForce RTX 2060","unity_systeminfo_deviceType":"Desktop","unity_systeminfo_processorType":"Intel(R) Core(TM) i7-9700F CPU @ 3.00GHz"},"timestamp":"2025-11-02T10:00:28.4966429Z"},{"event":"app end","properties":{"$set":{"sdk_region_id":"ko-KR","sdk_region_name":"South Korea","sdk_language":"Korean","sdk_os_architecture":"X64","sdk_time_zone":"Korea Standard Time","product_version":"1.1.6"},"$os":"WINDOWS","$os_name":"WINDOWS","$session_id":"18595321-b618-43a1-9a06-0d70da5ab342_bc2f54ac-0c80-4ce3-9405-ef6a224b3de1","distinct_id":"b436f785064ea140538673dd9b84f3f59c821871","product_name":"UModeler Hub","product_version":"1.1.6","platform_name":"Unity","platform_version":"6000.0.29f1","screen_width":1920,"screen_height":1080,"viewport_width":736,"viewport_height":520,"unity_systeminfo_language":"Korean","unity_systeminfo_os":"Windows 10  (10.0.19045) 64bit","unity_systeminfo_graphicsDeviceType":"Direct3D11","unity_systeminfo_graphicsDeviceVendor":"NVIDIA","unity_systeminfo_graphicsDeviceName":"NVIDIA GeForce RTX 2060","unity_systeminfo_deviceType":"Desktop","unity_systeminfo_processorType":"Intel(R) Core(TM) i7-9700F CPU @ 3.00GHz"},"timestamp":"2025-11-02T10:00:33.2685971Z"}]}
[2025-11-02 오후 7:00:33] [Debug] [HubAnalytics] PosthogClient.BatchAsync: Sent 2 queue item(s).
[2025-11-02 오후 7:00:33] [Debug] [Application] Service Release: Tripolygon.UModeler.Hub.HubAnalyticsService
[2025-11-02 오후 7:00:33] [Debug] [Application] Service Release: Tripolygon.UModeler.Hub.HubFlashService
[2025-11-02 오후 7:00:33] [Debug] [Application] Service Release: Tripolygon.UModeler.Editor.UI.UnityEditorApplicationUtilityService
[2025-11-02 오후 7:00:33] [Debug] [Application] Service Release: Tripolygon.UModeler.Hub.HubService
[2025-11-02 오후 7:00:33] [Debug] [Application] Service Release: Tripolygon.UModeler.Editor.UI.UnityEditorApplicationCache
[2025-11-02 오후 7:00:33] [Debug] [Application] Service Release: Tripolygon.UModeler.Hub.HubAuthentication
[2025-11-02 오후 7:00:49] [Debug] [Application] service: Tripolygon.UModeler.Hub.HubAuthentication = Tripolygon.UModeler.Hub.HubAuthentication
[2025-11-02 오후 7:00:49] [Debug] [Application] service: Tripolygon.UModeler.UI.IApplicationCache = Tripolygon.UModeler.Editor.UI.UnityEditorApplicationCache
[2025-11-02 오후 7:00:49] [Debug] ActualHost
[2025-11-02 오후 7:00:49] [Debug] [Application] service: Tripolygon.UModeler.Hub.IHubService = Tripolygon.UModeler.Hub.HubService
[2025-11-02 오후 7:00:49] [Debug] [Application] service: Tripolygon.UModeler.Authentication.IAuthenticationApiProvider = Tripolygon.UModeler.Editor.AuthenticationApiProviderService
[2025-11-02 오후 7:00:49] [Debug] [Application] service: Tripolygon.UModeler.UI.IObjectHierarchyService = Tripolygon.UModeler.Editor.UI.UnityEditorObjectHierarchyService
[2025-11-02 오후 7:00:49] [Debug] [Application] service: Tripolygon.UModeler.UI.IApplicationUtilityService = Tripolygon.UModeler.Editor.UI.UnityEditorApplicationUtilityService
[2025-11-02 오후 7:00:49] [Debug] [Application] service: Tripolygon.UModeler.Editor.UI.ApplicationSettings = Tripolygon.UModeler.Editor.UI.ApplicationSettings
[2025-11-02 오후 7:00:49] [Debug] [Application] service: Tripolygon.UModeler.UI.ITextureProvider = Tripolygon.UModeler.Editor.UI.UnityEditorTextureProvider
[2025-11-02 오후 7:00:49] [Debug] [Application] service: Tripolygon.UModeler.Hub.Resources.IResourcesApiProvider = Tripolygon.UModeler.Hub.ResourcesApiProviderService
[2025-11-02 오후 7:00:49] [Debug] [Application] service: Tripolygon.UModeler.Hub.HubFlashService = Tripolygon.UModeler.Hub.HubFlashService
[2025-11-02 오후 7:00:49] [Debug] [Application] service: Tripolygon.UModeler.Hub.IHubAnalyticsService = Tripolygon.UModeler.Hub.HubAnalyticsService
[2025-11-02 오후 7:00:49] [Debug] [Application] service: Tripolygon.UModeler.Hub.VSAttributionService = Tripolygon.UModeler.Hub.VSAttributionService
[2025-11-02 오후 7:00:49] [Debug] [Application] service: Tripolygon.UModeler.Hub.Notifications.UpdateHubNotifier = Tripolygon.UModeler.Hub.Notifications.UpdateHubNotifier
[2025-11-02 오후 7:00:49] [Debug] [Application] service: Tripolygon.UModeler.Hub.Notifications.UpdateProductNotifier = Tripolygon.UModeler.Hub.Notifications.UpdateProductNotifier
[2025-11-02 오후 7:00:49] [Debug] [Application] service: Tripolygon.UModeler.Hub.INoticeService = Tripolygon.UModeler.Hub.Noticies.NoticeService
[2025-11-02 오후 7:00:49] [Debug] [Application] service: Tripolygon.UModeler.Hub.Views.SceneViews.HubSceneViewService = Tripolygon.UModeler.Hub.Views.SceneViews.HubSceneViewService
[2025-11-02 오후 7:00:50] [Debug] [Application] Initialize: isReloading=False
[2025-11-02 오후 7:00:51] [Debug] [Application] Service Initialize: Tripolygon.UModeler.Hub.HubAuthentication
[2025-11-02 오후 7:00:51] [Debug] [Application] Service Initialize: Tripolygon.UModeler.Editor.UI.UnityEditorApplicationCache
[2025-11-02 오후 7:00:51] [Debug] [Application] Service Initialize: Tripolygon.UModeler.Hub.HubService
[2025-11-02 오후 7:00:51] [Debug] [Application] Service Initialize: Tripolygon.UModeler.Editor.UI.UnityEditorApplicationUtilityService
[2025-11-02 오후 7:00:51] [Debug] [Application] Service Initialize: Tripolygon.UModeler.Hub.HubFlashService
[2025-11-02 오후 7:00:51] [Debug] [HubAnalytics] PosthogClient.SetAutoFlush: Value Changed: True
[2025-11-02 오후 7:00:51] [Debug] [Application] Service Initialize: Tripolygon.UModeler.Hub.HubAnalyticsService
[2025-11-02 오후 7:00:51] [Debug] [Application] Service Initialize: Tripolygon.UModeler.Hub.VSAttributionService
[2025-11-02 오후 7:00:51] [Debug] [Application] Service Initialize: Tripolygon.UModeler.Hub.Notifications.UpdateHubNotifier
[2025-11-02 오후 7:00:51] [Debug] [Application] Service Initialize: Tripolygon.UModeler.Hub.Notifications.UpdateProductNotifier
[2025-11-02 오후 7:00:51] [Debug] [Application] Service Initialize: Tripolygon.UModeler.Hub.Noticies.NoticeService
[2025-11-02 오후 7:00:51] [Debug] [Application] Service Initialize: Tripolygon.UModeler.Hub.Views.SceneViews.HubSceneViewService
[2025-11-02 오후 7:00:53] [Debug] [HubAnalytics] OnAppStart
[2025-11-02 오후 7:00:58] [Debug] [Application] Release: isReloading=True
[2025-11-02 오후 7:00:58] [Debug] [Application] Service Release: Tripolygon.UModeler.Hub.Views.SceneViews.HubSceneViewService
[2025-11-02 오후 7:00:58] [Debug] [Application] Service Release: Tripolygon.UModeler.Hub.Noticies.NoticeService
[2025-11-02 오후 7:00:58] [Debug] [Application] Service Release: Tripolygon.UModeler.Hub.Notifications.UpdateProductNotifier
[2025-11-02 오후 7:00:58] [Debug] [Application] Service Release: Tripolygon.UModeler.Hub.Notifications.UpdateHubNotifier
[2025-11-02 오후 7:00:58] [Debug] [Application] Service Release: Tripolygon.UModeler.Hub.VSAttributionService
[2025-11-02 오후 7:00:58] [Debug] [HubAnalytics] PosthogClient.SetAutoFlush: Value Changed: False
[2025-11-02 오후 7:00:58] [Debug] [HubAnalytics] PosthogClient.BatchAsync: Sending Queue Items={"api_key":"phc_DQ6tsN03HRXTr9hNBfi3DierOY5Y0SisUxgxjuAmZG5","batch":[{"event":"app start","properties":{"$set":{"sdk_region_id":"ko-KR","sdk_region_name":"South Korea","sdk_language":"Korean","sdk_os_architecture":"X64","sdk_time_zone":"Korea Standard Time","product_version":"1.1.6","platform_account_id":"anonymous","platform_account_name":"K2PnDdzZMdq7ieY+y9iHjAC+JP5OX6g7noUBzMdMLJRv5QDg3SPWILyvfYPSKPYmGa/3LPzjLwnccap/pJW5gWldUXJY/oQbrKh9agYMGndTARX7wo5cclqw0ZhHkP2lYb6IMeVL2Q02FPE8tcBfczmtiS/oOy2UYVkyhNybozsIEUycUCasHOP6EoW1l370GYSy0GwzH9GrNSDMGGLS0WTlNFivJAsX6mwYuUJuAbUzgPiJt5BhAEvNKlgP6xzKaueqyMIBx0wj0bPqKp98RrFpSPMjHYto+s6W3QgA9vrNBX9pM5QWZ9eR52HhdMMZ8bUKXCXT+MPylqK/QE6tHA=="},"$os":"WINDOWS","$os_name":"WINDOWS","$session_id":"562a5760-efab-444c-9267-d8a164544f74_ddca3ce5-908c-454c-81b1-9f4e7c120925","distinct_id":"b436f785064ea140538673dd9b84f3f59c821871","product_name":"UModeler Hub","product_version":"1.1.6","platform_name":"Unity","platform_version":"6000.0.29f1","screen_width":1920,"screen_height":1080,"viewport_width":640,"viewport_height":480,"unity_systeminfo_language":"Korean","unity_systeminfo_os":"Windows 10  (10.0.19045) 64bit","unity_systeminfo_graphicsDeviceType":"Direct3D11","unity_systeminfo_graphicsDeviceVendor":"NVIDIA","unity_systeminfo_graphicsDeviceName":"NVIDIA GeForce RTX 2060","unity_systeminfo_deviceType":"Desktop","unity_systeminfo_processorType":"Intel(R) Core(TM) i7-9700F CPU @ 3.00GHz"},"timestamp":"2025-11-02T10:00:53.1868099Z"}]}
[2025-11-02 오후 7:00:58] [Debug] [HubAnalytics] PosthogClient.BatchAsync: Sent 1 queue item(s).
[2025-11-02 오후 7:00:58] [Debug] [Application] Service Release: Tripolygon.UModeler.Hub.HubAnalyticsService
[2025-11-02 오후 7:00:58] [Debug] [Application] Service Release: Tripolygon.UModeler.Hub.HubFlashService
[2025-11-02 오후 7:00:58] [Debug] [Application] Service Release: Tripolygon.UModeler.Editor.UI.UnityEditorApplicationUtilityService
[2025-11-02 오후 7:00:58] [Debug] [Application] Service Release: Tripolygon.UModeler.Hub.HubService
[2025-11-02 오후 7:00:58] [Debug] [Application] Service Release: Tripolygon.UModeler.Editor.UI.UnityEditorApplicationCache
[2025-11-02 오후 7:00:58] [Debug] [Application] Service Release: Tripolygon.UModeler.Hub.HubAuthentication
[2025-11-02 오후 7:01:03] [Debug] [Application] service: Tripolygon.UModeler.Hub.HubAuthentication = Tripolygon.UModeler.Hub.HubAuthentication
[2025-11-02 오후 7:01:03] [Debug] [Application] service: Tripolygon.UModeler.UI.IApplicationCache = Tripolygon.UModeler.Editor.UI.UnityEditorApplicationCache
[2025-11-02 오후 7:01:03] [Debug] ActualHost
[2025-11-02 오후 7:01:03] [Debug] [Application] service: Tripolygon.UModeler.Hub.IHubService = Tripolygon.UModeler.Hub.HubService
[2025-11-02 오후 7:01:03] [Debug] [Application] service: Tripolygon.UModeler.Authentication.IAuthenticationApiProvider = Tripolygon.UModeler.Editor.AuthenticationApiProviderService
[2025-11-02 오후 7:01:03] [Debug] [Application] service: Tripolygon.UModeler.UI.IObjectHierarchyService = Tripolygon.UModeler.Editor.UI.UnityEditorObjectHierarchyService
[2025-11-02 오후 7:01:03] [Debug] [Application] service: Tripolygon.UModeler.UI.IApplicationUtilityService = Tripolygon.UModeler.Editor.UI.UnityEditorApplicationUtilityService
[2025-11-02 오후 7:01:03] [Debug] [Application] service: Tripolygon.UModeler.Editor.UI.ApplicationSettings = Tripolygon.UModeler.Editor.UI.ApplicationSettings
[2025-11-02 오후 7:01:03] [Debug] [Application] service: Tripolygon.UModeler.UI.ITextureProvider = Tripolygon.UModeler.Editor.UI.UnityEditorTextureProvider
[2025-11-02 오후 7:01:03] [Debug] [Application] service: Tripolygon.UModeler.Hub.Resources.IResourcesApiProvider = Tripolygon.UModeler.Hub.ResourcesApiProviderService
[2025-11-02 오후 7:01:03] [Debug] [Application] service: Tripolygon.UModeler.Hub.HubFlashService = Tripolygon.UModeler.Hub.HubFlashService
[2025-11-02 오후 7:01:03] [Debug] [Application] service: Tripolygon.UModeler.Hub.IHubAnalyticsService = Tripolygon.UModeler.Hub.HubAnalyticsService
[2025-11-02 오후 7:01:03] [Debug] [Application] service: Tripolygon.UModeler.Hub.VSAttributionService = Tripolygon.UModeler.Hub.VSAttributionService
[2025-11-02 오후 7:01:03] [Debug] [Application] service: Tripolygon.UModeler.Hub.Notifications.UpdateHubNotifier = Tripolygon.UModeler.Hub.Notifications.UpdateHubNotifier
[2025-11-02 오후 7:01:03] [Debug] [Application] service: Tripolygon.UModeler.Hub.Notifications.UpdateProductNotifier = Tripolygon.UModeler.Hub.Notifications.UpdateProductNotifier
[2025-11-02 오후 7:01:03] [Debug] [Application] service: Tripolygon.UModeler.Hub.INoticeService = Tripolygon.UModeler.Hub.Noticies.NoticeService
[2025-11-02 오후 7:01:03] [Debug] [Application] service: Tripolygon.UModeler.Hub.Views.SceneViews.HubSceneViewService = Tripolygon.UModeler.Hub.Views.SceneViews.HubSceneViewService
[2025-11-02 오후 7:01:04] [Debug] [Application] Initialize: isReloading=True
[2025-11-02 오후 7:01:04] [Debug] [Application] Service Initialize: Tripolygon.UModeler.Hub.HubAuthentication
[2025-11-02 오후 7:01:04] [Debug] [Application] Service Initialize: Tripolygon.UModeler.Editor.UI.UnityEditorApplicationCache
[2025-11-02 오후 7:01:04] [Debug] [Application] Service Initialize: Tripolygon.UModeler.Hub.HubService
[2025-11-02 오후 7:01:04] [Debug] [Application] Service Initialize: Tripolygon.UModeler.Editor.UI.UnityEditorApplicationUtilityService
[2025-11-02 오후 7:01:04] [Debug] [Application] Service Initialize: Tripolygon.UModeler.Hub.HubFlashService
[2025-11-02 오후 7:01:04] [Debug] [HubAnalytics] PosthogClient.SetAutoFlush: Value Changed: True
[2025-11-02 오후 7:01:04] [Debug] [Application] Service Initialize: Tripolygon.UModeler.Hub.HubAnalyticsService
[2025-11-02 오후 7:01:04] [Debug] [Application] Service Initialize: Tripolygon.UModeler.Hub.VSAttributionService
[2025-11-02 오후 7:01:04] [Debug] [Application] Service Initialize: Tripolygon.UModeler.Hub.Notifications.UpdateHubNotifier
[2025-11-02 오후 7:01:04] [Debug] [Application] Service Initialize: Tripolygon.UModeler.Hub.Notifications.UpdateProductNotifier
[2025-11-02 오후 7:01:04] [Debug] [Application] Service Initialize: Tripolygon.UModeler.Hub.Noticies.NoticeService
[2025-11-02 오후 7:01:04] [Debug] [Application] Service Initialize: Tripolygon.UModeler.Hub.Views.SceneViews.HubSceneViewService
[2025-11-02 오후 7:01:30] [Debug] [Application] Release: isReloading=True
[2025-11-02 오후 7:01:30] [Debug] [Application] Service Release: Tripolygon.UModeler.Hub.Views.SceneViews.HubSceneViewService
[2025-11-02 오후 7:01:30] [Debug] [Application] Service Release: Tripolygon.UModeler.Hub.Noticies.NoticeService
[2025-11-02 오후 7:01:30] [Debug] [Application] Service Release: Tripolygon.UModeler.Hub.Notifications.UpdateProductNotifier
[2025-11-02 오후 7:01:30] [Debug] [Application] Service Release: Tripolygon.UModeler.Hub.Notifications.UpdateHubNotifier
[2025-11-02 오후 7:01:30] [Debug] [Application] Service Release: Tripolygon.UModeler.Hub.VSAttributionService
[2025-11-02 오후 7:01:30] [Debug] [HubAnalytics] PosthogClient.SetAutoFlush: Value Changed: False
[2025-11-02 오후 7:01:30] [Debug] [Application] Service Release: Tripolygon.UModeler.Hub.HubAnalyticsService
[2025-11-02 오후 7:01:30] [Debug] [Application] Service Release: Tripolygon.UModeler.Hub.HubFlashService
[2025-11-02 오후 7:01:30] [Debug] [Application] Service Release: Tripolygon.UModeler.Editor.UI.UnityEditorApplicationUtilityService
[2025-11-02 오후 7:01:30] [Debug] [Application] Service Release: Tripolygon.UModeler.Hub.HubService
[2025-11-02 오후 7:01:30] [Debug] [Application] Service Release: Tripolygon.UModeler.Editor.UI.UnityEditorApplicationCache
[2025-11-02 오후 7:01:30] [Debug] [Application] Service Release: Tripolygon.UModeler.Hub.HubAuthentication
[2025-11-02 오후 7:01:31] [Debug] [Application] service: Tripolygon.UModeler.Hub.HubAuthentication = Tripolygon.UModeler.Hub.HubAuthentication
[2025-11-02 오후 7:01:31] [Debug] [Application] service: Tripolygon.UModeler.UI.IApplicationCache = Tripolygon.UModeler.Editor.UI.UnityEditorApplicationCache
[2025-11-02 오후 7:01:31] [Debug] [Application] service: Tripolygon.UModeler.Hub.HubAuthentication = Tripolygon.UModeler.Hub.HubAuthentication
[2025-11-02 오후 7:01:31] [Debug] [Application] service: Tripolygon.UModeler.Editor.UI.ApplicationSettings = Tripolygon.UModeler.Editor.UI.ApplicationSettings
[2025-11-02 오후 7:01:31] [Debug] ActualHost
[2025-11-02 오후 7:01:31] [Debug] [Application] service: Tripolygon.UModeler.UI.ITextureProvider = Tripolygon.UModeler.Editor.UI.UnityEditorTextureProvider
[2025-11-02 오후 7:01:31] [Debug] [Application] service: Tripolygon.UModeler.Authentication.IAuthenticationApiProvider = Tripolygon.UModeler.Editor.AuthenticationApiProviderService
[2025-11-02 오후 7:01:31] [Debug] [Application] service: Tripolygon.UModeler.Hub.HubFlashService = Tripolygon.UModeler.Hub.HubFlashService
[2025-11-02 오후 7:01:31] [Debug] [Application] service: Tripolygon.UModeler.UI.IApplicationUtilityService = Tripolygon.UModeler.Editor.UI.UnityEditorApplicationUtilityService
[2025-11-02 오후 7:01:31] [Debug] [Application] service: Tripolygon.UModeler.Hub.IHubAnalyticsService = Tripolygon.UModeler.Hub.HubAnalyticsService
[2025-11-02 오후 7:01:31] [Debug] [Application] service: Tripolygon.UModeler.UI.ITextureProvider = Tripolygon.UModeler.Editor.UI.UnityEditorTextureProvider
[2025-11-02 오후 7:01:31] [Debug] [Application] service: Tripolygon.UModeler.Hub.Notifications.UpdateHubNotifier = Tripolygon.UModeler.Hub.Notifications.UpdateHubNotifier
[2025-11-02 오후 7:01:31] [Debug] [Application] service: Tripolygon.UModeler.Hub.HubFlashService = Tripolygon.UModeler.Hub.HubFlashService
[2025-11-02 오후 7:01:31] [Debug] [Application] service: Tripolygon.UModeler.Hub.Notifications.UpdateProductNotifier = Tripolygon.UModeler.Hub.Notifications.UpdateProductNotifier
[2025-11-02 오후 7:01:31] [Debug] [Application] service: Tripolygon.UModeler.Hub.VSAttributionService = Tripolygon.UModeler.Hub.VSAttributionService
[2025-11-02 오후 7:01:31] [Debug] [Application] service: Tripolygon.UModeler.Hub.Notifications.UpdateHubNotifier = Tripolygon.UModeler.Hub.Notifications.UpdateHubNotifier
[2025-11-02 오후 7:01:32] [Debug] [Application] Initialize: isReloading=True
[2025-11-02 오후 7:01:31] [Debug] [Application] service: Tripolygon.UModeler.Hub.INoticeService = Tripolygon.UModeler.Hub.Noticies.NoticeService
[2025-11-02 오후 7:01:32] [Debug] [Application] Service Initialize: Tripolygon.UModeler.Hub.HubAuthentication
[2025-11-02 오후 7:01:32] [Debug] [Application] Initialize: isReloading=False
[2025-11-02 오후 7:01:32] [Debug] [Application] Service Initialize: Tripolygon.UModeler.Editor.UI.UnityEditorApplicationCache
[2025-11-02 오후 7:01:32] [Debug] [Application] Service Initialize: Tripolygon.UModeler.Hub.HubAuthentication
[2025-11-02 오후 7:01:32] [Debug] [Application] Service Initialize: Tripolygon.UModeler.Editor.UI.UnityEditorApplicationCache
[2025-11-02 오후 7:01:33] [Debug] [Application] Service Initialize: Tripolygon.UModeler.Hub.HubService
[2025-11-02 오후 7:01:33] [Debug] [Application] Service Initialize: Tripolygon.UModeler.Editor.UI.UnityEditorApplicationUtilityService
[2025-11-02 오후 7:01:33] [Debug] [Application] Service Initialize: Tripolygon.UModeler.Hub.HubService
[2025-11-02 오후 7:01:33] [Debug] [Application] Service Initialize: Tripolygon.UModeler.Editor.UI.UnityEditorApplicationUtilityService
[2025-11-02 오후 7:01:33] [Debug] [Application] Service Initialize: Tripolygon.UModeler.Hub.HubFlashService
[2025-11-02 오후 7:01:33] [Debug] [HubAnalytics] PosthogClient.SetAutoFlush: Value Changed: True
[2025-11-02 오후 7:01:33] [Debug] [Application] Service Initialize: Tripolygon.UModeler.Hub.HubAnalyticsService
[2025-11-02 오후 7:01:33] [Debug] [HubAnalytics] PosthogClient.SetAutoFlush: Value Changed: True
[2025-11-02 오후 7:01:33] [Debug] [Application] Service Initialize: Tripolygon.UModeler.Hub.VSAttributionService
[2025-11-02 오후 7:01:33] [Debug] [Application] Service Initialize: Tripolygon.UModeler.Hub.Notifications.UpdateHubNotifier
[2025-11-02 오후 7:01:33] [Debug] [Application] Service Initialize: Tripolygon.UModeler.Hub.HubAnalyticsService
[2025-11-02 오후 7:01:33] [Debug] [Application] Service Initialize: Tripolygon.UModeler.Hub.Notifications.UpdateProductNotifier
[2025-11-02 오후 7:01:33] [Debug] [Application] Service Initialize: Tripolygon.UModeler.Hub.VSAttributionService
[2025-11-02 오후 7:01:33] [Debug] [Application] Service Initialize: Tripolygon.UModeler.Hub.Noticies.NoticeService
[2025-11-02 오후 7:01:33] [Debug] [Application] Service Initialize: Tripolygon.UModeler.Hub.Notifications.UpdateHubNotifier
[2025-11-02 오후 7:01:33] [Debug] [Application] Service Initialize: Tripolygon.UModeler.Hub.Views.SceneViews.HubSceneViewService
[2025-11-02 오후 7:01:33] [Debug] [Application] Service Initialize: Tripolygon.UModeler.Hub.Notifications.UpdateProductNotifier
[2025-11-02 오후 7:01:33] [Debug] [Application] Service Initialize: Tripolygon.UModeler.Hub.Noticies.NoticeService
[2025-11-02 오후 7:01:33] [Debug] [Application] Service Initialize: Tripolygon.UModeler.Hub.Views.SceneViews.HubSceneViewService
[2025-11-02 오후 7:01:35] [Debug] [Application] service: Tripolygon.UModeler.Hub.HubAuthentication = Tripolygon.UModeler.Hub.HubAuthentication
[2025-11-02 오후 7:01:35] [Debug] [Application] service: Tripolygon.UModeler.UI.IApplicationCache = Tripolygon.UModeler.Editor.UI.UnityEditorApplicationCache
[2025-11-02 오후 7:01:35] [Debug] ActualHost
[2025-11-02 오후 7:01:35] [Debug] [Application] service: Tripolygon.UModeler.Hub.IHubService = Tripolygon.UModeler.Hub.HubService
[2025-11-02 오후 7:01:35] [Debug] [Application] service: Tripolygon.UModeler.Authentication.IAuthenticationApiProvider = Tripolygon.UModeler.Editor.AuthenticationApiProviderService
[2025-11-02 오후 7:01:35] [Debug] [Application] service: Tripolygon.UModeler.UI.IObjectHierarchyService = Tripolygon.UModeler.Editor.UI.UnityEditorObjectHierarchyService
[2025-11-02 오후 7:01:35] [Debug] [Application] service: Tripolygon.UModeler.UI.IApplicationUtilityService = Tripolygon.UModeler.Editor.UI.UnityEditorApplicationUtilityService
[2025-11-02 오후 7:01:35] [Debug] [Application] service: Tripolygon.UModeler.Editor.UI.ApplicationSettings = Tripolygon.UModeler.Editor.UI.ApplicationSettings
[2025-11-02 오후 7:01:35] [Debug] [Application] service: Tripolygon.UModeler.UI.ITextureProvider = Tripolygon.UModeler.Editor.UI.UnityEditorTextureProvider
[2025-11-02 오후 7:01:35] [Debug] [Application] service: Tripolygon.UModeler.Hub.Resources.IResourcesApiProvider = Tripolygon.UModeler.Hub.ResourcesApiProviderService
[2025-11-02 오후 7:01:35] [Debug] [Application] service: Tripolygon.UModeler.Hub.HubFlashService = Tripolygon.UModeler.Hub.HubFlashService
[2025-11-02 오후 7:01:35] [Debug] [Application] service: Tripolygon.UModeler.Hub.IHubAnalyticsService = Tripolygon.UModeler.Hub.HubAnalyticsService
[2025-11-02 오후 7:01:35] [Debug] [Application] service: Tripolygon.UModeler.Hub.VSAttributionService = Tripolygon.UModeler.Hub.VSAttributionService
[2025-11-02 오후 7:01:35] [Debug] [Application] service: Tripolygon.UModeler.Hub.Notifications.UpdateHubNotifier = Tripolygon.UModeler.Hub.Notifications.UpdateHubNotifier
[2025-11-02 오후 7:01:35] [Debug] [Application] service: Tripolygon.UModeler.Hub.Notifications.UpdateProductNotifier = Tripolygon.UModeler.Hub.Notifications.UpdateProductNotifier
[2025-11-02 오후 7:01:35] [Debug] [Application] service: Tripolygon.UModeler.Hub.INoticeService = Tripolygon.UModeler.Hub.Noticies.NoticeService
[2025-11-02 오후 7:01:35] [Debug] [Application] service: Tripolygon.UModeler.Hub.Views.SceneViews.HubSceneViewService = Tripolygon.UModeler.Hub.Views.SceneViews.HubSceneViewService
[2025-11-02 오후 7:01:37] [Debug] [Application] Initialize: isReloading=False
[2025-11-02 오후 7:01:37] [Debug] [Application] Service Initialize: Tripolygon.UModeler.Hub.HubAuthentication
[2025-11-02 오후 7:01:37] [Debug] [Application] Service Initialize: Tripolygon.UModeler.Editor.UI.UnityEditorApplicationCache
[2025-11-02 오후 7:01:37] [Debug] [Application] Service Initialize: Tripolygon.UModeler.Hub.HubService
[2025-11-02 오후 7:01:37] [Debug] [Application] Service Initialize: Tripolygon.UModeler.Editor.UI.UnityEditorApplicationUtilityService
[2025-11-02 오후 7:01:37] [Debug] [Application] Service Initialize: Tripolygon.UModeler.Hub.HubFlashService
[2025-11-02 오후 7:01:37] [Debug] [HubAnalytics] PosthogClient.SetAutoFlush: Value Changed: True
[2025-11-02 오후 7:01:37] [Debug] [Application] Service Initialize: Tripolygon.UModeler.Hub.HubAnalyticsService
[2025-11-02 오후 7:01:37] [Debug] [Application] Service Initialize: Tripolygon.UModeler.Hub.VSAttributionService
[2025-11-02 오후 7:01:37] [Debug] [Application] Service Initialize: Tripolygon.UModeler.Hub.Notifications.UpdateHubNotifier
[2025-11-02 오후 7:01:37] [Debug] [Application] Service Initialize: Tripolygon.UModeler.Hub.Notifications.UpdateProductNotifier
[2025-11-02 오후 7:01:37] [Debug] [Application] Service Initialize: Tripolygon.UModeler.Hub.Noticies.NoticeService
[2025-11-02 오후 7:01:37] [Debug] [Application] Service Initialize: Tripolygon.UModeler.Hub.Views.SceneViews.HubSceneViewService
[2025-11-02 오후 7:01:38] [Debug] [Application] Release: isReloading=True
[2025-11-02 오후 7:01:38] [Debug] [Application] Release: isReloading=True
[2025-11-02 오후 7:01:38] [Debug] [Application] Service Release: Tripolygon.UModeler.Hub.Views.SceneViews.HubSceneViewService
[2025-11-02 오후 7:01:38] [Debug] [Application] Service Release: Tripolygon.UModeler.Hub.Views.SceneViews.HubSceneViewService
[2025-11-02 오후 7:01:38] [Debug] [Application] Service Release: Tripolygon.UModeler.Hub.Noticies.NoticeService
[2025-11-02 오후 7:01:38] [Debug] [Application] Service Release: Tripolygon.UModeler.Hub.Noticies.NoticeService
[2025-11-02 오후 7:01:38] [Debug] [Application] Service Release: Tripolygon.UModeler.Hub.Notifications.UpdateProductNotifier
[2025-11-02 오후 7:01:38] [Debug] [Application] Service Release: Tripolygon.UModeler.Hub.Notifications.UpdateProductNotifier
[2025-11-02 오후 7:01:38] [Debug] [Application] Service Release: Tripolygon.UModeler.Hub.Notifications.UpdateHubNotifier
[2025-11-02 오후 7:01:38] [Debug] [Application] Service Release: Tripolygon.UModeler.Hub.Notifications.UpdateHubNotifier
[2025-11-02 오후 7:01:38] [Debug] [Application] Service Release: Tripolygon.UModeler.Hub.VSAttributionService
[2025-11-02 오후 7:01:38] [Debug] [Application] Service Release: Tripolygon.UModeler.Hub.VSAttributionService
[2025-11-02 오후 7:01:39] [Debug] [HubAnalytics] OnAppStart
[2025-11-02 오후 7:01:41] [Debug] [Application] service: Tripolygon.UModeler.Hub.HubAuthentication = Tripolygon.UModeler.Hub.HubAuthentication
[2025-11-02 오후 7:01:41] [Debug] [Application] service: Tripolygon.UModeler.Hub.HubAuthentication = Tripolygon.UModeler.Hub.HubAuthentication
[2025-11-02 오후 7:01:41] [Debug] [Application] service: Tripolygon.UModeler.UI.IApplicationUtilityService = Tripolygon.UModeler.Editor.UI.UnityEditorApplicationUtilityService
[2025-11-02 오후 7:01:41] [Debug] [Application] service: Tripolygon.UModeler.UI.IApplicationCache = Tripolygon.UModeler.Editor.UI.UnityEditorApplicationCache
[2025-11-02 오후 7:01:41] [Debug] [Application] service: Tripolygon.UModeler.UI.ITextureProvider = Tripolygon.UModeler.Editor.UI.UnityEditorTextureProvider
[2025-11-02 오후 7:01:41] [Debug] [Application] service: Tripolygon.UModeler.Hub.IHubService = Tripolygon.UModeler.Hub.HubService
[2025-11-02 오후 7:01:41] [Debug] [Application] service: Tripolygon.UModeler.Hub.HubFlashService = Tripolygon.UModeler.Hub.HubFlashService
[2025-11-02 오후 7:01:41] [Debug] [Application] service: Tripolygon.UModeler.Authentication.IAuthenticationApiProvider = Tripolygon.UModeler.Editor.AuthenticationApiProviderService
[2025-11-02 오후 7:01:41] [Debug] [Application] service: Tripolygon.UModeler.Hub.VSAttributionService = Tripolygon.UModeler.Hub.VSAttributionService
[2025-11-02 오후 7:01:41] [Debug] [Application] service: Tripolygon.UModeler.UI.IApplicationUtilityService = Tripolygon.UModeler.Editor.UI.UnityEditorApplicationUtilityService
[2025-11-02 오후 7:01:41] [Debug] [Application] service: Tripolygon.UModeler.Hub.Notifications.UpdateProductNotifier = Tripolygon.UModeler.Hub.Notifications.UpdateProductNotifier
[2025-11-02 오후 7:01:41] [Debug] [Application] service: Tripolygon.UModeler.Editor.UI.ApplicationSettings = Tripolygon.UModeler.Editor.UI.ApplicationSettings
[2025-11-02 오후 7:01:42] [Debug] [Application] Service Initialize: Tripolygon.UModeler.Editor.UI.UnityEditorApplicationCache
[2025-11-02 오후 7:01:41] [Debug] [Application] service: Tripolygon.UModeler.UI.ITextureProvider = Tripolygon.UModeler.Editor.UI.UnityEditorTextureProvider
[2025-11-02 오후 7:01:41] [Debug] [Application] service: Tripolygon.UModeler.Hub.Resources.IResourcesApiProvider = Tripolygon.UModeler.Hub.ResourcesApiProviderService
[2025-11-02 오후 7:01:42] [Debug] [Application] Service Initialize: Tripolygon.UModeler.Hub.HubService
[2025-11-02 오후 7:01:41] [Debug] [Application] service: Tripolygon.UModeler.Hub.HubFlashService = Tripolygon.UModeler.Hub.HubFlashService
[2025-11-02 오후 7:01:42] [Debug] [Application] Service Initialize: Tripolygon.UModeler.Editor.UI.UnityEditorApplicationUtilityService
[2025-11-02 오후 7:01:41] [Debug] [Application] service: Tripolygon.UModeler.Hub.VSAttributionService = Tripolygon.UModeler.Hub.VSAttributionService
[2025-11-02 오후 7:01:42] [Debug] [Application] Service Initialize: Tripolygon.UModeler.Hub.HubFlashService
[2025-11-02 오후 7:01:41] [Debug] [Application] service: Tripolygon.UModeler.Hub.Notifications.UpdateHubNotifier = Tripolygon.UModeler.Hub.Notifications.UpdateHubNotifier
[2025-11-02 오후 7:01:42] [Debug] [HubAnalytics] PosthogClient.SetAutoFlush: Value Changed: True
[2025-11-02 오후 7:01:41] [Debug] [Application] service: Tripolygon.UModeler.Hub.Notifications.UpdateProductNotifier = Tripolygon.UModeler.Hub.Notifications.UpdateProductNotifier
[2025-11-02 오후 7:01:41] [Debug] [Application] service: Tripolygon.UModeler.Hub.INoticeService = Tripolygon.UModeler.Hub.Noticies.NoticeService
[2025-11-02 오후 7:01:42] [Debug] [Application] Service Initialize: Tripolygon.UModeler.Hub.HubAnalyticsService
[2025-11-02 오후 7:01:42] [Debug] [Application] Initialize: isReloading=False
[2025-11-02 오후 7:01:42] [Debug] [Application] Service Initialize: Tripolygon.UModeler.Hub.VSAttributionService
[2025-11-02 오후 7:01:42] [Debug] [Application] Service Initialize: Tripolygon.UModeler.Hub.HubAuthentication
[2025-11-02 오후 7:01:42] [Debug] [Application] Service Initialize: Tripolygon.UModeler.Hub.Notifications.UpdateHubNotifier
[2025-11-02 오후 7:01:42] [Debug] [Application] Service Initialize: Tripolygon.UModeler.Editor.UI.UnityEditorApplicationCache
[2025-11-02 오후 7:01:42] [Debug] [Application] Service Initialize: Tripolygon.UModeler.Hub.Notifications.UpdateProductNotifier
[2025-11-02 오후 7:01:42] [Debug] [Application] Service Initialize: Tripolygon.UModeler.Hub.Noticies.NoticeService
[2025-11-02 오후 7:01:42] [Debug] [Application] Service Initialize: Tripolygon.UModeler.Hub.HubService
[2025-11-02 오후 7:01:42] [Debug] [Application] Service Initialize: Tripolygon.UModeler.Hub.Views.SceneViews.HubSceneViewService
[2025-11-02 오후 7:01:42] [Debug] [Application] Service Initialize: Tripolygon.UModeler.Editor.UI.UnityEditorApplicationUtilityService
[2025-11-02 오후 7:01:42] [Debug] [Application] Service Initialize: Tripolygon.UModeler.Hub.HubFlashService
[2025-11-02 오후 7:01:42] [Debug] [HubAnalytics] PosthogClient.SetAutoFlush: Value Changed: True
[2025-11-02 오후 7:01:42] [Debug] [Application] Service Initialize: Tripolygon.UModeler.Hub.HubAnalyticsService
[2025-11-02 오후 7:01:42] [Debug] [Application] Service Initialize: Tripolygon.UModeler.Hub.VSAttributionService
[2025-11-02 오후 7:01:42] [Debug] [Application] Service Initialize: Tripolygon.UModeler.Hub.Notifications.UpdateHubNotifier
[2025-11-02 오후 7:01:42] [Debug] [Application] Service Initialize: Tripolygon.UModeler.Hub.Notifications.UpdateProductNotifier
[2025-11-02 오후 7:01:42] [Debug] [Application] Service Initialize: Tripolygon.UModeler.Hub.Noticies.NoticeService
[2025-11-02 오후 7:01:42] [Debug] [Application] Service Initialize: Tripolygon.UModeler.Hub.Views.SceneViews.HubSceneViewService
[2025-11-02 오후 7:01:47] [Debug] [HubAnalytics] PosthogClient.BatchAsync: Sending Queue Items={"api_key":"phc_DQ6tsN03HRXTr9hNBfi3DierOY5Y0SisUxgxjuAmZG5","batch":[{"event":"app start","properties":{"$set":{"sdk_region_id":"ko-KR","sdk_region_name":"South Korea","sdk_language":"Korean","sdk_os_architecture":"X64","sdk_time_zone":"Korea Standard Time","product_version":"1.1.6","platform_account_id":"14568925183421","platform_account_name":"KI9hfXvh3m1GHYG6TnlSW9TYDuM8kjON/CKVNqot2uWacQOcjd8eKnZ7OIDkjE21wA6/bhG88OoXowMFwC69kgK/aF/yUNxSN2efEJAXIsCPoOQ9RvqJt/WXrUzJZA0OV+3bYV2VE1r5dByZqZrHJjyx9pltT4SkBgPwsPkPeyrYdUw3RabMbVWgf8zugu4J8DeKgy1mWXDkK8gOr8DbWt2kZaYgKUbqEh8xd0/f6v8ooQMb9rCAYg3UwJ54q0ehDNxEniNQ0+2Mpg6enplMX0W4GLwkkrIMrrFqOj0ARGz1HT1ys1dJwVColBkjyt8xcn9yLyi0Dd1sLh9ikY9FFw=="},"$os":"WINDOWS","$os_name":"WINDOWS","$session_id":"2ee3011b-fb19-46ef-9e2f-29997c16928d_6c2659f0-0194-40ee-b5ae-1b7cacccb3cf","distinct_id":"b436f785064ea140538673dd9b84f3f59c821871","product_name":"UModeler Hub","product_version":"1.1.6","platform_name":"Unity","platform_version":"6000.0.29f1","screen_width":1920,"screen_height":1080,"viewport_width":734,"viewport_height":473,"unity_systeminfo_language":"Korean","unity_systeminfo_os":"Windows 10  (10.0.19045) 64bit","unity_systeminfo_graphicsDeviceType":"Direct3D11","unity_systeminfo_graphicsDeviceVendor":"NVIDIA","unity_systeminfo_graphicsDeviceName":"NVIDIA GeForce RTX 2060","unity_systeminfo_deviceType":"Desktop","unity_systeminfo_processorType":"Intel(R) Core(TM) i7-9700F CPU @ 3.00GHz"},"timestamp":"2025-11-02T10:01:39.5540637Z"}]}
[2025-11-02 오후 7:01:48] [Debug] [HubAnalytics] PosthogClient.BatchAsync: Sent 1 queue item(s).
[2025-11-02 오후 7:14:25] [Debug] [Application] Release: isReloading=False
[2025-11-02 오후 7:14:25] [Debug] [Application] Service Release: Tripolygon.UModeler.Hub.Views.SceneViews.HubSceneViewService
[2025-11-02 오후 7:14:25] [Debug] [Application] Service Release: Tripolygon.UModeler.Hub.Noticies.NoticeService
[2025-11-02 오후 7:14:25] [Debug] [Application] Service Release: Tripolygon.UModeler.Hub.Notifications.UpdateProductNotifier
[2025-11-02 오후 7:14:25] [Debug] [Application] Service Release: Tripolygon.UModeler.Hub.Notifications.UpdateHubNotifier
[2025-11-02 오후 7:14:25] [Debug] [Application] Service Release: Tripolygon.UModeler.Hub.VSAttributionService
[2025-11-02 오후 7:14:25] [Debug] [HubAnalytics] OnAppEnd
[2025-11-02 오후 7:14:25] [Debug] [HubAnalytics] PosthogClient.SetAutoFlush: Value Changed: False
[2025-11-02 오후 7:14:25] [Debug] [HubAnalytics] PosthogClient.BatchAsync: Sending Queue Items={"api_key":"phc_DQ6tsN03HRXTr9hNBfi3DierOY5Y0SisUxgxjuAmZG5","batch":[{"event":"app end","properties":{"$set":{"sdk_region_id":"ko-KR","sdk_region_name":"South Korea","sdk_language":"Korean","sdk_os_architecture":"X64","sdk_time_zone":"Korea Standard Time","product_version":"1.1.6"},"$os":"WINDOWS","$os_name":"WINDOWS","$session_id":"2ee3011b-fb19-46ef-9e2f-29997c16928d_6c2659f0-0194-40ee-b5ae-1b7cacccb3cf","distinct_id":"b436f785064ea140538673dd9b84f3f59c821871","product_name":"UModeler Hub","product_version":"1.1.6","platform_name":"Unity","platform_version":"6000.0.29f1","screen_width":1920,"screen_height":1080,"viewport_width":734,"viewport_height":473,"unity_systeminfo_language":"Korean","unity_systeminfo_os":"Windows 10  (10.0.19045) 64bit","unity_systeminfo_graphicsDeviceType":"Direct3D11","unity_systeminfo_graphicsDeviceVendor":"NVIDIA","unity_systeminfo_graphicsDeviceName":"NVIDIA GeForce RTX 2060","unity_systeminfo_deviceType":"Desktop","unity_systeminfo_processorType":"Intel(R) Core(TM) i7-9700F CPU @ 3.00GHz"},"timestamp":"2025-11-02T10:14:25.1076838Z"}]}
[2025-11-02 오후 7:14:25] [Debug] [HubAnalytics] PosthogClient.BatchAsync: Sent 1 queue item(s).
[2025-11-02 오후 7:14:25] [Debug] [Application] Service Release: Tripolygon.UModeler.Hub.HubAnalyticsService
[2025-11-02 오후 7:14:25] [Debug] [Application] Service Release: Tripolygon.UModeler.Hub.HubFlashService
[2025-11-02 오후 7:14:25] [Debug] [Application] Service Release: Tripolygon.UModeler.Editor.UI.UnityEditorApplicationUtilityService
[2025-11-02 오후 7:14:25] [Debug] [Application] Service Release: Tripolygon.UModeler.Hub.HubService
[2025-11-02 오후 7:14:25] [Debug] [Application] Service Release: Tripolygon.UModeler.Editor.UI.UnityEditorApplicationCache
[2025-11-02 오후 7:14:25] [Debug] [Application] Service Release: Tripolygon.UModeler.Hub.HubAuthentication
[2025-11-02 오후 7:17:30] [Debug] [Application] service: Tripolygon.UModeler.Hub.HubAuthentication = Tripolygon.UModeler.Hub.HubAuthentication
[2025-11-02 오후 7:17:30] [Debug] [Application] service: Tripolygon.UModeler.UI.IApplicationCache = Tripolygon.UModeler.Editor.UI.UnityEditorApplicationCache
[2025-11-02 오후 7:17:30] [Debug] ActualHost
[2025-11-02 오후 7:17:30] [Debug] [Application] service: Tripolygon.UModeler.Hub.IHubService = Tripolygon.UModeler.Hub.HubService
[2025-11-02 오후 7:17:30] [Debug] [Application] service: Tripolygon.UModeler.Authentication.IAuthenticationApiProvider = Tripolygon.UModeler.Editor.AuthenticationApiProviderService
[2025-11-02 오후 7:17:30] [Debug] [Application] service: Tripolygon.UModeler.UI.IObjectHierarchyService = Tripolygon.UModeler.Editor.UI.UnityEditorObjectHierarchyService
[2025-11-02 오후 7:17:30] [Debug] [Application] service: Tripolygon.UModeler.UI.IApplicationUtilityService = Tripolygon.UModeler.Editor.UI.UnityEditorApplicationUtilityService
[2025-11-02 오후 7:17:30] [Debug] [Application] service: Tripolygon.UModeler.Editor.UI.ApplicationSettings = Tripolygon.UModeler.Editor.UI.ApplicationSettings
[2025-11-02 오후 7:17:30] [Debug] [Application] service: Tripolygon.UModeler.UI.ITextureProvider = Tripolygon.UModeler.Editor.UI.UnityEditorTextureProvider
[2025-11-02 오후 7:17:30] [Debug] [Application] service: Tripolygon.UModeler.Hub.Resources.IResourcesApiProvider = Tripolygon.UModeler.Hub.ResourcesApiProviderService
[2025-11-02 오후 7:17:30] [Debug] [Application] service: Tripolygon.UModeler.Hub.HubFlashService = Tripolygon.UModeler.Hub.HubFlashService
[2025-11-02 오후 7:17:30] [Debug] [Application] service: Tripolygon.UModeler.Hub.IHubAnalyticsService = Tripolygon.UModeler.Hub.HubAnalyticsService
[2025-11-02 오후 7:17:30] [Debug] [Application] service: Tripolygon.UModeler.Hub.VSAttributionService = Tripolygon.UModeler.Hub.VSAttributionService
[2025-11-02 오후 7:17:30] [Debug] [Application] service: Tripolygon.UModeler.Hub.Notifications.UpdateHubNotifier = Tripolygon.UModeler.Hub.Notifications.UpdateHubNotifier
[2025-11-02 오후 7:17:30] [Debug] [Application] service: Tripolygon.UModeler.Hub.Notifications.UpdateProductNotifier = Tripolygon.UModeler.Hub.Notifications.UpdateProductNotifier
[2025-11-02 오후 7:17:30] [Debug] [Application] service: Tripolygon.UModeler.Hub.INoticeService = Tripolygon.UModeler.Hub.Noticies.NoticeService
[2025-11-02 오후 7:17:30] [Debug] [Application] service: Tripolygon.UModeler.Hub.Views.SceneViews.HubSceneViewService = Tripolygon.UModeler.Hub.Views.SceneViews.HubSceneViewService
[2025-11-02 오후 7:17:31] [Debug] [Application] Initialize: isReloading=False
[2025-11-02 오후 7:17:32] [Debug] [Application] Service Initialize: Tripolygon.UModeler.Hub.HubAuthentication
[2025-11-02 오후 7:17:32] [Debug] [Application] Service Initialize: Tripolygon.UModeler.Editor.UI.UnityEditorApplicationCache
[2025-11-02 오후 7:17:32] [Debug] [Application] Service Initialize: Tripolygon.UModeler.Hub.HubService
[2025-11-02 오후 7:17:32] [Debug] [Application] Service Initialize: Tripolygon.UModeler.Editor.UI.UnityEditorApplicationUtilityService
[2025-11-02 오후 7:17:32] [Debug] [Application] Service Initialize: Tripolygon.UModeler.Hub.HubFlashService
[2025-11-02 오후 7:17:32] [Debug] [HubAnalytics] PosthogClient.SetAutoFlush: Value Changed: True
[2025-11-02 오후 7:17:32] [Debug] [Application] Service Initialize: Tripolygon.UModeler.Hub.HubAnalyticsService
[2025-11-02 오후 7:17:32] [Debug] [Application] Service Initialize: Tripolygon.UModeler.Hub.VSAttributionService
[2025-11-02 오후 7:17:32] [Debug] [Application] Service Initialize: Tripolygon.UModeler.Hub.Notifications.UpdateHubNotifier
[2025-11-02 오후 7:17:32] [Debug] [Application] Service Initialize: Tripolygon.UModeler.Hub.Notifications.UpdateProductNotifier
[2025-11-02 오후 7:17:32] [Debug] [Application] Service Initialize: Tripolygon.UModeler.Hub.Noticies.NoticeService
[2025-11-02 오후 7:17:32] [Debug] [Application] Service Initialize: Tripolygon.UModeler.Hub.Views.SceneViews.HubSceneViewService
[2025-11-02 오후 7:17:39] [Debug] [HubAnalytics] OnAppStart
[2025-11-02 오후 7:17:41] [Debug] [Application] Release: isReloading=True
[2025-11-02 오후 7:17:41] [Debug] [Application] Service Release: Tripolygon.UModeler.Hub.Views.SceneViews.HubSceneViewService
[2025-11-02 오후 7:17:41] [Debug] [Application] Service Release: Tripolygon.UModeler.Hub.Noticies.NoticeService
[2025-11-02 오후 7:17:41] [Debug] [Application] Service Release: Tripolygon.UModeler.Hub.Notifications.UpdateProductNotifier
[2025-11-02 오후 7:17:41] [Debug] [Application] Service Release: Tripolygon.UModeler.Hub.Notifications.UpdateHubNotifier
[2025-11-02 오후 7:17:41] [Debug] [Application] Service Release: Tripolygon.UModeler.Hub.VSAttributionService
[2025-11-02 오후 7:17:41] [Debug] [HubAnalytics] PosthogClient.SetAutoFlush: Value Changed: False
[2025-11-02 오후 7:17:41] [Debug] [HubAnalytics] PosthogClient.BatchAsync: Sending Queue Items={"api_key":"phc_DQ6tsN03HRXTr9hNBfi3DierOY5Y0SisUxgxjuAmZG5","batch":[{"event":"app start","properties":{"$set":{"sdk_region_id":"ko-KR","sdk_region_name":"South Korea","sdk_language":"Korean","sdk_os_architecture":"X64","sdk_time_zone":"Korea Standard Time","product_version":"1.1.6","platform_account_id":"anonymous","platform_account_name":"i8JALdDq123ZpKb0KqNpckknSeAv9aed/3e+IIQVWz/0EeHHyY414bRnagzp77B/exXZ0vlFwEO3TEc91tSUpoRmPnXi7fWX0NdEUycdefc+OW2M4H4HdYdNI54KDKEeWS84sT0b6ceodpsIDz1qqVDwCrw8KYeOinaHfNYDFB/9A7Ig3A5pKwOOXKYPjwnsWkBubspgEpMsEfwfA5AtV5JCy/CsxV+nUgh/j0M+jPivukpJR87jdM5vJ70FVZQOnSiUeJf66FkibtzsWJiwi3k17jQyqnqsK5CKH5Nbt5Zd+0nSvPYn7P77TtY30C8iKcuCNTYv3AIGUHzKHWFzqg=="},"$os":"WINDOWS","$os_name":"WINDOWS","$session_id":"ec2ec890-cd4d-4019-9500-287e80cea257_8d3c7bf9-e0bf-4247-85a9-9f97d605e4ca","distinct_id":"b436f785064ea140538673dd9b84f3f59c821871","product_name":"UModeler Hub","product_version":"1.1.6","platform_name":"Unity","platform_version":"6000.0.29f1","screen_width":1920,"screen_height":1080,"viewport_width":1194,"viewport_height":521,"unity_systeminfo_language":"Korean","unity_systeminfo_os":"Windows 10  (10.0.19045) 64bit","unity_systeminfo_graphicsDeviceType":"Direct3D11","unity_systeminfo_graphicsDeviceVendor":"NVIDIA","unity_systeminfo_graphicsDeviceName":"NVIDIA GeForce RTX 2060","unity_systeminfo_deviceType":"Desktop","unity_systeminfo_processorType":"Intel(R) Core(TM) i7-9700F CPU @ 3.00GHz"},"timestamp":"2025-11-02T10:17:39.5358887Z"}]}
[2025-11-02 오후 7:17:42] [Debug] [HubAnalytics] PosthogClient.BatchAsync: Sent 1 queue item(s).
[2025-11-02 오후 7:17:42] [Debug] [Application] Service Release: Tripolygon.UModeler.Hub.HubAnalyticsService
[2025-11-02 오후 7:17:42] [Debug] [Application] Service Release: Tripolygon.UModeler.Hub.HubFlashService
[2025-11-02 오후 7:17:42] [Debug] [Application] Service Release: Tripolygon.UModeler.Editor.UI.UnityEditorApplicationUtilityService
[2025-11-02 오후 7:17:42] [Debug] [Application] Service Release: Tripolygon.UModeler.Hub.HubService
[2025-11-02 오후 7:17:42] [Debug] [Application] Service Release: Tripolygon.UModeler.Editor.UI.UnityEditorApplicationCache
[2025-11-02 오후 7:17:42] [Debug] [Application] Service Release: Tripolygon.UModeler.Hub.HubAuthentication
[2025-11-02 오후 7:17:46] [Debug] [Application] service: Tripolygon.UModeler.Hub.HubAuthentication = Tripolygon.UModeler.Hub.HubAuthentication
[2025-11-02 오후 7:17:46] [Debug] [Application] service: Tripolygon.UModeler.UI.IApplicationCache = Tripolygon.UModeler.Editor.UI.UnityEditorApplicationCache
[2025-11-02 오후 7:17:46] [Debug] ActualHost
[2025-11-02 오후 7:17:46] [Debug] [Application] service: Tripolygon.UModeler.Hub.IHubService = Tripolygon.UModeler.Hub.HubService
[2025-11-02 오후 7:17:46] [Debug] [Application] service: Tripolygon.UModeler.Authentication.IAuthenticationApiProvider = Tripolygon.UModeler.Editor.AuthenticationApiProviderService
[2025-11-02 오후 7:17:46] [Debug] [Application] service: Tripolygon.UModeler.UI.IObjectHierarchyService = Tripolygon.UModeler.Editor.UI.UnityEditorObjectHierarchyService
[2025-11-02 오후 7:17:46] [Debug] [Application] service: Tripolygon.UModeler.UI.IApplicationUtilityService = Tripolygon.UModeler.Editor.UI.UnityEditorApplicationUtilityService
[2025-11-02 오후 7:17:46] [Debug] [Application] service: Tripolygon.UModeler.Editor.UI.ApplicationSettings = Tripolygon.UModeler.Editor.UI.ApplicationSettings
[2025-11-02 오후 7:17:46] [Debug] [Application] service: Tripolygon.UModeler.UI.ITextureProvider = Tripolygon.UModeler.Editor.UI.UnityEditorTextureProvider
[2025-11-02 오후 7:17:46] [Debug] [Application] service: Tripolygon.UModeler.Hub.Resources.IResourcesApiProvider = Tripolygon.UModeler.Hub.ResourcesApiProviderService
[2025-11-02 오후 7:17:46] [Debug] [Application] service: Tripolygon.UModeler.Hub.HubFlashService = Tripolygon.UModeler.Hub.HubFlashService
[2025-11-02 오후 7:17:47] [Debug] [Application] service: Tripolygon.UModeler.Hub.IHubAnalyticsService = Tripolygon.UModeler.Hub.HubAnalyticsService
[2025-11-02 오후 7:17:47] [Debug] [Application] service: Tripolygon.UModeler.Hub.VSAttributionService = Tripolygon.UModeler.Hub.VSAttributionService
[2025-11-02 오후 7:17:47] [Debug] [Application] service: Tripolygon.UModeler.Hub.Notifications.UpdateHubNotifier = Tripolygon.UModeler.Hub.Notifications.UpdateHubNotifier
[2025-11-02 오후 7:17:47] [Debug] [Application] service: Tripolygon.UModeler.Hub.Notifications.UpdateProductNotifier = Tripolygon.UModeler.Hub.Notifications.UpdateProductNotifier
[2025-11-02 오후 7:17:47] [Debug] [Application] service: Tripolygon.UModeler.Hub.INoticeService = Tripolygon.UModeler.Hub.Noticies.NoticeService
[2025-11-02 오후 7:17:47] [Debug] [Application] service: Tripolygon.UModeler.Hub.Views.SceneViews.HubSceneViewService = Tripolygon.UModeler.Hub.Views.SceneViews.HubSceneViewService
[2025-11-02 오후 7:17:48] [Debug] [Application] Initialize: isReloading=True
[2025-11-02 오후 7:17:48] [Debug] [Application] Service Initialize: Tripolygon.UModeler.Hub.HubAuthentication
[2025-11-02 오후 7:17:48] [Debug] [Application] Service Initialize: Tripolygon.UModeler.Editor.UI.UnityEditorApplicationCache
[2025-11-02 오후 7:17:48] [Debug] [Application] Service Initialize: Tripolygon.UModeler.Hub.HubService
[2025-11-02 오후 7:17:48] [Debug] [Application] Service Initialize: Tripolygon.UModeler.Editor.UI.UnityEditorApplicationUtilityService
[2025-11-02 오후 7:17:48] [Debug] [Application] Service Initialize: Tripolygon.UModeler.Hub.HubFlashService
[2025-11-02 오후 7:17:48] [Debug] [HubAnalytics] PosthogClient.SetAutoFlush: Value Changed: True
[2025-11-02 오후 7:17:48] [Debug] [Application] Service Initialize: Tripolygon.UModeler.Hub.HubAnalyticsService
[2025-11-02 오후 7:17:48] [Debug] [Application] Service Initialize: Tripolygon.UModeler.Hub.VSAttributionService
[2025-11-02 오후 7:17:48] [Debug] [Application] Service Initialize: Tripolygon.UModeler.Hub.Notifications.UpdateHubNotifier
[2025-11-02 오후 7:17:48] [Debug] [Application] Service Initialize: Tripolygon.UModeler.Hub.Notifications.UpdateProductNotifier
[2025-11-02 오후 7:17:48] [Debug] [Application] Service Initialize: Tripolygon.UModeler.Hub.Noticies.NoticeService
[2025-11-02 오후 7:17:48] [Debug] [Application] Service Initialize: Tripolygon.UModeler.Hub.Views.SceneViews.HubSceneViewService
[2025-11-02 오후 7:17:57] [Debug] [Application] Release: isReloading=True
[2025-11-02 오후 7:17:57] [Debug] [Application] Service Release: Tripolygon.UModeler.Hub.Views.SceneViews.HubSceneViewService
[2025-11-02 오후 7:17:57] [Debug] [Application] Service Release: Tripolygon.UModeler.Hub.Noticies.NoticeService
[2025-11-02 오후 7:17:57] [Debug] [Application] Service Release: Tripolygon.UModeler.Hub.Notifications.UpdateProductNotifier
[2025-11-02 오후 7:17:57] [Debug] [Application] Service Release: Tripolygon.UModeler.Hub.Notifications.UpdateHubNotifier
[2025-11-02 오후 7:17:57] [Debug] [Application] Service Release: Tripolygon.UModeler.Hub.VSAttributionService
[2025-11-02 오후 7:17:57] [Debug] [HubAnalytics] PosthogClient.SetAutoFlush: Value Changed: False
[2025-11-02 오후 7:17:57] [Debug] [Application] Service Release: Tripolygon.UModeler.Hub.HubAnalyticsService
[2025-11-02 오후 7:17:57] [Debug] [Application] Service Release: Tripolygon.UModeler.Hub.HubFlashService
[2025-11-02 오후 7:17:57] [Debug] [Application] Service Release: Tripolygon.UModeler.Editor.UI.UnityEditorApplicationUtilityService
[2025-11-02 오후 7:17:57] [Debug] [Application] Service Release: Tripolygon.UModeler.Hub.HubService
[2025-11-02 오후 7:17:57] [Debug] [Application] Service Release: Tripolygon.UModeler.Editor.UI.UnityEditorApplicationCache
[2025-11-02 오후 7:17:57] [Debug] [Application] Service Release: Tripolygon.UModeler.Hub.HubAuthentication
[2025-11-02 오후 7:18:01] [Debug] [Application] service: Tripolygon.UModeler.Hub.HubAuthentication = Tripolygon.UModeler.Hub.HubAuthentication
[2025-11-02 오후 7:18:01] [Debug] [Application] service: Tripolygon.UModeler.UI.IApplicationCache = Tripolygon.UModeler.Editor.UI.UnityEditorApplicationCache
[2025-11-02 오후 7:18:01] [Debug] ActualHost
[2025-11-02 오후 7:18:01] [Debug] [Application] service: Tripolygon.UModeler.Hub.IHubService = Tripolygon.UModeler.Hub.HubService
[2025-11-02 오후 7:18:01] [Debug] [Application] service: Tripolygon.UModeler.Authentication.IAuthenticationApiProvider = Tripolygon.UModeler.Editor.AuthenticationApiProviderService
[2025-11-02 오후 7:18:01] [Debug] [Application] service: Tripolygon.UModeler.UI.IObjectHierarchyService = Tripolygon.UModeler.Editor.UI.UnityEditorObjectHierarchyService
[2025-11-02 오후 7:18:01] [Debug] [Application] service: Tripolygon.UModeler.UI.IApplicationUtilityService = Tripolygon.UModeler.Editor.UI.UnityEditorApplicationUtilityService
[2025-11-02 오후 7:18:01] [Debug] [Application] service: Tripolygon.UModeler.Editor.UI.ApplicationSettings = Tripolygon.UModeler.Editor.UI.ApplicationSettings
[2025-11-02 오후 7:18:01] [Debug] [Application] service: Tripolygon.UModeler.UI.ITextureProvider = Tripolygon.UModeler.Editor.UI.UnityEditorTextureProvider
[2025-11-02 오후 7:18:01] [Debug] [Application] service: Tripolygon.UModeler.Hub.Resources.IResourcesApiProvider = Tripolygon.UModeler.Hub.ResourcesApiProviderService
[2025-11-02 오후 7:18:01] [Debug] [Application] service: Tripolygon.UModeler.Hub.HubFlashService = Tripolygon.UModeler.Hub.HubFlashService
[2025-11-02 오후 7:18:01] [Debug] [Application] service: Tripolygon.UModeler.Hub.IHubAnalyticsService = Tripolygon.UModeler.Hub.HubAnalyticsService
[2025-11-02 오후 7:18:01] [Debug] [Application] service: Tripolygon.UModeler.Hub.VSAttributionService = Tripolygon.UModeler.Hub.VSAttributionService
[2025-11-02 오후 7:18:01] [Debug] [Application] service: Tripolygon.UModeler.Hub.Notifications.UpdateHubNotifier = Tripolygon.UModeler.Hub.Notifications.UpdateHubNotifier
[2025-11-02 오후 7:18:01] [Debug] [Application] service: Tripolygon.UModeler.Hub.Notifications.UpdateProductNotifier = Tripolygon.UModeler.Hub.Notifications.UpdateProductNotifier
[2025-11-02 오후 7:18:01] [Debug] [Application] service: Tripolygon.UModeler.Hub.INoticeService = Tripolygon.UModeler.Hub.Noticies.NoticeService
[2025-11-02 오후 7:18:01] [Debug] [Application] service: Tripolygon.UModeler.Hub.Views.SceneViews.HubSceneViewService = Tripolygon.UModeler.Hub.Views.SceneViews.HubSceneViewService
[2025-11-02 오후 7:18:03] [Debug] [Application] Initialize: isReloading=True
[2025-11-02 오후 7:18:03] [Debug] [Application] Service Initialize: Tripolygon.UModeler.Hub.HubAuthentication
[2025-11-02 오후 7:18:03] [Debug] [Application] Service Initialize: Tripolygon.UModeler.Editor.UI.UnityEditorApplicationCache
[2025-11-02 오후 7:18:03] [Debug] [Application] Service Initialize: Tripolygon.UModeler.Hub.HubService
[2025-11-02 오후 7:18:03] [Debug] [Application] Service Initialize: Tripolygon.UModeler.Editor.UI.UnityEditorApplicationUtilityService
[2025-11-02 오후 7:18:03] [Debug] [Application] Service Initialize: Tripolygon.UModeler.Hub.HubFlashService
[2025-11-02 오후 7:18:03] [Debug] [HubAnalytics] PosthogClient.SetAutoFlush: Value Changed: True
[2025-11-02 오후 7:18:03] [Debug] [Application] Service Initialize: Tripolygon.UModeler.Hub.HubAnalyticsService
[2025-11-02 오후 7:18:03] [Debug] [Application] Service Initialize: Tripolygon.UModeler.Hub.VSAttributionService
[2025-11-02 오후 7:18:03] [Debug] [Application] Service Initialize: Tripolygon.UModeler.Hub.Notifications.UpdateHubNotifier
[2025-11-02 오후 7:18:03] [Debug] [Application] Service Initialize: Tripolygon.UModeler.Hub.Notifications.UpdateProductNotifier
[2025-11-02 오후 7:18:03] [Debug] [Application] Service Initialize: Tripolygon.UModeler.Hub.Noticies.NoticeService
[2025-11-02 오후 7:18:03] [Debug] [Application] Service Initialize: Tripolygon.UModeler.Hub.Views.SceneViews.HubSceneViewService
[2025-11-02 오후 7:26:34] [Debug] [Application] Release: isReloading=False
[2025-11-02 오후 7:26:34] [Debug] [Application] Service Release: Tripolygon.UModeler.Hub.Views.SceneViews.HubSceneViewService
[2025-11-02 오후 7:26:34] [Debug] [Application] Service Release: Tripolygon.UModeler.Hub.Noticies.NoticeService
[2025-11-02 오후 7:26:34] [Debug] [Application] Service Release: Tripolygon.UModeler.Hub.Notifications.UpdateProductNotifier
[2025-11-02 오후 7:26:34] [Debug] [Application] Service Release: Tripolygon.UModeler.Hub.Notifications.UpdateHubNotifier
[2025-11-02 오후 7:26:34] [Debug] [Application] Service Release: Tripolygon.UModeler.Hub.VSAttributionService
[2025-11-02 오후 7:26:34] [Debug] [HubAnalytics] OnAppEnd
[2025-11-02 오후 7:26:34] [Debug] [HubAnalytics] PosthogClient.SetAutoFlush: Value Changed: False
[2025-11-02 오후 7:26:34] [Debug] [HubAnalytics] PosthogClient.BatchAsync: Sending Queue Items={"api_key":"phc_DQ6tsN03HRXTr9hNBfi3DierOY5Y0SisUxgxjuAmZG5","batch":[{"event":"app end","properties":{"$set":{"sdk_region_id":"ko-KR","sdk_region_name":"South Korea","sdk_language":"Korean","sdk_os_architecture":"X64","sdk_time_zone":"Korea Standard Time","product_version":"1.1.6"},"$os":"WINDOWS","$os_name":"WINDOWS","$session_id":"857f4dff-a731-408c-bbbb-fc008ae24702_9dcc11d6-f05a-4df1-a389-4f52417794bd","distinct_id":"b436f785064ea140538673dd9b84f3f59c821871","product_name":"UModeler Hub","product_version":"1.1.6","platform_name":"Unity","platform_version":"6000.0.29f1","screen_width":1920,"screen_height":1080,"viewport_width":1193,"viewport_height":474,"unity_systeminfo_language":"Korean","unity_systeminfo_os":"Windows 10  (10.0.19045) 64bit","unity_systeminfo_graphicsDeviceType":"Direct3D11","unity_systeminfo_graphicsDeviceVendor":"NVIDIA","unity_systeminfo_graphicsDeviceName":"NVIDIA GeForce RTX 2060","unity_systeminfo_deviceType":"Desktop","unity_systeminfo_processorType":"Intel(R) Core(TM) i7-9700F CPU @ 3.00GHz"},"timestamp":"2025-11-02T10:26:34.0612069Z"}]}
[2025-11-02 오후 7:26:34] [Debug] [HubAnalytics] PosthogClient.BatchAsync: Sent 1 queue item(s).
[2025-11-02 오후 7:26:34] [Debug] [Application] Service Release: Tripolygon.UModeler.Hub.HubAnalyticsService
[2025-11-02 오후 7:26:34] [Debug] [Application] Service Release: Tripolygon.UModeler.Hub.HubFlashService
[2025-11-02 오후 7:26:34] [Debug] [Application] Service Release: Tripolygon.UModeler.Editor.UI.UnityEditorApplicationUtilityService
[2025-11-02 오후 7:26:34] [Debug] [Application] Service Release: Tripolygon.UModeler.Hub.HubService
[2025-11-02 오후 7:26:34] [Debug] [Application] Service Release: Tripolygon.UModeler.Editor.UI.UnityEditorApplicationCache
[2025-11-02 오후 7:26:34] [Debug] [Application] Service Release: Tripolygon.UModeler.Hub.HubAuthentication
[2025-11-02 오후 7:47:40] [Debug] [Application] service: Tripolygon.UModeler.Hub.HubAuthentication = Tripolygon.UModeler.Hub.HubAuthentication
[2025-11-02 오후 7:47:40] [Debug] [Application] service: Tripolygon.UModeler.UI.IApplicationCache = Tripolygon.UModeler.Editor.UI.UnityEditorApplicationCache
[2025-11-02 오후 7:47:40] [Debug] ActualHost
[2025-11-02 오후 7:47:40] [Debug] [Application] service: Tripolygon.UModeler.Hub.IHubService = Tripolygon.UModeler.Hub.HubService
[2025-11-02 오후 7:47:40] [Debug] [Application] service: Tripolygon.UModeler.Authentication.IAuthenticationApiProvider = Tripolygon.UModeler.Editor.AuthenticationApiProviderService
[2025-11-02 오후 7:47:40] [Debug] [Application] service: Tripolygon.UModeler.UI.IObjectHierarchyService = Tripolygon.UModeler.Editor.UI.UnityEditorObjectHierarchyService
[2025-11-02 오후 7:47:40] [Debug] [Application] service: Tripolygon.UModeler.UI.IApplicationUtilityService = Tripolygon.UModeler.Editor.UI.UnityEditorApplicationUtilityService
[2025-11-02 오후 7:47:41] [Debug] [Application] service: Tripolygon.UModeler.Editor.UI.ApplicationSettings = Tripolygon.UModeler.Editor.UI.ApplicationSettings
[2025-11-02 오후 7:47:41] [Debug] [Application] service: Tripolygon.UModeler.UI.ITextureProvider = Tripolygon.UModeler.Editor.UI.UnityEditorTextureProvider
[2025-11-02 오후 7:47:41] [Debug] [Application] service: Tripolygon.UModeler.Hub.Resources.IResourcesApiProvider = Tripolygon.UModeler.Hub.ResourcesApiProviderService
[2025-11-02 오후 7:47:41] [Debug] [Application] service: Tripolygon.UModeler.Hub.HubFlashService = Tripolygon.UModeler.Hub.HubFlashService
[2025-11-02 오후 7:47:41] [Debug] [Application] service: Tripolygon.UModeler.Hub.IHubAnalyticsService = Tripolygon.UModeler.Hub.HubAnalyticsService
[2025-11-02 오후 7:47:41] [Debug] [Application] service: Tripolygon.UModeler.Hub.VSAttributionService = Tripolygon.UModeler.Hub.VSAttributionService
[2025-11-02 오후 7:47:41] [Debug] [Application] service: Tripolygon.UModeler.Hub.Notifications.UpdateHubNotifier = Tripolygon.UModeler.Hub.Notifications.UpdateHubNotifier
[2025-11-02 오후 7:47:41] [Debug] [Application] service: Tripolygon.UModeler.Hub.Notifications.UpdateProductNotifier = Tripolygon.UModeler.Hub.Notifications.UpdateProductNotifier
[2025-11-02 오후 7:47:41] [Debug] [Application] service: Tripolygon.UModeler.Hub.INoticeService = Tripolygon.UModeler.Hub.Noticies.NoticeService
[2025-11-02 오후 7:47:41] [Debug] [Application] service: Tripolygon.UModeler.Hub.Views.SceneViews.HubSceneViewService = Tripolygon.UModeler.Hub.Views.SceneViews.HubSceneViewService
[2025-11-02 오후 7:47:42] [Debug] [Application] Initialize: isReloading=False
[2025-11-02 오후 7:47:42] [Debug] [Application] Service Initialize: Tripolygon.UModeler.Hub.HubAuthentication
[2025-11-02 오후 7:47:42] [Debug] [Application] Service Initialize: Tripolygon.UModeler.Editor.UI.UnityEditorApplicationCache
[2025-11-02 오후 7:47:42] [Debug] [Application] Service Initialize: Tripolygon.UModeler.Hub.HubService
[2025-11-02 오후 7:47:42] [Debug] [Application] Service Initialize: Tripolygon.UModeler.Editor.UI.UnityEditorApplicationUtilityService
[2025-11-02 오후 7:47:42] [Debug] [Application] Service Initialize: Tripolygon.UModeler.Hub.HubFlashService
[2025-11-02 오후 7:47:42] [Debug] [HubAnalytics] PosthogClient.SetAutoFlush: Value Changed: True
[2025-11-02 오후 7:47:42] [Debug] [Application] Service Initialize: Tripolygon.UModeler.Hub.HubAnalyticsService
[2025-11-02 오후 7:47:42] [Debug] [Application] Service Initialize: Tripolygon.UModeler.Hub.VSAttributionService
[2025-11-02 오후 7:47:42] [Debug] [Application] Service Initialize: Tripolygon.UModeler.Hub.Notifications.UpdateHubNotifier
[2025-11-02 오후 7:47:42] [Debug] [Application] Service Initialize: Tripolygon.UModeler.Hub.Notifications.UpdateProductNotifier
[2025-11-02 오후 7:47:42] [Debug] [Application] Service Initialize: Tripolygon.UModeler.Hub.Noticies.NoticeService
[2025-11-02 오후 7:47:42] [Debug] [Application] Service Initialize: Tripolygon.UModeler.Hub.Views.SceneViews.HubSceneViewService
[2025-11-02 오후 7:50:53] [Debug] [HubAnalytics] OnAppStart
[2025-11-02 오후 7:51:04] [Debug] [Application] service: Tripolygon.UModeler.Hub.HubAuthentication = Tripolygon.UModeler.Hub.HubAuthentication
[2025-11-02 오후 7:51:04] [Debug] [Application] service: Tripolygon.UModeler.UI.IApplicationCache = Tripolygon.UModeler.Editor.UI.UnityEditorApplicationCache
[2025-11-02 오후 7:51:04] [Debug] ActualHost
[2025-11-02 오후 7:51:04] [Debug] [Application] service: Tripolygon.UModeler.Hub.IHubService = Tripolygon.UModeler.Hub.HubService
[2025-11-02 오후 7:51:04] [Debug] [Application] service: Tripolygon.UModeler.Authentication.IAuthenticationApiProvider = Tripolygon.UModeler.Editor.AuthenticationApiProviderService
[2025-11-02 오후 7:51:04] [Debug] [Application] service: Tripolygon.UModeler.UI.IObjectHierarchyService = Tripolygon.UModeler.Editor.UI.UnityEditorObjectHierarchyService
[2025-11-02 오후 7:51:04] [Debug] [Application] service: Tripolygon.UModeler.UI.IApplicationUtilityService = Tripolygon.UModeler.Editor.UI.UnityEditorApplicationUtilityService
[2025-11-02 오후 7:51:04] [Debug] [Application] service: Tripolygon.UModeler.Editor.UI.ApplicationSettings = Tripolygon.UModeler.Editor.UI.ApplicationSettings
[2025-11-02 오후 7:51:04] [Debug] [Application] service: Tripolygon.UModeler.UI.ITextureProvider = Tripolygon.UModeler.Editor.UI.UnityEditorTextureProvider
[2025-11-02 오후 7:51:04] [Debug] [Application] service: Tripolygon.UModeler.Hub.Resources.IResourcesApiProvider = Tripolygon.UModeler.Hub.ResourcesApiProviderService
[2025-11-02 오후 7:51:04] [Debug] [Application] service: Tripolygon.UModeler.Hub.HubFlashService = Tripolygon.UModeler.Hub.HubFlashService
[2025-11-02 오후 7:51:04] [Debug] [Application] service: Tripolygon.UModeler.Hub.IHubAnalyticsService = Tripolygon.UModeler.Hub.HubAnalyticsService
[2025-11-02 오후 7:51:04] [Debug] [Application] service: Tripolygon.UModeler.Hub.VSAttributionService = Tripolygon.UModeler.Hub.VSAttributionService
[2025-11-02 오후 7:51:04] [Debug] [Application] service: Tripolygon.UModeler.Hub.Notifications.UpdateHubNotifier = Tripolygon.UModeler.Hub.Notifications.UpdateHubNotifier
[2025-11-02 오후 7:51:04] [Debug] [Application] service: Tripolygon.UModeler.Hub.Notifications.UpdateProductNotifier = Tripolygon.UModeler.Hub.Notifications.UpdateProductNotifier
[2025-11-02 오후 7:51:04] [Debug] [Application] service: Tripolygon.UModeler.Hub.INoticeService = Tripolygon.UModeler.Hub.Noticies.NoticeService
[2025-11-02 오후 7:51:04] [Debug] [Application] service: Tripolygon.UModeler.Hub.Views.SceneViews.HubSceneViewService = Tripolygon.UModeler.Hub.Views.SceneViews.HubSceneViewService
[2025-11-02 오후 7:51:05] [Debug] [Application] Initialize: isReloading=False
[2025-11-02 오후 7:51:05] [Debug] [Application] Service Initialize: Tripolygon.UModeler.Hub.HubAuthentication
[2025-11-02 오후 7:51:05] [Debug] [Application] Service Initialize: Tripolygon.UModeler.Editor.UI.UnityEditorApplicationCache
[2025-11-02 오후 7:51:05] [Debug] [Application] Service Initialize: Tripolygon.UModeler.Hub.HubService
[2025-11-02 오후 7:51:05] [Debug] [Application] Service Initialize: Tripolygon.UModeler.Editor.UI.UnityEditorApplicationUtilityService
[2025-11-02 오후 7:51:05] [Debug] [Application] Service Initialize: Tripolygon.UModeler.Hub.HubFlashService
[2025-11-02 오후 7:51:06] [Debug] [HubAnalytics] PosthogClient.SetAutoFlush: Value Changed: True
[2025-11-02 오후 7:51:06] [Debug] [Application] Service Initialize: Tripolygon.UModeler.Hub.HubAnalyticsService
[2025-11-02 오후 7:51:06] [Debug] [Application] Service Initialize: Tripolygon.UModeler.Hub.VSAttributionService
[2025-11-02 오후 7:51:06] [Debug] [Application] Service Initialize: Tripolygon.UModeler.Hub.Notifications.UpdateHubNotifier
[2025-11-02 오후 7:51:06] [Debug] [Application] Service Initialize: Tripolygon.UModeler.Hub.Notifications.UpdateProductNotifier
[2025-11-02 오후 7:51:06] [Debug] [Application] Service Initialize: Tripolygon.UModeler.Hub.Noticies.NoticeService
[2025-11-02 오후 7:51:06] [Debug] [Application] Service Initialize: Tripolygon.UModeler.Hub.Views.SceneViews.HubSceneViewService
[2025-11-02 오후 7:51:02] [Debug] [HubAnalytics] PosthogClient.BatchAsync: Sending Queue Items={"api_key":"phc_DQ6tsN03HRXTr9hNBfi3DierOY5Y0SisUxgxjuAmZG5","batch":[{"event":"app start","properties":{"$set":{"sdk_region_id":"ko-KR","sdk_region_name":"South Korea","sdk_language":"Korean","sdk_os_architecture":"X64","sdk_time_zone":"Korea Standard Time","product_version":"1.1.6","platform_account_id":"anonymous","platform_account_name":"G/r38+w2AvqYmkaDLthrCNdBoIj7xqVvQIecumBAwNyVcQ0SbwPC4YqUXMfoja0Das4aPmZ9iNpO7OfKKVv0v0N1fzB8oLAmhxkQLUYNFlicpYNLjAIqJxC711geAO4y3hQa8E/xrWpQaw+cCnTLVU7ev7ypynkudCZSD9SIdR1j0ILF+P3X6fT59dvXE7UYsW4BXFssYmXS32coXMkmDXpzpkk5OQBEt2VnoLmps45iTupMtLk7RYlxhUAgKO7TmydEPdfObh6rkF+VOoUOElvK/XdB7QfqI0tFlAnqKIDrHg/VTc+2wk91Fe0jbecYC4sSIfdeQDfSj6zVMWKBZg=="},"$os":"WINDOWS","$os_name":"WINDOWS","$session_id":"a4e43a4c-6ed8-41a6-9949-05163da3cef3_b779ad24-cb26-41c5-8d67-7c3061cff901","distinct_id":"b436f785064ea140538673dd9b84f3f59c821871","product_name":"UModeler Hub","product_version":"1.1.6","platform_name":"Unity","platform_version":"6000.0.29f1","screen_width":1920,"screen_height":1080,"viewport_width":640,"viewport_height":480,"unity_systeminfo_language":"Korean","unity_systeminfo_os":"Windows 10  (10.0.19045) 64bit","unity_systeminfo_graphicsDeviceType":"Direct3D11","unity_systeminfo_graphicsDeviceVendor":"NVIDIA","unity_systeminfo_graphicsDeviceName":"NVIDIA GeForce RTX 2060","unity_systeminfo_deviceType":"Desktop","unity_systeminfo_processorType":"Intel(R) Core(TM) i7-9700F CPU @ 3.00GHz"},"timestamp":"2025-11-02T10:50:53.2413597Z"}]}
[2025-11-02 오후 7:51:03] [Debug] [HubAnalytics] PosthogClient.BatchAsync: Sent 1 queue item(s).
[2025-11-02 오후 7:52:14] [Debug] [Application] Release: isReloading=True
[2025-11-02 오후 7:52:14] [Debug] [Application] Service Release: Tripolygon.UModeler.Hub.Views.SceneViews.HubSceneViewService
[2025-11-02 오후 7:52:14] [Debug] [Application] Service Release: Tripolygon.UModeler.Hub.Noticies.NoticeService
[2025-11-02 오후 7:52:14] [Debug] [Application] Service Release: Tripolygon.UModeler.Hub.Notifications.UpdateProductNotifier
[2025-11-02 오후 7:52:14] [Debug] [Application] Service Release: Tripolygon.UModeler.Hub.Notifications.UpdateHubNotifier
[2025-11-02 오후 7:52:14] [Debug] [Application] Service Release: Tripolygon.UModeler.Hub.VSAttributionService
[2025-11-02 오후 7:52:14] [Debug] [HubAnalytics] PosthogClient.SetAutoFlush: Value Changed: False
[2025-11-02 오후 7:52:14] [Debug] [Application] Service Release: Tripolygon.UModeler.Hub.HubAnalyticsService
[2025-11-02 오후 7:52:14] [Debug] [Application] Service Release: Tripolygon.UModeler.Hub.HubFlashService
[2025-11-02 오후 7:52:14] [Debug] [Application] Service Release: Tripolygon.UModeler.Editor.UI.UnityEditorApplicationUtilityService
[2025-11-02 오후 7:52:14] [Debug] [Application] Service Release: Tripolygon.UModeler.Hub.HubService
[2025-11-02 오후 7:52:14] [Debug] [Application] Service Release: Tripolygon.UModeler.Editor.UI.UnityEditorApplicationCache
[2025-11-02 오후 7:52:14] [Debug] [Application] Service Release: Tripolygon.UModeler.Hub.HubAuthentication
[2025-11-02 오후 7:52:19] [Debug] [Application] service: Tripolygon.UModeler.Hub.HubAuthentication = Tripolygon.UModeler.Hub.HubAuthentication
[2025-11-02 오후 7:52:19] [Debug] [Application] service: Tripolygon.UModeler.UI.IApplicationCache = Tripolygon.UModeler.Editor.UI.UnityEditorApplicationCache
[2025-11-02 오후 7:52:19] [Debug] [Application] service: Tripolygon.UModeler.Hub.HubAuthentication = Tripolygon.UModeler.Hub.HubAuthentication
[2025-11-02 오후 7:52:19] [Debug] ActualHost
[2025-11-02 오후 7:52:19] [Debug] ActualHost
[2025-11-02 오후 7:52:19] [Debug] [Application] service: Tripolygon.UModeler.Hub.IHubService = Tripolygon.UModeler.Hub.HubService
[2025-11-02 오후 7:52:19] [Debug] [Application] service: Tripolygon.UModeler.Authentication.IAuthenticationApiProvider = Tripolygon.UModeler.Editor.AuthenticationApiProviderService
[2025-11-02 오후 7:52:19] [Debug] [Application] service: Tripolygon.UModeler.Authentication.IAuthenticationApiProvider = Tripolygon.UModeler.Editor.AuthenticationApiProviderService
[2025-11-02 오후 7:52:19] [Debug] [Application] service: Tripolygon.UModeler.UI.IApplicationUtilityService = Tripolygon.UModeler.Editor.UI.UnityEditorApplicationUtilityService
[2025-11-02 오후 7:52:19] [Debug] [Application] service: Tripolygon.UModeler.UI.IObjectHierarchyService = Tripolygon.UModeler.Editor.UI.UnityEditorObjectHierarchyService
[2025-11-02 오후 7:52:19] [Debug] [Application] service: Tripolygon.UModeler.UI.ITextureProvider = Tripolygon.UModeler.Editor.UI.UnityEditorTextureProvider
[2025-11-02 오후 7:52:19] [Debug] [Application] service: Tripolygon.UModeler.UI.IApplicationUtilityService = Tripolygon.UModeler.Editor.UI.UnityEditorApplicationUtilityService
[2025-11-02 오후 7:52:19] [Debug] [Application] service: Tripolygon.UModeler.Hub.HubFlashService = Tripolygon.UModeler.Hub.HubFlashService
[2025-11-02 오후 7:52:19] [Debug] [Application] service: Tripolygon.UModeler.Editor.UI.ApplicationSettings = Tripolygon.UModeler.Editor.UI.ApplicationSettings
[2025-11-02 오후 7:52:19] [Debug] [Application] service: Tripolygon.UModeler.Hub.VSAttributionService = Tripolygon.UModeler.Hub.VSAttributionService
[2025-11-02 오후 7:52:19] [Debug] [Application] service: Tripolygon.UModeler.UI.ITextureProvider = Tripolygon.UModeler.Editor.UI.UnityEditorTextureProvider
[2025-11-02 오후 7:52:19] [Debug] [Application] service: Tripolygon.UModeler.Hub.Notifications.UpdateProductNotifier = Tripolygon.UModeler.Hub.Notifications.UpdateProductNotifier
[2025-11-02 오후 7:52:19] [Debug] [Application] service: Tripolygon.UModeler.Hub.INoticeService = Tripolygon.UModeler.Hub.Noticies.NoticeService
[2025-11-02 오후 7:52:19] [Debug] [Application] service: Tripolygon.UModeler.Hub.Resources.IResourcesApiProvider = Tripolygon.UModeler.Hub.ResourcesApiProviderService
[2025-11-02 오후 7:52:19] [Debug] [Application] service: Tripolygon.UModeler.Hub.Views.SceneViews.HubSceneViewService = Tripolygon.UModeler.Hub.Views.SceneViews.HubSceneViewService
[2025-11-02 오후 7:52:19] [Debug] [Application] service: Tripolygon.UModeler.Hub.HubFlashService = Tripolygon.UModeler.Hub.HubFlashService
[2025-11-02 오후 7:52:19] [Debug] [Application] service: Tripolygon.UModeler.Hub.IHubAnalyticsService = Tripolygon.UModeler.Hub.HubAnalyticsService
[2025-11-02 오후 7:52:19] [Debug] [Application] service: Tripolygon.UModeler.Hub.VSAttributionService = Tripolygon.UModeler.Hub.VSAttributionService
[2025-11-02 오후 7:52:21] [Debug] [Application] Service Initialize: Tripolygon.UModeler.Hub.HubAuthentication
[2025-11-02 오후 7:52:19] [Debug] [Application] service: Tripolygon.UModeler.Hub.Notifications.UpdateProductNotifier = Tripolygon.UModeler.Hub.Notifications.UpdateProductNotifier
[2025-11-02 오후 7:52:21] [Debug] [Application] Service Initialize: Tripolygon.UModeler.Editor.UI.UnityEditorApplicationCache
[2025-11-02 오후 7:52:19] [Debug] [Application] service: Tripolygon.UModeler.Hub.Views.SceneViews.HubSceneViewService = Tripolygon.UModeler.Hub.Views.SceneViews.HubSceneViewService
[2025-11-02 오후 7:52:20] [Debug] [Application] Initialize: isReloading=True
[2025-11-02 오후 7:52:21] [Debug] [Application] Service Initialize: Tripolygon.UModeler.Hub.HubService
[2025-11-02 오후 7:52:21] [Debug] [Application] Service Initialize: Tripolygon.UModeler.Hub.HubAuthentication
[2025-11-02 오후 7:52:21] [Debug] [Application] Service Initialize: Tripolygon.UModeler.Editor.UI.UnityEditorApplicationUtilityService
[2025-11-02 오후 7:52:21] [Debug] [Application] Service Initialize: Tripolygon.UModeler.Editor.UI.UnityEditorApplicationCache
[2025-11-02 오후 7:52:21] [Debug] [Application] Service Initialize: Tripolygon.UModeler.Hub.HubFlashService
[2025-11-02 오후 7:52:21] [Debug] [Application] Service Initialize: Tripolygon.UModeler.Hub.HubService
[2025-11-02 오후 7:52:21] [Debug] [HubAnalytics] PosthogClient.SetAutoFlush: Value Changed: True
[2025-11-02 오후 7:52:21] [Debug] [Application] Service Initialize: Tripolygon.UModeler.Editor.UI.UnityEditorApplicationUtilityService
[2025-11-02 오후 7:52:21] [Debug] [Application] Service Initialize: Tripolygon.UModeler.Hub.HubFlashService
[2025-11-02 오후 7:52:21] [Debug] [Application] Service Initialize: Tripolygon.UModeler.Hub.HubAnalyticsService
[2025-11-02 오후 7:52:21] [Debug] [Application] Service Initialize: Tripolygon.UModeler.Hub.VSAttributionService
[2025-11-02 오후 7:52:21] [Debug] [HubAnalytics] PosthogClient.SetAutoFlush: Value Changed: True
[2025-11-02 오후 7:52:21] [Debug] [Application] Service Initialize: Tripolygon.UModeler.Hub.Notifications.UpdateHubNotifier
[2025-11-02 오후 7:52:21] [Debug] [Application] Service Initialize: Tripolygon.UModeler.Hub.HubAnalyticsService
[2025-11-02 오후 7:52:21] [Debug] [Application] Service Initialize: Tripolygon.UModeler.Hub.Notifications.UpdateProductNotifier
[2025-11-02 오후 7:52:21] [Debug] [Application] Service Initialize: Tripolygon.UModeler.Hub.VSAttributionService
[2025-11-02 오후 7:52:21] [Debug] [Application] Service Initialize: Tripolygon.UModeler.Hub.Noticies.NoticeService
[2025-11-02 오후 7:52:21] [Debug] [Application] Service Initialize: Tripolygon.UModeler.Hub.Notifications.UpdateHubNotifier
[2025-11-02 오후 7:52:21] [Debug] [Application] Service Initialize: Tripolygon.UModeler.Hub.Views.SceneViews.HubSceneViewService
[2025-11-02 오후 7:52:21] [Debug] [Application] Service Initialize: Tripolygon.UModeler.Hub.Notifications.UpdateProductNotifier
[2025-11-02 오후 7:52:21] [Debug] [Application] Service Initialize: Tripolygon.UModeler.Hub.Noticies.NoticeService
[2025-11-02 오후 7:52:21] [Debug] [Application] Service Initialize: Tripolygon.UModeler.Hub.Views.SceneViews.HubSceneViewService
[2025-11-02 오후 7:52:21] [Debug] [HubAnalytics] OnAppStart
[2025-11-02 오후 7:52:21] [Debug] [Application] Release: isReloading=True
[2025-11-02 오후 7:52:21] [Debug] [Application] Service Release: Tripolygon.UModeler.Hub.Views.SceneViews.HubSceneViewService
[2025-11-02 오후 7:52:21] [Debug] [Application] Service Release: Tripolygon.UModeler.Hub.Noticies.NoticeService
[2025-11-02 오후 7:52:21] [Debug] [Application] Service Release: Tripolygon.UModeler.Hub.Notifications.UpdateProductNotifier
[2025-11-02 오후 7:52:21] [Debug] [Application] Service Release: Tripolygon.UModeler.Hub.Notifications.UpdateHubNotifier
[2025-11-02 오후 7:52:22] [Debug] [Application] Service Release: Tripolygon.UModeler.Hub.VSAttributionService
[2025-11-02 오후 7:52:22] [Debug] [Application] Release: isReloading=True
[2025-11-02 오후 7:52:22] [Debug] [Application] Service Release: Tripolygon.UModeler.Hub.Views.SceneViews.HubSceneViewService
[2025-11-02 오후 7:52:22] [Debug] [Application] Service Release: Tripolygon.UModeler.Hub.Noticies.NoticeService
[2025-11-02 오후 7:52:22] [Debug] [Application] Service Release: Tripolygon.UModeler.Hub.Notifications.UpdateProductNotifier
[2025-11-02 오후 7:52:22] [Debug] [Application] Service Release: Tripolygon.UModeler.Hub.Notifications.UpdateHubNotifier
[2025-11-02 오후 7:52:22] [Debug] [Application] Service Release: Tripolygon.UModeler.Hub.VSAttributionService
[2025-11-02 오후 7:52:24] [Debug] [Application] service: Tripolygon.UModeler.Hub.HubAuthentication = Tripolygon.UModeler.Hub.HubAuthentication
[2025-11-02 오후 7:52:24] [Debug] [Application] service: Tripolygon.UModeler.UI.IApplicationCache = Tripolygon.UModeler.Editor.UI.UnityEditorApplicationCache
[2025-11-02 오후 7:52:24] [Debug] ActualHost
[2025-11-02 오후 7:52:24] [Debug] [Application] service: Tripolygon.UModeler.Hub.IHubService = Tripolygon.UModeler.Hub.HubService
[2025-11-02 오후 7:52:24] [Debug] [Application] service: Tripolygon.UModeler.Authentication.IAuthenticationApiProvider = Tripolygon.UModeler.Editor.AuthenticationApiProviderService
[2025-11-02 오후 7:52:24] [Debug] [Application] service: Tripolygon.UModeler.UI.IObjectHierarchyService = Tripolygon.UModeler.Editor.UI.UnityEditorObjectHierarchyService
[2025-11-02 오후 7:52:24] [Debug] [Application] service: Tripolygon.UModeler.UI.IApplicationUtilityService = Tripolygon.UModeler.Editor.UI.UnityEditorApplicationUtilityService
[2025-11-02 오후 7:52:24] [Debug] [Application] service: Tripolygon.UModeler.Editor.UI.ApplicationSettings = Tripolygon.UModeler.Editor.UI.ApplicationSettings
[2025-11-02 오후 7:52:24] [Debug] [Application] service: Tripolygon.UModeler.UI.ITextureProvider = Tripolygon.UModeler.Editor.UI.UnityEditorTextureProvider
[2025-11-02 오후 7:52:24] [Debug] [Application] service: Tripolygon.UModeler.Hub.Resources.IResourcesApiProvider = Tripolygon.UModeler.Hub.ResourcesApiProviderService
[2025-11-02 오후 7:52:24] [Debug] [Application] service: Tripolygon.UModeler.Hub.HubFlashService = Tripolygon.UModeler.Hub.HubFlashService
[2025-11-02 오후 7:52:24] [Debug] [Application] service: Tripolygon.UModeler.Hub.IHubAnalyticsService = Tripolygon.UModeler.Hub.HubAnalyticsService
[2025-11-02 오후 7:52:24] [Debug] [Application] service: Tripolygon.UModeler.Hub.VSAttributionService = Tripolygon.UModeler.Hub.VSAttributionService
[2025-11-02 오후 7:52:24] [Debug] [Application] service: Tripolygon.UModeler.Hub.Notifications.UpdateHubNotifier = Tripolygon.UModeler.Hub.Notifications.UpdateHubNotifier
[2025-11-02 오후 7:52:24] [Debug] [Application] service: Tripolygon.UModeler.Hub.Notifications.UpdateProductNotifier = Tripolygon.UModeler.Hub.Notifications.UpdateProductNotifier
[2025-11-02 오후 7:52:24] [Debug] [Application] service: Tripolygon.UModeler.Hub.INoticeService = Tripolygon.UModeler.Hub.Noticies.NoticeService
[2025-11-02 오후 7:52:24] [Debug] [Application] service: Tripolygon.UModeler.Hub.Views.SceneViews.HubSceneViewService = Tripolygon.UModeler.Hub.Views.SceneViews.HubSceneViewService
[2025-11-02 오후 7:52:25] [Debug] [Application] Initialize: isReloading=True
[2025-11-02 오후 7:52:26] [Debug] [Application] Service Initialize: Tripolygon.UModeler.Hub.HubAuthentication
[2025-11-02 오후 7:52:26] [Debug] [Application] Service Initialize: Tripolygon.UModeler.Editor.UI.UnityEditorApplicationCache
[2025-11-02 오후 7:52:26] [Debug] [Application] Service Initialize: Tripolygon.UModeler.Hub.HubService
[2025-11-02 오후 7:52:26] [Debug] [Application] Service Initialize: Tripolygon.UModeler.Editor.UI.UnityEditorApplicationUtilityService
[2025-11-02 오후 7:52:26] [Debug] [Application] Service Initialize: Tripolygon.UModeler.Hub.HubFlashService
[2025-11-02 오후 7:52:26] [Debug] [HubAnalytics] PosthogClient.SetAutoFlush: Value Changed: True
[2025-11-02 오후 7:52:26] [Debug] [Application] Service Initialize: Tripolygon.UModeler.Hub.HubAnalyticsService
[2025-11-02 오후 7:52:26] [Debug] [Application] Service Initialize: Tripolygon.UModeler.Hub.VSAttributionService
[2025-11-02 오후 7:52:26] [Debug] [Application] Service Initialize: Tripolygon.UModeler.Hub.Notifications.UpdateHubNotifier
[2025-11-02 오후 7:52:26] [Debug] [Application] Service Initialize: Tripolygon.UModeler.Hub.Notifications.UpdateProductNotifier
[2025-11-02 오후 7:52:26] [Debug] [Application] Service Initialize: Tripolygon.UModeler.Hub.Noticies.NoticeService
[2025-11-02 오후 7:52:26] [Debug] [Application] Service Initialize: Tripolygon.UModeler.Hub.Views.SceneViews.HubSceneViewService
[2025-11-02 오후 7:52:25] [Debug] [Application] service: Tripolygon.UModeler.Hub.HubAuthentication = Tripolygon.UModeler.Hub.HubAuthentication
[2025-11-02 오후 7:52:25] [Debug] [Application] service: Tripolygon.UModeler.UI.IApplicationCache = Tripolygon.UModeler.Editor.UI.UnityEditorApplicationCache
[2025-11-02 오후 7:52:25] [Debug] ActualHost
[2025-11-02 오후 7:52:25] [Debug] [Application] service: Tripolygon.UModeler.Hub.IHubService = Tripolygon.UModeler.Hub.HubService
[2025-11-02 오후 7:52:25] [Debug] [Application] service: Tripolygon.UModeler.Authentication.IAuthenticationApiProvider = Tripolygon.UModeler.Editor.AuthenticationApiProviderService
[2025-11-02 오후 7:52:25] [Debug] [Application] service: Tripolygon.UModeler.UI.IObjectHierarchyService = Tripolygon.UModeler.Editor.UI.UnityEditorObjectHierarchyService
[2025-11-02 오후 7:52:25] [Debug] [Application] service: Tripolygon.UModeler.UI.IApplicationUtilityService = Tripolygon.UModeler.Editor.UI.UnityEditorApplicationUtilityService
[2025-11-02 오후 7:52:25] [Debug] [Application] service: Tripolygon.UModeler.Editor.UI.ApplicationSettings = Tripolygon.UModeler.Editor.UI.ApplicationSettings
[2025-11-02 오후 7:52:25] [Debug] [Application] service: Tripolygon.UModeler.UI.ITextureProvider = Tripolygon.UModeler.Editor.UI.UnityEditorTextureProvider
[2025-11-02 오후 7:52:25] [Debug] [Application] service: Tripolygon.UModeler.Hub.Resources.IResourcesApiProvider = Tripolygon.UModeler.Hub.ResourcesApiProviderService
[2025-11-02 오후 7:52:25] [Debug] [Application] service: Tripolygon.UModeler.Hub.HubFlashService = Tripolygon.UModeler.Hub.HubFlashService
[2025-11-02 오후 7:52:25] [Debug] [Application] service: Tripolygon.UModeler.Hub.IHubAnalyticsService = Tripolygon.UModeler.Hub.HubAnalyticsService
[2025-11-02 오후 7:52:25] [Debug] [Application] service: Tripolygon.UModeler.Hub.VSAttributionService = Tripolygon.UModeler.Hub.VSAttributionService
[2025-11-02 오후 7:52:25] [Debug] [Application] service: Tripolygon.UModeler.Hub.Notifications.UpdateHubNotifier = Tripolygon.UModeler.Hub.Notifications.UpdateHubNotifier
[2025-11-02 오후 7:52:25] [Debug] [Application] service: Tripolygon.UModeler.Hub.Notifications.UpdateProductNotifier = Tripolygon.UModeler.Hub.Notifications.UpdateProductNotifier
[2025-11-02 오후 7:52:25] [Debug] [Application] service: Tripolygon.UModeler.Hub.INoticeService = Tripolygon.UModeler.Hub.Noticies.NoticeService
[2025-11-02 오후 7:52:25] [Debug] [Application] service: Tripolygon.UModeler.Hub.Views.SceneViews.HubSceneViewService = Tripolygon.UModeler.Hub.Views.SceneViews.HubSceneViewService
[2025-11-02 오후 7:52:26] [Debug] [Application] Initialize: isReloading=False
[2025-11-02 오후 7:52:26] [Debug] [Application] Service Initialize: Tripolygon.UModeler.Hub.HubAuthentication
[2025-11-02 오후 7:52:26] [Debug] [Application] Service Initialize: Tripolygon.UModeler.Editor.UI.UnityEditorApplicationCache
[2025-11-02 오후 7:52:26] [Debug] [Application] Service Initialize: Tripolygon.UModeler.Hub.HubService
[2025-11-02 오후 7:52:26] [Debug] [Application] Service Initialize: Tripolygon.UModeler.Editor.UI.UnityEditorApplicationUtilityService
[2025-11-02 오후 7:52:26] [Debug] [Application] Service Initialize: Tripolygon.UModeler.Hub.HubFlashService
[2025-11-02 오후 7:52:26] [Debug] [HubAnalytics] PosthogClient.SetAutoFlush: Value Changed: True
[2025-11-02 오후 7:52:26] [Debug] [Application] Service Initialize: Tripolygon.UModeler.Hub.HubAnalyticsService
[2025-11-02 오후 7:52:26] [Debug] [Application] Service Initialize: Tripolygon.UModeler.Hub.VSAttributionService
[2025-11-02 오후 7:52:26] [Debug] [Application] Service Initialize: Tripolygon.UModeler.Hub.Notifications.UpdateHubNotifier
[2025-11-02 오후 7:52:26] [Debug] [Application] Service Initialize: Tripolygon.UModeler.Hub.Notifications.UpdateProductNotifier
[2025-11-02 오후 7:52:26] [Debug] [Application] Service Initialize: Tripolygon.UModeler.Hub.Noticies.NoticeService
[2025-11-02 오후 7:52:26] [Debug] [Application] Service Initialize: Tripolygon.UModeler.Hub.Views.SceneViews.HubSceneViewService
[2025-11-02 오후 7:52:27] [Debug] [Application] Release: isReloading=False
[2025-11-02 오후 7:52:27] [Debug] [Application] Service Release: Tripolygon.UModeler.Hub.Views.SceneViews.HubSceneViewService
[2025-11-02 오후 7:52:27] [Debug] [Application] Service Release: Tripolygon.UModeler.Hub.Noticies.NoticeService
[2025-11-02 오후 7:52:27] [Debug] [Application] Service Release: Tripolygon.UModeler.Hub.Notifications.UpdateProductNotifier
[2025-11-02 오후 7:52:27] [Debug] [Application] Service Release: Tripolygon.UModeler.Hub.Notifications.UpdateHubNotifier
[2025-11-02 오후 7:52:27] [Debug] [Application] Service Release: Tripolygon.UModeler.Hub.VSAttributionService
[2025-11-02 오후 7:52:27] [Debug] [HubAnalytics] OnAppEnd
[2025-11-02 오후 7:52:27] [Debug] [HubAnalytics] PosthogClient.SetAutoFlush: Value Changed: False
[2025-11-02 오후 7:52:27] [Debug] [HubAnalytics] PosthogClient.BatchAsync: Sending Queue Items={"api_key":"phc_DQ6tsN03HRXTr9hNBfi3DierOY5Y0SisUxgxjuAmZG5","batch":[{"event":"app start","properties":{"$set":{"sdk_region_id":"ko-KR","sdk_region_name":"South Korea","sdk_language":"Korean","sdk_os_architecture":"X64","sdk_time_zone":"Korea Standard Time","product_version":"1.1.6","platform_account_id":"anonymous","platform_account_name":"O7WKJ+ubTvh645lQ0+yH+FKixxykIPISZlvlrWpIOf/U8728OwY3mp/aS9TrWSsTTFHlzneB00b3dbKCyRFZQz2j5a5oIfM9K46Vb3652heTL6HKuIhKjPGiKsFXT4TstnGO5M9sgXXmuYrHmagBGcJV8bsvcwKjtI1mkhAFvxqMSKBLmkv3fnQDHmuJoeF8fP/dVkNZ4DB+KI3I5nGQ+r9qV6Ku+VeWSx/aACdjXIU6cv9Y51y7AayJuG9tc25UI2qDIKAGgswiejjjhkXkUGRuZqFtZPrd1z74GjocgMcIps0OTmalvCT6T0KIXASmu0hgn0tX+hOzv1uiuZZ5xw=="},"$os":"WINDOWS","$os_name":"WINDOWS","$session_id":"e5bcab6a-70fe-4927-b189-7ebc2252090a_047749ba-60f9-47d9-a9d3-ae9b9a4c679a","distinct_id":"b436f785064ea140538673dd9b84f3f59c821871","product_name":"UModeler Hub","product_version":"1.1.6","platform_name":"Unity","platform_version":"6000.0.29f1","screen_width":1920,"screen_height":1080,"viewport_width":736,"viewport_height":520,"unity_systeminfo_language":"Korean","unity_systeminfo_os":"Windows 10  (10.0.19045) 64bit","unity_systeminfo_graphicsDeviceType":"Direct3D11","unity_systeminfo_graphicsDeviceVendor":"NVIDIA","unity_systeminfo_graphicsDeviceName":"NVIDIA GeForce RTX 2060","unity_systeminfo_deviceType":"Desktop","unity_systeminfo_processorType":"Intel(R) Core(TM) i7-9700F CPU @ 3.00GHz"},"timestamp":"2025-11-02T10:52:21.6691176Z"},{"event":"app end","properties":{"$set":{"sdk_region_id":"ko-KR","sdk_region_name":"South Korea","sdk_language":"Korean","sdk_os_architecture":"X64","sdk_time_zone":"Korea Standard Time","product_version":"1.1.6"},"$os":"WINDOWS","$os_name":"WINDOWS","$session_id":"e5bcab6a-70fe-4927-b189-7ebc2252090a_047749ba-60f9-47d9-a9d3-ae9b9a4c679a","distinct_id":"b436f785064ea140538673dd9b84f3f59c821871","product_name":"UModeler Hub","product_version":"1.1.6","platform_name":"Unity","platform_version":"6000.0.29f1","screen_width":1920,"screen_height":1080,"viewport_width":736,"viewport_height":520,"unity_systeminfo_language":"Korean","unity_systeminfo_os":"Windows 10  (10.0.19045) 64bit","unity_systeminfo_graphicsDeviceType":"Direct3D11","unity_systeminfo_graphicsDeviceVendor":"NVIDIA","unity_systeminfo_graphicsDeviceName":"NVIDIA GeForce RTX 2060","unity_systeminfo_deviceType":"Desktop","unity_systeminfo_processorType":"Intel(R) Core(TM) i7-9700F CPU @ 3.00GHz"},"timestamp":"2025-11-02T10:52:27.3167498Z"}]}
[2025-11-02 오후 7:52:27] [Debug] [HubAnalytics] PosthogClient.BatchAsync: Sent 2 queue item(s).
[2025-11-02 오후 7:52:27] [Debug] [Application] Service Release: Tripolygon.UModeler.Hub.HubAnalyticsService
[2025-11-02 오후 7:52:27] [Debug] [Application] Service Release: Tripolygon.UModeler.Hub.HubFlashService
[2025-11-02 오후 7:52:27] [Debug] [Application] Service Release: Tripolygon.UModeler.Editor.UI.UnityEditorApplicationUtilityService
[2025-11-02 오후 7:52:27] [Debug] [Application] Service Release: Tripolygon.UModeler.Hub.HubService
[2025-11-02 오후 7:52:27] [Debug] [Application] Service Release: Tripolygon.UModeler.Editor.UI.UnityEditorApplicationCache
[2025-11-02 오후 7:52:27] [Debug] [Application] Service Release: Tripolygon.UModeler.Hub.HubAuthentication
[2025-11-02 오후 7:52:44] [Debug] [Application] service: Tripolygon.UModeler.Hub.HubAuthentication = Tripolygon.UModeler.Hub.HubAuthentication
[2025-11-02 오후 7:52:44] [Debug] [Application] service: Tripolygon.UModeler.UI.IApplicationCache = Tripolygon.UModeler.Editor.UI.UnityEditorApplicationCache
[2025-11-02 오후 7:52:44] [Debug] ActualHost
[2025-11-02 오후 7:52:44] [Debug] [Application] service: Tripolygon.UModeler.Hub.IHubService = Tripolygon.UModeler.Hub.HubService
[2025-11-02 오후 7:52:44] [Debug] [Application] service: Tripolygon.UModeler.Authentication.IAuthenticationApiProvider = Tripolygon.UModeler.Editor.AuthenticationApiProviderService
[2025-11-02 오후 7:52:44] [Debug] [Application] service: Tripolygon.UModeler.UI.IObjectHierarchyService = Tripolygon.UModeler.Editor.UI.UnityEditorObjectHierarchyService
[2025-11-02 오후 7:52:44] [Debug] [Application] service: Tripolygon.UModeler.UI.IApplicationUtilityService = Tripolygon.UModeler.Editor.UI.UnityEditorApplicationUtilityService
[2025-11-02 오후 7:52:44] [Debug] [Application] service: Tripolygon.UModeler.Editor.UI.ApplicationSettings = Tripolygon.UModeler.Editor.UI.ApplicationSettings
[2025-11-02 오후 7:52:44] [Debug] [Application] service: Tripolygon.UModeler.UI.ITextureProvider = Tripolygon.UModeler.Editor.UI.UnityEditorTextureProvider
[2025-11-02 오후 7:52:44] [Debug] [Application] service: Tripolygon.UModeler.Hub.Resources.IResourcesApiProvider = Tripolygon.UModeler.Hub.ResourcesApiProviderService
[2025-11-02 오후 7:52:44] [Debug] [Application] service: Tripolygon.UModeler.Hub.HubFlashService = Tripolygon.UModeler.Hub.HubFlashService
[2025-11-02 오후 7:52:44] [Debug] [Application] service: Tripolygon.UModeler.Hub.IHubAnalyticsService = Tripolygon.UModeler.Hub.HubAnalyticsService
[2025-11-02 오후 7:52:44] [Debug] [Application] service: Tripolygon.UModeler.Hub.VSAttributionService = Tripolygon.UModeler.Hub.VSAttributionService
[2025-11-02 오후 7:52:44] [Debug] [Application] service: Tripolygon.UModeler.Hub.Notifications.UpdateHubNotifier = Tripolygon.UModeler.Hub.Notifications.UpdateHubNotifier
[2025-11-02 오후 7:52:44] [Debug] [Application] service: Tripolygon.UModeler.Hub.Notifications.UpdateProductNotifier = Tripolygon.UModeler.Hub.Notifications.UpdateProductNotifier
[2025-11-02 오후 7:52:44] [Debug] [Application] service: Tripolygon.UModeler.Hub.INoticeService = Tripolygon.UModeler.Hub.Noticies.NoticeService
[2025-11-02 오후 7:52:44] [Debug] [Application] service: Tripolygon.UModeler.Hub.Views.SceneViews.HubSceneViewService = Tripolygon.UModeler.Hub.Views.SceneViews.HubSceneViewService
[2025-11-02 오후 7:52:45] [Debug] [Application] Initialize: isReloading=False
[2025-11-02 오후 7:52:45] [Debug] [Application] Service Initialize: Tripolygon.UModeler.Hub.HubAuthentication
[2025-11-02 오후 7:52:45] [Debug] [Application] Service Initialize: Tripolygon.UModeler.Editor.UI.UnityEditorApplicationCache
[2025-11-02 오후 7:52:45] [Debug] [Application] Service Initialize: Tripolygon.UModeler.Hub.HubService
[2025-11-02 오후 7:52:45] [Debug] [Application] Service Initialize: Tripolygon.UModeler.Editor.UI.UnityEditorApplicationUtilityService
[2025-11-02 오후 7:52:45] [Debug] [Application] Service Initialize: Tripolygon.UModeler.Hub.HubFlashService
[2025-11-02 오후 7:52:45] [Debug] [HubAnalytics] PosthogClient.SetAutoFlush: Value Changed: True
[2025-11-02 오후 7:52:45] [Debug] [Application] Service Initialize: Tripolygon.UModeler.Hub.HubAnalyticsService
[2025-11-02 오후 7:52:45] [Debug] [Application] Service Initialize: Tripolygon.UModeler.Hub.VSAttributionService
[2025-11-02 오후 7:52:45] [Debug] [Application] Service Initialize: Tripolygon.UModeler.Hub.Notifications.UpdateHubNotifier
[2025-11-02 오후 7:52:45] [Debug] [Application] Service Initialize: Tripolygon.UModeler.Hub.Notifications.UpdateProductNotifier
[2025-11-02 오후 7:52:45] [Debug] [Application] Service Initialize: Tripolygon.UModeler.Hub.Noticies.NoticeService
[2025-11-02 오후 7:52:45] [Debug] [Application] Service Initialize: Tripolygon.UModeler.Hub.Views.SceneViews.HubSceneViewService
[2025-11-02 오후 7:52:48] [Debug] [HubAnalytics] OnAppStart
[2025-11-02 오후 7:52:53] [Debug] [Application] Release: isReloading=True
[2025-11-02 오후 7:52:53] [Debug] [Application] Service Release: Tripolygon.UModeler.Hub.Views.SceneViews.HubSceneViewService
[2025-11-02 오후 7:52:53] [Debug] [Application] Service Release: Tripolygon.UModeler.Hub.Noticies.NoticeService
[2025-11-02 오후 7:52:53] [Debug] [Application] Service Release: Tripolygon.UModeler.Hub.Notifications.UpdateProductNotifier
[2025-11-02 오후 7:52:53] [Debug] [Application] Service Release: Tripolygon.UModeler.Hub.Notifications.UpdateHubNotifier
[2025-11-02 오후 7:52:53] [Debug] [Application] Service Release: Tripolygon.UModeler.Hub.VSAttributionService
[2025-11-02 오후 7:52:53] [Debug] [HubAnalytics] PosthogClient.SetAutoFlush: Value Changed: False
[2025-11-02 오후 7:52:53] [Debug] [HubAnalytics] PosthogClient.BatchAsync: Sending Queue Items={"api_key":"phc_DQ6tsN03HRXTr9hNBfi3DierOY5Y0SisUxgxjuAmZG5","batch":[{"event":"app start","properties":{"$set":{"sdk_region_id":"ko-KR","sdk_region_name":"South Korea","sdk_language":"Korean","sdk_os_architecture":"X64","sdk_time_zone":"Korea Standard Time","product_version":"1.1.6","platform_account_id":"anonymous","platform_account_name":"J5PafCFBvcD8bR/eCKV3+LnFdggO3ruKXk3IroCoOZfRVchpCoQvDp1TP1xgl9ITUXcv042ZxebdZHkk/uBW53LDvRvLMuv7UH+kVVs+fCCKIVi25B5Grn8KQPE3EcUAw0ocy6ALgw9b6B2PSbZSb7jQmETPQZTNiochPUSKkohTaQh/woqOoJ859P8DhX4tKImQxupQvq3xK4TrEWLhRCNjl21SpqixGg5LLgvbPX3TkRT9pV8/Cx6jCCJ52+tKWXM7PwhYyZ6nErUtz3znoh1LDQ7hHft0l2KVX7nGmV4h8qm5u83vCUPLwbWl6FdAGAeeH7ibQ6YiQcS4G8j1Pg=="},"$os":"WINDOWS","$os_name":"WINDOWS","$session_id":"9caccfe9-cc2d-4f32-9452-815891d4b078_a3beab18-3938-46ca-9c0f-5527c9972526","distinct_id":"b436f785064ea140538673dd9b84f3f59c821871","product_name":"UModeler Hub","product_version":"1.1.6","platform_name":"Unity","platform_version":"6000.0.29f1","screen_width":1920,"screen_height":1080,"viewport_width":640,"viewport_height":480,"unity_systeminfo_language":"Korean","unity_systeminfo_os":"Windows 10  (10.0.19045) 64bit","unity_systeminfo_graphicsDeviceType":"Direct3D11","unity_systeminfo_graphicsDeviceVendor":"NVIDIA","unity_systeminfo_graphicsDeviceName":"NVIDIA GeForce RTX 2060","unity_systeminfo_deviceType":"Desktop","unity_systeminfo_processorType":"Intel(R) Core(TM) i7-9700F CPU @ 3.00GHz"},"timestamp":"2025-11-02T10:52:48.2768326Z"}]}
[2025-11-02 오후 7:52:53] [Debug] [HubAnalytics] PosthogClient.BatchAsync: Sent 1 queue item(s).
[2025-11-02 오후 7:52:53] [Debug] [Application] Service Release: Tripolygon.UModeler.Hub.HubAnalyticsService
[2025-11-02 오후 7:52:53] [Debug] [Application] Service Release: Tripolygon.UModeler.Hub.HubFlashService
[2025-11-02 오후 7:52:54] [Debug] [Application] Service Release: Tripolygon.UModeler.Editor.UI.UnityEditorApplicationUtilityService
[2025-11-02 오후 7:52:54] [Debug] [Application] Service Release: Tripolygon.UModeler.Hub.HubService
[2025-11-02 오후 7:52:54] [Debug] [Application] Service Release: Tripolygon.UModeler.Editor.UI.UnityEditorApplicationCache
[2025-11-02 오후 7:52:54] [Debug] [Application] Service Release: Tripolygon.UModeler.Hub.HubAuthentication
[2025-11-02 오후 7:52:58] [Debug] [Application] service: Tripolygon.UModeler.Hub.HubAuthentication = Tripolygon.UModeler.Hub.HubAuthentication
[2025-11-02 오후 7:52:58] [Debug] [Application] service: Tripolygon.UModeler.UI.IApplicationCache = Tripolygon.UModeler.Editor.UI.UnityEditorApplicationCache
[2025-11-02 오후 7:52:58] [Debug] ActualHost
[2025-11-02 오후 7:52:58] [Debug] [Application] service: Tripolygon.UModeler.Hub.IHubService = Tripolygon.UModeler.Hub.HubService
[2025-11-02 오후 7:52:58] [Debug] [Application] service: Tripolygon.UModeler.Authentication.IAuthenticationApiProvider = Tripolygon.UModeler.Editor.AuthenticationApiProviderService
[2025-11-02 오후 7:52:58] [Debug] [Application] service: Tripolygon.UModeler.UI.IObjectHierarchyService = Tripolygon.UModeler.Editor.UI.UnityEditorObjectHierarchyService
[2025-11-02 오후 7:52:58] [Debug] [Application] service: Tripolygon.UModeler.UI.IApplicationUtilityService = Tripolygon.UModeler.Editor.UI.UnityEditorApplicationUtilityService
[2025-11-02 오후 7:52:58] [Debug] [Application] service: Tripolygon.UModeler.Editor.UI.ApplicationSettings = Tripolygon.UModeler.Editor.UI.ApplicationSettings
[2025-11-02 오후 7:52:58] [Debug] [Application] service: Tripolygon.UModeler.UI.ITextureProvider = Tripolygon.UModeler.Editor.UI.UnityEditorTextureProvider
[2025-11-02 오후 7:52:58] [Debug] [Application] service: Tripolygon.UModeler.Hub.Resources.IResourcesApiProvider = Tripolygon.UModeler.Hub.ResourcesApiProviderService
[2025-11-02 오후 7:52:58] [Debug] [Application] service: Tripolygon.UModeler.Hub.HubFlashService = Tripolygon.UModeler.Hub.HubFlashService
[2025-11-02 오후 7:52:58] [Debug] [Application] service: Tripolygon.UModeler.Hub.IHubAnalyticsService = Tripolygon.UModeler.Hub.HubAnalyticsService
[2025-11-02 오후 7:52:58] [Debug] [Application] service: Tripolygon.UModeler.Hub.VSAttributionService = Tripolygon.UModeler.Hub.VSAttributionService
[2025-11-02 오후 7:52:58] [Debug] [Application] service: Tripolygon.UModeler.Hub.Notifications.UpdateHubNotifier = Tripolygon.UModeler.Hub.Notifications.UpdateHubNotifier
[2025-11-02 오후 7:52:58] [Debug] [Application] service: Tripolygon.UModeler.Hub.Notifications.UpdateProductNotifier = Tripolygon.UModeler.Hub.Notifications.UpdateProductNotifier
[2025-11-02 오후 7:52:58] [Debug] [Application] service: Tripolygon.UModeler.Hub.INoticeService = Tripolygon.UModeler.Hub.Noticies.NoticeService
[2025-11-02 오후 7:52:58] [Debug] [Application] service: Tripolygon.UModeler.Hub.Views.SceneViews.HubSceneViewService = Tripolygon.UModeler.Hub.Views.SceneViews.HubSceneViewService
[2025-11-02 오후 7:52:59] [Debug] [Application] Initialize: isReloading=True
[2025-11-02 오후 7:52:59] [Debug] [Application] Service Initialize: Tripolygon.UModeler.Hub.HubAuthentication
[2025-11-02 오후 7:53:00] [Debug] [Application] Service Initialize: Tripolygon.UModeler.Editor.UI.UnityEditorApplicationCache
[2025-11-02 오후 7:53:00] [Debug] [Application] Service Initialize: Tripolygon.UModeler.Hub.HubService
[2025-11-02 오후 7:53:00] [Debug] [Application] Service Initialize: Tripolygon.UModeler.Editor.UI.UnityEditorApplicationUtilityService
[2025-11-02 오후 7:53:00] [Debug] [Application] Service Initialize: Tripolygon.UModeler.Hub.HubFlashService
[2025-11-02 오후 7:53:00] [Debug] [HubAnalytics] PosthogClient.SetAutoFlush: Value Changed: True
[2025-11-02 오후 7:53:00] [Debug] [Application] Service Initialize: Tripolygon.UModeler.Hub.HubAnalyticsService
[2025-11-02 오후 7:53:00] [Debug] [Application] Service Initialize: Tripolygon.UModeler.Hub.VSAttributionService
[2025-11-02 오후 7:53:00] [Debug] [Application] Service Initialize: Tripolygon.UModeler.Hub.Notifications.UpdateHubNotifier
[2025-11-02 오후 7:53:00] [Debug] [Application] Service Initialize: Tripolygon.UModeler.Hub.Notifications.UpdateProductNotifier
[2025-11-02 오후 7:53:00] [Debug] [Application] Service Initialize: Tripolygon.UModeler.Hub.Noticies.NoticeService
[2025-11-02 오후 7:53:00] [Debug] [Application] Service Initialize: Tripolygon.UModeler.Hub.Views.SceneViews.HubSceneViewService
[2025-11-02 오후 7:54:07] [Debug] [Application] service: Tripolygon.UModeler.Hub.HubAuthentication = Tripolygon.UModeler.Hub.HubAuthentication
[2025-11-02 오후 7:54:07] [Debug] [Application] service: Tripolygon.UModeler.UI.IApplicationCache = Tripolygon.UModeler.Editor.UI.UnityEditorApplicationCache
[2025-11-02 오후 7:54:07] [Debug] ActualHost
[2025-11-02 오후 7:54:07] [Debug] [Application] service: Tripolygon.UModeler.Hub.IHubService = Tripolygon.UModeler.Hub.HubService
[2025-11-02 오후 7:54:07] [Debug] [Application] service: Tripolygon.UModeler.Authentication.IAuthenticationApiProvider = Tripolygon.UModeler.Editor.AuthenticationApiProviderService
[2025-11-02 오후 7:54:07] [Debug] [Application] service: Tripolygon.UModeler.UI.IObjectHierarchyService = Tripolygon.UModeler.Editor.UI.UnityEditorObjectHierarchyService
[2025-11-02 오후 7:54:07] [Debug] [Application] service: Tripolygon.UModeler.Hub.HubAuthentication = Tripolygon.UModeler.Hub.HubAuthentication
[2025-11-02 오후 7:54:07] [Debug] [Application] service: Tripolygon.UModeler.Hub.IHubAnalyticsService = Tripolygon.UModeler.Hub.HubAnalyticsService
[2025-11-02 오후 7:54:07] [Debug] [Application] service: Tripolygon.UModeler.UI.IApplicationCache = Tripolygon.UModeler.Editor.UI.UnityEditorApplicationCache
[2025-11-02 오후 7:54:07] [Debug] [Application] service: Tripolygon.UModeler.Hub.VSAttributionService = Tripolygon.UModeler.Hub.VSAttributionService
[2025-11-02 오후 7:54:07] [Debug] ActualHost
[2025-11-02 오후 7:54:07] [Debug] [Application] service: Tripolygon.UModeler.Hub.Notifications.UpdateHubNotifier = Tripolygon.UModeler.Hub.Notifications.UpdateHubNotifier
[2025-11-02 오후 7:54:07] [Debug] [Application] service: Tripolygon.UModeler.Hub.IHubService = Tripolygon.UModeler.Hub.HubService
[2025-11-02 오후 7:54:07] [Debug] [Application] service: Tripolygon.UModeler.Authentication.IAuthenticationApiProvider = Tripolygon.UModeler.Editor.AuthenticationApiProviderService
[2025-11-02 오후 7:54:07] [Debug] [Application] service: Tripolygon.UModeler.Hub.INoticeService = Tripolygon.UModeler.Hub.Noticies.NoticeService
[2025-11-02 오후 7:54:07] [Debug] [Application] service: Tripolygon.UModeler.UI.IApplicationUtilityService = Tripolygon.UModeler.Editor.UI.UnityEditorApplicationUtilityService
[2025-11-02 오후 7:54:09] [Debug] [Application] Initialize: isReloading=False
[2025-11-02 오후 7:54:08] [Debug] [Application] service: Tripolygon.UModeler.UI.ITextureProvider = Tripolygon.UModeler.Editor.UI.UnityEditorTextureProvider
[2025-11-02 오후 7:54:09] [Debug] [Application] Service Initialize: Tripolygon.UModeler.Hub.HubAuthentication
[2025-11-02 오후 7:54:08] [Debug] [Application] service: Tripolygon.UModeler.Hub.HubFlashService = Tripolygon.UModeler.Hub.HubFlashService
[2025-11-02 오후 7:54:09] [Debug] [Application] Service Initialize: Tripolygon.UModeler.Editor.UI.UnityEditorApplicationCache
[2025-11-02 오후 7:54:08] [Debug] [Application] service: Tripolygon.UModeler.Hub.VSAttributionService = Tripolygon.UModeler.Hub.VSAttributionService
[2025-11-02 오후 7:54:09] [Debug] [Application] Service Initialize: Tripolygon.UModeler.Hub.HubService
[2025-11-02 오후 7:54:08] [Debug] [Application] service: Tripolygon.UModeler.Hub.Notifications.UpdateProductNotifier = Tripolygon.UModeler.Hub.Notifications.UpdateProductNotifier
[2025-11-02 오후 7:54:09] [Debug] [Application] Service Initialize: Tripolygon.UModeler.Editor.UI.UnityEditorApplicationUtilityService
[2025-11-02 오후 7:54:08] [Debug] [Application] service: Tripolygon.UModeler.Hub.Views.SceneViews.HubSceneViewService = Tripolygon.UModeler.Hub.Views.SceneViews.HubSceneViewService
[2025-11-02 오후 7:54:09] [Debug] [Application] Service Initialize: Tripolygon.UModeler.Hub.HubFlashService
[2025-11-02 오후 7:54:09] [Debug] [Application] Service Initialize: Tripolygon.UModeler.Hub.HubAuthentication
[2025-11-02 오후 7:54:09] [Debug] [Application] Service Initialize: Tripolygon.UModeler.Editor.UI.UnityEditorApplicationCache
[2025-11-02 오후 7:54:09] [Debug] [Application] Service Initialize: Tripolygon.UModeler.Hub.HubService
[2025-11-02 오후 7:54:09] [Debug] [HubAnalytics] PosthogClient.SetAutoFlush: Value Changed: True
[2025-11-02 오후 7:54:09] [Debug] [Application] Service Initialize: Tripolygon.UModeler.Editor.UI.UnityEditorApplicationUtilityService
[2025-11-02 오후 7:54:09] [Debug] [Application] Service Initialize: Tripolygon.UModeler.Hub.HubFlashService
[2025-11-02 오후 7:54:09] [Debug] [Application] Service Initialize: Tripolygon.UModeler.Hub.HubAnalyticsService
[2025-11-02 오후 7:54:09] [Debug] [Application] Service Initialize: Tripolygon.UModeler.Hub.VSAttributionService
[2025-11-02 오후 7:54:09] [Debug] [Application] Service Initialize: Tripolygon.UModeler.Hub.Notifications.UpdateHubNotifier
[2025-11-02 오후 7:54:09] [Debug] [HubAnalytics] PosthogClient.SetAutoFlush: Value Changed: True
[2025-11-02 오후 7:54:09] [Debug] [Application] Service Initialize: Tripolygon.UModeler.Hub.Notifications.UpdateProductNotifier
[2025-11-02 오후 7:54:09] [Debug] [Application] Service Initialize: Tripolygon.UModeler.Hub.Noticies.NoticeService
[2025-11-02 오후 7:54:09] [Debug] [Application] Service Initialize: Tripolygon.UModeler.Hub.HubAnalyticsService
[2025-11-02 오후 7:54:09] [Debug] [Application] Service Initialize: Tripolygon.UModeler.Hub.Views.SceneViews.HubSceneViewService
[2025-11-02 오후 7:54:09] [Debug] [Application] Service Initialize: Tripolygon.UModeler.Hub.VSAttributionService
[2025-11-02 오후 7:54:09] [Debug] [Application] Service Initialize: Tripolygon.UModeler.Hub.Notifications.UpdateHubNotifier
[2025-11-02 오후 7:54:09] [Debug] [Application] Service Initialize: Tripolygon.UModeler.Hub.Notifications.UpdateProductNotifier
[2025-11-02 오후 7:54:09] [Debug] [Application] Service Initialize: Tripolygon.UModeler.Hub.Noticies.NoticeService
[2025-11-02 오후 7:54:09] [Debug] [Application] Service Initialize: Tripolygon.UModeler.Hub.Views.SceneViews.HubSceneViewService
[2025-11-02 오후 8:20:19] [Debug] [Application] Release: isReloading=True
[2025-11-02 오후 8:20:19] [Debug] [Application] Service Release: Tripolygon.UModeler.Hub.Views.SceneViews.HubSceneViewService
[2025-11-02 오후 8:20:19] [Debug] [Application] Service Release: Tripolygon.UModeler.Hub.Noticies.NoticeService
[2025-11-02 오후 8:20:19] [Debug] [Application] Service Release: Tripolygon.UModeler.Hub.Notifications.UpdateProductNotifier
[2025-11-02 오후 8:20:19] [Debug] [Application] Service Release: Tripolygon.UModeler.Hub.Notifications.UpdateHubNotifier
[2025-11-02 오후 8:20:19] [Debug] [Application] Service Release: Tripolygon.UModeler.Hub.VSAttributionService
[2025-11-02 오후 8:20:19] [Debug] [HubAnalytics] PosthogClient.SetAutoFlush: Value Changed: False
[2025-11-02 오후 8:20:19] [Debug] [Application] Service Release: Tripolygon.UModeler.Hub.HubAnalyticsService
[2025-11-02 오후 8:20:19] [Debug] [Application] Service Release: Tripolygon.UModeler.Hub.HubFlashService
[2025-11-02 오후 8:20:19] [Debug] [Application] Service Release: Tripolygon.UModeler.Editor.UI.UnityEditorApplicationUtilityService
[2025-11-02 오후 8:20:19] [Debug] [Application] Service Release: Tripolygon.UModeler.Hub.HubService
[2025-11-02 오후 8:20:19] [Debug] [Application] Service Release: Tripolygon.UModeler.Editor.UI.UnityEditorApplicationCache
[2025-11-02 오후 8:20:19] [Debug] [Application] Service Release: Tripolygon.UModeler.Hub.HubAuthentication
[2025-11-02 오후 8:20:25] [Debug] [Application] service: Tripolygon.UModeler.Hub.HubAuthentication = Tripolygon.UModeler.Hub.HubAuthentication
[2025-11-02 오후 8:20:25] [Debug] [Application] service: Tripolygon.UModeler.UI.IApplicationCache = Tripolygon.UModeler.Editor.UI.UnityEditorApplicationCache
[2025-11-02 오후 8:20:25] [Debug] ActualHost
[2025-11-02 오후 8:20:25] [Debug] [Application] service: Tripolygon.UModeler.Hub.IHubService = Tripolygon.UModeler.Hub.HubService
[2025-11-02 오후 8:20:25] [Debug] [Application] service: Tripolygon.UModeler.Authentication.IAuthenticationApiProvider = Tripolygon.UModeler.Editor.AuthenticationApiProviderService
[2025-11-02 오후 8:20:25] [Debug] [Application] service: Tripolygon.UModeler.UI.IObjectHierarchyService = Tripolygon.UModeler.Editor.UI.UnityEditorObjectHierarchyService
[2025-11-02 오후 8:20:25] [Debug] [Application] service: Tripolygon.UModeler.UI.IApplicationUtilityService = Tripolygon.UModeler.Editor.UI.UnityEditorApplicationUtilityService
[2025-11-02 오후 8:20:25] [Debug] [Application] service: Tripolygon.UModeler.Editor.UI.ApplicationSettings = Tripolygon.UModeler.Editor.UI.ApplicationSettings
[2025-11-02 오후 8:20:25] [Debug] [Application] service: Tripolygon.UModeler.UI.ITextureProvider = Tripolygon.UModeler.Editor.UI.UnityEditorTextureProvider
[2025-11-02 오후 8:20:25] [Debug] [Application] service: Tripolygon.UModeler.Hub.Resources.IResourcesApiProvider = Tripolygon.UModeler.Hub.ResourcesApiProviderService
[2025-11-02 오후 8:20:25] [Debug] [Application] service: Tripolygon.UModeler.Hub.HubFlashService = Tripolygon.UModeler.Hub.HubFlashService
[2025-11-02 오후 8:20:25] [Debug] [Application] service: Tripolygon.UModeler.Hub.IHubAnalyticsService = Tripolygon.UModeler.Hub.HubAnalyticsService
[2025-11-02 오후 8:20:25] [Debug] [Application] service: Tripolygon.UModeler.Hub.VSAttributionService = Tripolygon.UModeler.Hub.VSAttributionService
[2025-11-02 오후 8:20:25] [Debug] [Application] service: Tripolygon.UModeler.Hub.Notifications.UpdateHubNotifier = Tripolygon.UModeler.Hub.Notifications.UpdateHubNotifier
[2025-11-02 오후 8:20:25] [Debug] [Application] service: Tripolygon.UModeler.Hub.Notifications.UpdateProductNotifier = Tripolygon.UModeler.Hub.Notifications.UpdateProductNotifier
[2025-11-02 오후 8:20:25] [Debug] [Application] service: Tripolygon.UModeler.Hub.INoticeService = Tripolygon.UModeler.Hub.Noticies.NoticeService
[2025-11-02 오후 8:20:25] [Debug] [Application] service: Tripolygon.UModeler.Hub.Views.SceneViews.HubSceneViewService = Tripolygon.UModeler.Hub.Views.SceneViews.HubSceneViewService
[2025-11-02 오후 8:20:27] [Debug] [Application] Initialize: isReloading=True
[2025-11-02 오후 8:20:27] [Debug] [Application] Service Initialize: Tripolygon.UModeler.Hub.HubAuthentication
[2025-11-02 오후 8:20:27] [Debug] [Application] Service Initialize: Tripolygon.UModeler.Editor.UI.UnityEditorApplicationCache
[2025-11-02 오후 8:20:27] [Debug] [Application] Service Initialize: Tripolygon.UModeler.Hub.HubService
[2025-11-02 오후 8:20:27] [Debug] [Application] Service Initialize: Tripolygon.UModeler.Editor.UI.UnityEditorApplicationUtilityService
[2025-11-02 오후 8:20:27] [Debug] [Application] Service Initialize: Tripolygon.UModeler.Hub.HubFlashService
[2025-11-02 오후 8:20:27] [Debug] [HubAnalytics] PosthogClient.SetAutoFlush: Value Changed: True
[2025-11-02 오후 8:20:27] [Debug] [Application] Service Initialize: Tripolygon.UModeler.Hub.HubAnalyticsService
[2025-11-02 오후 8:20:27] [Debug] [Application] Service Initialize: Tripolygon.UModeler.Hub.VSAttributionService
[2025-11-02 오후 8:20:27] [Debug] [Application] Service Initialize: Tripolygon.UModeler.Hub.Notifications.UpdateHubNotifier
[2025-11-02 오후 8:20:27] [Debug] [Application] Service Initialize: Tripolygon.UModeler.Hub.Notifications.UpdateProductNotifier
[2025-11-02 오후 8:20:27] [Debug] [Application] Service Initialize: Tripolygon.UModeler.Hub.Noticies.NoticeService
[2025-11-02 오후 8:20:27] [Debug] [Application] Service Initialize: Tripolygon.UModeler.Hub.Views.SceneViews.HubSceneViewService
[2025-11-02 오후 8:20:28] [Debug] [Application] Release: isReloading=True
[2025-11-02 오후 8:20:28] [Debug] [Application] Release: isReloading=True
[2025-11-02 오후 8:20:28] [Debug] [Application] Service Release: Tripolygon.UModeler.Hub.Views.SceneViews.HubSceneViewService
[2025-11-02 오후 8:20:28] [Debug] [Application] Service Release: Tripolygon.UModeler.Hub.Views.SceneViews.HubSceneViewService
[2025-11-02 오후 8:20:28] [Debug] [Application] Service Release: Tripolygon.UModeler.Hub.Noticies.NoticeService
[2025-11-02 오후 8:20:28] [Debug] [Application] Service Release: Tripolygon.UModeler.Hub.Noticies.NoticeService
[2025-11-02 오후 8:20:28] [Debug] [Application] Service Release: Tripolygon.UModeler.Hub.Notifications.UpdateProductNotifier
[2025-11-02 오후 8:20:28] [Debug] [Application] Service Release: Tripolygon.UModeler.Hub.Notifications.UpdateProductNotifier
[2025-11-02 오후 8:20:28] [Debug] [Application] Service Release: Tripolygon.UModeler.Hub.Notifications.UpdateHubNotifier
[2025-11-02 오후 8:20:28] [Debug] [Application] Service Release: Tripolygon.UModeler.Hub.Notifications.UpdateHubNotifier
[2025-11-02 오후 8:20:28] [Debug] [Application] Service Release: Tripolygon.UModeler.Hub.VSAttributionService
[2025-11-02 오후 8:20:28] [Debug] [Application] Service Release: Tripolygon.UModeler.Hub.VSAttributionService
[2025-11-02 오후 8:20:30] [Debug] [Application] service: Tripolygon.UModeler.Hub.HubAuthentication = Tripolygon.UModeler.Hub.HubAuthentication
[2025-11-02 오후 8:20:30] [Debug] [Application] service: Tripolygon.UModeler.Hub.HubAuthentication = Tripolygon.UModeler.Hub.HubAuthentication
[2025-11-02 오후 8:20:30] [Debug] [Application] service: Tripolygon.UModeler.UI.IObjectHierarchyService = Tripolygon.UModeler.Editor.UI.UnityEditorObjectHierarchyService
[2025-11-02 오후 8:20:30] [Debug] ActualHost
[2025-11-02 오후 8:20:30] [Debug] [Application] service: Tripolygon.UModeler.UI.IApplicationUtilityService = Tripolygon.UModeler.Editor.UI.UnityEditorApplicationUtilityService
[2025-11-02 오후 8:20:30] [Debug] [Application] service: Tripolygon.UModeler.Editor.UI.ApplicationSettings = Tripolygon.UModeler.Editor.UI.ApplicationSettings
[2025-11-02 오후 8:20:30] [Debug] [Application] service: Tripolygon.UModeler.UI.IApplicationUtilityService = Tripolygon.UModeler.Editor.UI.UnityEditorApplicationUtilityService
[2025-11-02 오후 8:20:30] [Debug] [Application] service: Tripolygon.UModeler.UI.ITextureProvider = Tripolygon.UModeler.Editor.UI.UnityEditorTextureProvider
[2025-11-02 오후 8:20:30] [Debug] [Application] service: Tripolygon.UModeler.UI.ITextureProvider = Tripolygon.UModeler.Editor.UI.UnityEditorTextureProvider
[2025-11-02 오후 8:20:30] [Debug] [Application] service: Tripolygon.UModeler.Hub.Resources.IResourcesApiProvider = Tripolygon.UModeler.Hub.ResourcesApiProviderService
[2025-11-02 오후 8:20:30] [Debug] [Application] service: Tripolygon.UModeler.Hub.HubFlashService = Tripolygon.UModeler.Hub.HubFlashService
[2025-11-02 오후 8:20:30] [Debug] [Application] service: Tripolygon.UModeler.Hub.HubFlashService = Tripolygon.UModeler.Hub.HubFlashService
[2025-11-02 오후 8:20:30] [Debug] [Application] service: Tripolygon.UModeler.Hub.VSAttributionService = Tripolygon.UModeler.Hub.VSAttributionService
[2025-11-02 오후 8:20:30] [Debug] [Application] service: Tripolygon.UModeler.Hub.IHubAnalyticsService = Tripolygon.UModeler.Hub.HubAnalyticsService
[2025-11-02 오후 8:20:30] [Debug] [Application] service: Tripolygon.UModeler.Hub.Notifications.UpdateProductNotifier = Tripolygon.UModeler.Hub.Notifications.UpdateProductNotifier
[2025-11-02 오후 8:20:30] [Debug] [Application] service: Tripolygon.UModeler.Hub.VSAttributionService = Tripolygon.UModeler.Hub.VSAttributionService
[2025-11-02 오후 8:20:30] [Debug] [Application] service: Tripolygon.UModeler.Hub.Views.SceneViews.HubSceneViewService = Tripolygon.UModeler.Hub.Views.SceneViews.HubSceneViewService
[2025-11-02 오후 8:20:30] [Debug] [Application] service: Tripolygon.UModeler.Hub.Notifications.UpdateHubNotifier = Tripolygon.UModeler.Hub.Notifications.UpdateHubNotifier
[2025-11-02 오후 8:20:32] [Debug] [Application] Service Initialize: Tripolygon.UModeler.Hub.HubAuthentication
[2025-11-02 오후 8:20:30] [Debug] [Application] service: Tripolygon.UModeler.Hub.Notifications.UpdateProductNotifier = Tripolygon.UModeler.Hub.Notifications.UpdateProductNotifier
[2025-11-02 오후 8:20:32] [Debug] [Application] Service Initialize: Tripolygon.UModeler.Editor.UI.UnityEditorApplicationCache
[2025-11-02 오후 8:20:30] [Debug] [Application] service: Tripolygon.UModeler.Hub.Views.SceneViews.HubSceneViewService = Tripolygon.UModeler.Hub.Views.SceneViews.HubSceneViewService
[2025-11-02 오후 8:20:31] [Debug] [Application] Initialize: isReloading=True
[2025-11-02 오후 8:20:32] [Debug] [Application] Service Initialize: Tripolygon.UModeler.Hub.HubService
[2025-11-02 오후 8:20:32] [Debug] [Application] Service Initialize: Tripolygon.UModeler.Hub.HubAuthentication
[2025-11-02 오후 8:20:32] [Debug] [Application] Service Initialize: Tripolygon.UModeler.Editor.UI.UnityEditorApplicationUtilityService
[2025-11-02 오후 8:20:32] [Debug] [Application] Service Initialize: Tripolygon.UModeler.Editor.UI.UnityEditorApplicationCache
[2025-11-02 오후 8:20:32] [Debug] [Application] Service Initialize: Tripolygon.UModeler.Hub.HubFlashService
[2025-11-02 오후 8:20:32] [Debug] [Application] Service Initialize: Tripolygon.UModeler.Hub.HubService
[2025-11-02 오후 8:20:32] [Debug] [HubAnalytics] PosthogClient.SetAutoFlush: Value Changed: True
[2025-11-02 오후 8:20:32] [Debug] [Application] Service Initialize: Tripolygon.UModeler.Editor.UI.UnityEditorApplicationUtilityService
[2025-11-02 오후 8:20:32] [Debug] [Application] Service Initialize: Tripolygon.UModeler.Hub.HubFlashService
[2025-11-02 오후 8:20:32] [Debug] [Application] Service Initialize: Tripolygon.UModeler.Hub.HubAnalyticsService
[2025-11-02 오후 8:20:32] [Debug] [HubAnalytics] PosthogClient.SetAutoFlush: Value Changed: True
[2025-11-02 오후 8:20:32] [Debug] [Application] Service Initialize: Tripolygon.UModeler.Hub.Notifications.UpdateHubNotifier
[2025-11-02 오후 8:20:32] [Debug] [Application] Service Initialize: Tripolygon.UModeler.Hub.HubAnalyticsService
[2025-11-02 오후 8:20:32] [Debug] [Application] Service Initialize: Tripolygon.UModeler.Hub.Notifications.UpdateProductNotifier
[2025-11-02 오후 8:20:32] [Debug] [Application] Service Initialize: Tripolygon.UModeler.Hub.VSAttributionService
[2025-11-02 오후 8:20:32] [Debug] [Application] Service Initialize: Tripolygon.UModeler.Hub.Noticies.NoticeService
[2025-11-02 오후 8:20:32] [Debug] [Application] Service Initialize: Tripolygon.UModeler.Hub.Notifications.UpdateHubNotifier
[2025-11-02 오후 8:20:32] [Debug] [Application] Service Initialize: Tripolygon.UModeler.Hub.Views.SceneViews.HubSceneViewService
[2025-11-02 오후 8:20:32] [Debug] [Application] Service Initialize: Tripolygon.UModeler.Hub.Notifications.UpdateProductNotifier
[2025-11-02 오후 8:20:32] [Debug] [Application] Service Initialize: Tripolygon.UModeler.Hub.Noticies.NoticeService
[2025-11-02 오후 8:20:32] [Debug] [Application] Service Initialize: Tripolygon.UModeler.Hub.Views.SceneViews.HubSceneViewService
[2025-11-02 오후 8:21:55] [Debug] [Application] Release: isReloading=True
[2025-11-02 오후 8:21:55] [Debug] [Application] Service Release: Tripolygon.UModeler.Hub.Views.SceneViews.HubSceneViewService
[2025-11-02 오후 8:21:56] [Debug] [Application] Service Release: Tripolygon.UModeler.Hub.Noticies.NoticeService
[2025-11-02 오후 8:21:56] [Debug] [Application] Service Release: Tripolygon.UModeler.Hub.Notifications.UpdateProductNotifier
[2025-11-02 오후 8:21:56] [Debug] [Application] Service Release: Tripolygon.UModeler.Hub.Notifications.UpdateHubNotifier
[2025-11-02 오후 8:21:56] [Debug] [Application] Service Release: Tripolygon.UModeler.Hub.VSAttributionService
[2025-11-02 오후 8:21:56] [Debug] [HubAnalytics] PosthogClient.SetAutoFlush: Value Changed: False
[2025-11-02 오후 8:21:56] [Debug] [Application] Service Release: Tripolygon.UModeler.Hub.HubAnalyticsService
[2025-11-02 오후 8:21:56] [Debug] [Application] Service Release: Tripolygon.UModeler.Hub.HubFlashService
[2025-11-02 오후 8:21:56] [Debug] [Application] Service Release: Tripolygon.UModeler.Editor.UI.UnityEditorApplicationUtilityService
[2025-11-02 오후 8:21:56] [Debug] [Application] Service Release: Tripolygon.UModeler.Hub.HubService
[2025-11-02 오후 8:21:56] [Debug] [Application] Service Release: Tripolygon.UModeler.Editor.UI.UnityEditorApplicationCache
[2025-11-02 오후 8:21:56] [Debug] [Application] Service Release: Tripolygon.UModeler.Hub.HubAuthentication
[2025-11-02 오후 8:22:01] [Debug] [Application] service: Tripolygon.UModeler.Hub.HubAuthentication = Tripolygon.UModeler.Hub.HubAuthentication
[2025-11-02 오후 8:22:01] [Debug] [Application] service: Tripolygon.UModeler.UI.IApplicationCache = Tripolygon.UModeler.Editor.UI.UnityEditorApplicationCache
[2025-11-02 오후 8:22:01] [Debug] ActualHost
[2025-11-02 오후 8:22:01] [Debug] [Application] service: Tripolygon.UModeler.Hub.IHubService = Tripolygon.UModeler.Hub.HubService
[2025-11-02 오후 8:22:01] [Debug] [Application] service: Tripolygon.UModeler.Authentication.IAuthenticationApiProvider = Tripolygon.UModeler.Editor.AuthenticationApiProviderService
[2025-11-02 오후 8:22:01] [Debug] [Application] service: Tripolygon.UModeler.UI.IObjectHierarchyService = Tripolygon.UModeler.Editor.UI.UnityEditorObjectHierarchyService
[2025-11-02 오후 8:22:01] [Debug] [Application] service: Tripolygon.UModeler.UI.IApplicationUtilityService = Tripolygon.UModeler.Editor.UI.UnityEditorApplicationUtilityService
[2025-11-02 오후 8:22:01] [Debug] [Application] service: Tripolygon.UModeler.Editor.UI.ApplicationSettings = Tripolygon.UModeler.Editor.UI.ApplicationSettings
[2025-11-02 오후 8:22:01] [Debug] [Application] service: Tripolygon.UModeler.UI.ITextureProvider = Tripolygon.UModeler.Editor.UI.UnityEditorTextureProvider
[2025-11-02 오후 8:22:01] [Debug] [Application] service: Tripolygon.UModeler.Hub.Resources.IResourcesApiProvider = Tripolygon.UModeler.Hub.ResourcesApiProviderService
[2025-11-02 오후 8:22:01] [Debug] [Application] service: Tripolygon.UModeler.Hub.HubFlashService = Tripolygon.UModeler.Hub.HubFlashService
[2025-11-02 오후 8:22:01] [Debug] [Application] service: Tripolygon.UModeler.Hub.IHubAnalyticsService = Tripolygon.UModeler.Hub.HubAnalyticsService
[2025-11-02 오후 8:22:01] [Debug] [Application] service: Tripolygon.UModeler.Hub.VSAttributionService = Tripolygon.UModeler.Hub.VSAttributionService
[2025-11-02 오후 8:22:01] [Debug] [Application] service: Tripolygon.UModeler.Hub.Notifications.UpdateHubNotifier = Tripolygon.UModeler.Hub.Notifications.UpdateHubNotifier
[2025-11-02 오후 8:22:01] [Debug] [Application] service: Tripolygon.UModeler.Hub.Notifications.UpdateProductNotifier = Tripolygon.UModeler.Hub.Notifications.UpdateProductNotifier
[2025-11-02 오후 8:22:01] [Debug] [Application] service: Tripolygon.UModeler.Hub.INoticeService = Tripolygon.UModeler.Hub.Noticies.NoticeService
[2025-11-02 오후 8:22:01] [Debug] [Application] service: Tripolygon.UModeler.Hub.Views.SceneViews.HubSceneViewService = Tripolygon.UModeler.Hub.Views.SceneViews.HubSceneViewService
[2025-11-02 오후 8:22:03] [Debug] [Application] Initialize: isReloading=True
[2025-11-02 오후 8:22:03] [Debug] [Application] Service Initialize: Tripolygon.UModeler.Hub.HubAuthentication
[2025-11-02 오후 8:22:03] [Debug] [Application] Service Initialize: Tripolygon.UModeler.Editor.UI.UnityEditorApplicationCache
[2025-11-02 오후 8:22:03] [Debug] [Application] Service Initialize: Tripolygon.UModeler.Hub.HubService
[2025-11-02 오후 8:22:03] [Debug] [Application] Service Initialize: Tripolygon.UModeler.Editor.UI.UnityEditorApplicationUtilityService
[2025-11-02 오후 8:22:03] [Debug] [Application] Service Initialize: Tripolygon.UModeler.Hub.HubFlashService
[2025-11-02 오후 8:22:03] [Debug] [HubAnalytics] PosthogClient.SetAutoFlush: Value Changed: True
[2025-11-02 오후 8:22:03] [Debug] [Application] Service Initialize: Tripolygon.UModeler.Hub.HubAnalyticsService
[2025-11-02 오후 8:22:03] [Debug] [Application] Service Initialize: Tripolygon.UModeler.Hub.VSAttributionService
[2025-11-02 오후 8:22:03] [Debug] [Application] Service Initialize: Tripolygon.UModeler.Hub.Notifications.UpdateHubNotifier
[2025-11-02 오후 8:22:03] [Debug] [Application] Service Initialize: Tripolygon.UModeler.Hub.Notifications.UpdateProductNotifier
[2025-11-02 오후 8:22:03] [Debug] [Application] Service Initialize: Tripolygon.UModeler.Hub.Noticies.NoticeService
[2025-11-02 오후 8:22:03] [Debug] [Application] Service Initialize: Tripolygon.UModeler.Hub.Views.SceneViews.HubSceneViewService
[2025-11-02 오후 8:22:04] [Debug] [Application] Release: isReloading=True
[2025-11-02 오후 8:22:04] [Debug] [Application] Release: isReloading=True
[2025-11-02 오후 8:22:04] [Debug] [Application] Service Release: Tripolygon.UModeler.Hub.Views.SceneViews.HubSceneViewService
[2025-11-02 오후 8:22:04] [Debug] [Application] Service Release: Tripolygon.UModeler.Hub.Views.SceneViews.HubSceneViewService
[2025-11-02 오후 8:22:04] [Debug] [Application] Service Release: Tripolygon.UModeler.Hub.Noticies.NoticeService
[2025-11-02 오후 8:22:04] [Debug] [Application] Service Release: Tripolygon.UModeler.Hub.Noticies.NoticeService
[2025-11-02 오후 8:22:04] [Debug] [Application] Service Release: Tripolygon.UModeler.Hub.Notifications.UpdateProductNotifier
[2025-11-02 오후 8:22:04] [Debug] [Application] Service Release: Tripolygon.UModeler.Hub.Notifications.UpdateProductNotifier
[2025-11-02 오후 8:22:04] [Debug] [Application] Service Release: Tripolygon.UModeler.Hub.Notifications.UpdateHubNotifier
[2025-11-02 오후 8:22:04] [Debug] [Application] Service Release: Tripolygon.UModeler.Hub.Notifications.UpdateHubNotifier
[2025-11-02 오후 8:22:04] [Debug] [Application] Service Release: Tripolygon.UModeler.Hub.VSAttributionService
[2025-11-02 오후 8:22:04] [Debug] [Application] Service Release: Tripolygon.UModeler.Hub.VSAttributionService
[2025-11-02 오후 8:22:07] [Debug] [Application] service: Tripolygon.UModeler.Hub.HubAuthentication = Tripolygon.UModeler.Hub.HubAuthentication
[2025-11-02 오후 8:22:07] [Debug] [Application] service: Tripolygon.UModeler.Hub.HubAuthentication = Tripolygon.UModeler.Hub.HubAuthentication
[2025-11-02 오후 8:22:07] [Debug] [Application] service: Tripolygon.UModeler.UI.IApplicationUtilityService = Tripolygon.UModeler.Editor.UI.UnityEditorApplicationUtilityService
[2025-11-02 오후 8:22:07] [Debug] [Application] service: Tripolygon.UModeler.UI.IApplicationCache = Tripolygon.UModeler.Editor.UI.UnityEditorApplicationCache
[2025-11-02 오후 8:22:07] [Debug] [Application] service: Tripolygon.UModeler.Editor.UI.ApplicationSettings = Tripolygon.UModeler.Editor.UI.ApplicationSettings
[2025-11-02 오후 8:22:07] [Debug] ActualHost
[2025-11-02 오후 8:22:07] [Debug] [Application] service: Tripolygon.UModeler.Hub.Resources.IResourcesApiProvider = Tripolygon.UModeler.Hub.ResourcesApiProviderService
[2025-11-02 오후 8:22:07] [Debug] [Application] service: Tripolygon.UModeler.Authentication.IAuthenticationApiProvider = Tripolygon.UModeler.Editor.AuthenticationApiProviderService
[2025-11-02 오후 8:22:07] [Debug] [Application] service: Tripolygon.UModeler.Hub.IHubAnalyticsService = Tripolygon.UModeler.Hub.HubAnalyticsService
[2025-11-02 오후 8:22:07] [Debug] [Application] service: Tripolygon.UModeler.UI.IApplicationUtilityService = Tripolygon.UModeler.Editor.UI.UnityEditorApplicationUtilityService
[2025-11-02 오후 8:22:07] [Debug] [Application] service: Tripolygon.UModeler.Hub.Notifications.UpdateHubNotifier = Tripolygon.UModeler.Hub.Notifications.UpdateHubNotifier
[2025-11-02 오후 8:22:07] [Debug] [Application] service: Tripolygon.UModeler.UI.ITextureProvider = Tripolygon.UModeler.Editor.UI.UnityEditorTextureProvider
[2025-11-02 오후 8:22:07] [Debug] [Application] service: Tripolygon.UModeler.Hub.INoticeService = Tripolygon.UModeler.Hub.Noticies.NoticeService
[2025-11-02 오후 8:22:07] [Debug] [Application] service: Tripolygon.UModeler.Hub.Views.SceneViews.HubSceneViewService = Tripolygon.UModeler.Hub.Views.SceneViews.HubSceneViewService
[2025-11-02 오후 8:22:07] [Debug] [Application] service: Tripolygon.UModeler.Hub.IHubAnalyticsService = Tripolygon.UModeler.Hub.HubAnalyticsService
[2025-11-02 오후 8:22:08] [Debug] [Application] Initialize: isReloading=True
[2025-11-02 오후 8:22:07] [Debug] [Application] service: Tripolygon.UModeler.Hub.VSAttributionService = Tripolygon.UModeler.Hub.VSAttributionService
[2025-11-02 오후 8:22:08] [Debug] [Application] Service Initialize: Tripolygon.UModeler.Hub.HubAuthentication
[2025-11-02 오후 8:22:07] [Debug] [Application] service: Tripolygon.UModeler.Hub.Notifications.UpdateProductNotifier = Tripolygon.UModeler.Hub.Notifications.UpdateProductNotifier
[2025-11-02 오후 8:22:08] [Debug] [Application] Service Initialize: Tripolygon.UModeler.Editor.UI.UnityEditorApplicationCache
[2025-11-02 오후 8:22:07] [Debug] [Application] service: Tripolygon.UModeler.Hub.INoticeService = Tripolygon.UModeler.Hub.Noticies.NoticeService
[2025-11-02 오후 8:22:08] [Debug] [Application] Service Initialize: Tripolygon.UModeler.Hub.HubService
[2025-11-02 오후 8:22:08] [Debug] [Application] Initialize: isReloading=False
[2025-11-02 오후 8:22:08] [Debug] [Application] Service Initialize: Tripolygon.UModeler.Hub.HubAuthentication
[2025-11-02 오후 8:22:08] [Debug] [Application] Service Initialize: Tripolygon.UModeler.Editor.UI.UnityEditorApplicationUtilityService
[2025-11-02 오후 8:22:08] [Debug] [Application] Service Initialize: Tripolygon.UModeler.Editor.UI.UnityEditorApplicationCache
[2025-11-02 오후 8:22:08] [Debug] [Application] Service Initialize: Tripolygon.UModeler.Hub.HubFlashService
[2025-11-02 오후 8:22:08] [Debug] [Application] Service Initialize: Tripolygon.UModeler.Hub.HubService
[2025-11-02 오후 8:22:08] [Debug] [HubAnalytics] PosthogClient.SetAutoFlush: Value Changed: True
[2025-11-02 오후 8:22:08] [Debug] [Application] Service Initialize: Tripolygon.UModeler.Editor.UI.UnityEditorApplicationUtilityService
[2025-11-02 오후 8:22:08] [Debug] [Application] Service Initialize: Tripolygon.UModeler.Hub.HubFlashService
[2025-11-02 오후 8:22:08] [Debug] [Application] Service Initialize: Tripolygon.UModeler.Hub.HubAnalyticsService
[2025-11-02 오후 8:22:08] [Debug] [HubAnalytics] PosthogClient.SetAutoFlush: Value Changed: True
[2025-11-02 오후 8:22:08] [Debug] [Application] Service Initialize: Tripolygon.UModeler.Hub.VSAttributionService
[2025-11-02 오후 8:22:08] [Debug] [Application] Service Initialize: Tripolygon.UModeler.Hub.Notifications.UpdateHubNotifier
[2025-11-02 오후 8:22:08] [Debug] [Application] Service Initialize: Tripolygon.UModeler.Hub.HubAnalyticsService
[2025-11-02 오후 8:22:08] [Debug] [Application] Service Initialize: Tripolygon.UModeler.Hub.Notifications.UpdateProductNotifier
[2025-11-02 오후 8:22:08] [Debug] [Application] Service Initialize: Tripolygon.UModeler.Hub.VSAttributionService
[2025-11-02 오후 8:22:08] [Debug] [Application] Service Initialize: Tripolygon.UModeler.Hub.Noticies.NoticeService
[2025-11-02 오후 8:22:08] [Debug] [Application] Service Initialize: Tripolygon.UModeler.Hub.Notifications.UpdateHubNotifier
[2025-11-02 오후 8:22:08] [Debug] [Application] Service Initialize: Tripolygon.UModeler.Hub.Views.SceneViews.HubSceneViewService
[2025-11-02 오후 8:22:08] [Debug] [Application] Service Initialize: Tripolygon.UModeler.Hub.Notifications.UpdateProductNotifier
[2025-11-02 오후 8:22:08] [Debug] [Application] Service Initialize: Tripolygon.UModeler.Hub.Noticies.NoticeService
[2025-11-02 오후 8:22:09] [Debug] [Application] Service Initialize: Tripolygon.UModeler.Hub.Views.SceneViews.HubSceneViewService
[2025-11-02 오후 8:22:41] [Debug] [Application] Release: isReloading=True
[2025-11-02 오후 8:22:41] [Debug] [Application] Service Release: Tripolygon.UModeler.Hub.Views.SceneViews.HubSceneViewService
[2025-11-02 오후 8:22:41] [Debug] [Application] Service Release: Tripolygon.UModeler.Hub.Noticies.NoticeService
[2025-11-02 오후 8:22:41] [Debug] [Application] Service Release: Tripolygon.UModeler.Hub.Notifications.UpdateProductNotifier
[2025-11-02 오후 8:22:41] [Debug] [Application] Service Release: Tripolygon.UModeler.Hub.Notifications.UpdateHubNotifier
[2025-11-02 오후 8:22:41] [Debug] [Application] Service Release: Tripolygon.UModeler.Hub.VSAttributionService
[2025-11-02 오후 8:22:41] [Debug] [HubAnalytics] PosthogClient.SetAutoFlush: Value Changed: False
[2025-11-02 오후 8:22:41] [Debug] [Application] Service Release: Tripolygon.UModeler.Hub.HubAnalyticsService
[2025-11-02 오후 8:22:41] [Debug] [Application] Service Release: Tripolygon.UModeler.Hub.HubFlashService
[2025-11-02 오후 8:22:41] [Debug] [Application] Service Release: Tripolygon.UModeler.Editor.UI.UnityEditorApplicationUtilityService
[2025-11-02 오후 8:22:42] [Debug] [Application] Service Release: Tripolygon.UModeler.Hub.HubService
[2025-11-02 오후 8:22:42] [Debug] [Application] Service Release: Tripolygon.UModeler.Editor.UI.UnityEditorApplicationCache
[2025-11-02 오후 8:22:42] [Debug] [Application] Service Release: Tripolygon.UModeler.Hub.HubAuthentication
[2025-11-02 오후 8:22:47] [Debug] [Application] service: Tripolygon.UModeler.Hub.HubAuthentication = Tripolygon.UModeler.Hub.HubAuthentication
[2025-11-02 오후 8:22:47] [Debug] [Application] service: Tripolygon.UModeler.UI.IApplicationCache = Tripolygon.UModeler.Editor.UI.UnityEditorApplicationCache
[2025-11-02 오후 8:22:47] [Debug] ActualHost
[2025-11-02 오후 8:22:47] [Debug] [Application] service: Tripolygon.UModeler.Hub.IHubService = Tripolygon.UModeler.Hub.HubService
[2025-11-02 오후 8:22:47] [Debug] [Application] service: Tripolygon.UModeler.Authentication.IAuthenticationApiProvider = Tripolygon.UModeler.Editor.AuthenticationApiProviderService
[2025-11-02 오후 8:22:47] [Debug] [Application] service: Tripolygon.UModeler.UI.IObjectHierarchyService = Tripolygon.UModeler.Editor.UI.UnityEditorObjectHierarchyService
[2025-11-02 오후 8:22:47] [Debug] [Application] service: Tripolygon.UModeler.UI.IApplicationUtilityService = Tripolygon.UModeler.Editor.UI.UnityEditorApplicationUtilityService
[2025-11-02 오후 8:22:47] [Debug] [Application] service: Tripolygon.UModeler.Editor.UI.ApplicationSettings = Tripolygon.UModeler.Editor.UI.ApplicationSettings
[2025-11-02 오후 8:22:47] [Debug] [Application] service: Tripolygon.UModeler.UI.ITextureProvider = Tripolygon.UModeler.Editor.UI.UnityEditorTextureProvider
[2025-11-02 오후 8:22:47] [Debug] [Application] service: Tripolygon.UModeler.Hub.Resources.IResourcesApiProvider = Tripolygon.UModeler.Hub.ResourcesApiProviderService
[2025-11-02 오후 8:22:47] [Debug] [Application] service: Tripolygon.UModeler.Hub.HubFlashService = Tripolygon.UModeler.Hub.HubFlashService
[2025-11-02 오후 8:22:47] [Debug] [Application] service: Tripolygon.UModeler.Hub.IHubAnalyticsService = Tripolygon.UModeler.Hub.HubAnalyticsService
[2025-11-02 오후 8:22:47] [Debug] [Application] service: Tripolygon.UModeler.Hub.VSAttributionService = Tripolygon.UModeler.Hub.VSAttributionService
[2025-11-02 오후 8:22:47] [Debug] [Application] service: Tripolygon.UModeler.Hub.Notifications.UpdateHubNotifier = Tripolygon.UModeler.Hub.Notifications.UpdateHubNotifier
[2025-11-02 오후 8:22:47] [Debug] [Application] service: Tripolygon.UModeler.Hub.Notifications.UpdateProductNotifier = Tripolygon.UModeler.Hub.Notifications.UpdateProductNotifier
[2025-11-02 오후 8:22:47] [Debug] [Application] service: Tripolygon.UModeler.Hub.INoticeService = Tripolygon.UModeler.Hub.Noticies.NoticeService
[2025-11-02 오후 8:22:47] [Debug] [Application] service: Tripolygon.UModeler.Hub.Views.SceneViews.HubSceneViewService = Tripolygon.UModeler.Hub.Views.SceneViews.HubSceneViewService
[2025-11-02 오후 8:22:48] [Debug] [Application] Initialize: isReloading=True
[2025-11-02 오후 8:22:48] [Debug] [Application] Service Initialize: Tripolygon.UModeler.Hub.HubAuthentication
[2025-11-02 오후 8:22:49] [Debug] [Application] Service Initialize: Tripolygon.UModeler.Editor.UI.UnityEditorApplicationCache
[2025-11-02 오후 8:22:49] [Debug] [Application] Service Initialize: Tripolygon.UModeler.Hub.HubService
[2025-11-02 오후 8:22:49] [Debug] [Application] Service Initialize: Tripolygon.UModeler.Editor.UI.UnityEditorApplicationUtilityService
[2025-11-02 오후 8:22:49] [Debug] [Application] Service Initialize: Tripolygon.UModeler.Hub.HubFlashService
[2025-11-02 오후 8:22:49] [Debug] [HubAnalytics] PosthogClient.SetAutoFlush: Value Changed: True
[2025-11-02 오후 8:22:49] [Debug] [Application] Service Initialize: Tripolygon.UModeler.Hub.HubAnalyticsService
[2025-11-02 오후 8:22:49] [Debug] [Application] Service Initialize: Tripolygon.UModeler.Hub.VSAttributionService
[2025-11-02 오후 8:22:49] [Debug] [Application] Service Initialize: Tripolygon.UModeler.Hub.Notifications.UpdateHubNotifier
[2025-11-02 오후 8:22:49] [Debug] [Application] Service Initialize: Tripolygon.UModeler.Hub.Notifications.UpdateProductNotifier
[2025-11-02 오후 8:22:49] [Debug] [Application] Service Initialize: Tripolygon.UModeler.Hub.Noticies.NoticeService
[2025-11-02 오후 8:22:49] [Debug] [Application] Service Initialize: Tripolygon.UModeler.Hub.Views.SceneViews.HubSceneViewService
[2025-11-02 오후 8:22:49] [Debug] [Application] Release: isReloading=True
[2025-11-02 오후 8:22:49] [Debug] [Application] Service Release: Tripolygon.UModeler.Hub.Views.SceneViews.HubSceneViewService
[2025-11-02 오후 8:22:49] [Debug] [Application] Release: isReloading=True
[2025-11-02 오후 8:22:49] [Debug] [Application] Service Release: Tripolygon.UModeler.Hub.Noticies.NoticeService
[2025-11-02 오후 8:22:49] [Debug] [Application] Service Release: Tripolygon.UModeler.Hub.Views.SceneViews.HubSceneViewService
[2025-11-02 오후 8:22:49] [Debug] [Application] Service Release: Tripolygon.UModeler.Hub.Notifications.UpdateProductNotifier
[2025-11-02 오후 8:22:49] [Debug] [Application] Service Release: Tripolygon.UModeler.Hub.Noticies.NoticeService
[2025-11-02 오후 8:22:49] [Debug] [Application] Service Release: Tripolygon.UModeler.Hub.Notifications.UpdateHubNotifier
[2025-11-02 오후 8:22:49] [Debug] [Application] Service Release: Tripolygon.UModeler.Hub.Notifications.UpdateProductNotifier
[2025-11-02 오후 8:22:49] [Debug] [Application] Service Release: Tripolygon.UModeler.Hub.VSAttributionService
[2025-11-02 오후 8:22:49] [Debug] [Application] Service Release: Tripolygon.UModeler.Hub.Notifications.UpdateHubNotifier
[2025-11-02 오후 8:22:49] [Debug] [Application] Service Release: Tripolygon.UModeler.Hub.VSAttributionService
[2025-11-02 오후 8:22:52] [Debug] [Application] service: Tripolygon.UModeler.Hub.HubAuthentication = Tripolygon.UModeler.Hub.HubAuthentication
[2025-11-02 오후 8:22:52] [Debug] [Application] service: Tripolygon.UModeler.Hub.HubAuthentication = Tripolygon.UModeler.Hub.HubAuthentication
[2025-11-02 오후 8:22:52] [Debug] [Application] service: Tripolygon.UModeler.UI.ITextureProvider = Tripolygon.UModeler.Editor.UI.UnityEditorTextureProvider
[2025-11-02 오후 8:22:52] [Debug] [Application] service: Tripolygon.UModeler.UI.IApplicationCache = Tripolygon.UModeler.Editor.UI.UnityEditorApplicationCache
[2025-11-02 오후 8:22:52] [Debug] [Application] service: Tripolygon.UModeler.Hub.Resources.IResourcesApiProvider = Tripolygon.UModeler.Hub.ResourcesApiProviderService
[2025-11-02 오후 8:22:52] [Debug] ActualHost
[2025-11-02 오후 8:22:52] [Debug] [Application] service: Tripolygon.UModeler.Hub.HubFlashService = Tripolygon.UModeler.Hub.HubFlashService
[2025-11-02 오후 8:22:52] [Debug] [Application] service: Tripolygon.UModeler.Hub.IHubService = Tripolygon.UModeler.Hub.HubService
[2025-11-02 오후 8:22:52] [Debug] [Application] service: Tripolygon.UModeler.Hub.IHubAnalyticsService = Tripolygon.UModeler.Hub.HubAnalyticsService
[2025-11-02 오후 8:22:52] [Debug] [Application] service: Tripolygon.UModeler.Authentication.IAuthenticationApiProvider = Tripolygon.UModeler.Editor.AuthenticationApiProviderService
[2025-11-02 오후 8:22:52] [Debug] [Application] service: Tripolygon.UModeler.Hub.VSAttributionService = Tripolygon.UModeler.Hub.VSAttributionService
[2025-11-02 오후 8:22:52] [Debug] [Application] service: Tripolygon.UModeler.UI.IApplicationUtilityService = Tripolygon.UModeler.Editor.UI.UnityEditorApplicationUtilityService
[2025-11-02 오후 8:22:52] [Debug] [Application] service: Tripolygon.UModeler.Hub.Notifications.UpdateProductNotifier = Tripolygon.UModeler.Hub.Notifications.UpdateProductNotifier
[2025-11-02 오후 8:22:52] [Debug] [Application] service: Tripolygon.UModeler.Editor.UI.ApplicationSettings = Tripolygon.UModeler.Editor.UI.ApplicationSettings
[2025-11-02 오후 8:22:52] [Debug] [Application] service: Tripolygon.UModeler.Hub.INoticeService = Tripolygon.UModeler.Hub.Noticies.NoticeService
[2025-11-02 오후 8:22:52] [Debug] [Application] service: Tripolygon.UModeler.UI.ITextureProvider = Tripolygon.UModeler.Editor.UI.UnityEditorTextureProvider
[2025-11-02 오후 8:22:52] [Debug] [Application] service: Tripolygon.UModeler.Hub.Views.SceneViews.HubSceneViewService = Tripolygon.UModeler.Hub.Views.SceneViews.HubSceneViewService
[2025-11-02 오후 8:22:52] [Debug] [Application] service: Tripolygon.UModeler.Hub.Resources.IResourcesApiProvider = Tripolygon.UModeler.Hub.ResourcesApiProviderService
[2025-11-02 오후 8:22:54] [Debug] [Application] Service Initialize: Tripolygon.UModeler.Hub.HubAuthentication
[2025-11-02 오후 8:22:52] [Debug] [Application] service: Tripolygon.UModeler.Hub.HubFlashService = Tripolygon.UModeler.Hub.HubFlashService
[2025-11-02 오후 8:22:54] [Debug] [Application] Service Initialize: Tripolygon.UModeler.Editor.UI.UnityEditorApplicationCache
[2025-11-02 오후 8:22:52] [Debug] [Application] service: Tripolygon.UModeler.Hub.IHubAnalyticsService = Tripolygon.UModeler.Hub.HubAnalyticsService
[2025-11-02 오후 8:22:52] [Debug] [Application] service: Tripolygon.UModeler.Hub.VSAttributionService = Tripolygon.UModeler.Hub.VSAttributionService
[2025-11-02 오후 8:22:54] [Debug] [Application] Service Initialize: Tripolygon.UModeler.Hub.HubService
[2025-11-02 오후 8:22:52] [Debug] [Application] service: Tripolygon.UModeler.Hub.Notifications.UpdateHubNotifier = Tripolygon.UModeler.Hub.Notifications.UpdateHubNotifier
[2025-11-02 오후 8:22:54] [Debug] [Application] Service Initialize: Tripolygon.UModeler.Editor.UI.UnityEditorApplicationUtilityService
[2025-11-02 오후 8:22:52] [Debug] [Application] service: Tripolygon.UModeler.Hub.Notifications.UpdateProductNotifier = Tripolygon.UModeler.Hub.Notifications.UpdateProductNotifier
[2025-11-02 오후 8:22:54] [Debug] [Application] Service Initialize: Tripolygon.UModeler.Hub.HubFlashService
[2025-11-02 오후 8:22:52] [Debug] [Application] service: Tripolygon.UModeler.Hub.INoticeService = Tripolygon.UModeler.Hub.Noticies.NoticeService
[2025-11-02 오후 8:22:54] [Debug] [HubAnalytics] PosthogClient.SetAutoFlush: Value Changed: True
[2025-11-02 오후 8:22:53] [Debug] [Application] Initialize: isReloading=False
[2025-11-02 오후 8:22:54] [Debug] [Application] Service Initialize: Tripolygon.UModeler.Hub.HubAuthentication
[2025-11-02 오후 8:22:54] [Debug] [Application] Service Initialize: Tripolygon.UModeler.Hub.HubAnalyticsService
[2025-11-02 오후 8:22:54] [Debug] [Application] Service Initialize: Tripolygon.UModeler.Editor.UI.UnityEditorApplicationCache
[2025-11-02 오후 8:22:54] [Debug] [Application] Service Initialize: Tripolygon.UModeler.Hub.VSAttributionService
[2025-11-02 오후 8:22:54] [Debug] [Application] Service Initialize: Tripolygon.UModeler.Hub.Notifications.UpdateHubNotifier
[2025-11-02 오후 8:22:54] [Debug] [Application] Service Initialize: Tripolygon.UModeler.Hub.HubService
[2025-11-02 오후 8:22:54] [Debug] [Application] Service Initialize: Tripolygon.UModeler.Hub.Notifications.UpdateProductNotifier
[2025-11-02 오후 8:22:54] [Debug] [Application] Service Initialize: Tripolygon.UModeler.Editor.UI.UnityEditorApplicationUtilityService
[2025-11-02 오후 8:22:54] [Debug] [Application] Service Initialize: Tripolygon.UModeler.Hub.Noticies.NoticeService
[2025-11-02 오후 8:22:54] [Debug] [Application] Service Initialize: Tripolygon.UModeler.Hub.HubFlashService
[2025-11-02 오후 8:22:54] [Debug] [Application] Service Initialize: Tripolygon.UModeler.Hub.Views.SceneViews.HubSceneViewService
[2025-11-02 오후 8:22:54] [Debug] [HubAnalytics] PosthogClient.SetAutoFlush: Value Changed: True
[2025-11-02 오후 8:22:54] [Debug] [Application] Service Initialize: Tripolygon.UModeler.Hub.HubAnalyticsService
[2025-11-02 오후 8:22:54] [Debug] [Application] Service Initialize: Tripolygon.UModeler.Hub.VSAttributionService
[2025-11-02 오후 8:22:54] [Debug] [Application] Service Initialize: Tripolygon.UModeler.Hub.Notifications.UpdateHubNotifier
[2025-11-02 오후 8:22:54] [Debug] [Application] Service Initialize: Tripolygon.UModeler.Hub.Notifications.UpdateProductNotifier
[2025-11-02 오후 8:22:54] [Debug] [Application] Service Initialize: Tripolygon.UModeler.Hub.Noticies.NoticeService
[2025-11-02 오후 8:22:54] [Debug] [Application] Service Initialize: Tripolygon.UModeler.Hub.Views.SceneViews.HubSceneViewService
[2025-11-02 오후 8:23:42] [Debug] [Application] Release: isReloading=True
[2025-11-02 오후 8:23:42] [Debug] [Application] Service Release: Tripolygon.UModeler.Hub.Views.SceneViews.HubSceneViewService
[2025-11-02 오후 8:23:42] [Debug] [Application] Service Release: Tripolygon.UModeler.Hub.Noticies.NoticeService
[2025-11-02 오후 8:23:42] [Debug] [Application] Service Release: Tripolygon.UModeler.Hub.Notifications.UpdateProductNotifier
[2025-11-02 오후 8:23:42] [Debug] [Application] Service Release: Tripolygon.UModeler.Hub.Notifications.UpdateHubNotifier
[2025-11-02 오후 8:23:42] [Debug] [Application] Service Release: Tripolygon.UModeler.Hub.VSAttributionService
[2025-11-02 오후 8:23:42] [Debug] [HubAnalytics] PosthogClient.SetAutoFlush: Value Changed: False
[2025-11-02 오후 8:23:42] [Debug] [Application] Service Release: Tripolygon.UModeler.Hub.HubAnalyticsService
[2025-11-02 오후 8:23:42] [Debug] [Application] Service Release: Tripolygon.UModeler.Hub.HubFlashService
[2025-11-02 오후 8:23:42] [Debug] [Application] Service Release: Tripolygon.UModeler.Editor.UI.UnityEditorApplicationUtilityService
[2025-11-02 오후 8:23:42] [Debug] [Application] Service Release: Tripolygon.UModeler.Hub.HubService
[2025-11-02 오후 8:23:42] [Debug] [Application] Service Release: Tripolygon.UModeler.Editor.UI.UnityEditorApplicationCache
[2025-11-02 오후 8:23:42] [Debug] [Application] Service Release: Tripolygon.UModeler.Hub.HubAuthentication
[2025-11-02 오후 8:23:48] [Debug] [Application] service: Tripolygon.UModeler.Hub.HubAuthentication = Tripolygon.UModeler.Hub.HubAuthentication
[2025-11-02 오후 8:23:48] [Debug] [Application] service: Tripolygon.UModeler.UI.IApplicationCache = Tripolygon.UModeler.Editor.UI.UnityEditorApplicationCache
[2025-11-02 오후 8:23:48] [Debug] ActualHost
[2025-11-02 오후 8:23:48] [Debug] [Application] service: Tripolygon.UModeler.Hub.IHubService = Tripolygon.UModeler.Hub.HubService
[2025-11-02 오후 8:23:48] [Debug] [Application] service: Tripolygon.UModeler.Authentication.IAuthenticationApiProvider = Tripolygon.UModeler.Editor.AuthenticationApiProviderService
[2025-11-02 오후 8:23:48] [Debug] [Application] service: Tripolygon.UModeler.UI.IObjectHierarchyService = Tripolygon.UModeler.Editor.UI.UnityEditorObjectHierarchyService
[2025-11-02 오후 8:23:48] [Debug] [Application] service: Tripolygon.UModeler.UI.IApplicationUtilityService = Tripolygon.UModeler.Editor.UI.UnityEditorApplicationUtilityService
[2025-11-02 오후 8:23:48] [Debug] [Application] service: Tripolygon.UModeler.Editor.UI.ApplicationSettings = Tripolygon.UModeler.Editor.UI.ApplicationSettings
[2025-11-02 오후 8:23:48] [Debug] [Application] service: Tripolygon.UModeler.UI.ITextureProvider = Tripolygon.UModeler.Editor.UI.UnityEditorTextureProvider
[2025-11-02 오후 8:23:48] [Debug] [Application] service: Tripolygon.UModeler.Hub.Resources.IResourcesApiProvider = Tripolygon.UModeler.Hub.ResourcesApiProviderService
[2025-11-02 오후 8:23:48] [Debug] [Application] service: Tripolygon.UModeler.Hub.HubFlashService = Tripolygon.UModeler.Hub.HubFlashService
[2025-11-02 오후 8:23:48] [Debug] [Application] service: Tripolygon.UModeler.Hub.IHubAnalyticsService = Tripolygon.UModeler.Hub.HubAnalyticsService
[2025-11-02 오후 8:23:48] [Debug] [Application] service: Tripolygon.UModeler.Hub.VSAttributionService = Tripolygon.UModeler.Hub.VSAttributionService
[2025-11-02 오후 8:23:48] [Debug] [Application] service: Tripolygon.UModeler.Hub.Notifications.UpdateHubNotifier = Tripolygon.UModeler.Hub.Notifications.UpdateHubNotifier
[2025-11-02 오후 8:23:48] [Debug] [Application] service: Tripolygon.UModeler.Hub.Notifications.UpdateProductNotifier = Tripolygon.UModeler.Hub.Notifications.UpdateProductNotifier
[2025-11-02 오후 8:23:48] [Debug] [Application] service: Tripolygon.UModeler.Hub.INoticeService = Tripolygon.UModeler.Hub.Noticies.NoticeService
[2025-11-02 오후 8:23:48] [Debug] [Application] service: Tripolygon.UModeler.Hub.Views.SceneViews.HubSceneViewService = Tripolygon.UModeler.Hub.Views.SceneViews.HubSceneViewService
[2025-11-02 오후 8:23:50] [Debug] [Application] Initialize: isReloading=True
[2025-11-02 오후 8:23:50] [Debug] [Application] Service Initialize: Tripolygon.UModeler.Hub.HubAuthentication
[2025-11-02 오후 8:23:50] [Debug] [Application] Service Initialize: Tripolygon.UModeler.Editor.UI.UnityEditorApplicationCache
[2025-11-02 오후 8:23:50] [Debug] [Application] Service Initialize: Tripolygon.UModeler.Hub.HubService
[2025-11-02 오후 8:23:50] [Debug] [Application] Service Initialize: Tripolygon.UModeler.Editor.UI.UnityEditorApplicationUtilityService
[2025-11-02 오후 8:23:50] [Debug] [Application] Service Initialize: Tripolygon.UModeler.Hub.HubFlashService
[2025-11-02 오후 8:23:50] [Debug] [HubAnalytics] PosthogClient.SetAutoFlush: Value Changed: True
[2025-11-02 오후 8:23:50] [Debug] [Application] Service Initialize: Tripolygon.UModeler.Hub.HubAnalyticsService
[2025-11-02 오후 8:23:50] [Debug] [Application] Service Initialize: Tripolygon.UModeler.Hub.VSAttributionService
[2025-11-02 오후 8:23:50] [Debug] [Application] Service Initialize: Tripolygon.UModeler.Hub.Notifications.UpdateHubNotifier
[2025-11-02 오후 8:23:50] [Debug] [Application] Service Initialize: Tripolygon.UModeler.Hub.Notifications.UpdateProductNotifier
[2025-11-02 오후 8:23:50] [Debug] [Application] Service Initialize: Tripolygon.UModeler.Hub.Noticies.NoticeService
[2025-11-02 오후 8:23:50] [Debug] [Application] Service Initialize: Tripolygon.UModeler.Hub.Views.SceneViews.HubSceneViewService
[2025-11-02 오후 8:23:51] [Debug] [Application] Release: isReloading=True
[2025-11-02 오후 8:23:51] [Debug] [Application] Release: isReloading=True
[2025-11-02 오후 8:23:51] [Debug] [Application] Service Release: Tripolygon.UModeler.Hub.Views.SceneViews.HubSceneViewService
[2025-11-02 오후 8:23:51] [Debug] [Application] Service Release: Tripolygon.UModeler.Hub.Views.SceneViews.HubSceneViewService
[2025-11-02 오후 8:23:51] [Debug] [Application] Service Release: Tripolygon.UModeler.Hub.Noticies.NoticeService
[2025-11-02 오후 8:23:51] [Debug] [Application] Service Release: Tripolygon.UModeler.Hub.Noticies.NoticeService
[2025-11-02 오후 8:23:51] [Debug] [Application] Service Release: Tripolygon.UModeler.Hub.Notifications.UpdateProductNotifier
[2025-11-02 오후 8:23:51] [Debug] [Application] Service Release: Tripolygon.UModeler.Hub.Notifications.UpdateProductNotifier
[2025-11-02 오후 8:23:51] [Debug] [Application] Service Release: Tripolygon.UModeler.Hub.Notifications.UpdateHubNotifier
[2025-11-02 오후 8:23:51] [Debug] [Application] Service Release: Tripolygon.UModeler.Hub.Notifications.UpdateHubNotifier
[2025-11-02 오후 8:23:51] [Debug] [Application] Service Release: Tripolygon.UModeler.Hub.VSAttributionService
[2025-11-02 오후 8:23:51] [Debug] [Application] Service Release: Tripolygon.UModeler.Hub.VSAttributionService
[2025-11-02 오후 8:23:54] [Debug] [Application] service: Tripolygon.UModeler.Hub.HubAuthentication = Tripolygon.UModeler.Hub.HubAuthentication
[2025-11-02 오후 8:23:54] [Debug] [Application] service: Tripolygon.UModeler.UI.IApplicationCache = Tripolygon.UModeler.Editor.UI.UnityEditorApplicationCache
[2025-11-02 오후 8:23:54] [Debug] [Application] service: Tripolygon.UModeler.UI.IApplicationCache = Tripolygon.UModeler.Editor.UI.UnityEditorApplicationCache
[2025-11-02 오후 8:23:54] [Debug] [Application] service: Tripolygon.UModeler.UI.ITextureProvider = Tripolygon.UModeler.Editor.UI.UnityEditorTextureProvider
[2025-11-02 오후 8:23:54] [Debug] ActualHost
[2025-11-02 오후 8:23:54] [Debug] [Application] service: Tripolygon.UModeler.Hub.Resources.IResourcesApiProvider = Tripolygon.UModeler.Hub.ResourcesApiProviderService
[2025-11-02 오후 8:23:54] [Debug] [Application] service: Tripolygon.UModeler.Hub.IHubService = Tripolygon.UModeler.Hub.HubService
[2025-11-02 오후 8:23:54] [Debug] [Application] service: Tripolygon.UModeler.Hub.HubFlashService = Tripolygon.UModeler.Hub.HubFlashService
[2025-11-02 오후 8:23:54] [Debug] [Application] service: Tripolygon.UModeler.UI.IObjectHierarchyService = Tripolygon.UModeler.Editor.UI.UnityEditorObjectHierarchyService
[2025-11-02 오후 8:23:54] [Debug] [Application] service: Tripolygon.UModeler.Hub.VSAttributionService = Tripolygon.UModeler.Hub.VSAttributionService
[2025-11-02 오후 8:23:54] [Debug] [Application] service: Tripolygon.UModeler.UI.IApplicationUtilityService = Tripolygon.UModeler.Editor.UI.UnityEditorApplicationUtilityService
[2025-11-02 오후 8:23:54] [Debug] [Application] service: Tripolygon.UModeler.Hub.Notifications.UpdateHubNotifier = Tripolygon.UModeler.Hub.Notifications.UpdateHubNotifier
[2025-11-02 오후 8:23:54] [Debug] [Application] service: Tripolygon.UModeler.Editor.UI.ApplicationSettings = Tripolygon.UModeler.Editor.UI.ApplicationSettings
[2025-11-02 오후 8:23:54] [Debug] [Application] service: Tripolygon.UModeler.Hub.Notifications.UpdateProductNotifier = Tripolygon.UModeler.Hub.Notifications.UpdateProductNotifier
[2025-11-02 오후 8:23:54] [Debug] [Application] service: Tripolygon.UModeler.UI.ITextureProvider = Tripolygon.UModeler.Editor.UI.UnityEditorTextureProvider
[2025-11-02 오후 8:23:54] [Debug] [Application] service: Tripolygon.UModeler.Hub.Views.SceneViews.HubSceneViewService = Tripolygon.UModeler.Hub.Views.SceneViews.HubSceneViewService
[2025-11-02 오후 8:23:54] [Debug] [Application] service: Tripolygon.UModeler.Hub.Resources.IResourcesApiProvider = Tripolygon.UModeler.Hub.ResourcesApiProviderService
[2025-11-02 오후 8:23:55] [Debug] [Application] Initialize: isReloading=True
[2025-11-02 오후 8:23:54] [Debug] [Application] service: Tripolygon.UModeler.Hub.HubFlashService = Tripolygon.UModeler.Hub.HubFlashService
[2025-11-02 오후 8:23:56] [Debug] [Application] Service Initialize: Tripolygon.UModeler.Hub.HubAuthentication
[2025-11-02 오후 8:23:54] [Debug] [Application] service: Tripolygon.UModeler.Hub.VSAttributionService = Tripolygon.UModeler.Hub.VSAttributionService
[2025-11-02 오후 8:23:54] [Debug] [Application] service: Tripolygon.UModeler.Hub.Notifications.UpdateHubNotifier = Tripolygon.UModeler.Hub.Notifications.UpdateHubNotifier
[2025-11-02 오후 8:23:54] [Debug] [Application] service: Tripolygon.UModeler.Hub.Notifications.UpdateProductNotifier = Tripolygon.UModeler.Hub.Notifications.UpdateProductNotifier
[2025-11-02 오후 8:23:56] [Debug] [Application] Service Initialize: Tripolygon.UModeler.Hub.HubService
[2025-11-02 오후 8:23:54] [Debug] [Application] service: Tripolygon.UModeler.Hub.INoticeService = Tripolygon.UModeler.Hub.Noticies.NoticeService
[2025-11-02 오후 8:23:56] [Debug] [Application] Service Initialize: Tripolygon.UModeler.Editor.UI.UnityEditorApplicationUtilityService
[2025-11-02 오후 8:23:55] [Debug] [Application] Initialize: isReloading=False
[2025-11-02 오후 8:23:56] [Debug] [Application] Service Initialize: Tripolygon.UModeler.Hub.HubFlashService
[2025-11-02 오후 8:23:56] [Debug] [Application] Service Initialize: Tripolygon.UModeler.Hub.HubAuthentication
[2025-11-02 오후 8:23:56] [Debug] [HubAnalytics] PosthogClient.SetAutoFlush: Value Changed: True
[2025-11-02 오후 8:23:56] [Debug] [Application] Service Initialize: Tripolygon.UModeler.Editor.UI.UnityEditorApplicationCache
[2025-11-02 오후 8:23:56] [Debug] [Application] Service Initialize: Tripolygon.UModeler.Hub.HubAnalyticsService
[2025-11-02 오후 8:23:56] [Debug] [Application] Service Initialize: Tripolygon.UModeler.Hub.HubService
[2025-11-02 오후 8:23:56] [Debug] [Application] Service Initialize: Tripolygon.UModeler.Hub.VSAttributionService
[2025-11-02 오후 8:23:56] [Debug] [Application] Service Initialize: Tripolygon.UModeler.Editor.UI.UnityEditorApplicationUtilityService
[2025-11-02 오후 8:23:56] [Debug] [Application] Service Initialize: Tripolygon.UModeler.Hub.Notifications.UpdateHubNotifier
[2025-11-02 오후 8:23:56] [Debug] [Application] Service Initialize: Tripolygon.UModeler.Hub.HubFlashService
[2025-11-02 오후 8:23:56] [Debug] [Application] Service Initialize: Tripolygon.UModeler.Hub.Notifications.UpdateProductNotifier
[2025-11-02 오후 8:23:56] [Debug] [HubAnalytics] PosthogClient.SetAutoFlush: Value Changed: True
[2025-11-02 오후 8:23:56] [Debug] [Application] Service Initialize: Tripolygon.UModeler.Hub.Noticies.NoticeService
[2025-11-02 오후 8:23:56] [Debug] [Application] Service Initialize: Tripolygon.UModeler.Hub.HubAnalyticsService
[2025-11-02 오후 8:23:56] [Debug] [Application] Service Initialize: Tripolygon.UModeler.Hub.Views.SceneViews.HubSceneViewService
[2025-11-02 오후 8:23:56] [Debug] [Application] Service Initialize: Tripolygon.UModeler.Hub.VSAttributionService
[2025-11-02 오후 8:23:56] [Debug] [Application] Service Initialize: Tripolygon.UModeler.Hub.Notifications.UpdateHubNotifier
[2025-11-02 오후 8:23:56] [Debug] [Application] Service Initialize: Tripolygon.UModeler.Hub.Notifications.UpdateProductNotifier
[2025-11-02 오후 8:23:56] [Debug] [Application] Service Initialize: Tripolygon.UModeler.Hub.Noticies.NoticeService
[2025-11-02 오후 8:23:56] [Debug] [Application] Service Initialize: Tripolygon.UModeler.Hub.Views.SceneViews.HubSceneViewService
[2025-11-02 오후 8:24:25] [Debug] [Application] Release: isReloading=True
[2025-11-02 오후 8:24:25] [Debug] [Application] Service Release: Tripolygon.UModeler.Hub.Views.SceneViews.HubSceneViewService
[2025-11-02 오후 8:24:26] [Debug] [Application] Service Release: Tripolygon.UModeler.Hub.Noticies.NoticeService
[2025-11-02 오후 8:24:26] [Debug] [Application] Service Release: Tripolygon.UModeler.Hub.Notifications.UpdateProductNotifier
[2025-11-02 오후 8:24:26] [Debug] [Application] Service Release: Tripolygon.UModeler.Hub.Notifications.UpdateHubNotifier
[2025-11-02 오후 8:24:26] [Debug] [Application] Service Release: Tripolygon.UModeler.Hub.VSAttributionService
[2025-11-02 오후 8:24:26] [Debug] [HubAnalytics] PosthogClient.SetAutoFlush: Value Changed: False
[2025-11-02 오후 8:24:26] [Debug] [Application] Service Release: Tripolygon.UModeler.Hub.HubAnalyticsService
[2025-11-02 오후 8:24:26] [Debug] [Application] Service Release: Tripolygon.UModeler.Hub.HubFlashService
[2025-11-02 오후 8:24:26] [Debug] [Application] Service Release: Tripolygon.UModeler.Editor.UI.UnityEditorApplicationUtilityService
[2025-11-02 오후 8:24:26] [Debug] [Application] Service Release: Tripolygon.UModeler.Hub.HubService
[2025-11-02 오후 8:24:26] [Debug] [Application] Service Release: Tripolygon.UModeler.Editor.UI.UnityEditorApplicationCache
[2025-11-02 오후 8:24:26] [Debug] [Application] Service Release: Tripolygon.UModeler.Hub.HubAuthentication
[2025-11-02 오후 8:24:31] [Debug] [Application] service: Tripolygon.UModeler.Hub.HubAuthentication = Tripolygon.UModeler.Hub.HubAuthentication
[2025-11-02 오후 8:24:31] [Debug] [Application] service: Tripolygon.UModeler.UI.IApplicationCache = Tripolygon.UModeler.Editor.UI.UnityEditorApplicationCache
[2025-11-02 오후 8:24:31] [Debug] ActualHost
[2025-11-02 오후 8:24:31] [Debug] [Application] service: Tripolygon.UModeler.Hub.IHubService = Tripolygon.UModeler.Hub.HubService
[2025-11-02 오후 8:24:31] [Debug] [Application] service: Tripolygon.UModeler.Authentication.IAuthenticationApiProvider = Tripolygon.UModeler.Editor.AuthenticationApiProviderService
[2025-11-02 오후 8:24:31] [Debug] [Application] service: Tripolygon.UModeler.UI.IObjectHierarchyService = Tripolygon.UModeler.Editor.UI.UnityEditorObjectHierarchyService
[2025-11-02 오후 8:24:31] [Debug] [Application] service: Tripolygon.UModeler.UI.IApplicationUtilityService = Tripolygon.UModeler.Editor.UI.UnityEditorApplicationUtilityService
[2025-11-02 오후 8:24:31] [Debug] [Application] service: Tripolygon.UModeler.Editor.UI.ApplicationSettings = Tripolygon.UModeler.Editor.UI.ApplicationSettings
[2025-11-02 오후 8:24:31] [Debug] [Application] service: Tripolygon.UModeler.UI.ITextureProvider = Tripolygon.UModeler.Editor.UI.UnityEditorTextureProvider
[2025-11-02 오후 8:24:31] [Debug] [Application] service: Tripolygon.UModeler.Hub.Resources.IResourcesApiProvider = Tripolygon.UModeler.Hub.ResourcesApiProviderService
[2025-11-02 오후 8:24:31] [Debug] [Application] service: Tripolygon.UModeler.Hub.HubFlashService = Tripolygon.UModeler.Hub.HubFlashService
[2025-11-02 오후 8:24:31] [Debug] [Application] service: Tripolygon.UModeler.Hub.IHubAnalyticsService = Tripolygon.UModeler.Hub.HubAnalyticsService
[2025-11-02 오후 8:24:31] [Debug] [Application] service: Tripolygon.UModeler.Hub.VSAttributionService = Tripolygon.UModeler.Hub.VSAttributionService
[2025-11-02 오후 8:24:31] [Debug] [Application] service: Tripolygon.UModeler.Hub.Notifications.UpdateHubNotifier = Tripolygon.UModeler.Hub.Notifications.UpdateHubNotifier
[2025-11-02 오후 8:24:31] [Debug] [Application] service: Tripolygon.UModeler.Hub.Notifications.UpdateProductNotifier = Tripolygon.UModeler.Hub.Notifications.UpdateProductNotifier
[2025-11-02 오후 8:24:31] [Debug] [Application] service: Tripolygon.UModeler.Hub.INoticeService = Tripolygon.UModeler.Hub.Noticies.NoticeService
[2025-11-02 오후 8:24:31] [Debug] [Application] service: Tripolygon.UModeler.Hub.Views.SceneViews.HubSceneViewService = Tripolygon.UModeler.Hub.Views.SceneViews.HubSceneViewService
[2025-11-02 오후 8:24:32] [Debug] [Application] Initialize: isReloading=True
[2025-11-02 오후 8:24:33] [Debug] [Application] Service Initialize: Tripolygon.UModeler.Hub.HubAuthentication
[2025-11-02 오후 8:24:33] [Debug] [Application] Service Initialize: Tripolygon.UModeler.Editor.UI.UnityEditorApplicationCache
[2025-11-02 오후 8:24:33] [Debug] [Application] Service Initialize: Tripolygon.UModeler.Hub.HubService
[2025-11-02 오후 8:24:33] [Debug] [Application] Service Initialize: Tripolygon.UModeler.Editor.UI.UnityEditorApplicationUtilityService
[2025-11-02 오후 8:24:33] [Debug] [Application] Service Initialize: Tripolygon.UModeler.Hub.HubFlashService
[2025-11-02 오후 8:24:33] [Debug] [HubAnalytics] PosthogClient.SetAutoFlush: Value Changed: True
[2025-11-02 오후 8:24:33] [Debug] [Application] Service Initialize: Tripolygon.UModeler.Hub.HubAnalyticsService
[2025-11-02 오후 8:24:33] [Debug] [Application] Service Initialize: Tripolygon.UModeler.Hub.VSAttributionService
[2025-11-02 오후 8:24:33] [Debug] [Application] Service Initialize: Tripolygon.UModeler.Hub.Notifications.UpdateHubNotifier
[2025-11-02 오후 8:24:33] [Debug] [Application] Service Initialize: Tripolygon.UModeler.Hub.Notifications.UpdateProductNotifier
[2025-11-02 오후 8:24:33] [Debug] [Application] Service Initialize: Tripolygon.UModeler.Hub.Noticies.NoticeService
[2025-11-02 오후 8:24:33] [Debug] [Application] Service Initialize: Tripolygon.UModeler.Hub.Views.SceneViews.HubSceneViewService
[2025-11-02 오후 8:24:34] [Debug] [Application] Release: isReloading=True
[2025-11-02 오후 8:24:34] [Debug] [Application] Release: isReloading=True
[2025-11-02 오후 8:24:34] [Debug] [Application] Service Release: Tripolygon.UModeler.Hub.Views.SceneViews.HubSceneViewService
[2025-11-02 오후 8:24:34] [Debug] [Application] Service Release: Tripolygon.UModeler.Hub.Views.SceneViews.HubSceneViewService
[2025-11-02 오후 8:24:34] [Debug] [Application] Service Release: Tripolygon.UModeler.Hub.Noticies.NoticeService
[2025-11-02 오후 8:24:34] [Debug] [Application] Service Release: Tripolygon.UModeler.Hub.Noticies.NoticeService
[2025-11-02 오후 8:24:34] [Debug] [Application] Service Release: Tripolygon.UModeler.Hub.Notifications.UpdateProductNotifier
[2025-11-02 오후 8:24:34] [Debug] [Application] Service Release: Tripolygon.UModeler.Hub.Notifications.UpdateProductNotifier
[2025-11-02 오후 8:24:34] [Debug] [Application] Service Release: Tripolygon.UModeler.Hub.Notifications.UpdateHubNotifier
[2025-11-02 오후 8:24:34] [Debug] [Application] Service Release: Tripolygon.UModeler.Hub.Notifications.UpdateHubNotifier
[2025-11-02 오후 8:24:34] [Debug] [Application] Service Release: Tripolygon.UModeler.Hub.VSAttributionService
[2025-11-02 오후 8:24:34] [Debug] [Application] Service Release: Tripolygon.UModeler.Hub.VSAttributionService
[2025-11-02 오후 8:24:36] [Debug] [Application] service: Tripolygon.UModeler.Hub.HubAuthentication = Tripolygon.UModeler.Hub.HubAuthentication
[2025-11-02 오후 8:24:36] [Debug] [Application] service: Tripolygon.UModeler.UI.IApplicationCache = Tripolygon.UModeler.Editor.UI.UnityEditorApplicationCache
[2025-11-02 오후 8:24:36] [Debug] ActualHost
[2025-11-02 오후 8:24:36] [Debug] [Application] service: Tripolygon.UModeler.Hub.HubAuthentication = Tripolygon.UModeler.Hub.HubAuthentication
[2025-11-02 오후 8:24:37] [Debug] [Application] service: Tripolygon.UModeler.Hub.Resources.IResourcesApiProvider = Tripolygon.UModeler.Hub.ResourcesApiProviderService
[2025-11-02 오후 8:24:36] [Debug] ActualHost
[2025-11-02 오후 8:24:37] [Debug] [Application] service: Tripolygon.UModeler.Hub.HubFlashService = Tripolygon.UModeler.Hub.HubFlashService
[2025-11-02 오후 8:24:36] [Debug] [Application] service: Tripolygon.UModeler.Hub.IHubService = Tripolygon.UModeler.Hub.HubService
[2025-11-02 오후 8:24:37] [Debug] [Application] service: Tripolygon.UModeler.Hub.IHubAnalyticsService = Tripolygon.UModeler.Hub.HubAnalyticsService
[2025-11-02 오후 8:24:36] [Debug] [Application] service: Tripolygon.UModeler.UI.IObjectHierarchyService = Tripolygon.UModeler.Editor.UI.UnityEditorObjectHierarchyService
[2025-11-02 오후 8:24:37] [Debug] [Application] service: Tripolygon.UModeler.Hub.Notifications.UpdateHubNotifier = Tripolygon.UModeler.Hub.Notifications.UpdateHubNotifier
[2025-11-02 오후 8:24:37] [Debug] [Application] service: Tripolygon.UModeler.Editor.UI.ApplicationSettings = Tripolygon.UModeler.Editor.UI.ApplicationSettings
[2025-11-02 오후 8:24:37] [Debug] [Application] service: Tripolygon.UModeler.Hub.INoticeService = Tripolygon.UModeler.Hub.Noticies.NoticeService
[2025-11-02 오후 8:24:37] [Debug] [Application] service: Tripolygon.UModeler.Hub.Resources.IResourcesApiProvider = Tripolygon.UModeler.Hub.ResourcesApiProviderService
[2025-11-02 오후 8:24:37] [Debug] [Application] service: Tripolygon.UModeler.Hub.Views.SceneViews.HubSceneViewService = Tripolygon.UModeler.Hub.Views.SceneViews.HubSceneViewService
[2025-11-02 오후 8:24:37] [Debug] [Application] service: Tripolygon.UModeler.Hub.IHubAnalyticsService = Tripolygon.UModeler.Hub.HubAnalyticsService
[2025-11-02 오후 8:24:38] [Debug] [Application] Service Initialize: Tripolygon.UModeler.Hub.HubAuthentication
[2025-11-02 오후 8:24:37] [Debug] [Application] service: Tripolygon.UModeler.Hub.Notifications.UpdateHubNotifier = Tripolygon.UModeler.Hub.Notifications.UpdateHubNotifier
[2025-11-02 오후 8:24:38] [Debug] [Application] Service Initialize: Tripolygon.UModeler.Editor.UI.UnityEditorApplicationCache
[2025-11-02 오후 8:24:37] [Debug] [Application] service: Tripolygon.UModeler.Hub.INoticeService = Tripolygon.UModeler.Hub.Noticies.NoticeService
[2025-11-02 오후 8:24:37] [Debug] [Application] service: Tripolygon.UModeler.Hub.Views.SceneViews.HubSceneViewService = Tripolygon.UModeler.Hub.Views.SceneViews.HubSceneViewService
[2025-11-02 오후 8:24:38] [Debug] [Application] Service Initialize: Tripolygon.UModeler.Hub.HubService
[2025-11-02 오후 8:24:38] [Debug] [Application] Service Initialize: Tripolygon.UModeler.Hub.HubAuthentication
[2025-11-02 오후 8:24:38] [Debug] [Application] Service Initialize: Tripolygon.UModeler.Editor.UI.UnityEditorApplicationUtilityService
[2025-11-02 오후 8:24:38] [Debug] [Application] Service Initialize: Tripolygon.UModeler.Editor.UI.UnityEditorApplicationCache
[2025-11-02 오후 8:24:38] [Debug] [Application] Service Initialize: Tripolygon.UModeler.Hub.HubFlashService
[2025-11-02 오후 8:24:38] [Debug] [Application] Service Initialize: Tripolygon.UModeler.Hub.HubService
[2025-11-02 오후 8:24:38] [Debug] [HubAnalytics] PosthogClient.SetAutoFlush: Value Changed: True
[2025-11-02 오후 8:24:38] [Debug] [Application] Service Initialize: Tripolygon.UModeler.Editor.UI.UnityEditorApplicationUtilityService
[2025-11-02 오후 8:24:38] [Debug] [Application] Service Initialize: Tripolygon.UModeler.Hub.HubFlashService
[2025-11-02 오후 8:24:38] [Debug] [Application] Service Initialize: Tripolygon.UModeler.Hub.HubAnalyticsService
[2025-11-02 오후 8:24:38] [Debug] [HubAnalytics] PosthogClient.SetAutoFlush: Value Changed: True
[2025-11-02 오후 8:24:38] [Debug] [Application] Service Initialize: Tripolygon.UModeler.Hub.VSAttributionService
[2025-11-02 오후 8:24:38] [Debug] [Application] Service Initialize: Tripolygon.UModeler.Hub.Notifications.UpdateHubNotifier
[2025-11-02 오후 8:24:38] [Debug] [Application] Service Initialize: Tripolygon.UModeler.Hub.HubAnalyticsService
[2025-11-02 오후 8:24:38] [Debug] [Application] Service Initialize: Tripolygon.UModeler.Hub.Notifications.UpdateProductNotifier
[2025-11-02 오후 8:24:38] [Debug] [Application] Service Initialize: Tripolygon.UModeler.Hub.Notifications.UpdateHubNotifier
[2025-11-02 오후 8:24:38] [Debug] [Application] Service Initialize: Tripolygon.UModeler.Hub.Noticies.NoticeService
[2025-11-02 오후 8:24:38] [Debug] [Application] Service Initialize: Tripolygon.UModeler.Hub.Notifications.UpdateProductNotifier
[2025-11-02 오후 8:24:38] [Debug] [Application] Service Initialize: Tripolygon.UModeler.Hub.Views.SceneViews.HubSceneViewService
[2025-11-02 오후 8:24:38] [Debug] [Application] Service Initialize: Tripolygon.UModeler.Hub.Noticies.NoticeService
[2025-11-02 오후 8:24:38] [Debug] [Application] Service Initialize: Tripolygon.UModeler.Hub.Views.SceneViews.HubSceneViewService
[2025-11-02 오후 8:45:49] [Debug] [Application] Release: isReloading=True
[2025-11-02 오후 8:45:49] [Debug] [Application] Service Release: Tripolygon.UModeler.Hub.Views.SceneViews.HubSceneViewService
[2025-11-02 오후 8:45:49] [Debug] [Application] Service Release: Tripolygon.UModeler.Hub.Noticies.NoticeService
[2025-11-02 오후 8:45:49] [Debug] [Application] Service Release: Tripolygon.UModeler.Hub.Notifications.UpdateProductNotifier
[2025-11-02 오후 8:45:49] [Debug] [Application] Service Release: Tripolygon.UModeler.Hub.Notifications.UpdateHubNotifier
[2025-11-02 오후 8:45:49] [Debug] [Application] Service Release: Tripolygon.UModeler.Hub.VSAttributionService
[2025-11-02 오후 8:45:49] [Debug] [HubAnalytics] PosthogClient.SetAutoFlush: Value Changed: False
[2025-11-02 오후 8:45:49] [Debug] [Application] Service Release: Tripolygon.UModeler.Hub.HubAnalyticsService
[2025-11-02 오후 8:45:49] [Debug] [Application] Service Release: Tripolygon.UModeler.Hub.HubFlashService
[2025-11-02 오후 8:45:49] [Debug] [Application] Service Release: Tripolygon.UModeler.Editor.UI.UnityEditorApplicationUtilityService
[2025-11-02 오후 8:45:49] [Debug] [Application] Service Release: Tripolygon.UModeler.Hub.HubService
[2025-11-02 오후 8:45:49] [Debug] [Application] Service Release: Tripolygon.UModeler.Editor.UI.UnityEditorApplicationCache
[2025-11-02 오후 8:45:49] [Debug] [Application] Service Release: Tripolygon.UModeler.Hub.HubAuthentication
[2025-11-02 오후 8:45:56] [Debug] [Application] service: Tripolygon.UModeler.Hub.HubAuthentication = Tripolygon.UModeler.Hub.HubAuthentication
[2025-11-02 오후 8:45:56] [Debug] [Application] service: Tripolygon.UModeler.UI.IApplicationCache = Tripolygon.UModeler.Editor.UI.UnityEditorApplicationCache
[2025-11-02 오후 8:45:56] [Debug] ActualHost
[2025-11-02 오후 8:45:56] [Debug] [Application] service: Tripolygon.UModeler.Hub.IHubService = Tripolygon.UModeler.Hub.HubService
[2025-11-02 오후 8:45:56] [Debug] [Application] service: Tripolygon.UModeler.Authentication.IAuthenticationApiProvider = Tripolygon.UModeler.Editor.AuthenticationApiProviderService
[2025-11-02 오후 8:45:56] [Debug] [Application] service: Tripolygon.UModeler.UI.IObjectHierarchyService = Tripolygon.UModeler.Editor.UI.UnityEditorObjectHierarchyService
[2025-11-02 오후 8:45:56] [Debug] [Application] service: Tripolygon.UModeler.UI.IApplicationUtilityService = Tripolygon.UModeler.Editor.UI.UnityEditorApplicationUtilityService
[2025-11-02 오후 8:45:56] [Debug] [Application] service: Tripolygon.UModeler.Editor.UI.ApplicationSettings = Tripolygon.UModeler.Editor.UI.ApplicationSettings
[2025-11-02 오후 8:45:56] [Debug] [Application] service: Tripolygon.UModeler.UI.ITextureProvider = Tripolygon.UModeler.Editor.UI.UnityEditorTextureProvider
[2025-11-02 오후 8:45:56] [Debug] [Application] service: Tripolygon.UModeler.Hub.Resources.IResourcesApiProvider = Tripolygon.UModeler.Hub.ResourcesApiProviderService
[2025-11-02 오후 8:45:56] [Debug] [Application] service: Tripolygon.UModeler.Hub.HubFlashService = Tripolygon.UModeler.Hub.HubFlashService
[2025-11-02 오후 8:45:56] [Debug] [Application] service: Tripolygon.UModeler.Hub.IHubAnalyticsService = Tripolygon.UModeler.Hub.HubAnalyticsService
[2025-11-02 오후 8:45:56] [Debug] [Application] service: Tripolygon.UModeler.Hub.VSAttributionService = Tripolygon.UModeler.Hub.VSAttributionService
[2025-11-02 오후 8:45:56] [Debug] [Application] service: Tripolygon.UModeler.Hub.Notifications.UpdateHubNotifier = Tripolygon.UModeler.Hub.Notifications.UpdateHubNotifier
[2025-11-02 오후 8:45:56] [Debug] [Application] service: Tripolygon.UModeler.Hub.Notifications.UpdateProductNotifier = Tripolygon.UModeler.Hub.Notifications.UpdateProductNotifier
[2025-11-02 오후 8:45:56] [Debug] [Application] service: Tripolygon.UModeler.Hub.INoticeService = Tripolygon.UModeler.Hub.Noticies.NoticeService
[2025-11-02 오후 8:45:56] [Debug] [Application] service: Tripolygon.UModeler.Hub.Views.SceneViews.HubSceneViewService = Tripolygon.UModeler.Hub.Views.SceneViews.HubSceneViewService
[2025-11-02 오후 8:45:58] [Debug] [Application] Initialize: isReloading=True
[2025-11-02 오후 8:45:58] [Debug] [Application] Service Initialize: Tripolygon.UModeler.Hub.HubAuthentication
[2025-11-02 오후 8:45:59] [Debug] [Application] Service Initialize: Tripolygon.UModeler.Editor.UI.UnityEditorApplicationCache
[2025-11-02 오후 8:45:59] [Debug] [Application] Service Initialize: Tripolygon.UModeler.Hub.HubService
[2025-11-02 오후 8:45:59] [Debug] [Application] Service Initialize: Tripolygon.UModeler.Editor.UI.UnityEditorApplicationUtilityService
[2025-11-02 오후 8:45:59] [Debug] [Application] Service Initialize: Tripolygon.UModeler.Hub.HubFlashService
[2025-11-02 오후 8:45:59] [Debug] [HubAnalytics] PosthogClient.SetAutoFlush: Value Changed: True
[2025-11-02 오후 8:45:59] [Debug] [Application] Service Initialize: Tripolygon.UModeler.Hub.HubAnalyticsService
[2025-11-02 오후 8:45:59] [Debug] [Application] Service Initialize: Tripolygon.UModeler.Hub.VSAttributionService
[2025-11-02 오후 8:45:59] [Debug] [Application] Service Initialize: Tripolygon.UModeler.Hub.Notifications.UpdateHubNotifier
[2025-11-02 오후 8:45:59] [Debug] [Application] Service Initialize: Tripolygon.UModeler.Hub.Notifications.UpdateProductNotifier
[2025-11-02 오후 8:45:59] [Debug] [Application] Service Initialize: Tripolygon.UModeler.Hub.Noticies.NoticeService
[2025-11-02 오후 8:45:59] [Debug] [Application] Service Initialize: Tripolygon.UModeler.Hub.Views.SceneViews.HubSceneViewService
[2025-11-02 오후 8:46:00] [Debug] [Application] Release: isReloading=True
[2025-11-02 오후 8:46:00] [Debug] [Application] Release: isReloading=True
[2025-11-02 오후 8:46:00] [Debug] [Application] Service Release: Tripolygon.UModeler.Hub.Views.SceneViews.HubSceneViewService
[2025-11-02 오후 8:46:00] [Debug] [Application] Service Release: Tripolygon.UModeler.Hub.Views.SceneViews.HubSceneViewService
[2025-11-02 오후 8:46:00] [Debug] [Application] Service Release: Tripolygon.UModeler.Hub.Noticies.NoticeService
[2025-11-02 오후 8:46:00] [Debug] [Application] Service Release: Tripolygon.UModeler.Hub.Noticies.NoticeService
[2025-11-02 오후 8:46:00] [Debug] [Application] Service Release: Tripolygon.UModeler.Hub.Notifications.UpdateProductNotifier
[2025-11-02 오후 8:46:00] [Debug] [Application] Service Release: Tripolygon.UModeler.Hub.Notifications.UpdateProductNotifier
[2025-11-02 오후 8:46:00] [Debug] [Application] Service Release: Tripolygon.UModeler.Hub.Notifications.UpdateHubNotifier
[2025-11-02 오후 8:46:00] [Debug] [Application] Service Release: Tripolygon.UModeler.Hub.Notifications.UpdateHubNotifier
[2025-11-02 오후 8:46:00] [Debug] [Application] Service Release: Tripolygon.UModeler.Hub.VSAttributionService
[2025-11-02 오후 8:46:00] [Debug] [Application] Service Release: Tripolygon.UModeler.Hub.VSAttributionService
[2025-11-02 오후 8:46:03] [Debug] [Application] service: Tripolygon.UModeler.Hub.HubAuthentication = Tripolygon.UModeler.Hub.HubAuthentication
[2025-11-02 오후 8:46:03] [Debug] [Application] service: Tripolygon.UModeler.UI.IApplicationCache = Tripolygon.UModeler.Editor.UI.UnityEditorApplicationCache
[2025-11-02 오후 8:46:03] [Debug] ActualHost
[2025-11-02 오후 8:46:03] [Debug] [Application] service: Tripolygon.UModeler.Hub.IHubService = Tripolygon.UModeler.Hub.HubService
[2025-11-02 오후 8:46:03] [Debug] [Application] service: Tripolygon.UModeler.Authentication.IAuthenticationApiProvider = Tripolygon.UModeler.Editor.AuthenticationApiProviderService
[2025-11-02 오후 8:46:03] [Debug] [Application] service: Tripolygon.UModeler.Hub.HubAuthentication = Tripolygon.UModeler.Hub.HubAuthentication
[2025-11-02 오후 8:46:03] [Debug] [Application] service: Tripolygon.UModeler.Hub.VSAttributionService = Tripolygon.UModeler.Hub.VSAttributionService
[2025-11-02 오후 8:46:03] [Debug] [Application] service: Tripolygon.UModeler.UI.IApplicationCache = Tripolygon.UModeler.Editor.UI.UnityEditorApplicationCache
[2025-11-02 오후 8:46:03] [Debug] [Application] service: Tripolygon.UModeler.Hub.Notifications.UpdateHubNotifier = Tripolygon.UModeler.Hub.Notifications.UpdateHubNotifier
[2025-11-02 오후 8:46:03] [Debug] [Application] service: Tripolygon.UModeler.Hub.IHubService = Tripolygon.UModeler.Hub.HubService
[2025-11-02 오후 8:46:03] [Debug] [Application] service: Tripolygon.UModeler.Hub.Notifications.UpdateProductNotifier = Tripolygon.UModeler.Hub.Notifications.UpdateProductNotifier
[2025-11-02 오후 8:46:03] [Debug] [Application] service: Tripolygon.UModeler.Authentication.IAuthenticationApiProvider = Tripolygon.UModeler.Editor.AuthenticationApiProviderService
[2025-11-02 오후 8:46:03] [Debug] [Application] service: Tripolygon.UModeler.UI.IObjectHierarchyService = Tripolygon.UModeler.Editor.UI.UnityEditorObjectHierarchyService
[2025-11-02 오후 8:46:03] [Debug] [Application] service: Tripolygon.UModeler.Hub.INoticeService = Tripolygon.UModeler.Hub.Noticies.NoticeService
[2025-11-02 오후 8:46:03] [Debug] [Application] service: Tripolygon.UModeler.UI.IApplicationUtilityService = Tripolygon.UModeler.Editor.UI.UnityEditorApplicationUtilityService
[2025-11-02 오후 8:46:03] [Debug] [Application] service: Tripolygon.UModeler.Hub.Views.SceneViews.HubSceneViewService = Tripolygon.UModeler.Hub.Views.SceneViews.HubSceneViewService
[2025-11-02 오후 8:46:03] [Debug] [Application] service: Tripolygon.UModeler.Editor.UI.ApplicationSettings = Tripolygon.UModeler.Editor.UI.ApplicationSettings
[2025-11-02 오후 8:46:05] [Debug] [Application] Service Initialize: Tripolygon.UModeler.Hub.HubAuthentication
[2025-11-02 오후 8:46:03] [Debug] [Application] service: Tripolygon.UModeler.UI.ITextureProvider = Tripolygon.UModeler.Editor.UI.UnityEditorTextureProvider
[2025-11-02 오후 8:46:05] [Debug] [Application] Service Initialize: Tripolygon.UModeler.Editor.UI.UnityEditorApplicationCache
[2025-11-02 오후 8:46:03] [Debug] [Application] service: Tripolygon.UModeler.Hub.HubFlashService = Tripolygon.UModeler.Hub.HubFlashService
[2025-11-02 오후 8:46:05] [Debug] [Application] Service Initialize: Tripolygon.UModeler.Hub.HubService
[2025-11-02 오후 8:46:05] [Debug] [Application] Service Initialize: Tripolygon.UModeler.Editor.UI.UnityEditorApplicationUtilityService
[2025-11-02 오후 8:46:03] [Debug] [Application] service: Tripolygon.UModeler.Hub.VSAttributionService = Tripolygon.UModeler.Hub.VSAttributionService
[2025-11-02 오후 8:46:05] [Debug] [HubAnalytics] PosthogClient.SetAutoFlush: Value Changed: True
[2025-11-02 오후 8:46:03] [Debug] [Application] service: Tripolygon.UModeler.Hub.Notifications.UpdateHubNotifier = Tripolygon.UModeler.Hub.Notifications.UpdateHubNotifier
[2025-11-02 오후 8:46:03] [Debug] [Application] service: Tripolygon.UModeler.Hub.Notifications.UpdateProductNotifier = Tripolygon.UModeler.Hub.Notifications.UpdateProductNotifier
[2025-11-02 오후 8:46:05] [Debug] [Application] Service Initialize: Tripolygon.UModeler.Hub.HubAnalyticsService
[2025-11-02 오후 8:46:03] [Debug] [Application] service: Tripolygon.UModeler.Hub.Views.SceneViews.HubSceneViewService = Tripolygon.UModeler.Hub.Views.SceneViews.HubSceneViewService
[2025-11-02 오후 8:46:05] [Debug] [Application] Service Initialize: Tripolygon.UModeler.Hub.VSAttributionService
[2025-11-02 오후 8:46:05] [Debug] [Application] Service Initialize: Tripolygon.UModeler.Hub.HubAuthentication
[2025-11-02 오후 8:46:05] [Debug] [Application] Service Initialize: Tripolygon.UModeler.Hub.Notifications.UpdateHubNotifier
[2025-11-02 오후 8:46:05] [Debug] [Application] Service Initialize: Tripolygon.UModeler.Editor.UI.UnityEditorApplicationCache
[2025-11-02 오후 8:46:05] [Debug] [Application] Service Initialize: Tripolygon.UModeler.Hub.Notifications.UpdateProductNotifier
[2025-11-02 오후 8:46:05] [Debug] [Application] Service Initialize: Tripolygon.UModeler.Hub.HubService
[2025-11-02 오후 8:46:05] [Debug] [Application] Service Initialize: Tripolygon.UModeler.Hub.Noticies.NoticeService
[2025-11-02 오후 8:46:05] [Debug] [Application] Service Initialize: Tripolygon.UModeler.Editor.UI.UnityEditorApplicationUtilityService
[2025-11-02 오후 8:46:06] [Debug] [Application] Service Initialize: Tripolygon.UModeler.Hub.Views.SceneViews.HubSceneViewService
[2025-11-02 오후 8:46:06] [Debug] [Application] Service Initialize: Tripolygon.UModeler.Hub.HubFlashService
[2025-11-02 오후 8:46:07] [Debug] [HubAnalytics] PosthogClient.SetAutoFlush: Value Changed: True
[2025-11-02 오후 8:46:07] [Debug] [Application] Service Initialize: Tripolygon.UModeler.Hub.HubAnalyticsService
[2025-11-02 오후 8:46:07] [Debug] [Application] Service Initialize: Tripolygon.UModeler.Hub.VSAttributionService
[2025-11-02 오후 8:46:07] [Debug] [Application] Service Initialize: Tripolygon.UModeler.Hub.Notifications.UpdateHubNotifier
[2025-11-02 오후 8:46:07] [Debug] [Application] Service Initialize: Tripolygon.UModeler.Hub.Notifications.UpdateProductNotifier
[2025-11-02 오후 8:46:07] [Debug] [Application] Service Initialize: Tripolygon.UModeler.Hub.Noticies.NoticeService
[2025-11-02 오후 8:46:07] [Debug] [Application] Service Initialize: Tripolygon.UModeler.Hub.Views.SceneViews.HubSceneViewService
[2025-11-02 오후 8:46:13] [Debug] [Application] Release: isReloading=True
[2025-11-02 오후 8:46:13] [Debug] [Application] Service Release: Tripolygon.UModeler.Hub.Views.SceneViews.HubSceneViewService
[2025-11-02 오후 8:46:13] [Debug] [Application] Service Release: Tripolygon.UModeler.Hub.Noticies.NoticeService
[2025-11-02 오후 8:46:13] [Debug] [Application] Service Release: Tripolygon.UModeler.Hub.Notifications.UpdateProductNotifier
[2025-11-02 오후 8:46:13] [Debug] [Application] Service Release: Tripolygon.UModeler.Hub.Notifications.UpdateHubNotifier
[2025-11-02 오후 8:46:13] [Debug] [Application] Service Release: Tripolygon.UModeler.Hub.VSAttributionService
[2025-11-02 오후 8:46:13] [Debug] [HubAnalytics] PosthogClient.SetAutoFlush: Value Changed: False
[2025-11-02 오후 8:46:13] [Debug] [Application] Service Release: Tripolygon.UModeler.Hub.HubAnalyticsService
[2025-11-02 오후 8:46:13] [Debug] [Application] Service Release: Tripolygon.UModeler.Hub.HubFlashService
[2025-11-02 오후 8:46:13] [Debug] [Application] Service Release: Tripolygon.UModeler.Editor.UI.UnityEditorApplicationUtilityService
[2025-11-02 오후 8:46:13] [Debug] [Application] Service Release: Tripolygon.UModeler.Hub.HubService
[2025-11-02 오후 8:46:13] [Debug] [Application] Service Release: Tripolygon.UModeler.Editor.UI.UnityEditorApplicationCache
[2025-11-02 오후 8:46:13] [Debug] [Application] Service Release: Tripolygon.UModeler.Hub.HubAuthentication
[2025-11-02 오후 8:46:19] [Debug] [Application] service: Tripolygon.UModeler.Hub.HubAuthentication = Tripolygon.UModeler.Hub.HubAuthentication
[2025-11-02 오후 8:46:19] [Debug] [Application] service: Tripolygon.UModeler.UI.IApplicationCache = Tripolygon.UModeler.Editor.UI.UnityEditorApplicationCache
[2025-11-02 오후 8:46:19] [Debug] ActualHost
[2025-11-02 오후 8:46:19] [Debug] [Application] service: Tripolygon.UModeler.Hub.IHubService = Tripolygon.UModeler.Hub.HubService
[2025-11-02 오후 8:46:19] [Debug] [Application] service: Tripolygon.UModeler.Authentication.IAuthenticationApiProvider = Tripolygon.UModeler.Editor.AuthenticationApiProviderService
[2025-11-02 오후 8:46:19] [Debug] [Application] service: Tripolygon.UModeler.UI.IObjectHierarchyService = Tripolygon.UModeler.Editor.UI.UnityEditorObjectHierarchyService
[2025-11-02 오후 8:46:19] [Debug] [Application] service: Tripolygon.UModeler.UI.IApplicationUtilityService = Tripolygon.UModeler.Editor.UI.UnityEditorApplicationUtilityService
[2025-11-02 오후 8:46:19] [Debug] [Application] service: Tripolygon.UModeler.Editor.UI.ApplicationSettings = Tripolygon.UModeler.Editor.UI.ApplicationSettings
[2025-11-02 오후 8:46:19] [Debug] [Application] service: Tripolygon.UModeler.UI.ITextureProvider = Tripolygon.UModeler.Editor.UI.UnityEditorTextureProvider
[2025-11-02 오후 8:46:19] [Debug] [Application] service: Tripolygon.UModeler.Hub.Resources.IResourcesApiProvider = Tripolygon.UModeler.Hub.ResourcesApiProviderService
[2025-11-02 오후 8:46:19] [Debug] [Application] service: Tripolygon.UModeler.Hub.HubFlashService = Tripolygon.UModeler.Hub.HubFlashService
[2025-11-02 오후 8:46:19] [Debug] [Application] service: Tripolygon.UModeler.Hub.IHubAnalyticsService = Tripolygon.UModeler.Hub.HubAnalyticsService
[2025-11-02 오후 8:46:19] [Debug] [Application] service: Tripolygon.UModeler.Hub.VSAttributionService = Tripolygon.UModeler.Hub.VSAttributionService
[2025-11-02 오후 8:46:19] [Debug] [Application] service: Tripolygon.UModeler.Hub.Notifications.UpdateHubNotifier = Tripolygon.UModeler.Hub.Notifications.UpdateHubNotifier
[2025-11-02 오후 8:46:19] [Debug] [Application] service: Tripolygon.UModeler.Hub.Notifications.UpdateProductNotifier = Tripolygon.UModeler.Hub.Notifications.UpdateProductNotifier
[2025-11-02 오후 8:46:19] [Debug] [Application] service: Tripolygon.UModeler.Hub.INoticeService = Tripolygon.UModeler.Hub.Noticies.NoticeService
[2025-11-02 오후 8:46:19] [Debug] [Application] service: Tripolygon.UModeler.Hub.Views.SceneViews.HubSceneViewService = Tripolygon.UModeler.Hub.Views.SceneViews.HubSceneViewService
[2025-11-02 오후 8:46:21] [Debug] [Application] Initialize: isReloading=True
[2025-11-02 오후 8:46:21] [Debug] [Application] Service Initialize: Tripolygon.UModeler.Hub.HubAuthentication
[2025-11-02 오후 8:46:21] [Debug] [Application] Service Initialize: Tripolygon.UModeler.Editor.UI.UnityEditorApplicationCache
[2025-11-02 오후 8:46:21] [Debug] [Application] Service Initialize: Tripolygon.UModeler.Hub.HubService
[2025-11-02 오후 8:46:21] [Debug] [Application] Service Initialize: Tripolygon.UModeler.Editor.UI.UnityEditorApplicationUtilityService
[2025-11-02 오후 8:46:21] [Debug] [Application] Service Initialize: Tripolygon.UModeler.Hub.HubFlashService
[2025-11-02 오후 8:46:21] [Debug] [HubAnalytics] PosthogClient.SetAutoFlush: Value Changed: True
[2025-11-02 오후 8:46:21] [Debug] [Application] Service Initialize: Tripolygon.UModeler.Hub.HubAnalyticsService
[2025-11-02 오후 8:46:21] [Debug] [Application] Service Initialize: Tripolygon.UModeler.Hub.VSAttributionService
[2025-11-02 오후 8:46:21] [Debug] [Application] Service Initialize: Tripolygon.UModeler.Hub.Notifications.UpdateHubNotifier
[2025-11-02 오후 8:46:21] [Debug] [Application] Service Initialize: Tripolygon.UModeler.Hub.Notifications.UpdateProductNotifier
[2025-11-02 오후 8:46:21] [Debug] [Application] Service Initialize: Tripolygon.UModeler.Hub.Noticies.NoticeService
[2025-11-02 오후 8:46:21] [Debug] [Application] Service Initialize: Tripolygon.UModeler.Hub.Views.SceneViews.HubSceneViewService
[2025-11-02 오후 8:46:22] [Debug] [Application] Release: isReloading=True
[2025-11-02 오후 8:46:22] [Debug] [Application] Release: isReloading=True
[2025-11-02 오후 8:46:22] [Debug] [Application] Service Release: Tripolygon.UModeler.Hub.Views.SceneViews.HubSceneViewService
[2025-11-02 오후 8:46:22] [Debug] [Application] Service Release: Tripolygon.UModeler.Hub.Views.SceneViews.HubSceneViewService
[2025-11-02 오후 8:46:22] [Debug] [Application] Service Release: Tripolygon.UModeler.Hub.Noticies.NoticeService
[2025-11-02 오후 8:46:22] [Debug] [Application] Service Release: Tripolygon.UModeler.Hub.Noticies.NoticeService
[2025-11-02 오후 8:46:22] [Debug] [Application] Service Release: Tripolygon.UModeler.Hub.Notifications.UpdateProductNotifier
[2025-11-02 오후 8:46:22] [Debug] [Application] Service Release: Tripolygon.UModeler.Hub.Notifications.UpdateProductNotifier
[2025-11-02 오후 8:46:22] [Debug] [Application] Service Release: Tripolygon.UModeler.Hub.Notifications.UpdateHubNotifier
[2025-11-02 오후 8:46:22] [Debug] [Application] Service Release: Tripolygon.UModeler.Hub.Notifications.UpdateHubNotifier
[2025-11-02 오후 8:46:22] [Debug] [Application] Service Release: Tripolygon.UModeler.Hub.VSAttributionService
[2025-11-02 오후 8:46:22] [Debug] [Application] Service Release: Tripolygon.UModeler.Hub.VSAttributionService
[2025-11-02 오후 8:46:24] [Debug] [Application] service: Tripolygon.UModeler.Hub.HubAuthentication = Tripolygon.UModeler.Hub.HubAuthentication
[2025-11-02 오후 8:46:24] [Debug] [Application] service: Tripolygon.UModeler.UI.IApplicationCache = Tripolygon.UModeler.Editor.UI.UnityEditorApplicationCache
[2025-11-02 오후 8:46:24] [Debug] ActualHost
[2025-11-02 오후 8:46:25] [Debug] [Application] service: Tripolygon.UModeler.Hub.IHubService = Tripolygon.UModeler.Hub.HubService
[2025-11-02 오후 8:46:25] [Debug] [Application] service: Tripolygon.UModeler.Authentication.IAuthenticationApiProvider = Tripolygon.UModeler.Editor.AuthenticationApiProviderService
[2025-11-02 오후 8:46:25] [Debug] [Application] service: Tripolygon.UModeler.UI.IObjectHierarchyService = Tripolygon.UModeler.Editor.UI.UnityEditorObjectHierarchyService
[2025-11-02 오후 8:46:25] [Debug] [Application] service: Tripolygon.UModeler.UI.IApplicationUtilityService = Tripolygon.UModeler.Editor.UI.UnityEditorApplicationUtilityService
[2025-11-02 오후 8:46:25] [Debug] [Application] service: Tripolygon.UModeler.Editor.UI.ApplicationSettings = Tripolygon.UModeler.Editor.UI.ApplicationSettings
[2025-11-02 오후 8:46:25] [Debug] [Application] service: Tripolygon.UModeler.UI.ITextureProvider = Tripolygon.UModeler.Editor.UI.UnityEditorTextureProvider
[2025-11-02 오후 8:46:25] [Debug] [Application] service: Tripolygon.UModeler.Hub.Resources.IResourcesApiProvider = Tripolygon.UModeler.Hub.ResourcesApiProviderService
[2025-11-02 오후 8:46:25] [Debug] [Application] service: Tripolygon.UModeler.Hub.HubFlashService = Tripolygon.UModeler.Hub.HubFlashService
[2025-11-02 오후 8:46:25] [Debug] [Application] service: Tripolygon.UModeler.Hub.IHubAnalyticsService = Tripolygon.UModeler.Hub.HubAnalyticsService
[2025-11-02 오후 8:46:25] [Debug] [Application] service: Tripolygon.UModeler.Hub.VSAttributionService = Tripolygon.UModeler.Hub.VSAttributionService
[2025-11-02 오후 8:46:25] [Debug] [Application] service: Tripolygon.UModeler.Hub.Notifications.UpdateHubNotifier = Tripolygon.UModeler.Hub.Notifications.UpdateHubNotifier
[2025-11-02 오후 8:46:25] [Debug] [Application] service: Tripolygon.UModeler.Hub.Notifications.UpdateProductNotifier = Tripolygon.UModeler.Hub.Notifications.UpdateProductNotifier
[2025-11-02 오후 8:46:25] [Debug] [Application] service: Tripolygon.UModeler.Hub.INoticeService = Tripolygon.UModeler.Hub.Noticies.NoticeService
[2025-11-02 오후 8:46:25] [Debug] [Application] service: Tripolygon.UModeler.Hub.Views.SceneViews.HubSceneViewService = Tripolygon.UModeler.Hub.Views.SceneViews.HubSceneViewService
[2025-11-02 오후 8:46:26] [Debug] [Application] Initialize: isReloading=True
[2025-11-02 오후 8:46:26] [Debug] [Application] Service Initialize: Tripolygon.UModeler.Hub.HubAuthentication
[2025-11-02 오후 8:46:25] [Debug] [Application] service: Tripolygon.UModeler.Hub.HubAuthentication = Tripolygon.UModeler.Hub.HubAuthentication
[2025-11-02 오후 8:46:25] [Debug] [Application] service: Tripolygon.UModeler.UI.IApplicationCache = Tripolygon.UModeler.Editor.UI.UnityEditorApplicationCache
[2025-11-02 오후 8:46:26] [Debug] [Application] Service Initialize: Tripolygon.UModeler.Hub.HubService
[2025-11-02 오후 8:46:25] [Debug] [Application] service: Tripolygon.UModeler.Hub.IHubService = Tripolygon.UModeler.Hub.HubService
[2025-11-02 오후 8:46:26] [Debug] [Application] Service Initialize: Tripolygon.UModeler.Editor.UI.UnityEditorApplicationUtilityService
[2025-11-02 오후 8:46:25] [Debug] [Application] service: Tripolygon.UModeler.UI.IObjectHierarchyService = Tripolygon.UModeler.Editor.UI.UnityEditorObjectHierarchyService
[2025-11-02 오후 8:46:26] [Debug] [Application] Service Initialize: Tripolygon.UModeler.Hub.HubFlashService
[2025-11-02 오후 8:46:25] [Debug] [Application] service: Tripolygon.UModeler.UI.IApplicationUtilityService = Tripolygon.UModeler.Editor.UI.UnityEditorApplicationUtilityService
[2025-11-02 오후 8:46:26] [Debug] [HubAnalytics] PosthogClient.SetAutoFlush: Value Changed: True
[2025-11-02 오후 8:46:25] [Debug] [Application] service: Tripolygon.UModeler.UI.ITextureProvider = Tripolygon.UModeler.Editor.UI.UnityEditorTextureProvider
[2025-11-02 오후 8:46:25] [Debug] [Application] service: Tripolygon.UModeler.Hub.Resources.IResourcesApiProvider = Tripolygon.UModeler.Hub.ResourcesApiProviderService
[2025-11-02 오후 8:46:26] [Debug] [Application] Service Initialize: Tripolygon.UModeler.Hub.HubAnalyticsService
[2025-11-02 오후 8:46:25] [Debug] [Application] service: Tripolygon.UModeler.Hub.IHubAnalyticsService = Tripolygon.UModeler.Hub.HubAnalyticsService
[2025-11-02 오후 8:46:26] [Debug] [Application] Service Initialize: Tripolygon.UModeler.Hub.VSAttributionService
[2025-11-02 오후 8:46:25] [Debug] [Application] service: Tripolygon.UModeler.Hub.Notifications.UpdateHubNotifier = Tripolygon.UModeler.Hub.Notifications.UpdateHubNotifier
[2025-11-02 오후 8:46:26] [Debug] [Application] Service Initialize: Tripolygon.UModeler.Hub.Notifications.UpdateHubNotifier
[2025-11-02 오후 8:46:25] [Debug] [Application] service: Tripolygon.UModeler.Hub.INoticeService = Tripolygon.UModeler.Hub.Noticies.NoticeService
[2025-11-02 오후 8:46:26] [Debug] [Application] Service Initialize: Tripolygon.UModeler.Hub.Notifications.UpdateProductNotifier
[2025-11-02 오후 8:46:26] [Debug] [Application] Initialize: isReloading=False
[2025-11-02 오후 8:46:26] [Debug] [Application] Service Initialize: Tripolygon.UModeler.Hub.Noticies.NoticeService
[2025-11-02 오후 8:46:26] [Debug] [Application] Service Initialize: Tripolygon.UModeler.Hub.HubAuthentication
[2025-11-02 오후 8:46:26] [Debug] [Application] Service Initialize: Tripolygon.UModeler.Hub.Views.SceneViews.HubSceneViewService
[2025-11-02 오후 8:46:26] [Debug] [Application] Service Initialize: Tripolygon.UModeler.Editor.UI.UnityEditorApplicationCache
[2025-11-02 오후 8:46:26] [Debug] [Application] Service Initialize: Tripolygon.UModeler.Hub.HubService
[2025-11-02 오후 8:46:26] [Debug] [Application] Service Initialize: Tripolygon.UModeler.Editor.UI.UnityEditorApplicationUtilityService
[2025-11-02 오후 8:46:26] [Debug] [Application] Service Initialize: Tripolygon.UModeler.Hub.HubFlashService
[2025-11-02 오후 8:46:26] [Debug] [HubAnalytics] PosthogClient.SetAutoFlush: Value Changed: True
[2025-11-02 오후 8:46:26] [Debug] [Application] Service Initialize: Tripolygon.UModeler.Hub.HubAnalyticsService
[2025-11-02 오후 8:46:26] [Debug] [Application] Service Initialize: Tripolygon.UModeler.Hub.VSAttributionService
[2025-11-02 오후 8:46:26] [Debug] [Application] Service Initialize: Tripolygon.UModeler.Hub.Notifications.UpdateHubNotifier
[2025-11-02 오후 8:46:26] [Debug] [Application] Service Initialize: Tripolygon.UModeler.Hub.Notifications.UpdateProductNotifier
[2025-11-02 오후 8:46:26] [Debug] [Application] Service Initialize: Tripolygon.UModeler.Hub.Noticies.NoticeService
[2025-11-02 오후 8:46:26] [Debug] [Application] Service Initialize: Tripolygon.UModeler.Hub.Views.SceneViews.HubSceneViewService
[2025-11-02 오후 8:48:29] [Debug] [Application] Release: isReloading=True
[2025-11-02 오후 8:48:29] [Debug] [Application] Service Release: Tripolygon.UModeler.Hub.Views.SceneViews.HubSceneViewService
[2025-11-02 오후 8:48:29] [Debug] [Application] Service Release: Tripolygon.UModeler.Hub.Noticies.NoticeService
[2025-11-02 오후 8:48:29] [Debug] [Application] Service Release: Tripolygon.UModeler.Hub.Notifications.UpdateProductNotifier
[2025-11-02 오후 8:48:29] [Debug] [Application] Service Release: Tripolygon.UModeler.Hub.Notifications.UpdateHubNotifier
[2025-11-02 오후 8:48:29] [Debug] [Application] Service Release: Tripolygon.UModeler.Hub.VSAttributionService
[2025-11-02 오후 8:48:29] [Debug] [HubAnalytics] PosthogClient.SetAutoFlush: Value Changed: False
[2025-11-02 오후 8:48:29] [Debug] [Application] Service Release: Tripolygon.UModeler.Hub.HubAnalyticsService
[2025-11-02 오후 8:48:29] [Debug] [Application] Service Release: Tripolygon.UModeler.Hub.HubFlashService
[2025-11-02 오후 8:48:29] [Debug] [Application] Service Release: Tripolygon.UModeler.Editor.UI.UnityEditorApplicationUtilityService
[2025-11-02 오후 8:48:29] [Debug] [Application] Service Release: Tripolygon.UModeler.Hub.HubService
[2025-11-02 오후 8:48:29] [Debug] [Application] Service Release: Tripolygon.UModeler.Editor.UI.UnityEditorApplicationCache
[2025-11-02 오후 8:48:29] [Debug] [Application] Service Release: Tripolygon.UModeler.Hub.HubAuthentication
[2025-11-02 오후 8:48:34] [Debug] [Application] service: Tripolygon.UModeler.Hub.HubAuthentication = Tripolygon.UModeler.Hub.HubAuthentication
[2025-11-02 오후 8:48:34] [Debug] [Application] service: Tripolygon.UModeler.UI.IApplicationCache = Tripolygon.UModeler.Editor.UI.UnityEditorApplicationCache
[2025-11-02 오후 8:48:34] [Debug] ActualHost
[2025-11-02 오후 8:48:34] [Debug] [Application] service: Tripolygon.UModeler.Hub.IHubService = Tripolygon.UModeler.Hub.HubService
[2025-11-02 오후 8:48:34] [Debug] [Application] service: Tripolygon.UModeler.Authentication.IAuthenticationApiProvider = Tripolygon.UModeler.Editor.AuthenticationApiProviderService
[2025-11-02 오후 8:48:34] [Debug] [Application] service: Tripolygon.UModeler.UI.IObjectHierarchyService = Tripolygon.UModeler.Editor.UI.UnityEditorObjectHierarchyService
[2025-11-02 오후 8:48:34] [Debug] [Application] service: Tripolygon.UModeler.UI.IApplicationUtilityService = Tripolygon.UModeler.Editor.UI.UnityEditorApplicationUtilityService
[2025-11-02 오후 8:48:34] [Debug] [Application] service: Tripolygon.UModeler.Editor.UI.ApplicationSettings = Tripolygon.UModeler.Editor.UI.ApplicationSettings
[2025-11-02 오후 8:48:34] [Debug] [Application] service: Tripolygon.UModeler.UI.ITextureProvider = Tripolygon.UModeler.Editor.UI.UnityEditorTextureProvider
[2025-11-02 오후 8:48:34] [Debug] [Application] service: Tripolygon.UModeler.Hub.Resources.IResourcesApiProvider = Tripolygon.UModeler.Hub.ResourcesApiProviderService
[2025-11-02 오후 8:48:34] [Debug] [Application] service: Tripolygon.UModeler.Hub.HubFlashService = Tripolygon.UModeler.Hub.HubFlashService
[2025-11-02 오후 8:48:34] [Debug] [Application] service: Tripolygon.UModeler.Hub.IHubAnalyticsService = Tripolygon.UModeler.Hub.HubAnalyticsService
[2025-11-02 오후 8:48:34] [Debug] [Application] service: Tripolygon.UModeler.Hub.VSAttributionService = Tripolygon.UModeler.Hub.VSAttributionService
[2025-11-02 오후 8:48:34] [Debug] [Application] service: Tripolygon.UModeler.Hub.Notifications.UpdateHubNotifier = Tripolygon.UModeler.Hub.Notifications.UpdateHubNotifier
[2025-11-02 오후 8:48:34] [Debug] [Application] service: Tripolygon.UModeler.Hub.Notifications.UpdateProductNotifier = Tripolygon.UModeler.Hub.Notifications.UpdateProductNotifier
[2025-11-02 오후 8:48:34] [Debug] [Application] service: Tripolygon.UModeler.Hub.INoticeService = Tripolygon.UModeler.Hub.Noticies.NoticeService
[2025-11-02 오후 8:48:34] [Debug] [Application] service: Tripolygon.UModeler.Hub.Views.SceneViews.HubSceneViewService = Tripolygon.UModeler.Hub.Views.SceneViews.HubSceneViewService
[2025-11-02 오후 8:48:35] [Debug] [Application] Initialize: isReloading=True
[2025-11-02 오후 8:48:36] [Debug] [Application] Service Initialize: Tripolygon.UModeler.Hub.HubAuthentication
[2025-11-02 오후 8:48:36] [Debug] [Application] Service Initialize: Tripolygon.UModeler.Editor.UI.UnityEditorApplicationCache
[2025-11-02 오후 8:48:36] [Debug] [Application] Service Initialize: Tripolygon.UModeler.Hub.HubService
[2025-11-02 오후 8:48:36] [Debug] [Application] Service Initialize: Tripolygon.UModeler.Editor.UI.UnityEditorApplicationUtilityService
[2025-11-02 오후 8:48:36] [Debug] [Application] Service Initialize: Tripolygon.UModeler.Hub.HubFlashService
[2025-11-02 오후 8:48:36] [Debug] [HubAnalytics] PosthogClient.SetAutoFlush: Value Changed: True
[2025-11-02 오후 8:48:36] [Debug] [Application] Service Initialize: Tripolygon.UModeler.Hub.HubAnalyticsService
[2025-11-02 오후 8:48:36] [Debug] [Application] Service Initialize: Tripolygon.UModeler.Hub.VSAttributionService
[2025-11-02 오후 8:48:36] [Debug] [Application] Service Initialize: Tripolygon.UModeler.Hub.Notifications.UpdateHubNotifier
[2025-11-02 오후 8:48:36] [Debug] [Application] Service Initialize: Tripolygon.UModeler.Hub.Notifications.UpdateProductNotifier
[2025-11-02 오후 8:48:36] [Debug] [Application] Service Initialize: Tripolygon.UModeler.Hub.Noticies.NoticeService
[2025-11-02 오후 8:48:36] [Debug] [Application] Service Initialize: Tripolygon.UModeler.Hub.Views.SceneViews.HubSceneViewService
[2025-11-02 오후 8:48:36] [Debug] [Application] Release: isReloading=True
[2025-11-02 오후 8:48:36] [Debug] [Application] Release: isReloading=True
[2025-11-02 오후 8:48:36] [Debug] [Application] Service Release: Tripolygon.UModeler.Hub.Views.SceneViews.HubSceneViewService
[2025-11-02 오후 8:48:36] [Debug] [Application] Service Release: Tripolygon.UModeler.Hub.Views.SceneViews.HubSceneViewService
[2025-11-02 오후 8:48:36] [Debug] [Application] Service Release: Tripolygon.UModeler.Hub.Noticies.NoticeService
[2025-11-02 오후 8:48:36] [Debug] [Application] Service Release: Tripolygon.UModeler.Hub.Noticies.NoticeService
[2025-11-02 오후 8:48:36] [Debug] [Application] Service Release: Tripolygon.UModeler.Hub.Notifications.UpdateProductNotifier
[2025-11-02 오후 8:48:36] [Debug] [Application] Service Release: Tripolygon.UModeler.Hub.Notifications.UpdateProductNotifier
[2025-11-02 오후 8:48:36] [Debug] [Application] Service Release: Tripolygon.UModeler.Hub.Notifications.UpdateHubNotifier
[2025-11-02 오후 8:48:36] [Debug] [Application] Service Release: Tripolygon.UModeler.Hub.Notifications.UpdateHubNotifier
[2025-11-02 오후 8:48:36] [Debug] [Application] Service Release: Tripolygon.UModeler.Hub.VSAttributionService
[2025-11-02 오후 8:48:36] [Debug] [Application] Service Release: Tripolygon.UModeler.Hub.VSAttributionService
[2025-11-02 오후 8:48:39] [Debug] [Application] service: Tripolygon.UModeler.Hub.HubAuthentication = Tripolygon.UModeler.Hub.HubAuthentication
[2025-11-02 오후 8:48:39] [Debug] [Application] service: Tripolygon.UModeler.Hub.HubAuthentication = Tripolygon.UModeler.Hub.HubAuthentication
[2025-11-02 오후 8:48:39] [Debug] [Application] service: Tripolygon.UModeler.UI.IApplicationUtilityService = Tripolygon.UModeler.Editor.UI.UnityEditorApplicationUtilityService
[2025-11-02 오후 8:48:39] [Debug] [Application] service: Tripolygon.UModeler.Editor.UI.ApplicationSettings = Tripolygon.UModeler.Editor.UI.ApplicationSettings
[2025-11-02 오후 8:48:39] [Debug] [Application] service: Tripolygon.UModeler.Hub.IHubService = Tripolygon.UModeler.Hub.HubService
[2025-11-02 오후 8:48:39] [Debug] [Application] service: Tripolygon.UModeler.UI.ITextureProvider = Tripolygon.UModeler.Editor.UI.UnityEditorTextureProvider
[2025-11-02 오후 8:48:39] [Debug] [Application] service: Tripolygon.UModeler.Authentication.IAuthenticationApiProvider = Tripolygon.UModeler.Editor.AuthenticationApiProviderService
[2025-11-02 오후 8:48:39] [Debug] [Application] service: Tripolygon.UModeler.Hub.Resources.IResourcesApiProvider = Tripolygon.UModeler.Hub.ResourcesApiProviderService
[2025-11-02 오후 8:48:39] [Debug] [Application] service: Tripolygon.UModeler.Hub.HubFlashService = Tripolygon.UModeler.Hub.HubFlashService
[2025-11-02 오후 8:48:39] [Debug] [Application] service: Tripolygon.UModeler.UI.IApplicationUtilityService = Tripolygon.UModeler.Editor.UI.UnityEditorApplicationUtilityService
[2025-11-02 오후 8:48:39] [Debug] [Application] service: Tripolygon.UModeler.Hub.VSAttributionService = Tripolygon.UModeler.Hub.VSAttributionService
[2025-11-02 오후 8:48:39] [Debug] [Application] service: Tripolygon.UModeler.UI.ITextureProvider = Tripolygon.UModeler.Editor.UI.UnityEditorTextureProvider
[2025-11-02 오후 8:48:39] [Debug] [Application] service: Tripolygon.UModeler.Hub.Notifications.UpdateProductNotifier = Tripolygon.UModeler.Hub.Notifications.UpdateProductNotifier
[2025-11-02 오후 8:48:39] [Debug] [Application] service: Tripolygon.UModeler.Hub.HubFlashService = Tripolygon.UModeler.Hub.HubFlashService
[2025-11-02 오후 8:48:39] [Debug] [Application] service: Tripolygon.UModeler.Hub.Views.SceneViews.HubSceneViewService = Tripolygon.UModeler.Hub.Views.SceneViews.HubSceneViewService
[2025-11-02 오후 8:48:39] [Debug] [Application] service: Tripolygon.UModeler.Hub.VSAttributionService = Tripolygon.UModeler.Hub.VSAttributionService
[2025-11-02 오후 8:48:40] [Debug] [Application] Service Initialize: Tripolygon.UModeler.Hub.HubAuthentication
[2025-11-02 오후 8:48:39] [Debug] [Application] service: Tripolygon.UModeler.Hub.Notifications.UpdateProductNotifier = Tripolygon.UModeler.Hub.Notifications.UpdateProductNotifier
[2025-11-02 오후 8:48:40] [Debug] [Application] Service Initialize: Tripolygon.UModeler.Editor.UI.UnityEditorApplicationCache
[2025-11-02 오후 8:48:39] [Debug] [Application] service: Tripolygon.UModeler.Hub.Views.SceneViews.HubSceneViewService = Tripolygon.UModeler.Hub.Views.SceneViews.HubSceneViewService
[2025-11-02 오후 8:48:40] [Debug] [Application] Initialize: isReloading=False
[2025-11-02 오후 8:48:40] [Debug] [Application] Service Initialize: Tripolygon.UModeler.Hub.HubService
[2025-11-02 오후 8:48:40] [Debug] [Application] Service Initialize: Tripolygon.UModeler.Hub.HubAuthentication
[2025-11-02 오후 8:48:41] [Debug] [Application] Service Initialize: Tripolygon.UModeler.Editor.UI.UnityEditorApplicationUtilityService
[2025-11-02 오후 8:48:41] [Debug] [Application] Service Initialize: Tripolygon.UModeler.Editor.UI.UnityEditorApplicationCache
[2025-11-02 오후 8:48:41] [Debug] [Application] Service Initialize: Tripolygon.UModeler.Hub.HubFlashService
[2025-11-02 오후 8:48:41] [Debug] [Application] Service Initialize: Tripolygon.UModeler.Hub.HubService
[2025-11-02 오후 8:48:41] [Debug] [HubAnalytics] PosthogClient.SetAutoFlush: Value Changed: True
[2025-11-02 오후 8:48:41] [Debug] [Application] Service Initialize: Tripolygon.UModeler.Editor.UI.UnityEditorApplicationUtilityService
[2025-11-02 오후 8:48:41] [Debug] [Application] Service Initialize: Tripolygon.UModeler.Hub.HubFlashService
[2025-11-02 오후 8:48:41] [Debug] [Application] Service Initialize: Tripolygon.UModeler.Hub.HubAnalyticsService
[2025-11-02 오후 8:48:41] [Debug] [HubAnalytics] PosthogClient.SetAutoFlush: Value Changed: True
[2025-11-02 오후 8:48:41] [Debug] [Application] Service Initialize: Tripolygon.UModeler.Hub.VSAttributionService
[2025-11-02 오후 8:48:41] [Debug] [Application] Service Initialize: Tripolygon.UModeler.Hub.HubAnalyticsService
[2025-11-02 오후 8:48:41] [Debug] [Application] Service Initialize: Tripolygon.UModeler.Hub.Notifications.UpdateHubNotifier
[2025-11-02 오후 8:48:41] [Debug] [Application] Service Initialize: Tripolygon.UModeler.Hub.VSAttributionService
[2025-11-02 오후 8:48:41] [Debug] [Application] Service Initialize: Tripolygon.UModeler.Hub.Notifications.UpdateProductNotifier
[2025-11-02 오후 8:48:41] [Debug] [Application] Service Initialize: Tripolygon.UModeler.Hub.Notifications.UpdateHubNotifier
[2025-11-02 오후 8:48:41] [Debug] [Application] Service Initialize: Tripolygon.UModeler.Hub.Noticies.NoticeService
[2025-11-02 오후 8:48:41] [Debug] [Application] Service Initialize: Tripolygon.UModeler.Hub.Notifications.UpdateProductNotifier
[2025-11-02 오후 8:48:41] [Debug] [Application] Service Initialize: Tripolygon.UModeler.Hub.Views.SceneViews.HubSceneViewService
[2025-11-02 오후 8:48:41] [Debug] [Application] Service Initialize: Tripolygon.UModeler.Hub.Noticies.NoticeService
[2025-11-02 오후 8:48:41] [Debug] [Application] Service Initialize: Tripolygon.UModeler.Hub.Views.SceneViews.HubSceneViewService
[2025-11-02 오후 9:03:03] [Debug] [Application] Release: isReloading=True
[2025-11-02 오후 9:03:03] [Debug] [Application] Service Release: Tripolygon.UModeler.Hub.Views.SceneViews.HubSceneViewService
[2025-11-02 오후 9:03:03] [Debug] [Application] Service Release: Tripolygon.UModeler.Hub.Noticies.NoticeService
[2025-11-02 오후 9:03:03] [Debug] [Application] Service Release: Tripolygon.UModeler.Hub.Notifications.UpdateProductNotifier
[2025-11-02 오후 9:03:03] [Debug] [Application] Service Release: Tripolygon.UModeler.Hub.Notifications.UpdateHubNotifier
[2025-11-02 오후 9:03:03] [Debug] [Application] Service Release: Tripolygon.UModeler.Hub.VSAttributionService
[2025-11-02 오후 9:03:03] [Debug] [HubAnalytics] PosthogClient.SetAutoFlush: Value Changed: False
[2025-11-02 오후 9:03:03] [Debug] [Application] Service Release: Tripolygon.UModeler.Hub.HubAnalyticsService
[2025-11-02 오후 9:03:03] [Debug] [Application] Service Release: Tripolygon.UModeler.Hub.HubFlashService
[2025-11-02 오후 9:03:03] [Debug] [Application] Service Release: Tripolygon.UModeler.Editor.UI.UnityEditorApplicationUtilityService
[2025-11-02 오후 9:03:03] [Debug] [Application] Service Release: Tripolygon.UModeler.Hub.HubService
[2025-11-02 오후 9:03:03] [Debug] [Application] Service Release: Tripolygon.UModeler.Editor.UI.UnityEditorApplicationCache
[2025-11-02 오후 9:03:03] [Debug] [Application] Service Release: Tripolygon.UModeler.Hub.HubAuthentication
[2025-11-02 오후 9:03:09] [Debug] [Application] service: Tripolygon.UModeler.Hub.HubAuthentication = Tripolygon.UModeler.Hub.HubAuthentication
[2025-11-02 오후 9:03:09] [Debug] [Application] service: Tripolygon.UModeler.UI.IApplicationCache = Tripolygon.UModeler.Editor.UI.UnityEditorApplicationCache
[2025-11-02 오후 9:03:09] [Debug] ActualHost
[2025-11-02 오후 9:03:09] [Debug] [Application] service: Tripolygon.UModeler.Hub.IHubService = Tripolygon.UModeler.Hub.HubService
[2025-11-02 오후 9:03:09] [Debug] [Application] service: Tripolygon.UModeler.Authentication.IAuthenticationApiProvider = Tripolygon.UModeler.Editor.AuthenticationApiProviderService
[2025-11-02 오후 9:03:09] [Debug] [Application] service: Tripolygon.UModeler.UI.IObjectHierarchyService = Tripolygon.UModeler.Editor.UI.UnityEditorObjectHierarchyService
[2025-11-02 오후 9:03:09] [Debug] [Application] service: Tripolygon.UModeler.UI.IApplicationUtilityService = Tripolygon.UModeler.Editor.UI.UnityEditorApplicationUtilityService
[2025-11-02 오후 9:03:09] [Debug] [Application] service: Tripolygon.UModeler.Editor.UI.ApplicationSettings = Tripolygon.UModeler.Editor.UI.ApplicationSettings
[2025-11-02 오후 9:03:09] [Debug] [Application] service: Tripolygon.UModeler.UI.ITextureProvider = Tripolygon.UModeler.Editor.UI.UnityEditorTextureProvider
[2025-11-02 오후 9:03:09] [Debug] [Application] service: Tripolygon.UModeler.Hub.Resources.IResourcesApiProvider = Tripolygon.UModeler.Hub.ResourcesApiProviderService
[2025-11-02 오후 9:03:09] [Debug] [Application] service: Tripolygon.UModeler.Hub.HubFlashService = Tripolygon.UModeler.Hub.HubFlashService
[2025-11-02 오후 9:03:09] [Debug] [Application] service: Tripolygon.UModeler.Hub.IHubAnalyticsService = Tripolygon.UModeler.Hub.HubAnalyticsService
[2025-11-02 오후 9:03:09] [Debug] [Application] service: Tripolygon.UModeler.Hub.VSAttributionService = Tripolygon.UModeler.Hub.VSAttributionService
[2025-11-02 오후 9:03:09] [Debug] [Application] service: Tripolygon.UModeler.Hub.Notifications.UpdateHubNotifier = Tripolygon.UModeler.Hub.Notifications.UpdateHubNotifier
[2025-11-02 오후 9:03:09] [Debug] [Application] service: Tripolygon.UModeler.Hub.Notifications.UpdateProductNotifier = Tripolygon.UModeler.Hub.Notifications.UpdateProductNotifier
[2025-11-02 오후 9:03:09] [Debug] [Application] service: Tripolygon.UModeler.Hub.INoticeService = Tripolygon.UModeler.Hub.Noticies.NoticeService
[2025-11-02 오후 9:03:09] [Debug] [Application] service: Tripolygon.UModeler.Hub.Views.SceneViews.HubSceneViewService = Tripolygon.UModeler.Hub.Views.SceneViews.HubSceneViewService
[2025-11-02 오후 9:03:10] [Debug] [Application] Initialize: isReloading=True
[2025-11-02 오후 9:03:11] [Debug] [Application] Service Initialize: Tripolygon.UModeler.Hub.HubAuthentication
[2025-11-02 오후 9:03:11] [Debug] [Application] Service Initialize: Tripolygon.UModeler.Editor.UI.UnityEditorApplicationCache
[2025-11-02 오후 9:03:11] [Debug] [Application] Service Initialize: Tripolygon.UModeler.Hub.HubService
[2025-11-02 오후 9:03:11] [Debug] [Application] Service Initialize: Tripolygon.UModeler.Editor.UI.UnityEditorApplicationUtilityService
[2025-11-02 오후 9:03:11] [Debug] [Application] Service Initialize: Tripolygon.UModeler.Hub.HubFlashService
[2025-11-02 오후 9:03:11] [Debug] [HubAnalytics] PosthogClient.SetAutoFlush: Value Changed: True
[2025-11-02 오후 9:03:11] [Debug] [Application] Service Initialize: Tripolygon.UModeler.Hub.HubAnalyticsService
[2025-11-02 오후 9:03:11] [Debug] [Application] Service Initialize: Tripolygon.UModeler.Hub.VSAttributionService
[2025-11-02 오후 9:03:11] [Debug] [Application] Service Initialize: Tripolygon.UModeler.Hub.Notifications.UpdateHubNotifier
[2025-11-02 오후 9:03:11] [Debug] [Application] Service Initialize: Tripolygon.UModeler.Hub.Notifications.UpdateProductNotifier
[2025-11-02 오후 9:03:11] [Debug] [Application] Service Initialize: Tripolygon.UModeler.Hub.Noticies.NoticeService
[2025-11-02 오후 9:03:11] [Debug] [Application] Service Initialize: Tripolygon.UModeler.Hub.Views.SceneViews.HubSceneViewService
[2025-11-02 오후 9:03:11] [Debug] [Application] Release: isReloading=True
[2025-11-02 오후 9:03:11] [Debug] [Application] Release: isReloading=True
[2025-11-02 오후 9:03:12] [Debug] [Application] Service Release: Tripolygon.UModeler.Hub.Views.SceneViews.HubSceneViewService
[2025-11-02 오후 9:03:12] [Debug] [Application] Service Release: Tripolygon.UModeler.Hub.Views.SceneViews.HubSceneViewService
[2025-11-02 오후 9:03:12] [Debug] [Application] Service Release: Tripolygon.UModeler.Hub.Noticies.NoticeService
[2025-11-02 오후 9:03:12] [Debug] [Application] Service Release: Tripolygon.UModeler.Hub.Noticies.NoticeService
[2025-11-02 오후 9:03:12] [Debug] [Application] Service Release: Tripolygon.UModeler.Hub.Notifications.UpdateProductNotifier
[2025-11-02 오후 9:03:12] [Debug] [Application] Service Release: Tripolygon.UModeler.Hub.Notifications.UpdateHubNotifier
[2025-11-02 오후 9:03:12] [Debug] [Application] Service Release: Tripolygon.UModeler.Hub.VSAttributionService
[2025-11-02 오후 9:03:14] [Debug] [Application] service: Tripolygon.UModeler.Hub.HubAuthentication = Tripolygon.UModeler.Hub.HubAuthentication
[2025-11-02 오후 9:03:14] [Debug] [Application] service: Tripolygon.UModeler.UI.IApplicationCache = Tripolygon.UModeler.Editor.UI.UnityEditorApplicationCache
[2025-11-02 오후 9:03:14] [Debug] ActualHost
[2025-11-02 오후 9:03:14] [Debug] [Application] service: Tripolygon.UModeler.Hub.IHubService = Tripolygon.UModeler.Hub.HubService
[2025-11-02 오후 9:03:14] [Debug] [Application] service: Tripolygon.UModeler.Authentication.IAuthenticationApiProvider = Tripolygon.UModeler.Editor.AuthenticationApiProviderService
[2025-11-02 오후 9:03:14] [Debug] [Application] service: Tripolygon.UModeler.Hub.HubAuthentication = Tripolygon.UModeler.Hub.HubAuthentication
[2025-11-02 오후 9:03:14] [Debug] [Application] service: Tripolygon.UModeler.Hub.IHubAnalyticsService = Tripolygon.UModeler.Hub.HubAnalyticsService
[2025-11-02 오후 9:03:14] [Debug] ActualHost
[2025-11-02 오후 9:03:14] [Debug] [Application] service: Tripolygon.UModeler.Hub.Notifications.UpdateHubNotifier = Tripolygon.UModeler.Hub.Notifications.UpdateHubNotifier
[2025-11-02 오후 9:03:14] [Debug] [Application] service: Tripolygon.UModeler.Authentication.IAuthenticationApiProvider = Tripolygon.UModeler.Editor.AuthenticationApiProviderService
[2025-11-02 오후 9:03:14] [Debug] [Application] service: Tripolygon.UModeler.Hub.INoticeService = Tripolygon.UModeler.Hub.Noticies.NoticeService
[2025-11-02 오후 9:03:14] [Debug] [Application] service: Tripolygon.UModeler.UI.IApplicationUtilityService = Tripolygon.UModeler.Editor.UI.UnityEditorApplicationUtilityService
[2025-11-02 오후 9:03:15] [Debug] [Application] Initialize: isReloading=True
[2025-11-02 오후 9:03:14] [Debug] [Application] service: Tripolygon.UModeler.UI.ITextureProvider = Tripolygon.UModeler.Editor.UI.UnityEditorTextureProvider
[2025-11-02 오후 9:03:15] [Debug] [Application] Service Initialize: Tripolygon.UModeler.Hub.HubAuthentication
[2025-11-02 오후 9:03:14] [Debug] [Application] service: Tripolygon.UModeler.Hub.Resources.IResourcesApiProvider = Tripolygon.UModeler.Hub.ResourcesApiProviderService
[2025-11-02 오후 9:03:15] [Debug] [Application] Service Initialize: Tripolygon.UModeler.Editor.UI.UnityEditorApplicationCache
[2025-11-02 오후 9:03:14] [Debug] [Application] service: Tripolygon.UModeler.Hub.IHubAnalyticsService = Tripolygon.UModeler.Hub.HubAnalyticsService
[2025-11-02 오후 9:03:14] [Debug] [Application] service: Tripolygon.UModeler.Hub.VSAttributionService = Tripolygon.UModeler.Hub.VSAttributionService
[2025-11-02 오후 9:03:15] [Debug] [Application] Service Initialize: Tripolygon.UModeler.Hub.HubService
[2025-11-02 오후 9:03:14] [Debug] [Application] service: Tripolygon.UModeler.Hub.Notifications.UpdateProductNotifier = Tripolygon.UModeler.Hub.Notifications.UpdateProductNotifier
[2025-11-02 오후 9:03:14] [Debug] [Application] service: Tripolygon.UModeler.Hub.INoticeService = Tripolygon.UModeler.Hub.Noticies.NoticeService
[2025-11-02 오후 9:03:15] [Debug] [Application] Service Initialize: Tripolygon.UModeler.Hub.HubFlashService
[2025-11-02 오후 9:03:14] [Debug] [Application] service: Tripolygon.UModeler.Hub.Views.SceneViews.HubSceneViewService = Tripolygon.UModeler.Hub.Views.SceneViews.HubSceneViewService
[2025-11-02 오후 9:03:16] [Debug] [HubAnalytics] PosthogClient.SetAutoFlush: Value Changed: True
[2025-11-02 오후 9:03:15] [Debug] [Application] Initialize: isReloading=False
[2025-11-02 오후 9:03:16] [Debug] [Application] Service Initialize: Tripolygon.UModeler.Hub.HubAuthentication
[2025-11-02 오후 9:03:16] [Debug] [Application] Service Initialize: Tripolygon.UModeler.Hub.HubAnalyticsService
[2025-11-02 오후 9:03:16] [Debug] [Application] Service Initialize: Tripolygon.UModeler.Editor.UI.UnityEditorApplicationCache
[2025-11-02 오후 9:03:16] [Debug] [Application] Service Initialize: Tripolygon.UModeler.Hub.VSAttributionService
[2025-11-02 오후 9:03:16] [Debug] [Application] Service Initialize: Tripolygon.UModeler.Hub.HubService
[2025-11-02 오후 9:03:16] [Debug] [Application] Service Initialize: Tripolygon.UModeler.Hub.Notifications.UpdateHubNotifier
[2025-11-02 오후 9:03:16] [Debug] [Application] Service Initialize: Tripolygon.UModeler.Editor.UI.UnityEditorApplicationUtilityService
[2025-11-02 오후 9:03:16] [Debug] [Application] Service Initialize: Tripolygon.UModeler.Hub.Notifications.UpdateProductNotifier
[2025-11-02 오후 9:03:16] [Debug] [Application] Service Initialize: Tripolygon.UModeler.Hub.HubFlashService
[2025-11-02 오후 9:03:16] [Debug] [Application] Service Initialize: Tripolygon.UModeler.Hub.Noticies.NoticeService
[2025-11-02 오후 9:03:16] [Debug] [HubAnalytics] PosthogClient.SetAutoFlush: Value Changed: True
[2025-11-02 오후 9:03:16] [Debug] [Application] Service Initialize: Tripolygon.UModeler.Hub.Views.SceneViews.HubSceneViewService
[2025-11-02 오후 9:03:16] [Debug] [Application] Service Initialize: Tripolygon.UModeler.Hub.HubAnalyticsService
[2025-11-02 오후 9:03:16] [Debug] [Application] Service Initialize: Tripolygon.UModeler.Hub.VSAttributionService
[2025-11-02 오후 9:03:16] [Debug] [Application] Service Initialize: Tripolygon.UModeler.Hub.Notifications.UpdateHubNotifier
[2025-11-02 오후 9:03:16] [Debug] [Application] Service Initialize: Tripolygon.UModeler.Hub.Notifications.UpdateProductNotifier
[2025-11-02 오후 9:03:16] [Debug] [Application] Service Initialize: Tripolygon.UModeler.Hub.Noticies.NoticeService
[2025-11-02 오후 9:03:16] [Debug] [Application] Service Initialize: Tripolygon.UModeler.Hub.Views.SceneViews.HubSceneViewService
[2025-11-02 오후 9:03:46] [Debug] [Application] Release: isReloading=True
[2025-11-02 오후 9:03:47] [Debug] [Application] Service Release: Tripolygon.UModeler.Hub.Views.SceneViews.HubSceneViewService
[2025-11-02 오후 9:03:47] [Debug] [Application] Service Release: Tripolygon.UModeler.Hub.Noticies.NoticeService
[2025-11-02 오후 9:03:47] [Debug] [Application] Service Release: Tripolygon.UModeler.Hub.Notifications.UpdateProductNotifier
[2025-11-02 오후 9:03:47] [Debug] [Application] Service Release: Tripolygon.UModeler.Hub.Notifications.UpdateHubNotifier
[2025-11-02 오후 9:03:47] [Debug] [Application] Service Release: Tripolygon.UModeler.Hub.VSAttributionService
[2025-11-02 오후 9:03:47] [Debug] [HubAnalytics] PosthogClient.SetAutoFlush: Value Changed: False
[2025-11-02 오후 9:03:47] [Debug] [Application] Service Release: Tripolygon.UModeler.Hub.HubAnalyticsService
[2025-11-02 오후 9:03:47] [Debug] [Application] Service Release: Tripolygon.UModeler.Hub.HubFlashService
[2025-11-02 오후 9:03:47] [Debug] [Application] Service Release: Tripolygon.UModeler.Editor.UI.UnityEditorApplicationUtilityService
[2025-11-02 오후 9:03:47] [Debug] [Application] Service Release: Tripolygon.UModeler.Hub.HubService
[2025-11-02 오후 9:03:47] [Debug] [Application] Service Release: Tripolygon.UModeler.Editor.UI.UnityEditorApplicationCache
[2025-11-02 오후 9:03:47] [Debug] [Application] Service Release: Tripolygon.UModeler.Hub.HubAuthentication
[2025-11-02 오후 9:03:51] [Debug] [Application] service: Tripolygon.UModeler.Hub.HubAuthentication = Tripolygon.UModeler.Hub.HubAuthentication
[2025-11-02 오후 9:03:51] [Debug] [Application] service: Tripolygon.UModeler.UI.IApplicationCache = Tripolygon.UModeler.Editor.UI.UnityEditorApplicationCache
[2025-11-02 오후 9:03:51] [Debug] ActualHost
[2025-11-02 오후 9:03:51] [Debug] [Application] service: Tripolygon.UModeler.Hub.IHubService = Tripolygon.UModeler.Hub.HubService
[2025-11-02 오후 9:03:51] [Debug] [Application] service: Tripolygon.UModeler.Authentication.IAuthenticationApiProvider = Tripolygon.UModeler.Editor.AuthenticationApiProviderService
[2025-11-02 오후 9:03:51] [Debug] [Application] service: Tripolygon.UModeler.UI.IObjectHierarchyService = Tripolygon.UModeler.Editor.UI.UnityEditorObjectHierarchyService
[2025-11-02 오후 9:03:51] [Debug] [Application] service: Tripolygon.UModeler.UI.IApplicationUtilityService = Tripolygon.UModeler.Editor.UI.UnityEditorApplicationUtilityService
[2025-11-02 오후 9:03:51] [Debug] [Application] service: Tripolygon.UModeler.Editor.UI.ApplicationSettings = Tripolygon.UModeler.Editor.UI.ApplicationSettings
[2025-11-02 오후 9:03:51] [Debug] [Application] service: Tripolygon.UModeler.UI.ITextureProvider = Tripolygon.UModeler.Editor.UI.UnityEditorTextureProvider
[2025-11-02 오후 9:03:51] [Debug] [Application] service: Tripolygon.UModeler.Hub.Resources.IResourcesApiProvider = Tripolygon.UModeler.Hub.ResourcesApiProviderService
[2025-11-02 오후 9:03:51] [Debug] [Application] service: Tripolygon.UModeler.Hub.HubFlashService = Tripolygon.UModeler.Hub.HubFlashService
[2025-11-02 오후 9:03:51] [Debug] [Application] service: Tripolygon.UModeler.Hub.IHubAnalyticsService = Tripolygon.UModeler.Hub.HubAnalyticsService
[2025-11-02 오후 9:03:51] [Debug] [Application] service: Tripolygon.UModeler.Hub.VSAttributionService = Tripolygon.UModeler.Hub.VSAttributionService
[2025-11-02 오후 9:03:51] [Debug] [Application] service: Tripolygon.UModeler.Hub.Notifications.UpdateHubNotifier = Tripolygon.UModeler.Hub.Notifications.UpdateHubNotifier
[2025-11-02 오후 9:03:51] [Debug] [Application] service: Tripolygon.UModeler.Hub.Notifications.UpdateProductNotifier = Tripolygon.UModeler.Hub.Notifications.UpdateProductNotifier
[2025-11-02 오후 9:03:51] [Debug] [Application] service: Tripolygon.UModeler.Hub.INoticeService = Tripolygon.UModeler.Hub.Noticies.NoticeService
[2025-11-02 오후 9:03:51] [Debug] [Application] service: Tripolygon.UModeler.Hub.Views.SceneViews.HubSceneViewService = Tripolygon.UModeler.Hub.Views.SceneViews.HubSceneViewService
[2025-11-02 오후 9:03:53] [Debug] [Application] Initialize: isReloading=True
[2025-11-02 오후 9:03:53] [Debug] [Application] Service Initialize: Tripolygon.UModeler.Hub.HubAuthentication
[2025-11-02 오후 9:03:53] [Debug] [Application] Service Initialize: Tripolygon.UModeler.Editor.UI.UnityEditorApplicationCache
[2025-11-02 오후 9:03:53] [Debug] [Application] Service Initialize: Tripolygon.UModeler.Hub.HubService
[2025-11-02 오후 9:03:53] [Debug] [Application] Service Initialize: Tripolygon.UModeler.Editor.UI.UnityEditorApplicationUtilityService
[2025-11-02 오후 9:03:53] [Debug] [Application] Service Initialize: Tripolygon.UModeler.Hub.HubFlashService
[2025-11-02 오후 9:03:53] [Debug] [HubAnalytics] PosthogClient.SetAutoFlush: Value Changed: True
[2025-11-02 오후 9:03:53] [Debug] [Application] Service Initialize: Tripolygon.UModeler.Hub.HubAnalyticsService
[2025-11-02 오후 9:03:53] [Debug] [Application] Service Initialize: Tripolygon.UModeler.Hub.VSAttributionService
[2025-11-02 오후 9:03:53] [Debug] [Application] Service Initialize: Tripolygon.UModeler.Hub.Notifications.UpdateHubNotifier
[2025-11-02 오후 9:03:53] [Debug] [Application] Service Initialize: Tripolygon.UModeler.Hub.Notifications.UpdateProductNotifier
[2025-11-02 오후 9:03:53] [Debug] [Application] Service Initialize: Tripolygon.UModeler.Hub.Noticies.NoticeService
[2025-11-02 오후 9:03:53] [Debug] [Application] Service Initialize: Tripolygon.UModeler.Hub.Views.SceneViews.HubSceneViewService
[2025-11-02 오후 9:03:54] [Debug] [Application] Release: isReloading=True
[2025-11-02 오후 9:03:54] [Debug] [Application] Release: isReloading=True
[2025-11-02 오후 9:03:54] [Debug] [Application] Service Release: Tripolygon.UModeler.Hub.Views.SceneViews.HubSceneViewService
[2025-11-02 오후 9:03:54] [Debug] [Application] Service Release: Tripolygon.UModeler.Hub.Views.SceneViews.HubSceneViewService
[2025-11-02 오후 9:03:54] [Debug] [Application] Service Release: Tripolygon.UModeler.Hub.Noticies.NoticeService
[2025-11-02 오후 9:03:54] [Debug] [Application] Service Release: Tripolygon.UModeler.Hub.Noticies.NoticeService
[2025-11-02 오후 9:03:54] [Debug] [Application] Service Release: Tripolygon.UModeler.Hub.Notifications.UpdateProductNotifier
[2025-11-02 오후 9:03:54] [Debug] [Application] Service Release: Tripolygon.UModeler.Hub.Notifications.UpdateProductNotifier
[2025-11-02 오후 9:03:54] [Debug] [Application] Service Release: Tripolygon.UModeler.Hub.Notifications.UpdateHubNotifier
[2025-11-02 오후 9:03:54] [Debug] [Application] Service Release: Tripolygon.UModeler.Hub.Notifications.UpdateHubNotifier
[2025-11-02 오후 9:03:54] [Debug] [Application] Service Release: Tripolygon.UModeler.Hub.VSAttributionService
[2025-11-02 오후 9:03:54] [Debug] [Application] Service Release: Tripolygon.UModeler.Hub.VSAttributionService
[2025-11-02 오후 9:03:57] [Debug] [Application] service: Tripolygon.UModeler.Hub.HubAuthentication = Tripolygon.UModeler.Hub.HubAuthentication
[2025-11-02 오후 9:03:57] [Debug] [Application] service: Tripolygon.UModeler.Hub.HubAuthentication = Tripolygon.UModeler.Hub.HubAuthentication
[2025-11-02 오후 9:03:57] [Debug] [Application] service: Tripolygon.UModeler.UI.IApplicationUtilityService = Tripolygon.UModeler.Editor.UI.UnityEditorApplicationUtilityService
[2025-11-02 오후 9:03:57] [Debug] [Application] service: Tripolygon.UModeler.UI.IApplicationCache = Tripolygon.UModeler.Editor.UI.UnityEditorApplicationCache
[2025-11-02 오후 9:03:57] [Debug] [Application] service: Tripolygon.UModeler.Editor.UI.ApplicationSettings = Tripolygon.UModeler.Editor.UI.ApplicationSettings
[2025-11-02 오후 9:03:57] [Debug] [Application] service: Tripolygon.UModeler.Hub.IHubService = Tripolygon.UModeler.Hub.HubService
[2025-11-02 오후 9:03:57] [Debug] [Application] service: Tripolygon.UModeler.Hub.Resources.IResourcesApiProvider = Tripolygon.UModeler.Hub.ResourcesApiProviderService
[2025-11-02 오후 9:03:57] [Debug] [Application] service: Tripolygon.UModeler.UI.IObjectHierarchyService = Tripolygon.UModeler.Editor.UI.UnityEditorObjectHierarchyService
[2025-11-02 오후 9:03:57] [Debug] [Application] service: Tripolygon.UModeler.Hub.IHubAnalyticsService = Tripolygon.UModeler.Hub.HubAnalyticsService
[2025-11-02 오후 9:03:57] [Debug] [Application] service: Tripolygon.UModeler.Hub.VSAttributionService = Tripolygon.UModeler.Hub.VSAttributionService
[2025-11-02 오후 9:03:57] [Debug] [Application] service: Tripolygon.UModeler.Hub.Notifications.UpdateHubNotifier = Tripolygon.UModeler.Hub.Notifications.UpdateHubNotifier
[2025-11-02 오후 9:03:57] [Debug] [Application] service: Tripolygon.UModeler.Hub.Resources.IResourcesApiProvider = Tripolygon.UModeler.Hub.ResourcesApiProviderService
[2025-11-02 오후 9:03:57] [Debug] [Application] service: Tripolygon.UModeler.Hub.INoticeService = Tripolygon.UModeler.Hub.Noticies.NoticeService
[2025-11-02 오후 9:03:57] [Debug] [Application] service: Tripolygon.UModeler.Hub.IHubAnalyticsService = Tripolygon.UModeler.Hub.HubAnalyticsService
[2025-11-02 오후 9:03:58] [Debug] [Application] Initialize: isReloading=True
[2025-11-02 오후 9:03:57] [Debug] [Application] service: Tripolygon.UModeler.Hub.Notifications.UpdateHubNotifier = Tripolygon.UModeler.Hub.Notifications.UpdateHubNotifier
[2025-11-02 오후 9:03:58] [Debug] [Application] Service Initialize: Tripolygon.UModeler.Hub.HubAuthentication
[2025-11-02 오후 9:03:57] [Debug] [Application] service: Tripolygon.UModeler.Hub.INoticeService = Tripolygon.UModeler.Hub.Noticies.NoticeService
[2025-11-02 오후 9:03:58] [Debug] [Application] Service Initialize: Tripolygon.UModeler.Editor.UI.UnityEditorApplicationCache
[2025-11-02 오후 9:03:58] [Debug] [Application] Initialize: isReloading=False
[2025-11-02 오후 9:03:58] [Debug] [Application] Service Initialize: Tripolygon.UModeler.Hub.HubAuthentication
[2025-11-02 오후 9:03:58] [Debug] [Application] Service Initialize: Tripolygon.UModeler.Hub.HubService
[2025-11-02 오후 9:03:58] [Debug] [Application] Service Initialize: Tripolygon.UModeler.Editor.UI.UnityEditorApplicationCache
[2025-11-02 오후 9:03:58] [Debug] [Application] Service Initialize: Tripolygon.UModeler.Editor.UI.UnityEditorApplicationUtilityService
[2025-11-02 오후 9:03:58] [Debug] [Application] Service Initialize: Tripolygon.UModeler.Hub.HubService
[2025-11-02 오후 9:03:58] [Debug] [Application] Service Initialize: Tripolygon.UModeler.Hub.HubFlashService
[2025-11-02 오후 9:03:58] [Debug] [Application] Service Initialize: Tripolygon.UModeler.Hub.HubFlashService
[2025-11-02 오후 9:03:58] [Debug] [HubAnalytics] PosthogClient.SetAutoFlush: Value Changed: True
[2025-11-02 오후 9:03:58] [Debug] [HubAnalytics] PosthogClient.SetAutoFlush: Value Changed: True
[2025-11-02 오후 9:03:58] [Debug] [Application] Service Initialize: Tripolygon.UModeler.Hub.HubAnalyticsService
[2025-11-02 오후 9:03:58] [Debug] [Application] Service Initialize: Tripolygon.UModeler.Hub.HubAnalyticsService
[2025-11-02 오후 9:03:58] [Debug] [Application] Service Initialize: Tripolygon.UModeler.Hub.VSAttributionService
[2025-11-02 오후 9:03:58] [Debug] [Application] Service Initialize: Tripolygon.UModeler.Hub.VSAttributionService
[2025-11-02 오후 9:03:58] [Debug] [Application] Service Initialize: Tripolygon.UModeler.Hub.Notifications.UpdateHubNotifier
[2025-11-02 오후 9:03:58] [Debug] [Application] Service Initialize: Tripolygon.UModeler.Hub.Notifications.UpdateHubNotifier
[2025-11-02 오후 9:03:58] [Debug] [Application] Service Initialize: Tripolygon.UModeler.Hub.Notifications.UpdateProductNotifier
[2025-11-02 오후 9:03:58] [Debug] [Application] Service Initialize: Tripolygon.UModeler.Hub.Notifications.UpdateProductNotifier
[2025-11-02 오후 9:03:58] [Debug] [Application] Service Initialize: Tripolygon.UModeler.Hub.Noticies.NoticeService
[2025-11-02 오후 9:03:58] [Debug] [Application] Service Initialize: Tripolygon.UModeler.Hub.Noticies.NoticeService
[2025-11-02 오후 9:03:58] [Debug] [Application] Service Initialize: Tripolygon.UModeler.Hub.Views.SceneViews.HubSceneViewService
[2025-11-02 오후 9:03:58] [Debug] [Application] Service Initialize: Tripolygon.UModeler.Hub.Views.SceneViews.HubSceneViewService
[2025-11-02 오후 9:05:18] [Debug] [Application] Release: isReloading=True
[2025-11-02 오후 9:05:18] [Debug] [Application] Service Release: Tripolygon.UModeler.Hub.Views.SceneViews.HubSceneViewService
[2025-11-02 오후 9:05:18] [Debug] [Application] Service Release: Tripolygon.UModeler.Hub.Noticies.NoticeService
[2025-11-02 오후 9:05:18] [Debug] [Application] Service Release: Tripolygon.UModeler.Hub.Notifications.UpdateProductNotifier
[2025-11-02 오후 9:05:18] [Debug] [Application] Service Release: Tripolygon.UModeler.Hub.Notifications.UpdateHubNotifier
[2025-11-02 오후 9:05:18] [Debug] [Application] Service Release: Tripolygon.UModeler.Hub.VSAttributionService
[2025-11-02 오후 9:05:18] [Debug] [HubAnalytics] PosthogClient.SetAutoFlush: Value Changed: False
[2025-11-02 오후 9:05:18] [Debug] [Application] Service Release: Tripolygon.UModeler.Hub.HubAnalyticsService
[2025-11-02 오후 9:05:18] [Debug] [Application] Service Release: Tripolygon.UModeler.Hub.HubFlashService
[2025-11-02 오후 9:05:18] [Debug] [Application] Service Release: Tripolygon.UModeler.Editor.UI.UnityEditorApplicationUtilityService
[2025-11-02 오후 9:05:18] [Debug] [Application] Service Release: Tripolygon.UModeler.Hub.HubService
[2025-11-02 오후 9:05:18] [Debug] [Application] Service Release: Tripolygon.UModeler.Editor.UI.UnityEditorApplicationCache
[2025-11-02 오후 9:05:18] [Debug] [Application] Service Release: Tripolygon.UModeler.Hub.HubAuthentication
[2025-11-02 오후 9:05:24] [Debug] [Application] service: Tripolygon.UModeler.Hub.HubAuthentication = Tripolygon.UModeler.Hub.HubAuthentication
[2025-11-02 오후 9:05:24] [Debug] [Application] service: Tripolygon.UModeler.UI.IApplicationCache = Tripolygon.UModeler.Editor.UI.UnityEditorApplicationCache
[2025-11-02 오후 9:05:24] [Debug] ActualHost
[2025-11-02 오후 9:05:24] [Debug] [Application] service: Tripolygon.UModeler.Hub.IHubService = Tripolygon.UModeler.Hub.HubService
[2025-11-02 오후 9:05:24] [Debug] [Application] service: Tripolygon.UModeler.Authentication.IAuthenticationApiProvider = Tripolygon.UModeler.Editor.AuthenticationApiProviderService
[2025-11-02 오후 9:05:24] [Debug] [Application] service: Tripolygon.UModeler.UI.IObjectHierarchyService = Tripolygon.UModeler.Editor.UI.UnityEditorObjectHierarchyService
[2025-11-02 오후 9:05:24] [Debug] [Application] service: Tripolygon.UModeler.UI.IApplicationUtilityService = Tripolygon.UModeler.Editor.UI.UnityEditorApplicationUtilityService
[2025-11-02 오후 9:05:24] [Debug] [Application] service: Tripolygon.UModeler.Editor.UI.ApplicationSettings = Tripolygon.UModeler.Editor.UI.ApplicationSettings
[2025-11-02 오후 9:05:24] [Debug] [Application] service: Tripolygon.UModeler.UI.ITextureProvider = Tripolygon.UModeler.Editor.UI.UnityEditorTextureProvider
[2025-11-02 오후 9:05:24] [Debug] [Application] service: Tripolygon.UModeler.Hub.Resources.IResourcesApiProvider = Tripolygon.UModeler.Hub.ResourcesApiProviderService
[2025-11-02 오후 9:05:24] [Debug] [Application] service: Tripolygon.UModeler.Hub.HubFlashService = Tripolygon.UModeler.Hub.HubFlashService
[2025-11-02 오후 9:05:24] [Debug] [Application] service: Tripolygon.UModeler.Hub.IHubAnalyticsService = Tripolygon.UModeler.Hub.HubAnalyticsService
[2025-11-02 오후 9:05:24] [Debug] [Application] service: Tripolygon.UModeler.Hub.VSAttributionService = Tripolygon.UModeler.Hub.VSAttributionService
[2025-11-02 오후 9:05:24] [Debug] [Application] service: Tripolygon.UModeler.Hub.Notifications.UpdateHubNotifier = Tripolygon.UModeler.Hub.Notifications.UpdateHubNotifier
[2025-11-02 오후 9:05:24] [Debug] [Application] service: Tripolygon.UModeler.Hub.Notifications.UpdateProductNotifier = Tripolygon.UModeler.Hub.Notifications.UpdateProductNotifier
[2025-11-02 오후 9:05:24] [Debug] [Application] service: Tripolygon.UModeler.Hub.INoticeService = Tripolygon.UModeler.Hub.Noticies.NoticeService
[2025-11-02 오후 9:05:24] [Debug] [Application] service: Tripolygon.UModeler.Hub.Views.SceneViews.HubSceneViewService = Tripolygon.UModeler.Hub.Views.SceneViews.HubSceneViewService
[2025-11-02 오후 9:05:26] [Debug] [Application] Initialize: isReloading=True
[2025-11-02 오후 9:05:26] [Debug] [Application] Service Initialize: Tripolygon.UModeler.Hub.HubAuthentication
[2025-11-02 오후 9:05:26] [Debug] [Application] Service Initialize: Tripolygon.UModeler.Editor.UI.UnityEditorApplicationCache
[2025-11-02 오후 9:05:26] [Debug] [Application] Service Initialize: Tripolygon.UModeler.Hub.HubService
[2025-11-02 오후 9:05:26] [Debug] [Application] Service Initialize: Tripolygon.UModeler.Editor.UI.UnityEditorApplicationUtilityService
[2025-11-02 오후 9:05:26] [Debug] [Application] Service Initialize: Tripolygon.UModeler.Hub.HubFlashService
[2025-11-02 오후 9:05:26] [Debug] [HubAnalytics] PosthogClient.SetAutoFlush: Value Changed: True
[2025-11-02 오후 9:05:26] [Debug] [Application] Service Initialize: Tripolygon.UModeler.Hub.HubAnalyticsService
[2025-11-02 오후 9:05:26] [Debug] [Application] Service Initialize: Tripolygon.UModeler.Hub.VSAttributionService
[2025-11-02 오후 9:05:26] [Debug] [Application] Service Initialize: Tripolygon.UModeler.Hub.Notifications.UpdateHubNotifier
[2025-11-02 오후 9:05:26] [Debug] [Application] Service Initialize: Tripolygon.UModeler.Hub.Notifications.UpdateProductNotifier
[2025-11-02 오후 9:05:26] [Debug] [Application] Service Initialize: Tripolygon.UModeler.Hub.Noticies.NoticeService
[2025-11-02 오후 9:05:26] [Debug] [Application] Service Initialize: Tripolygon.UModeler.Hub.Views.SceneViews.HubSceneViewService
[2025-11-02 오후 9:05:27] [Debug] [Application] Release: isReloading=True
[2025-11-02 오후 9:05:27] [Debug] [Application] Release: isReloading=True
[2025-11-02 오후 9:05:27] [Debug] [Application] Service Release: Tripolygon.UModeler.Hub.Views.SceneViews.HubSceneViewService
[2025-11-02 오후 9:05:27] [Debug] [Application] Service Release: Tripolygon.UModeler.Hub.Views.SceneViews.HubSceneViewService
[2025-11-02 오후 9:05:27] [Debug] [Application] Service Release: Tripolygon.UModeler.Hub.Noticies.NoticeService
[2025-11-02 오후 9:05:27] [Debug] [Application] Service Release: Tripolygon.UModeler.Hub.Noticies.NoticeService
[2025-11-02 오후 9:05:27] [Debug] [Application] Service Release: Tripolygon.UModeler.Hub.Notifications.UpdateProductNotifier
[2025-11-02 오후 9:05:27] [Debug] [Application] Service Release: Tripolygon.UModeler.Hub.Notifications.UpdateProductNotifier
[2025-11-02 오후 9:05:27] [Debug] [Application] Service Release: Tripolygon.UModeler.Hub.Notifications.UpdateHubNotifier
[2025-11-02 오후 9:05:27] [Debug] [Application] Service Release: Tripolygon.UModeler.Hub.Notifications.UpdateHubNotifier
[2025-11-02 오후 9:05:27] [Debug] [Application] Service Release: Tripolygon.UModeler.Hub.VSAttributionService
[2025-11-02 오후 9:05:27] [Debug] [Application] Service Release: Tripolygon.UModeler.Hub.VSAttributionService
[2025-11-02 오후 9:05:29] [Debug] [Application] service: Tripolygon.UModeler.Hub.HubAuthentication = Tripolygon.UModeler.Hub.HubAuthentication
[2025-11-02 오후 9:05:29] [Debug] [Application] service: Tripolygon.UModeler.UI.IApplicationCache = Tripolygon.UModeler.Editor.UI.UnityEditorApplicationCache
[2025-11-02 오후 9:05:29] [Debug] ActualHost
[2025-11-02 오후 9:05:29] [Debug] [Application] service: Tripolygon.UModeler.Hub.IHubService = Tripolygon.UModeler.Hub.HubService
[2025-11-02 오후 9:05:29] [Debug] [Application] service: Tripolygon.UModeler.Hub.HubAuthentication = Tripolygon.UModeler.Hub.HubAuthentication
[2025-11-02 오후 9:05:29] [Debug] [Application] service: Tripolygon.UModeler.Hub.HubFlashService = Tripolygon.UModeler.Hub.HubFlashService
[2025-11-02 오후 9:05:29] [Debug] ActualHost
[2025-11-02 오후 9:05:29] [Debug] [Application] service: Tripolygon.UModeler.Hub.IHubAnalyticsService = Tripolygon.UModeler.Hub.HubAnalyticsService
[2025-11-02 오후 9:05:29] [Debug] [Application] service: Tripolygon.UModeler.Hub.IHubService = Tripolygon.UModeler.Hub.HubService
[2025-11-02 오후 9:05:29] [Debug] [Application] service: Tripolygon.UModeler.Hub.Notifications.UpdateHubNotifier = Tripolygon.UModeler.Hub.Notifications.UpdateHubNotifier
[2025-11-02 오후 9:05:29] [Debug] [Application] service: Tripolygon.UModeler.Hub.Notifications.UpdateProductNotifier = Tripolygon.UModeler.Hub.Notifications.UpdateProductNotifier
[2025-11-02 오후 9:05:29] [Debug] [Application] service: Tripolygon.UModeler.UI.IApplicationUtilityService = Tripolygon.UModeler.Editor.UI.UnityEditorApplicationUtilityService
[2025-11-02 오후 9:05:29] [Debug] [Application] service: Tripolygon.UModeler.Hub.Views.SceneViews.HubSceneViewService = Tripolygon.UModeler.Hub.Views.SceneViews.HubSceneViewService
[2025-11-02 오후 9:05:29] [Debug] [Application] service: Tripolygon.UModeler.Editor.UI.ApplicationSettings = Tripolygon.UModeler.Editor.UI.ApplicationSettings
[2025-11-02 오후 9:05:30] [Debug] [Application] Initialize: isReloading=True
[2025-11-02 오후 9:05:29] [Debug] [Application] service: Tripolygon.UModeler.Hub.Resources.IResourcesApiProvider = Tripolygon.UModeler.Hub.ResourcesApiProviderService
[2025-11-02 오후 9:05:31] [Debug] [Application] Service Initialize: Tripolygon.UModeler.Hub.HubAuthentication
[2025-11-02 오후 9:05:29] [Debug] [Application] service: Tripolygon.UModeler.Hub.IHubAnalyticsService = Tripolygon.UModeler.Hub.HubAnalyticsService
[2025-11-02 오후 9:05:31] [Debug] [Application] Service Initialize: Tripolygon.UModeler.Editor.UI.UnityEditorApplicationCache
[2025-11-02 오후 9:05:29] [Debug] [Application] service: Tripolygon.UModeler.Hub.Notifications.UpdateHubNotifier = Tripolygon.UModeler.Hub.Notifications.UpdateHubNotifier
[2025-11-02 오후 9:05:29] [Debug] [Application] service: Tripolygon.UModeler.Hub.Notifications.UpdateProductNotifier = Tripolygon.UModeler.Hub.Notifications.UpdateProductNotifier
[2025-11-02 오후 9:05:31] [Debug] [Application] Service Initialize: Tripolygon.UModeler.Hub.HubService
[2025-11-02 오후 9:05:29] [Debug] [Application] service: Tripolygon.UModeler.Hub.Views.SceneViews.HubSceneViewService = Tripolygon.UModeler.Hub.Views.SceneViews.HubSceneViewService
[2025-11-02 오후 9:05:31] [Debug] [Application] Service Initialize: Tripolygon.UModeler.Editor.UI.UnityEditorApplicationUtilityService
[2025-11-02 오후 9:05:31] [Debug] [Application] Service Initialize: Tripolygon.UModeler.Hub.HubAuthentication
[2025-11-02 오후 9:05:31] [Debug] [Application] Service Initialize: Tripolygon.UModeler.Hub.HubFlashService
[2025-11-02 오후 9:05:31] [Debug] [Application] Service Initialize: Tripolygon.UModeler.Editor.UI.UnityEditorApplicationCache
[2025-11-02 오후 9:05:31] [Debug] [HubAnalytics] PosthogClient.SetAutoFlush: Value Changed: True
[2025-11-02 오후 9:05:31] [Debug] [Application] Service Initialize: Tripolygon.UModeler.Hub.HubService
[2025-11-02 오후 9:05:31] [Debug] [Application] Service Initialize: Tripolygon.UModeler.Editor.UI.UnityEditorApplicationUtilityService
[2025-11-02 오후 9:05:31] [Debug] [Application] Service Initialize: Tripolygon.UModeler.Hub.HubAnalyticsService
[2025-11-02 오후 9:05:31] [Debug] [Application] Service Initialize: Tripolygon.UModeler.Hub.HubFlashService
[2025-11-02 오후 9:05:31] [Debug] [Application] Service Initialize: Tripolygon.UModeler.Hub.VSAttributionService
[2025-11-02 오후 9:05:31] [Debug] [HubAnalytics] PosthogClient.SetAutoFlush: Value Changed: True
[2025-11-02 오후 9:05:31] [Debug] [Application] Service Initialize: Tripolygon.UModeler.Hub.Notifications.UpdateHubNotifier
[2025-11-02 오후 9:05:31] [Debug] [Application] Service Initialize: Tripolygon.UModeler.Hub.HubAnalyticsService
[2025-11-02 오후 9:05:31] [Debug] [Application] Service Initialize: Tripolygon.UModeler.Hub.Notifications.UpdateProductNotifier
[2025-11-02 오후 9:05:31] [Debug] [Application] Service Initialize: Tripolygon.UModeler.Hub.VSAttributionService
[2025-11-02 오후 9:05:31] [Debug] [Application] Service Initialize: Tripolygon.UModeler.Hub.Noticies.NoticeService
[2025-11-02 오후 9:05:31] [Debug] [Application] Service Initialize: Tripolygon.UModeler.Hub.Notifications.UpdateHubNotifier
[2025-11-02 오후 9:05:31] [Debug] [Application] Service Initialize: Tripolygon.UModeler.Hub.Views.SceneViews.HubSceneViewService
[2025-11-02 오후 9:05:31] [Debug] [Application] Service Initialize: Tripolygon.UModeler.Hub.Notifications.UpdateProductNotifier
[2025-11-02 오후 9:05:31] [Debug] [Application] Service Initialize: Tripolygon.UModeler.Hub.Noticies.NoticeService
[2025-11-02 오후 9:05:31] [Debug] [Application] Service Initialize: Tripolygon.UModeler.Hub.Views.SceneViews.HubSceneViewService
[2025-11-02 오후 9:05:58] [Debug] [Application] Release: isReloading=True
[2025-11-02 오후 9:05:58] [Debug] [Application] Service Release: Tripolygon.UModeler.Hub.Views.SceneViews.HubSceneViewService
[2025-11-02 오후 9:05:58] [Debug] [Application] Service Release: Tripolygon.UModeler.Hub.Noticies.NoticeService
[2025-11-02 오후 9:05:58] [Debug] [Application] Service Release: Tripolygon.UModeler.Hub.Notifications.UpdateProductNotifier
[2025-11-02 오후 9:05:58] [Debug] [Application] Service Release: Tripolygon.UModeler.Hub.Notifications.UpdateHubNotifier
[2025-11-02 오후 9:05:58] [Debug] [Application] Service Release: Tripolygon.UModeler.Hub.VSAttributionService
[2025-11-02 오후 9:05:58] [Debug] [HubAnalytics] PosthogClient.SetAutoFlush: Value Changed: False
[2025-11-02 오후 9:05:58] [Debug] [Application] Service Release: Tripolygon.UModeler.Hub.HubAnalyticsService
[2025-11-02 오후 9:05:58] [Debug] [Application] Service Release: Tripolygon.UModeler.Hub.HubFlashService
[2025-11-02 오후 9:05:58] [Debug] [Application] Service Release: Tripolygon.UModeler.Editor.UI.UnityEditorApplicationUtilityService
[2025-11-02 오후 9:05:58] [Debug] [Application] Service Release: Tripolygon.UModeler.Hub.HubService
[2025-11-02 오후 9:05:58] [Debug] [Application] Service Release: Tripolygon.UModeler.Editor.UI.UnityEditorApplicationCache
[2025-11-02 오후 9:05:58] [Debug] [Application] Service Release: Tripolygon.UModeler.Hub.HubAuthentication
[2025-11-02 오후 9:06:03] [Debug] [Application] service: Tripolygon.UModeler.Hub.HubAuthentication = Tripolygon.UModeler.Hub.HubAuthentication
[2025-11-02 오후 9:06:03] [Debug] [Application] service: Tripolygon.UModeler.UI.IApplicationCache = Tripolygon.UModeler.Editor.UI.UnityEditorApplicationCache
[2025-11-02 오후 9:06:03] [Debug] ActualHost
[2025-11-02 오후 9:06:03] [Debug] [Application] service: Tripolygon.UModeler.Hub.IHubService = Tripolygon.UModeler.Hub.HubService
[2025-11-02 오후 9:06:03] [Debug] [Application] service: Tripolygon.UModeler.Authentication.IAuthenticationApiProvider = Tripolygon.UModeler.Editor.AuthenticationApiProviderService
[2025-11-02 오후 9:06:03] [Debug] [Application] service: Tripolygon.UModeler.UI.IObjectHierarchyService = Tripolygon.UModeler.Editor.UI.UnityEditorObjectHierarchyService
[2025-11-02 오후 9:06:03] [Debug] [Application] service: Tripolygon.UModeler.UI.IApplicationUtilityService = Tripolygon.UModeler.Editor.UI.UnityEditorApplicationUtilityService
[2025-11-02 오후 9:06:03] [Debug] [Application] service: Tripolygon.UModeler.Editor.UI.ApplicationSettings = Tripolygon.UModeler.Editor.UI.ApplicationSettings
[2025-11-02 오후 9:06:03] [Debug] [Application] service: Tripolygon.UModeler.UI.ITextureProvider = Tripolygon.UModeler.Editor.UI.UnityEditorTextureProvider
[2025-11-02 오후 9:06:03] [Debug] [Application] service: Tripolygon.UModeler.Hub.Resources.IResourcesApiProvider = Tripolygon.UModeler.Hub.ResourcesApiProviderService
[2025-11-02 오후 9:06:03] [Debug] [Application] service: Tripolygon.UModeler.Hub.HubFlashService = Tripolygon.UModeler.Hub.HubFlashService
[2025-11-02 오후 9:06:03] [Debug] [Application] service: Tripolygon.UModeler.Hub.IHubAnalyticsService = Tripolygon.UModeler.Hub.HubAnalyticsService
[2025-11-02 오후 9:06:03] [Debug] [Application] service: Tripolygon.UModeler.Hub.VSAttributionService = Tripolygon.UModeler.Hub.VSAttributionService
[2025-11-02 오후 9:06:03] [Debug] [Application] service: Tripolygon.UModeler.Hub.Notifications.UpdateHubNotifier = Tripolygon.UModeler.Hub.Notifications.UpdateHubNotifier
[2025-11-02 오후 9:06:03] [Debug] [Application] service: Tripolygon.UModeler.Hub.Notifications.UpdateProductNotifier = Tripolygon.UModeler.Hub.Notifications.UpdateProductNotifier
[2025-11-02 오후 9:06:03] [Debug] [Application] service: Tripolygon.UModeler.Hub.INoticeService = Tripolygon.UModeler.Hub.Noticies.NoticeService
[2025-11-02 오후 9:06:03] [Debug] [Application] service: Tripolygon.UModeler.Hub.Views.SceneViews.HubSceneViewService = Tripolygon.UModeler.Hub.Views.SceneViews.HubSceneViewService
[2025-11-02 오후 9:06:04] [Debug] [Application] Initialize: isReloading=True
[2025-11-02 오후 9:06:05] [Debug] [Application] Service Initialize: Tripolygon.UModeler.Hub.HubAuthentication
[2025-11-02 오후 9:06:05] [Debug] [Application] Service Initialize: Tripolygon.UModeler.Editor.UI.UnityEditorApplicationCache
[2025-11-02 오후 9:06:05] [Debug] [Application] Service Initialize: Tripolygon.UModeler.Hub.HubService
[2025-11-02 오후 9:06:05] [Debug] [Application] Service Initialize: Tripolygon.UModeler.Editor.UI.UnityEditorApplicationUtilityService
[2025-11-02 오후 9:06:05] [Debug] [Application] Service Initialize: Tripolygon.UModeler.Hub.HubFlashService
[2025-11-02 오후 9:06:05] [Debug] [HubAnalytics] PosthogClient.SetAutoFlush: Value Changed: True
[2025-11-02 오후 9:06:05] [Debug] [Application] Service Initialize: Tripolygon.UModeler.Hub.HubAnalyticsService
[2025-11-02 오후 9:06:05] [Debug] [Application] Service Initialize: Tripolygon.UModeler.Hub.VSAttributionService
[2025-11-02 오후 9:06:05] [Debug] [Application] Service Initialize: Tripolygon.UModeler.Hub.Notifications.UpdateHubNotifier
[2025-11-02 오후 9:06:05] [Debug] [Application] Service Initialize: Tripolygon.UModeler.Hub.Notifications.UpdateProductNotifier
[2025-11-02 오후 9:06:05] [Debug] [Application] Service Initialize: Tripolygon.UModeler.Hub.Noticies.NoticeService
[2025-11-02 오후 9:06:05] [Debug] [Application] Service Initialize: Tripolygon.UModeler.Hub.Views.SceneViews.HubSceneViewService
[2025-11-02 오후 9:06:06] [Debug] [Application] Release: isReloading=True
[2025-11-02 오후 9:06:06] [Debug] [Application] Service Release: Tripolygon.UModeler.Hub.Views.SceneViews.HubSceneViewService
[2025-11-02 오후 9:06:06] [Debug] [Application] Release: isReloading=True
[2025-11-02 오후 9:06:06] [Debug] [Application] Service Release: Tripolygon.UModeler.Hub.Noticies.NoticeService
[2025-11-02 오후 9:06:06] [Debug] [Application] Service Release: Tripolygon.UModeler.Hub.Views.SceneViews.HubSceneViewService
[2025-11-02 오후 9:06:06] [Debug] [Application] Service Release: Tripolygon.UModeler.Hub.Notifications.UpdateProductNotifier
[2025-11-02 오후 9:06:06] [Debug] [Application] Service Release: Tripolygon.UModeler.Hub.Noticies.NoticeService
[2025-11-02 오후 9:06:06] [Debug] [Application] Service Release: Tripolygon.UModeler.Hub.Notifications.UpdateHubNotifier
[2025-11-02 오후 9:06:06] [Debug] [Application] Service Release: Tripolygon.UModeler.Hub.Notifications.UpdateProductNotifier
[2025-11-02 오후 9:06:06] [Debug] [Application] Service Release: Tripolygon.UModeler.Hub.VSAttributionService
[2025-11-02 오후 9:06:06] [Debug] [Application] Service Release: Tripolygon.UModeler.Hub.Notifications.UpdateHubNotifier
[2025-11-02 오후 9:06:06] [Debug] [Application] Service Release: Tripolygon.UModeler.Hub.VSAttributionService
[2025-11-02 오후 9:06:08] [Debug] [Application] service: Tripolygon.UModeler.Hub.HubAuthentication = Tripolygon.UModeler.Hub.HubAuthentication
[2025-11-02 오후 9:06:08] [Debug] [Application] service: Tripolygon.UModeler.Hub.HubAuthentication = Tripolygon.UModeler.Hub.HubAuthentication
[2025-11-02 오후 9:06:09] [Debug] [Application] service: Tripolygon.UModeler.Editor.UI.ApplicationSettings = Tripolygon.UModeler.Editor.UI.ApplicationSettings
[2025-11-02 오후 9:06:08] [Debug] ActualHost
[2025-11-02 오후 9:06:09] [Debug] [Application] service: Tripolygon.UModeler.Hub.Resources.IResourcesApiProvider = Tripolygon.UModeler.Hub.ResourcesApiProviderService
[2025-11-02 오후 9:06:08] [Debug] [Application] service: Tripolygon.UModeler.Authentication.IAuthenticationApiProvider = Tripolygon.UModeler.Editor.AuthenticationApiProviderService
[2025-11-02 오후 9:06:09] [Debug] [Application] service: Tripolygon.UModeler.Hub.IHubAnalyticsService = Tripolygon.UModeler.Hub.HubAnalyticsService
[2025-11-02 오후 9:06:08] [Debug] [Application] service: Tripolygon.UModeler.UI.IObjectHierarchyService = Tripolygon.UModeler.Editor.UI.UnityEditorObjectHierarchyService
[2025-11-02 오후 9:06:09] [Debug] [Application] service: Tripolygon.UModeler.Hub.Notifications.UpdateHubNotifier = Tripolygon.UModeler.Hub.Notifications.UpdateHubNotifier
[2025-11-02 오후 9:06:09] [Debug] [Application] service: Tripolygon.UModeler.Editor.UI.ApplicationSettings = Tripolygon.UModeler.Editor.UI.ApplicationSettings
[2025-11-02 오후 9:06:09] [Debug] [Application] service: Tripolygon.UModeler.Hub.Notifications.UpdateProductNotifier = Tripolygon.UModeler.Hub.Notifications.UpdateProductNotifier
[2025-11-02 오후 9:06:09] [Debug] [Application] service: Tripolygon.UModeler.UI.ITextureProvider = Tripolygon.UModeler.Editor.UI.UnityEditorTextureProvider
[2025-11-02 오후 9:06:09] [Debug] [Application] service: Tripolygon.UModeler.Hub.INoticeService = Tripolygon.UModeler.Hub.Noticies.NoticeService
[2025-11-02 오후 9:06:09] [Debug] [Application] service: Tripolygon.UModeler.Hub.Resources.IResourcesApiProvider = Tripolygon.UModeler.Hub.ResourcesApiProviderService
[2025-11-02 오후 9:06:09] [Debug] [Application] service: Tripolygon.UModeler.Hub.Views.SceneViews.HubSceneViewService = Tripolygon.UModeler.Hub.Views.SceneViews.HubSceneViewService
[2025-11-02 오후 9:06:09] [Debug] [Application] service: Tripolygon.UModeler.Hub.HubFlashService = Tripolygon.UModeler.Hub.HubFlashService
[2025-11-02 오후 9:06:10] [Debug] [Application] Service Initialize: Tripolygon.UModeler.Hub.HubAuthentication
[2025-11-02 오후 9:06:09] [Debug] [Application] service: Tripolygon.UModeler.Hub.IHubAnalyticsService = Tripolygon.UModeler.Hub.HubAnalyticsService
[2025-11-02 오후 9:06:10] [Debug] [Application] Service Initialize: Tripolygon.UModeler.Editor.UI.UnityEditorApplicationCache
[2025-11-02 오후 9:06:09] [Debug] [Application] service: Tripolygon.UModeler.Hub.VSAttributionService = Tripolygon.UModeler.Hub.VSAttributionService
[2025-11-02 오후 9:06:10] [Debug] [Application] Service Initialize: Tripolygon.UModeler.Hub.HubService
[2025-11-02 오후 9:06:09] [Debug] [Application] service: Tripolygon.UModeler.Hub.Notifications.UpdateProductNotifier = Tripolygon.UModeler.Hub.Notifications.UpdateProductNotifier
[2025-11-02 오후 9:06:10] [Debug] [Application] Service Initialize: Tripolygon.UModeler.Editor.UI.UnityEditorApplicationUtilityService
[2025-11-02 오후 9:06:09] [Debug] [Application] service: Tripolygon.UModeler.Hub.INoticeService = Tripolygon.UModeler.Hub.Noticies.NoticeService
[2025-11-02 오후 9:06:10] [Debug] [Application] Service Initialize: Tripolygon.UModeler.Hub.HubFlashService
[2025-11-02 오후 9:06:10] [Debug] [Application] Initialize: isReloading=False
[2025-11-02 오후 9:06:10] [Debug] [Application] Service Initialize: Tripolygon.UModeler.Hub.HubAuthentication
[2025-11-02 오후 9:06:10] [Debug] [HubAnalytics] PosthogClient.SetAutoFlush: Value Changed: True
[2025-11-02 오후 9:06:10] [Debug] [Application] Service Initialize: Tripolygon.UModeler.Editor.UI.UnityEditorApplicationCache
[2025-11-02 오후 9:06:10] [Debug] [Application] Service Initialize: Tripolygon.UModeler.Hub.HubAnalyticsService
[2025-11-02 오후 9:06:10] [Debug] [Application] Service Initialize: Tripolygon.UModeler.Hub.HubService
[2025-11-02 오후 9:06:10] [Debug] [Application] Service Initialize: Tripolygon.UModeler.Hub.VSAttributionService
[2025-11-02 오후 9:06:10] [Debug] [Application] Service Initialize: Tripolygon.UModeler.Hub.HubFlashService
[2025-11-02 오후 9:06:10] [Debug] [Application] Service Initialize: Tripolygon.UModeler.Hub.Notifications.UpdateHubNotifier
[2025-11-02 오후 9:06:10] [Debug] [HubAnalytics] PosthogClient.SetAutoFlush: Value Changed: True
[2025-11-02 오후 9:06:10] [Debug] [Application] Service Initialize: Tripolygon.UModeler.Hub.Notifications.UpdateProductNotifier
[2025-11-02 오후 9:06:10] [Debug] [Application] Service Initialize: Tripolygon.UModeler.Hub.Noticies.NoticeService
[2025-11-02 오후 9:06:10] [Debug] [Application] Service Initialize: Tripolygon.UModeler.Hub.HubAnalyticsService
[2025-11-02 오후 9:06:10] [Debug] [Application] Service Initialize: Tripolygon.UModeler.Hub.Views.SceneViews.HubSceneViewService
[2025-11-02 오후 9:06:10] [Debug] [Application] Service Initialize: Tripolygon.UModeler.Hub.VSAttributionService
[2025-11-02 오후 9:06:10] [Debug] [Application] Service Initialize: Tripolygon.UModeler.Hub.Notifications.UpdateHubNotifier
[2025-11-02 오후 9:06:10] [Debug] [Application] Service Initialize: Tripolygon.UModeler.Hub.Notifications.UpdateProductNotifier
[2025-11-02 오후 9:06:10] [Debug] [Application] Service Initialize: Tripolygon.UModeler.Hub.Noticies.NoticeService
[2025-11-02 오후 9:06:10] [Debug] [Application] Service Initialize: Tripolygon.UModeler.Hub.Views.SceneViews.HubSceneViewService
[2025-11-02 오후 9:06:32] [Debug] [Application] Release: isReloading=True
[2025-11-02 오후 9:06:32] [Debug] [Application] Service Release: Tripolygon.UModeler.Hub.Views.SceneViews.HubSceneViewService
[2025-11-02 오후 9:06:32] [Debug] [Application] Service Release: Tripolygon.UModeler.Hub.Noticies.NoticeService
[2025-11-02 오후 9:06:32] [Debug] [Application] Service Release: Tripolygon.UModeler.Hub.Notifications.UpdateProductNotifier
[2025-11-02 오후 9:06:32] [Debug] [Application] Service Release: Tripolygon.UModeler.Hub.Notifications.UpdateHubNotifier
[2025-11-02 오후 9:06:32] [Debug] [Application] Service Release: Tripolygon.UModeler.Hub.VSAttributionService
[2025-11-02 오후 9:06:32] [Debug] [HubAnalytics] PosthogClient.SetAutoFlush: Value Changed: False
[2025-11-02 오후 9:06:32] [Debug] [Application] Service Release: Tripolygon.UModeler.Hub.HubAnalyticsService
[2025-11-02 오후 9:06:32] [Debug] [Application] Service Release: Tripolygon.UModeler.Hub.HubFlashService
[2025-11-02 오후 9:06:32] [Debug] [Application] Service Release: Tripolygon.UModeler.Editor.UI.UnityEditorApplicationUtilityService
[2025-11-02 오후 9:06:32] [Debug] [Application] Service Release: Tripolygon.UModeler.Hub.HubService
[2025-11-02 오후 9:06:32] [Debug] [Application] Service Release: Tripolygon.UModeler.Editor.UI.UnityEditorApplicationCache
[2025-11-02 오후 9:06:32] [Debug] [Application] Service Release: Tripolygon.UModeler.Hub.HubAuthentication
[2025-11-02 오후 9:06:38] [Debug] [Application] service: Tripolygon.UModeler.Hub.HubAuthentication = Tripolygon.UModeler.Hub.HubAuthentication
[2025-11-02 오후 9:06:38] [Debug] [Application] service: Tripolygon.UModeler.UI.IApplicationCache = Tripolygon.UModeler.Editor.UI.UnityEditorApplicationCache
[2025-11-02 오후 9:06:38] [Debug] ActualHost
[2025-11-02 오후 9:06:38] [Debug] [Application] service: Tripolygon.UModeler.Hub.IHubService = Tripolygon.UModeler.Hub.HubService
[2025-11-02 오후 9:06:38] [Debug] [Application] service: Tripolygon.UModeler.Authentication.IAuthenticationApiProvider = Tripolygon.UModeler.Editor.AuthenticationApiProviderService
[2025-11-02 오후 9:06:38] [Debug] [Application] service: Tripolygon.UModeler.UI.IObjectHierarchyService = Tripolygon.UModeler.Editor.UI.UnityEditorObjectHierarchyService
[2025-11-02 오후 9:06:38] [Debug] [Application] service: Tripolygon.UModeler.UI.IApplicationUtilityService = Tripolygon.UModeler.Editor.UI.UnityEditorApplicationUtilityService
[2025-11-02 오후 9:06:38] [Debug] [Application] service: Tripolygon.UModeler.Editor.UI.ApplicationSettings = Tripolygon.UModeler.Editor.UI.ApplicationSettings
[2025-11-02 오후 9:06:38] [Debug] [Application] service: Tripolygon.UModeler.UI.ITextureProvider = Tripolygon.UModeler.Editor.UI.UnityEditorTextureProvider
[2025-11-02 오후 9:06:38] [Debug] [Application] service: Tripolygon.UModeler.Hub.Resources.IResourcesApiProvider = Tripolygon.UModeler.Hub.ResourcesApiProviderService
[2025-11-02 오후 9:06:38] [Debug] [Application] service: Tripolygon.UModeler.Hub.HubFlashService = Tripolygon.UModeler.Hub.HubFlashService
[2025-11-02 오후 9:06:38] [Debug] [Application] service: Tripolygon.UModeler.Hub.IHubAnalyticsService = Tripolygon.UModeler.Hub.HubAnalyticsService
[2025-11-02 오후 9:06:38] [Debug] [Application] service: Tripolygon.UModeler.Hub.VSAttributionService = Tripolygon.UModeler.Hub.VSAttributionService
[2025-11-02 오후 9:06:38] [Debug] [Application] service: Tripolygon.UModeler.Hub.Notifications.UpdateHubNotifier = Tripolygon.UModeler.Hub.Notifications.UpdateHubNotifier
[2025-11-02 오후 9:06:38] [Debug] [Application] service: Tripolygon.UModeler.Hub.Notifications.UpdateProductNotifier = Tripolygon.UModeler.Hub.Notifications.UpdateProductNotifier
[2025-11-02 오후 9:06:38] [Debug] [Application] service: Tripolygon.UModeler.Hub.INoticeService = Tripolygon.UModeler.Hub.Noticies.NoticeService
[2025-11-02 오후 9:06:38] [Debug] [Application] service: Tripolygon.UModeler.Hub.Views.SceneViews.HubSceneViewService = Tripolygon.UModeler.Hub.Views.SceneViews.HubSceneViewService
[2025-11-02 오후 9:06:40] [Debug] [Application] Initialize: isReloading=True
[2025-11-02 오후 9:06:40] [Debug] [Application] Service Initialize: Tripolygon.UModeler.Hub.HubAuthentication
[2025-11-02 오후 9:06:40] [Debug] [Application] Service Initialize: Tripolygon.UModeler.Editor.UI.UnityEditorApplicationCache
[2025-11-02 오후 9:06:40] [Debug] [Application] Service Initialize: Tripolygon.UModeler.Hub.HubService
[2025-11-02 오후 9:06:40] [Debug] [Application] Service Initialize: Tripolygon.UModeler.Editor.UI.UnityEditorApplicationUtilityService
[2025-11-02 오후 9:06:40] [Debug] [Application] Service Initialize: Tripolygon.UModeler.Hub.HubFlashService
[2025-11-02 오후 9:06:40] [Debug] [HubAnalytics] PosthogClient.SetAutoFlush: Value Changed: True
[2025-11-02 오후 9:06:40] [Debug] [Application] Service Initialize: Tripolygon.UModeler.Hub.HubAnalyticsService
[2025-11-02 오후 9:06:40] [Debug] [Application] Service Initialize: Tripolygon.UModeler.Hub.VSAttributionService
[2025-11-02 오후 9:06:40] [Debug] [Application] Service Initialize: Tripolygon.UModeler.Hub.Notifications.UpdateHubNotifier
[2025-11-02 오후 9:06:40] [Debug] [Application] Service Initialize: Tripolygon.UModeler.Hub.Notifications.UpdateProductNotifier
[2025-11-02 오후 9:06:40] [Debug] [Application] Service Initialize: Tripolygon.UModeler.Hub.Noticies.NoticeService
[2025-11-02 오후 9:06:40] [Debug] [Application] Service Initialize: Tripolygon.UModeler.Hub.Views.SceneViews.HubSceneViewService
[2025-11-02 오후 9:06:41] [Debug] [Application] Release: isReloading=True
[2025-11-02 오후 9:06:41] [Debug] [Application] Release: isReloading=True
[2025-11-02 오후 9:06:41] [Debug] [Application] Service Release: Tripolygon.UModeler.Hub.Views.SceneViews.HubSceneViewService
[2025-11-02 오후 9:06:41] [Debug] [Application] Service Release: Tripolygon.UModeler.Hub.Views.SceneViews.HubSceneViewService
[2025-11-02 오후 9:06:41] [Debug] [Application] Service Release: Tripolygon.UModeler.Hub.Noticies.NoticeService
[2025-11-02 오후 9:06:41] [Debug] [Application] Service Release: Tripolygon.UModeler.Hub.Noticies.NoticeService
[2025-11-02 오후 9:06:41] [Debug] [Application] Service Release: Tripolygon.UModeler.Hub.Notifications.UpdateProductNotifier
[2025-11-02 오후 9:06:41] [Debug] [Application] Service Release: Tripolygon.UModeler.Hub.Notifications.UpdateProductNotifier
[2025-11-02 오후 9:06:41] [Debug] [Application] Service Release: Tripolygon.UModeler.Hub.Notifications.UpdateHubNotifier
[2025-11-02 오후 9:06:41] [Debug] [Application] Service Release: Tripolygon.UModeler.Hub.Notifications.UpdateHubNotifier
[2025-11-02 오후 9:06:41] [Debug] [Application] Service Release: Tripolygon.UModeler.Hub.VSAttributionService
[2025-11-02 오후 9:06:41] [Debug] [Application] Service Release: Tripolygon.UModeler.Hub.VSAttributionService
[2025-11-02 오후 9:06:44] [Debug] [Application] service: Tripolygon.UModeler.Hub.HubAuthentication = Tripolygon.UModeler.Hub.HubAuthentication
[2025-11-02 오후 9:06:44] [Debug] [Application] service: Tripolygon.UModeler.Hub.HubAuthentication = Tripolygon.UModeler.Hub.HubAuthentication
[2025-11-02 오후 9:06:44] [Debug] [Application] service: Tripolygon.UModeler.UI.IApplicationUtilityService = Tripolygon.UModeler.Editor.UI.UnityEditorApplicationUtilityService
[2025-11-02 오후 9:06:44] [Debug] [Application] service: Tripolygon.UModeler.UI.IApplicationCache = Tripolygon.UModeler.Editor.UI.UnityEditorApplicationCache
[2025-11-02 오후 9:06:44] [Debug] [Application] service: Tripolygon.UModeler.Editor.UI.ApplicationSettings = Tripolygon.UModeler.Editor.UI.ApplicationSettings
[2025-11-02 오후 9:06:44] [Debug] ActualHost
[2025-11-02 오후 9:06:44] [Debug] [Application] service: Tripolygon.UModeler.UI.ITextureProvider = Tripolygon.UModeler.Editor.UI.UnityEditorTextureProvider
[2025-11-02 오후 9:06:44] [Debug] [Application] service: Tripolygon.UModeler.Hub.IHubService = Tripolygon.UModeler.Hub.HubService
[2025-11-02 오후 9:06:44] [Debug] [Application] service: Tripolygon.UModeler.Hub.Resources.IResourcesApiProvider = Tripolygon.UModeler.Hub.ResourcesApiProviderService
[2025-11-02 오후 9:06:44] [Debug] [Application] service: Tripolygon.UModeler.Authentication.IAuthenticationApiProvider = Tripolygon.UModeler.Editor.AuthenticationApiProviderService
[2025-11-02 오후 9:06:44] [Debug] [Application] service: Tripolygon.UModeler.Hub.HubFlashService = Tripolygon.UModeler.Hub.HubFlashService
[2025-11-02 오후 9:06:44] [Debug] [Application] service: Tripolygon.UModeler.UI.IObjectHierarchyService = Tripolygon.UModeler.Editor.UI.UnityEditorObjectHierarchyService
[2025-11-02 오후 9:06:44] [Debug] [Application] service: Tripolygon.UModeler.Hub.IHubAnalyticsService = Tripolygon.UModeler.Hub.HubAnalyticsService
[2025-11-02 오후 9:06:44] [Debug] [Application] service: Tripolygon.UModeler.Editor.UI.ApplicationSettings = Tripolygon.UModeler.Editor.UI.ApplicationSettings
[2025-11-02 오후 9:06:44] [Debug] [Application] service: Tripolygon.UModeler.Hub.Notifications.UpdateHubNotifier = Tripolygon.UModeler.Hub.Notifications.UpdateHubNotifier
[2025-11-02 오후 9:06:44] [Debug] [Application] service: Tripolygon.UModeler.Hub.Resources.IResourcesApiProvider = Tripolygon.UModeler.Hub.ResourcesApiProviderService
[2025-11-02 오후 9:06:44] [Debug] [Application] service: Tripolygon.UModeler.Hub.INoticeService = Tripolygon.UModeler.Hub.Noticies.NoticeService
[2025-11-02 오후 9:06:44] [Debug] [Application] service: Tripolygon.UModeler.Hub.Views.SceneViews.HubSceneViewService = Tripolygon.UModeler.Hub.Views.SceneViews.HubSceneViewService
[2025-11-02 오후 9:06:44] [Debug] [Application] service: Tripolygon.UModeler.Hub.VSAttributionService = Tripolygon.UModeler.Hub.VSAttributionService
[2025-11-02 오후 9:06:45] [Debug] [Application] Service Initialize: Tripolygon.UModeler.Hub.HubAuthentication
[2025-11-02 오후 9:06:44] [Debug] [Application] service: Tripolygon.UModeler.Hub.Notifications.UpdateHubNotifier = Tripolygon.UModeler.Hub.Notifications.UpdateHubNotifier
[2025-11-02 오후 9:06:45] [Debug] [Application] Service Initialize: Tripolygon.UModeler.Editor.UI.UnityEditorApplicationCache
[2025-11-02 오후 9:06:44] [Debug] [Application] service: Tripolygon.UModeler.Hub.INoticeService = Tripolygon.UModeler.Hub.Noticies.NoticeService
[2025-11-02 오후 9:06:44] [Debug] [Application] service: Tripolygon.UModeler.Hub.Views.SceneViews.HubSceneViewService = Tripolygon.UModeler.Hub.Views.SceneViews.HubSceneViewService
[2025-11-02 오후 9:06:45] [Debug] [Application] Service Initialize: Tripolygon.UModeler.Hub.HubService
[2025-11-02 오후 9:06:45] [Debug] [Application] Initialize: isReloading=False
[2025-11-02 오후 9:06:45] [Debug] [Application] Service Initialize: Tripolygon.UModeler.Editor.UI.UnityEditorApplicationUtilityService
[2025-11-02 오후 9:06:45] [Debug] [Application] Service Initialize: Tripolygon.UModeler.Hub.HubAuthentication
[2025-11-02 오후 9:06:45] [Debug] [Application] Service Initialize: Tripolygon.UModeler.Hub.HubFlashService
[2025-11-02 오후 9:06:45] [Debug] [Application] Service Initialize: Tripolygon.UModeler.Editor.UI.UnityEditorApplicationCache
[2025-11-02 오후 9:06:45] [Debug] [HubAnalytics] PosthogClient.SetAutoFlush: Value Changed: True
[2025-11-02 오후 9:06:46] [Debug] [Application] Service Initialize: Tripolygon.UModeler.Hub.HubService
[2025-11-02 오후 9:06:46] [Debug] [Application] Service Initialize: Tripolygon.UModeler.Hub.HubAnalyticsService
[2025-11-02 오후 9:06:46] [Debug] [Application] Service Initialize: Tripolygon.UModeler.Editor.UI.UnityEditorApplicationUtilityService
[2025-11-02 오후 9:06:46] [Debug] [Application] Service Initialize: Tripolygon.UModeler.Hub.VSAttributionService
[2025-11-02 오후 9:06:46] [Debug] [Application] Service Initialize: Tripolygon.UModeler.Hub.HubFlashService
[2025-11-02 오후 9:06:46] [Debug] [Application] Service Initialize: Tripolygon.UModeler.Hub.Notifications.UpdateHubNotifier
[2025-11-02 오후 9:06:46] [Debug] [HubAnalytics] PosthogClient.SetAutoFlush: Value Changed: True
[2025-11-02 오후 9:06:46] [Debug] [Application] Service Initialize: Tripolygon.UModeler.Hub.Notifications.UpdateProductNotifier
[2025-11-02 오후 9:06:46] [Debug] [Application] Service Initialize: Tripolygon.UModeler.Hub.Noticies.NoticeService
[2025-11-02 오후 9:06:46] [Debug] [Application] Service Initialize: Tripolygon.UModeler.Hub.HubAnalyticsService
[2025-11-02 오후 9:06:46] [Debug] [Application] Service Initialize: Tripolygon.UModeler.Hub.Views.SceneViews.HubSceneViewService
[2025-11-02 오후 9:06:46] [Debug] [Application] Service Initialize: Tripolygon.UModeler.Hub.VSAttributionService
[2025-11-02 오후 9:06:46] [Debug] [Application] Service Initialize: Tripolygon.UModeler.Hub.Notifications.UpdateHubNotifier
[2025-11-02 오후 9:06:46] [Debug] [Application] Service Initialize: Tripolygon.UModeler.Hub.Notifications.UpdateProductNotifier
[2025-11-02 오후 9:06:46] [Debug] [Application] Service Initialize: Tripolygon.UModeler.Hub.Noticies.NoticeService
[2025-11-02 오후 9:06:46] [Debug] [Application] Service Initialize: Tripolygon.UModeler.Hub.Views.SceneViews.HubSceneViewService
[2025-11-02 오후 9:07:15] [Debug] [Application] Release: isReloading=True
[2025-11-02 오후 9:07:15] [Debug] [Application] Service Release: Tripolygon.UModeler.Hub.Views.SceneViews.HubSceneViewService
[2025-11-02 오후 9:07:15] [Debug] [Application] Service Release: Tripolygon.UModeler.Hub.Noticies.NoticeService
[2025-11-02 오후 9:07:15] [Debug] [Application] Service Release: Tripolygon.UModeler.Hub.Notifications.UpdateProductNotifier
[2025-11-02 오후 9:07:15] [Debug] [Application] Service Release: Tripolygon.UModeler.Hub.Notifications.UpdateHubNotifier
[2025-11-02 오후 9:07:15] [Debug] [Application] Service Release: Tripolygon.UModeler.Hub.VSAttributionService
[2025-11-02 오후 9:07:15] [Debug] [HubAnalytics] PosthogClient.SetAutoFlush: Value Changed: False
[2025-11-02 오후 9:07:15] [Debug] [Application] Service Release: Tripolygon.UModeler.Hub.HubAnalyticsService
[2025-11-02 오후 9:07:15] [Debug] [Application] Service Release: Tripolygon.UModeler.Hub.HubFlashService
[2025-11-02 오후 9:07:15] [Debug] [Application] Service Release: Tripolygon.UModeler.Editor.UI.UnityEditorApplicationUtilityService
[2025-11-02 오후 9:07:15] [Debug] [Application] Service Release: Tripolygon.UModeler.Hub.HubService
[2025-11-02 오후 9:07:15] [Debug] [Application] Service Release: Tripolygon.UModeler.Editor.UI.UnityEditorApplicationCache
[2025-11-02 오후 9:07:15] [Debug] [Application] Service Release: Tripolygon.UModeler.Hub.HubAuthentication
[2025-11-02 오후 9:07:21] [Debug] [Application] service: Tripolygon.UModeler.Hub.HubAuthentication = Tripolygon.UModeler.Hub.HubAuthentication
[2025-11-02 오후 9:07:21] [Debug] [Application] service: Tripolygon.UModeler.UI.IApplicationCache = Tripolygon.UModeler.Editor.UI.UnityEditorApplicationCache
[2025-11-02 오후 9:07:21] [Debug] ActualHost
[2025-11-02 오후 9:07:21] [Debug] [Application] service: Tripolygon.UModeler.Hub.IHubService = Tripolygon.UModeler.Hub.HubService
[2025-11-02 오후 9:07:21] [Debug] [Application] service: Tripolygon.UModeler.Authentication.IAuthenticationApiProvider = Tripolygon.UModeler.Editor.AuthenticationApiProviderService
[2025-11-02 오후 9:07:21] [Debug] [Application] service: Tripolygon.UModeler.UI.IObjectHierarchyService = Tripolygon.UModeler.Editor.UI.UnityEditorObjectHierarchyService
[2025-11-02 오후 9:07:21] [Debug] [Application] service: Tripolygon.UModeler.UI.IApplicationUtilityService = Tripolygon.UModeler.Editor.UI.UnityEditorApplicationUtilityService
[2025-11-02 오후 9:07:21] [Debug] [Application] service: Tripolygon.UModeler.Editor.UI.ApplicationSettings = Tripolygon.UModeler.Editor.UI.ApplicationSettings
[2025-11-02 오후 9:07:21] [Debug] [Application] service: Tripolygon.UModeler.UI.ITextureProvider = Tripolygon.UModeler.Editor.UI.UnityEditorTextureProvider
[2025-11-02 오후 9:07:21] [Debug] [Application] service: Tripolygon.UModeler.Hub.Resources.IResourcesApiProvider = Tripolygon.UModeler.Hub.ResourcesApiProviderService
[2025-11-02 오후 9:07:21] [Debug] [Application] service: Tripolygon.UModeler.Hub.HubFlashService = Tripolygon.UModeler.Hub.HubFlashService
[2025-11-02 오후 9:07:21] [Debug] [Application] service: Tripolygon.UModeler.Hub.IHubAnalyticsService = Tripolygon.UModeler.Hub.HubAnalyticsService
[2025-11-02 오후 9:07:21] [Debug] [Application] service: Tripolygon.UModeler.Hub.VSAttributionService = Tripolygon.UModeler.Hub.VSAttributionService
[2025-11-02 오후 9:07:21] [Debug] [Application] service: Tripolygon.UModeler.Hub.Notifications.UpdateHubNotifier = Tripolygon.UModeler.Hub.Notifications.UpdateHubNotifier
[2025-11-02 오후 9:07:21] [Debug] [Application] service: Tripolygon.UModeler.Hub.Notifications.UpdateProductNotifier = Tripolygon.UModeler.Hub.Notifications.UpdateProductNotifier
[2025-11-02 오후 9:07:21] [Debug] [Application] service: Tripolygon.UModeler.Hub.INoticeService = Tripolygon.UModeler.Hub.Noticies.NoticeService
[2025-11-02 오후 9:07:21] [Debug] [Application] service: Tripolygon.UModeler.Hub.Views.SceneViews.HubSceneViewService = Tripolygon.UModeler.Hub.Views.SceneViews.HubSceneViewService
[2025-11-02 오후 9:07:22] [Debug] [Application] Initialize: isReloading=True
[2025-11-02 오후 9:07:23] [Debug] [Application] Service Initialize: Tripolygon.UModeler.Hub.HubAuthentication
[2025-11-02 오후 9:07:23] [Debug] [Application] Service Initialize: Tripolygon.UModeler.Editor.UI.UnityEditorApplicationCache
[2025-11-02 오후 9:07:23] [Debug] [Application] Service Initialize: Tripolygon.UModeler.Hub.HubService
[2025-11-02 오후 9:07:23] [Debug] [Application] Service Initialize: Tripolygon.UModeler.Editor.UI.UnityEditorApplicationUtilityService
[2025-11-02 오후 9:07:23] [Debug] [Application] Service Initialize: Tripolygon.UModeler.Hub.HubFlashService
[2025-11-02 오후 9:07:23] [Debug] [HubAnalytics] PosthogClient.SetAutoFlush: Value Changed: True
[2025-11-02 오후 9:07:23] [Debug] [Application] Service Initialize: Tripolygon.UModeler.Hub.HubAnalyticsService
[2025-11-02 오후 9:07:23] [Debug] [Application] Service Initialize: Tripolygon.UModeler.Hub.VSAttributionService
[2025-11-02 오후 9:07:23] [Debug] [Application] Service Initialize: Tripolygon.UModeler.Hub.Notifications.UpdateHubNotifier
[2025-11-02 오후 9:07:23] [Debug] [Application] Service Initialize: Tripolygon.UModeler.Hub.Notifications.UpdateProductNotifier
[2025-11-02 오후 9:07:23] [Debug] [Application] Service Initialize: Tripolygon.UModeler.Hub.Noticies.NoticeService
[2025-11-02 오후 9:07:23] [Debug] [Application] Service Initialize: Tripolygon.UModeler.Hub.Views.SceneViews.HubSceneViewService
[2025-11-02 오후 9:07:23] [Debug] [Application] Release: isReloading=True
[2025-11-02 오후 9:07:23] [Debug] [Application] Release: isReloading=True
[2025-11-02 오후 9:07:23] [Debug] [Application] Service Release: Tripolygon.UModeler.Hub.Views.SceneViews.HubSceneViewService
[2025-11-02 오후 9:07:23] [Debug] [Application] Service Release: Tripolygon.UModeler.Hub.Views.SceneViews.HubSceneViewService
[2025-11-02 오후 9:07:23] [Debug] [Application] Service Release: Tripolygon.UModeler.Hub.Noticies.NoticeService
[2025-11-02 오후 9:07:23] [Debug] [Application] Service Release: Tripolygon.UModeler.Hub.Noticies.NoticeService
[2025-11-02 오후 9:07:23] [Debug] [Application] Service Release: Tripolygon.UModeler.Hub.Notifications.UpdateProductNotifier
[2025-11-02 오후 9:07:23] [Debug] [Application] Service Release: Tripolygon.UModeler.Hub.Notifications.UpdateProductNotifier
[2025-11-02 오후 9:07:23] [Debug] [Application] Service Release: Tripolygon.UModeler.Hub.Notifications.UpdateHubNotifier
[2025-11-02 오후 9:07:23] [Debug] [Application] Service Release: Tripolygon.UModeler.Hub.Notifications.UpdateHubNotifier
[2025-11-02 오후 9:07:23] [Debug] [Application] Service Release: Tripolygon.UModeler.Hub.VSAttributionService
[2025-11-02 오후 9:07:23] [Debug] [Application] Service Release: Tripolygon.UModeler.Hub.VSAttributionService
[2025-11-02 오후 9:07:26] [Debug] [Application] service: Tripolygon.UModeler.Hub.HubAuthentication = Tripolygon.UModeler.Hub.HubAuthentication
[2025-11-02 오후 9:07:26] [Debug] [Application] service: Tripolygon.UModeler.UI.IApplicationCache = Tripolygon.UModeler.Editor.UI.UnityEditorApplicationCache
[2025-11-02 오후 9:07:26] [Debug] [Application] service: Tripolygon.UModeler.Hub.HubAuthentication = Tripolygon.UModeler.Hub.HubAuthentication
[2025-11-02 오후 9:07:26] [Debug] [Application] service: Tripolygon.UModeler.UI.ITextureProvider = Tripolygon.UModeler.Editor.UI.UnityEditorTextureProvider
[2025-11-02 오후 9:07:26] [Debug] [Application] service: Tripolygon.UModeler.UI.IApplicationCache = Tripolygon.UModeler.Editor.UI.UnityEditorApplicationCache
[2025-11-02 오후 9:07:26] [Debug] [Application] service: Tripolygon.UModeler.Hub.HubFlashService = Tripolygon.UModeler.Hub.HubFlashService
[2025-11-02 오후 9:07:26] [Debug] [Application] service: Tripolygon.UModeler.Hub.IHubService = Tripolygon.UModeler.Hub.HubService
[2025-11-02 오후 9:07:26] [Debug] [Application] service: Tripolygon.UModeler.Hub.IHubAnalyticsService = Tripolygon.UModeler.Hub.HubAnalyticsService
[2025-11-02 오후 9:07:26] [Debug] [Application] service: Tripolygon.UModeler.UI.IObjectHierarchyService = Tripolygon.UModeler.Editor.UI.UnityEditorObjectHierarchyService
[2025-11-02 오후 9:07:26] [Debug] [Application] service: Tripolygon.UModeler.Hub.Notifications.UpdateHubNotifier = Tripolygon.UModeler.Hub.Notifications.UpdateHubNotifier
[2025-11-02 오후 9:07:26] [Debug] [Application] service: Tripolygon.UModeler.Editor.UI.ApplicationSettings = Tripolygon.UModeler.Editor.UI.ApplicationSettings
[2025-11-02 오후 9:07:26] [Debug] [Application] service: Tripolygon.UModeler.Hub.INoticeService = Tripolygon.UModeler.Hub.Noticies.NoticeService
[2025-11-02 오후 9:07:26] [Debug] [Application] service: Tripolygon.UModeler.Hub.Resources.IResourcesApiProvider = Tripolygon.UModeler.Hub.ResourcesApiProviderService
[2025-11-02 오후 9:07:27] [Debug] [Application] Initialize: isReloading=True
[2025-11-02 오후 9:07:26] [Debug] [Application] service: Tripolygon.UModeler.Hub.IHubAnalyticsService = Tripolygon.UModeler.Hub.HubAnalyticsService
[2025-11-02 오후 9:07:28] [Debug] [Application] Service Initialize: Tripolygon.UModeler.Hub.HubAuthentication
[2025-11-02 오후 9:07:26] [Debug] [Application] service: Tripolygon.UModeler.Hub.VSAttributionService = Tripolygon.UModeler.Hub.VSAttributionService
[2025-11-02 오후 9:07:28] [Debug] [Application] Service Initialize: Tripolygon.UModeler.Editor.UI.UnityEditorApplicationCache
[2025-11-02 오후 9:07:26] [Debug] [Application] service: Tripolygon.UModeler.Hub.Notifications.UpdateProductNotifier = Tripolygon.UModeler.Hub.Notifications.UpdateProductNotifier
[2025-11-02 오후 9:07:26] [Debug] [Application] service: Tripolygon.UModeler.Hub.INoticeService = Tripolygon.UModeler.Hub.Noticies.NoticeService
[2025-11-02 오후 9:07:28] [Debug] [Application] Service Initialize: Tripolygon.UModeler.Hub.HubService
[2025-11-02 오후 9:07:26] [Debug] [Application] service: Tripolygon.UModeler.Hub.Views.SceneViews.HubSceneViewService = Tripolygon.UModeler.Hub.Views.SceneViews.HubSceneViewService
[2025-11-02 오후 9:07:28] [Debug] [Application] Service Initialize: Tripolygon.UModeler.Editor.UI.UnityEditorApplicationUtilityService
[2025-11-02 오후 9:07:27] [Debug] [Application] Initialize: isReloading=False
[2025-11-02 오후 9:07:28] [Debug] [Application] Service Initialize: Tripolygon.UModeler.Hub.HubFlashService
[2025-11-02 오후 9:07:28] [Debug] [Application] Service Initialize: Tripolygon.UModeler.Hub.HubAuthentication
[2025-11-02 오후 9:07:28] [Debug] [HubAnalytics] PosthogClient.SetAutoFlush: Value Changed: True
[2025-11-02 오후 9:07:28] [Debug] [Application] Service Initialize: Tripolygon.UModeler.Editor.UI.UnityEditorApplicationCache
[2025-11-02 오후 9:07:28] [Debug] [Application] Service Initialize: Tripolygon.UModeler.Hub.HubAnalyticsService
[2025-11-02 오후 9:07:28] [Debug] [Application] Service Initialize: Tripolygon.UModeler.Hub.HubService
[2025-11-02 오후 9:07:28] [Debug] [Application] Service Initialize: Tripolygon.UModeler.Hub.VSAttributionService
[2025-11-02 오후 9:07:28] [Debug] [Application] Service Initialize: Tripolygon.UModeler.Editor.UI.UnityEditorApplicationUtilityService
[2025-11-02 오후 9:07:28] [Debug] [Application] Service Initialize: Tripolygon.UModeler.Hub.Notifications.UpdateHubNotifier
[2025-11-02 오후 9:07:28] [Debug] [Application] Service Initialize: Tripolygon.UModeler.Hub.HubFlashService
[2025-11-02 오후 9:07:28] [Debug] [Application] Service Initialize: Tripolygon.UModeler.Hub.Notifications.UpdateProductNotifier
[2025-11-02 오후 9:07:28] [Debug] [HubAnalytics] PosthogClient.SetAutoFlush: Value Changed: True
[2025-11-02 오후 9:07:28] [Debug] [Application] Service Initialize: Tripolygon.UModeler.Hub.Noticies.NoticeService
[2025-11-02 오후 9:07:28] [Debug] [Application] Service Initialize: Tripolygon.UModeler.Hub.HubAnalyticsService
[2025-11-02 오후 9:07:28] [Debug] [Application] Service Initialize: Tripolygon.UModeler.Hub.Views.SceneViews.HubSceneViewService
[2025-11-02 오후 9:07:28] [Debug] [Application] Service Initialize: Tripolygon.UModeler.Hub.VSAttributionService
[2025-11-02 오후 9:07:28] [Debug] [Application] Service Initialize: Tripolygon.UModeler.Hub.Notifications.UpdateHubNotifier
[2025-11-02 오후 9:07:28] [Debug] [Application] Service Initialize: Tripolygon.UModeler.Hub.Notifications.UpdateProductNotifier
[2025-11-02 오후 9:07:28] [Debug] [Application] Service Initialize: Tripolygon.UModeler.Hub.Noticies.NoticeService
[2025-11-02 오후 9:07:28] [Debug] [Application] Service Initialize: Tripolygon.UModeler.Hub.Views.SceneViews.HubSceneViewService
[2025-11-02 오후 9:10:10] [Debug] [Application] Release: isReloading=True
[2025-11-02 오후 9:10:10] [Debug] [Application] Service Release: Tripolygon.UModeler.Hub.Views.SceneViews.HubSceneViewService
[2025-11-02 오후 9:10:10] [Debug] [Application] Service Release: Tripolygon.UModeler.Hub.Noticies.NoticeService
[2025-11-02 오후 9:10:10] [Debug] [Application] Service Release: Tripolygon.UModeler.Hub.Notifications.UpdateProductNotifier
[2025-11-02 오후 9:10:10] [Debug] [Application] Service Release: Tripolygon.UModeler.Hub.Notifications.UpdateHubNotifier
[2025-11-02 오후 9:10:10] [Debug] [Application] Service Release: Tripolygon.UModeler.Hub.VSAttributionService
[2025-11-02 오후 9:10:10] [Debug] [HubAnalytics] PosthogClient.SetAutoFlush: Value Changed: False
[2025-11-02 오후 9:10:10] [Debug] [Application] Service Release: Tripolygon.UModeler.Hub.HubAnalyticsService
[2025-11-02 오후 9:10:10] [Debug] [Application] Service Release: Tripolygon.UModeler.Hub.HubFlashService
[2025-11-02 오후 9:10:10] [Debug] [Application] Service Release: Tripolygon.UModeler.Editor.UI.UnityEditorApplicationUtilityService
[2025-11-02 오후 9:10:10] [Debug] [Application] Service Release: Tripolygon.UModeler.Hub.HubService
[2025-11-02 오후 9:10:10] [Debug] [Application] Service Release: Tripolygon.UModeler.Editor.UI.UnityEditorApplicationCache
[2025-11-02 오후 9:10:10] [Debug] [Application] Service Release: Tripolygon.UModeler.Hub.HubAuthentication
[2025-11-02 오후 9:10:16] [Debug] [Application] service: Tripolygon.UModeler.Hub.HubAuthentication = Tripolygon.UModeler.Hub.HubAuthentication
[2025-11-02 오후 9:10:16] [Debug] [Application] service: Tripolygon.UModeler.UI.IApplicationCache = Tripolygon.UModeler.Editor.UI.UnityEditorApplicationCache
[2025-11-02 오후 9:10:16] [Debug] ActualHost
[2025-11-02 오후 9:10:16] [Debug] [Application] service: Tripolygon.UModeler.Hub.IHubService = Tripolygon.UModeler.Hub.HubService
[2025-11-02 오후 9:10:16] [Debug] [Application] service: Tripolygon.UModeler.Authentication.IAuthenticationApiProvider = Tripolygon.UModeler.Editor.AuthenticationApiProviderService
[2025-11-02 오후 9:10:16] [Debug] [Application] service: Tripolygon.UModeler.UI.IObjectHierarchyService = Tripolygon.UModeler.Editor.UI.UnityEditorObjectHierarchyService
[2025-11-02 오후 9:10:16] [Debug] [Application] service: Tripolygon.UModeler.UI.IApplicationUtilityService = Tripolygon.UModeler.Editor.UI.UnityEditorApplicationUtilityService
[2025-11-02 오후 9:10:16] [Debug] [Application] service: Tripolygon.UModeler.Editor.UI.ApplicationSettings = Tripolygon.UModeler.Editor.UI.ApplicationSettings
[2025-11-02 오후 9:10:16] [Debug] [Application] service: Tripolygon.UModeler.UI.ITextureProvider = Tripolygon.UModeler.Editor.UI.UnityEditorTextureProvider
[2025-11-02 오후 9:10:16] [Debug] [Application] service: Tripolygon.UModeler.Hub.Resources.IResourcesApiProvider = Tripolygon.UModeler.Hub.ResourcesApiProviderService
[2025-11-02 오후 9:10:16] [Debug] [Application] service: Tripolygon.UModeler.Hub.HubFlashService = Tripolygon.UModeler.Hub.HubFlashService
[2025-11-02 오후 9:10:16] [Debug] [Application] service: Tripolygon.UModeler.Hub.IHubAnalyticsService = Tripolygon.UModeler.Hub.HubAnalyticsService
[2025-11-02 오후 9:10:16] [Debug] [Application] service: Tripolygon.UModeler.Hub.VSAttributionService = Tripolygon.UModeler.Hub.VSAttributionService
[2025-11-02 오후 9:10:16] [Debug] [Application] service: Tripolygon.UModeler.Hub.Notifications.UpdateHubNotifier = Tripolygon.UModeler.Hub.Notifications.UpdateHubNotifier
[2025-11-02 오후 9:10:16] [Debug] [Application] service: Tripolygon.UModeler.Hub.Notifications.UpdateProductNotifier = Tripolygon.UModeler.Hub.Notifications.UpdateProductNotifier
[2025-11-02 오후 9:10:16] [Debug] [Application] service: Tripolygon.UModeler.Hub.INoticeService = Tripolygon.UModeler.Hub.Noticies.NoticeService
[2025-11-02 오후 9:10:16] [Debug] [Application] service: Tripolygon.UModeler.Hub.Views.SceneViews.HubSceneViewService = Tripolygon.UModeler.Hub.Views.SceneViews.HubSceneViewService
[2025-11-02 오후 9:10:18] [Debug] [Application] Initialize: isReloading=True
[2025-11-02 오후 9:10:18] [Debug] [Application] Service Initialize: Tripolygon.UModeler.Hub.HubAuthentication
[2025-11-02 오후 9:10:18] [Debug] [Application] Service Initialize: Tripolygon.UModeler.Editor.UI.UnityEditorApplicationCache
[2025-11-02 오후 9:10:18] [Debug] [Application] Service Initialize: Tripolygon.UModeler.Hub.HubService
[2025-11-02 오후 9:10:18] [Debug] [Application] Service Initialize: Tripolygon.UModeler.Editor.UI.UnityEditorApplicationUtilityService
[2025-11-02 오후 9:10:18] [Debug] [Application] Service Initialize: Tripolygon.UModeler.Hub.HubFlashService
[2025-11-02 오후 9:10:18] [Debug] [HubAnalytics] PosthogClient.SetAutoFlush: Value Changed: True
[2025-11-02 오후 9:10:18] [Debug] [Application] Service Initialize: Tripolygon.UModeler.Hub.HubAnalyticsService
[2025-11-02 오후 9:10:18] [Debug] [Application] Service Initialize: Tripolygon.UModeler.Hub.VSAttributionService
[2025-11-02 오후 9:10:18] [Debug] [Application] Service Initialize: Tripolygon.UModeler.Hub.Notifications.UpdateHubNotifier
[2025-11-02 오후 9:10:18] [Debug] [Application] Service Initialize: Tripolygon.UModeler.Hub.Notifications.UpdateProductNotifier
[2025-11-02 오후 9:10:18] [Debug] [Application] Service Initialize: Tripolygon.UModeler.Hub.Noticies.NoticeService
[2025-11-02 오후 9:10:18] [Debug] [Application] Service Initialize: Tripolygon.UModeler.Hub.Views.SceneViews.HubSceneViewService
[2025-11-02 오후 9:10:19] [Debug] [Application] Release: isReloading=True
[2025-11-02 오후 9:10:19] [Debug] [Application] Release: isReloading=True
[2025-11-02 오후 9:10:19] [Debug] [Application] Service Release: Tripolygon.UModeler.Hub.Views.SceneViews.HubSceneViewService
[2025-11-02 오후 9:10:19] [Debug] [Application] Service Release: Tripolygon.UModeler.Hub.Views.SceneViews.HubSceneViewService
[2025-11-02 오후 9:10:19] [Debug] [Application] Service Release: Tripolygon.UModeler.Hub.Noticies.NoticeService
[2025-11-02 오후 9:10:19] [Debug] [Application] Service Release: Tripolygon.UModeler.Hub.Noticies.NoticeService
[2025-11-02 오후 9:10:19] [Debug] [Application] Service Release: Tripolygon.UModeler.Hub.Notifications.UpdateProductNotifier
[2025-11-02 오후 9:10:19] [Debug] [Application] Service Release: Tripolygon.UModeler.Hub.Notifications.UpdateProductNotifier
[2025-11-02 오후 9:10:19] [Debug] [Application] Service Release: Tripolygon.UModeler.Hub.Notifications.UpdateHubNotifier
[2025-11-02 오후 9:10:19] [Debug] [Application] Service Release: Tripolygon.UModeler.Hub.Notifications.UpdateHubNotifier
[2025-11-02 오후 9:10:19] [Debug] [Application] Service Release: Tripolygon.UModeler.Hub.VSAttributionService
[2025-11-02 오후 9:10:19] [Debug] [Application] Service Release: Tripolygon.UModeler.Hub.VSAttributionService
[2025-11-02 오후 9:10:22] [Debug] [Application] service: Tripolygon.UModeler.Hub.HubAuthentication = Tripolygon.UModeler.Hub.HubAuthentication
[2025-11-02 오후 9:10:22] [Debug] [Application] service: Tripolygon.UModeler.UI.IApplicationCache = Tripolygon.UModeler.Editor.UI.UnityEditorApplicationCache
[2025-11-02 오후 9:10:22] [Debug] [Application] service: Tripolygon.UModeler.Hub.HubAuthentication = Tripolygon.UModeler.Hub.HubAuthentication
[2025-11-02 오후 9:10:22] [Debug] [Application] service: Tripolygon.UModeler.UI.ITextureProvider = Tripolygon.UModeler.Editor.UI.UnityEditorTextureProvider
[2025-11-02 오후 9:10:22] [Debug] ActualHost
[2025-11-02 오후 9:10:22] [Debug] [Application] service: Tripolygon.UModeler.Hub.HubFlashService = Tripolygon.UModeler.Hub.HubFlashService
[2025-11-02 오후 9:10:22] [Debug] [Application] service: Tripolygon.UModeler.Authentication.IAuthenticationApiProvider = Tripolygon.UModeler.Editor.AuthenticationApiProviderService
[2025-11-02 오후 9:10:22] [Debug] [Application] service: Tripolygon.UModeler.Hub.VSAttributionService = Tripolygon.UModeler.Hub.VSAttributionService
[2025-11-02 오후 9:10:22] [Debug] [Application] service: Tripolygon.UModeler.UI.IApplicationUtilityService = Tripolygon.UModeler.Editor.UI.UnityEditorApplicationUtilityService
[2025-11-02 오후 9:10:22] [Debug] [Application] service: Tripolygon.UModeler.Hub.Notifications.UpdateProductNotifier = Tripolygon.UModeler.Hub.Notifications.UpdateProductNotifier
[2025-11-02 오후 9:10:22] [Debug] [Application] service: Tripolygon.UModeler.UI.ITextureProvider = Tripolygon.UModeler.Editor.UI.UnityEditorTextureProvider
[2025-11-02 오후 9:10:22] [Debug] [Application] service: Tripolygon.UModeler.Hub.INoticeService = Tripolygon.UModeler.Hub.Noticies.NoticeService
[2025-11-02 오후 9:10:22] [Debug] [Application] service: Tripolygon.UModeler.Hub.Resources.IResourcesApiProvider = Tripolygon.UModeler.Hub.ResourcesApiProviderService
[2025-11-02 오후 9:10:23] [Debug] [Application] Initialize: isReloading=True
[2025-11-02 오후 9:10:22] [Debug] [Application] service: Tripolygon.UModeler.Hub.IHubAnalyticsService = Tripolygon.UModeler.Hub.HubAnalyticsService
[2025-11-02 오후 9:10:23] [Debug] [Application] Service Initialize: Tripolygon.UModeler.Hub.HubAuthentication
[2025-11-02 오후 9:10:22] [Debug] [Application] service: Tripolygon.UModeler.Hub.VSAttributionService = Tripolygon.UModeler.Hub.VSAttributionService
[2025-11-02 오후 9:10:23] [Debug] [Application] Service Initialize: Tripolygon.UModeler.Editor.UI.UnityEditorApplicationCache
[2025-11-02 오후 9:10:22] [Debug] [Application] service: Tripolygon.UModeler.Hub.Notifications.UpdateProductNotifier = Tripolygon.UModeler.Hub.Notifications.UpdateProductNotifier
[2025-11-02 오후 9:10:22] [Debug] [Application] service: Tripolygon.UModeler.Hub.INoticeService = Tripolygon.UModeler.Hub.Noticies.NoticeService
[2025-11-02 오후 9:10:23] [Debug] [Application] Service Initialize: Tripolygon.UModeler.Hub.HubService
[2025-11-02 오후 9:10:23] [Debug] [Application] Initialize: isReloading=False
[2025-11-02 오후 9:10:23] [Debug] [Application] Service Initialize: Tripolygon.UModeler.Editor.UI.UnityEditorApplicationUtilityService
[2025-11-02 오후 9:10:23] [Debug] [Application] Service Initialize: Tripolygon.UModeler.Hub.HubAuthentication
[2025-11-02 오후 9:10:23] [Debug] [Application] Service Initialize: Tripolygon.UModeler.Hub.HubFlashService
[2025-11-02 오후 9:10:23] [Debug] [Application] Service Initialize: Tripolygon.UModeler.Editor.UI.UnityEditorApplicationCache
[2025-11-02 오후 9:10:23] [Debug] [HubAnalytics] PosthogClient.SetAutoFlush: Value Changed: True
[2025-11-02 오후 9:10:23] [Debug] [Application] Service Initialize: Tripolygon.UModeler.Hub.HubService
[2025-11-02 오후 9:10:23] [Debug] [Application] Service Initialize: Tripolygon.UModeler.Editor.UI.UnityEditorApplicationUtilityService
[2025-11-02 오후 9:10:23] [Debug] [Application] Service Initialize: Tripolygon.UModeler.Hub.HubAnalyticsService
[2025-11-02 오후 9:10:23] [Debug] [Application] Service Initialize: Tripolygon.UModeler.Hub.HubFlashService
[2025-11-02 오후 9:10:23] [Debug] [Application] Service Initialize: Tripolygon.UModeler.Hub.VSAttributionService
[2025-11-02 오후 9:10:24] [Debug] [HubAnalytics] PosthogClient.SetAutoFlush: Value Changed: True
[2025-11-02 오후 9:10:24] [Debug] [Application] Service Initialize: Tripolygon.UModeler.Hub.Notifications.UpdateHubNotifier
[2025-11-02 오후 9:10:24] [Debug] [Application] Service Initialize: Tripolygon.UModeler.Hub.HubAnalyticsService
[2025-11-02 오후 9:10:24] [Debug] [Application] Service Initialize: Tripolygon.UModeler.Hub.Notifications.UpdateProductNotifier
[2025-11-02 오후 9:10:24] [Debug] [Application] Service Initialize: Tripolygon.UModeler.Hub.VSAttributionService
[2025-11-02 오후 9:10:24] [Debug] [Application] Service Initialize: Tripolygon.UModeler.Hub.Noticies.NoticeService
[2025-11-02 오후 9:10:24] [Debug] [Application] Service Initialize: Tripolygon.UModeler.Hub.Notifications.UpdateHubNotifier
[2025-11-02 오후 9:10:24] [Debug] [Application] Service Initialize: Tripolygon.UModeler.Hub.Views.SceneViews.HubSceneViewService
[2025-11-02 오후 9:10:24] [Debug] [Application] Service Initialize: Tripolygon.UModeler.Hub.Notifications.UpdateProductNotifier
[2025-11-02 오후 9:10:24] [Debug] [Application] Service Initialize: Tripolygon.UModeler.Hub.Noticies.NoticeService
[2025-11-02 오후 9:10:24] [Debug] [Application] Service Initialize: Tripolygon.UModeler.Hub.Views.SceneViews.HubSceneViewService
[2025-11-02 오후 9:11:43] [Debug] [Application] Release: isReloading=True
[2025-11-02 오후 9:11:43] [Debug] [Application] Service Release: Tripolygon.UModeler.Hub.Views.SceneViews.HubSceneViewService
[2025-11-02 오후 9:11:43] [Debug] [Application] Service Release: Tripolygon.UModeler.Hub.Noticies.NoticeService
[2025-11-02 오후 9:11:43] [Debug] [Application] Service Release: Tripolygon.UModeler.Hub.Notifications.UpdateProductNotifier
[2025-11-02 오후 9:11:43] [Debug] [Application] Service Release: Tripolygon.UModeler.Hub.Notifications.UpdateHubNotifier
[2025-11-02 오후 9:11:43] [Debug] [Application] Service Release: Tripolygon.UModeler.Hub.VSAttributionService
[2025-11-02 오후 9:11:43] [Debug] [HubAnalytics] PosthogClient.SetAutoFlush: Value Changed: False
[2025-11-02 오후 9:11:43] [Debug] [Application] Service Release: Tripolygon.UModeler.Hub.HubAnalyticsService
[2025-11-02 오후 9:11:43] [Debug] [Application] Service Release: Tripolygon.UModeler.Hub.HubFlashService
[2025-11-02 오후 9:11:43] [Debug] [Application] Service Release: Tripolygon.UModeler.Editor.UI.UnityEditorApplicationUtilityService
[2025-11-02 오후 9:11:43] [Debug] [Application] Service Release: Tripolygon.UModeler.Hub.HubService
[2025-11-02 오후 9:11:43] [Debug] [Application] Service Release: Tripolygon.UModeler.Editor.UI.UnityEditorApplicationCache
[2025-11-02 오후 9:11:43] [Debug] [Application] Service Release: Tripolygon.UModeler.Hub.HubAuthentication
[2025-11-02 오후 9:11:49] [Debug] [Application] service: Tripolygon.UModeler.Hub.HubAuthentication = Tripolygon.UModeler.Hub.HubAuthentication
[2025-11-02 오후 9:11:49] [Debug] [Application] service: Tripolygon.UModeler.UI.IApplicationCache = Tripolygon.UModeler.Editor.UI.UnityEditorApplicationCache
[2025-11-02 오후 9:11:49] [Debug] ActualHost
[2025-11-02 오후 9:11:49] [Debug] [Application] service: Tripolygon.UModeler.Hub.IHubService = Tripolygon.UModeler.Hub.HubService
[2025-11-02 오후 9:11:49] [Debug] [Application] service: Tripolygon.UModeler.Authentication.IAuthenticationApiProvider = Tripolygon.UModeler.Editor.AuthenticationApiProviderService
[2025-11-02 오후 9:11:49] [Debug] [Application] service: Tripolygon.UModeler.UI.IObjectHierarchyService = Tripolygon.UModeler.Editor.UI.UnityEditorObjectHierarchyService
[2025-11-02 오후 9:11:49] [Debug] [Application] service: Tripolygon.UModeler.UI.IApplicationUtilityService = Tripolygon.UModeler.Editor.UI.UnityEditorApplicationUtilityService
[2025-11-02 오후 9:11:49] [Debug] [Application] service: Tripolygon.UModeler.Editor.UI.ApplicationSettings = Tripolygon.UModeler.Editor.UI.ApplicationSettings
[2025-11-02 오후 9:11:49] [Debug] [Application] service: Tripolygon.UModeler.UI.ITextureProvider = Tripolygon.UModeler.Editor.UI.UnityEditorTextureProvider
[2025-11-02 오후 9:11:49] [Debug] [Application] service: Tripolygon.UModeler.Hub.Resources.IResourcesApiProvider = Tripolygon.UModeler.Hub.ResourcesApiProviderService
[2025-11-02 오후 9:11:49] [Debug] [Application] service: Tripolygon.UModeler.Hub.HubFlashService = Tripolygon.UModeler.Hub.HubFlashService
[2025-11-02 오후 9:11:49] [Debug] [Application] service: Tripolygon.UModeler.Hub.IHubAnalyticsService = Tripolygon.UModeler.Hub.HubAnalyticsService
[2025-11-02 오후 9:11:49] [Debug] [Application] service: Tripolygon.UModeler.Hub.VSAttributionService = Tripolygon.UModeler.Hub.VSAttributionService
[2025-11-02 오후 9:11:49] [Debug] [Application] service: Tripolygon.UModeler.Hub.Notifications.UpdateHubNotifier = Tripolygon.UModeler.Hub.Notifications.UpdateHubNotifier
[2025-11-02 오후 9:11:49] [Debug] [Application] service: Tripolygon.UModeler.Hub.Notifications.UpdateProductNotifier = Tripolygon.UModeler.Hub.Notifications.UpdateProductNotifier
[2025-11-02 오후 9:11:49] [Debug] [Application] service: Tripolygon.UModeler.Hub.INoticeService = Tripolygon.UModeler.Hub.Noticies.NoticeService
[2025-11-02 오후 9:11:49] [Debug] [Application] service: Tripolygon.UModeler.Hub.Views.SceneViews.HubSceneViewService = Tripolygon.UModeler.Hub.Views.SceneViews.HubSceneViewService
[2025-11-02 오후 9:11:51] [Debug] [Application] Initialize: isReloading=True
[2025-11-02 오후 9:11:51] [Debug] [Application] Service Initialize: Tripolygon.UModeler.Hub.HubAuthentication
[2025-11-02 오후 9:11:51] [Debug] [Application] Service Initialize: Tripolygon.UModeler.Editor.UI.UnityEditorApplicationCache
[2025-11-02 오후 9:11:51] [Debug] [Application] Service Initialize: Tripolygon.UModeler.Hub.HubService
[2025-11-02 오후 9:11:51] [Debug] [Application] Service Initialize: Tripolygon.UModeler.Editor.UI.UnityEditorApplicationUtilityService
[2025-11-02 오후 9:11:51] [Debug] [Application] Service Initialize: Tripolygon.UModeler.Hub.HubFlashService
[2025-11-02 오후 9:11:51] [Debug] [HubAnalytics] PosthogClient.SetAutoFlush: Value Changed: True
[2025-11-02 오후 9:11:51] [Debug] [Application] Service Initialize: Tripolygon.UModeler.Hub.HubAnalyticsService
[2025-11-02 오후 9:11:51] [Debug] [Application] Service Initialize: Tripolygon.UModeler.Hub.VSAttributionService
[2025-11-02 오후 9:11:51] [Debug] [Application] Service Initialize: Tripolygon.UModeler.Hub.Notifications.UpdateHubNotifier
[2025-11-02 오후 9:11:51] [Debug] [Application] Service Initialize: Tripolygon.UModeler.Hub.Notifications.UpdateProductNotifier
[2025-11-02 오후 9:11:51] [Debug] [Application] Service Initialize: Tripolygon.UModeler.Hub.Noticies.NoticeService
[2025-11-02 오후 9:11:51] [Debug] [Application] Service Initialize: Tripolygon.UModeler.Hub.Views.SceneViews.HubSceneViewService
[2025-11-02 오후 9:11:52] [Debug] [Application] Release: isReloading=True
[2025-11-02 오후 9:11:52] [Debug] [Application] Release: isReloading=True
[2025-11-02 오후 9:11:52] [Debug] [Application] Service Release: Tripolygon.UModeler.Hub.Views.SceneViews.HubSceneViewService
[2025-11-02 오후 9:11:52] [Debug] [Application] Service Release: Tripolygon.UModeler.Hub.Views.SceneViews.HubSceneViewService
[2025-11-02 오후 9:11:52] [Debug] [Application] Service Release: Tripolygon.UModeler.Hub.Noticies.NoticeService
[2025-11-02 오후 9:11:52] [Debug] [Application] Service Release: Tripolygon.UModeler.Hub.Noticies.NoticeService
[2025-11-02 오후 9:11:52] [Debug] [Application] Service Release: Tripolygon.UModeler.Hub.Notifications.UpdateProductNotifier
[2025-11-02 오후 9:11:52] [Debug] [Application] Service Release: Tripolygon.UModeler.Hub.Notifications.UpdateProductNotifier
[2025-11-02 오후 9:11:52] [Debug] [Application] Service Release: Tripolygon.UModeler.Hub.Notifications.UpdateHubNotifier
[2025-11-02 오후 9:11:52] [Debug] [Application] Service Release: Tripolygon.UModeler.Hub.Notifications.UpdateHubNotifier
[2025-11-02 오후 9:11:52] [Debug] [Application] Service Release: Tripolygon.UModeler.Hub.VSAttributionService
[2025-11-02 오후 9:11:52] [Debug] [Application] Service Release: Tripolygon.UModeler.Hub.VSAttributionService
[2025-11-02 오후 9:11:55] [Debug] [Application] service: Tripolygon.UModeler.Hub.HubAuthentication = Tripolygon.UModeler.Hub.HubAuthentication
[2025-11-02 오후 9:11:55] [Debug] [Application] service: Tripolygon.UModeler.UI.IApplicationCache = Tripolygon.UModeler.Editor.UI.UnityEditorApplicationCache
[2025-11-02 오후 9:11:55] [Debug] [Application] service: Tripolygon.UModeler.Hub.HubAuthentication = Tripolygon.UModeler.Hub.HubAuthentication
[2025-11-02 오후 9:11:55] [Debug] [Application] service: Tripolygon.UModeler.Editor.UI.ApplicationSettings = Tripolygon.UModeler.Editor.UI.ApplicationSettings
[2025-11-02 오후 9:11:55] [Debug] [Application] service: Tripolygon.UModeler.UI.IApplicationCache = Tripolygon.UModeler.Editor.UI.UnityEditorApplicationCache
[2025-11-02 오후 9:11:55] [Debug] [Application] service: Tripolygon.UModeler.UI.ITextureProvider = Tripolygon.UModeler.Editor.UI.UnityEditorTextureProvider
[2025-11-02 오후 9:11:55] [Debug] [Application] service: Tripolygon.UModeler.Hub.IHubService = Tripolygon.UModeler.Hub.HubService
[2025-11-02 오후 9:11:55] [Debug] [Application] service: Tripolygon.UModeler.Authentication.IAuthenticationApiProvider = Tripolygon.UModeler.Editor.AuthenticationApiProviderService
[2025-11-02 오후 9:11:55] [Debug] [Application] service: Tripolygon.UModeler.Hub.IHubAnalyticsService = Tripolygon.UModeler.Hub.HubAnalyticsService
[2025-11-02 오후 9:11:55] [Debug] [Application] service: Tripolygon.UModeler.UI.IObjectHierarchyService = Tripolygon.UModeler.Editor.UI.UnityEditorObjectHierarchyService
[2025-11-02 오후 9:11:55] [Debug] [Application] service: Tripolygon.UModeler.Hub.Notifications.UpdateHubNotifier = Tripolygon.UModeler.Hub.Notifications.UpdateHubNotifier
[2025-11-02 오후 9:11:55] [Debug] [Application] service: Tripolygon.UModeler.Editor.UI.ApplicationSettings = Tripolygon.UModeler.Editor.UI.ApplicationSettings
[2025-11-02 오후 9:11:55] [Debug] [Application] service: Tripolygon.UModeler.Hub.INoticeService = Tripolygon.UModeler.Hub.Noticies.NoticeService
[2025-11-02 오후 9:11:55] [Debug] [Application] service: Tripolygon.UModeler.UI.ITextureProvider = Tripolygon.UModeler.Editor.UI.UnityEditorTextureProvider
[2025-11-02 오후 9:11:55] [Debug] [Application] service: Tripolygon.UModeler.Hub.Views.SceneViews.HubSceneViewService = Tripolygon.UModeler.Hub.Views.SceneViews.HubSceneViewService
[2025-11-02 오후 9:11:55] [Debug] [Application] service: Tripolygon.UModeler.Hub.HubFlashService = Tripolygon.UModeler.Hub.HubFlashService
[2025-11-02 오후 9:11:56] [Debug] [Application] Service Initialize: Tripolygon.UModeler.Hub.HubAuthentication
[2025-11-02 오후 9:11:55] [Debug] [Application] service: Tripolygon.UModeler.Hub.VSAttributionService = Tripolygon.UModeler.Hub.VSAttributionService
[2025-11-02 오후 9:11:56] [Debug] [Application] Service Initialize: Tripolygon.UModeler.Editor.UI.UnityEditorApplicationCache
[2025-11-02 오후 9:11:55] [Debug] [Application] service: Tripolygon.UModeler.Hub.Notifications.UpdateProductNotifier = Tripolygon.UModeler.Hub.Notifications.UpdateProductNotifier
[2025-11-02 오후 9:11:55] [Debug] [Application] service: Tripolygon.UModeler.Hub.INoticeService = Tripolygon.UModeler.Hub.Noticies.NoticeService
[2025-11-02 오후 9:11:56] [Debug] [Application] Service Initialize: Tripolygon.UModeler.Hub.HubService
[2025-11-02 오후 9:11:56] [Debug] [Application] Initialize: isReloading=False
[2025-11-02 오후 9:11:56] [Debug] [Application] Service Initialize: Tripolygon.UModeler.Editor.UI.UnityEditorApplicationUtilityService
[2025-11-02 오후 9:11:56] [Debug] [Application] Service Initialize: Tripolygon.UModeler.Hub.HubAuthentication
[2025-11-02 오후 9:11:56] [Debug] [Application] Service Initialize: Tripolygon.UModeler.Hub.HubFlashService
[2025-11-02 오후 9:11:56] [Debug] [Application] Service Initialize: Tripolygon.UModeler.Editor.UI.UnityEditorApplicationCache
[2025-11-02 오후 9:11:56] [Debug] [HubAnalytics] PosthogClient.SetAutoFlush: Value Changed: True
[2025-11-02 오후 9:11:56] [Debug] [Application] Service Initialize: Tripolygon.UModeler.Hub.HubService
[2025-11-02 오후 9:11:56] [Debug] [Application] Service Initialize: Tripolygon.UModeler.Editor.UI.UnityEditorApplicationUtilityService
[2025-11-02 오후 9:11:56] [Debug] [Application] Service Initialize: Tripolygon.UModeler.Hub.HubAnalyticsService
[2025-11-02 오후 9:11:56] [Debug] [Application] Service Initialize: Tripolygon.UModeler.Hub.HubFlashService
[2025-11-02 오후 9:11:56] [Debug] [Application] Service Initialize: Tripolygon.UModeler.Hub.VSAttributionService
[2025-11-02 오후 9:11:56] [Debug] [HubAnalytics] PosthogClient.SetAutoFlush: Value Changed: True
[2025-11-02 오후 9:11:56] [Debug] [Application] Service Initialize: Tripolygon.UModeler.Hub.Notifications.UpdateHubNotifier
[2025-11-02 오후 9:11:56] [Debug] [Application] Service Initialize: Tripolygon.UModeler.Hub.HubAnalyticsService
[2025-11-02 오후 9:11:56] [Debug] [Application] Service Initialize: Tripolygon.UModeler.Hub.Notifications.UpdateProductNotifier
[2025-11-02 오후 9:11:56] [Debug] [Application] Service Initialize: Tripolygon.UModeler.Hub.VSAttributionService
[2025-11-02 오후 9:11:56] [Debug] [Application] Service Initialize: Tripolygon.UModeler.Hub.Noticies.NoticeService
[2025-11-02 오후 9:11:56] [Debug] [Application] Service Initialize: Tripolygon.UModeler.Hub.Notifications.UpdateHubNotifier
[2025-11-02 오후 9:11:56] [Debug] [Application] Service Initialize: Tripolygon.UModeler.Hub.Views.SceneViews.HubSceneViewService
[2025-11-02 오후 9:11:56] [Debug] [Application] Service Initialize: Tripolygon.UModeler.Hub.Notifications.UpdateProductNotifier
[2025-11-02 오후 9:11:56] [Debug] [Application] Service Initialize: Tripolygon.UModeler.Hub.Noticies.NoticeService
[2025-11-02 오후 9:11:56] [Debug] [Application] Service Initialize: Tripolygon.UModeler.Hub.Views.SceneViews.HubSceneViewService
[2025-11-02 오후 9:13:28] [Debug] [Application] Release: isReloading=True
[2025-11-02 오후 9:13:29] [Debug] [Application] Service Release: Tripolygon.UModeler.Hub.Views.SceneViews.HubSceneViewService
[2025-11-02 오후 9:13:29] [Debug] [Application] Service Release: Tripolygon.UModeler.Hub.Noticies.NoticeService
[2025-11-02 오후 9:13:29] [Debug] [Application] Service Release: Tripolygon.UModeler.Hub.Notifications.UpdateProductNotifier
[2025-11-02 오후 9:13:29] [Debug] [Application] Service Release: Tripolygon.UModeler.Hub.Notifications.UpdateHubNotifier
[2025-11-02 오후 9:13:29] [Debug] [Application] Service Release: Tripolygon.UModeler.Hub.VSAttributionService
[2025-11-02 오후 9:13:29] [Debug] [HubAnalytics] PosthogClient.SetAutoFlush: Value Changed: False
[2025-11-02 오후 9:13:29] [Debug] [Application] Service Release: Tripolygon.UModeler.Hub.HubAnalyticsService
[2025-11-02 오후 9:13:29] [Debug] [Application] Service Release: Tripolygon.UModeler.Hub.HubFlashService
[2025-11-02 오후 9:13:29] [Debug] [Application] Service Release: Tripolygon.UModeler.Editor.UI.UnityEditorApplicationUtilityService
[2025-11-02 오후 9:13:29] [Debug] [Application] Service Release: Tripolygon.UModeler.Hub.HubService
[2025-11-02 오후 9:13:29] [Debug] [Application] Service Release: Tripolygon.UModeler.Editor.UI.UnityEditorApplicationCache
[2025-11-02 오후 9:13:29] [Debug] [Application] Service Release: Tripolygon.UModeler.Hub.HubAuthentication
[2025-11-02 오후 9:13:35] [Debug] [Application] service: Tripolygon.UModeler.Hub.HubAuthentication = Tripolygon.UModeler.Hub.HubAuthentication
[2025-11-02 오후 9:13:35] [Debug] [Application] service: Tripolygon.UModeler.UI.IApplicationCache = Tripolygon.UModeler.Editor.UI.UnityEditorApplicationCache
[2025-11-02 오후 9:13:35] [Debug] ActualHost
[2025-11-02 오후 9:13:35] [Debug] [Application] service: Tripolygon.UModeler.Hub.IHubService = Tripolygon.UModeler.Hub.HubService
[2025-11-02 오후 9:13:35] [Debug] [Application] service: Tripolygon.UModeler.Authentication.IAuthenticationApiProvider = Tripolygon.UModeler.Editor.AuthenticationApiProviderService
[2025-11-02 오후 9:13:35] [Debug] [Application] service: Tripolygon.UModeler.UI.IObjectHierarchyService = Tripolygon.UModeler.Editor.UI.UnityEditorObjectHierarchyService
[2025-11-02 오후 9:13:35] [Debug] [Application] service: Tripolygon.UModeler.UI.IApplicationUtilityService = Tripolygon.UModeler.Editor.UI.UnityEditorApplicationUtilityService
[2025-11-02 오후 9:13:35] [Debug] [Application] service: Tripolygon.UModeler.Editor.UI.ApplicationSettings = Tripolygon.UModeler.Editor.UI.ApplicationSettings
[2025-11-02 오후 9:13:35] [Debug] [Application] service: Tripolygon.UModeler.UI.ITextureProvider = Tripolygon.UModeler.Editor.UI.UnityEditorTextureProvider
[2025-11-02 오후 9:13:35] [Debug] [Application] service: Tripolygon.UModeler.Hub.Resources.IResourcesApiProvider = Tripolygon.UModeler.Hub.ResourcesApiProviderService
[2025-11-02 오후 9:13:35] [Debug] [Application] service: Tripolygon.UModeler.Hub.HubFlashService = Tripolygon.UModeler.Hub.HubFlashService
[2025-11-02 오후 9:13:35] [Debug] [Application] service: Tripolygon.UModeler.Hub.IHubAnalyticsService = Tripolygon.UModeler.Hub.HubAnalyticsService
[2025-11-02 오후 9:13:35] [Debug] [Application] service: Tripolygon.UModeler.Hub.VSAttributionService = Tripolygon.UModeler.Hub.VSAttributionService
[2025-11-02 오후 9:13:35] [Debug] [Application] service: Tripolygon.UModeler.Hub.Notifications.UpdateHubNotifier = Tripolygon.UModeler.Hub.Notifications.UpdateHubNotifier
[2025-11-02 오후 9:13:35] [Debug] [Application] service: Tripolygon.UModeler.Hub.Notifications.UpdateProductNotifier = Tripolygon.UModeler.Hub.Notifications.UpdateProductNotifier
[2025-11-02 오후 9:13:35] [Debug] [Application] service: Tripolygon.UModeler.Hub.INoticeService = Tripolygon.UModeler.Hub.Noticies.NoticeService
[2025-11-02 오후 9:13:35] [Debug] [Application] service: Tripolygon.UModeler.Hub.Views.SceneViews.HubSceneViewService = Tripolygon.UModeler.Hub.Views.SceneViews.HubSceneViewService
[2025-11-02 오후 9:13:36] [Debug] [Application] Initialize: isReloading=True
[2025-11-02 오후 9:13:36] [Debug] [Application] Service Initialize: Tripolygon.UModeler.Hub.HubAuthentication
[2025-11-02 오후 9:13:36] [Debug] [Application] Service Initialize: Tripolygon.UModeler.Editor.UI.UnityEditorApplicationCache
[2025-11-02 오후 9:13:36] [Debug] [Application] Service Initialize: Tripolygon.UModeler.Hub.HubService
[2025-11-02 오후 9:13:36] [Debug] [Application] Service Initialize: Tripolygon.UModeler.Editor.UI.UnityEditorApplicationUtilityService
[2025-11-02 오후 9:13:36] [Debug] [Application] Service Initialize: Tripolygon.UModeler.Hub.HubFlashService
[2025-11-02 오후 9:13:36] [Debug] [HubAnalytics] PosthogClient.SetAutoFlush: Value Changed: True
[2025-11-02 오후 9:13:37] [Debug] [Application] Service Initialize: Tripolygon.UModeler.Hub.HubAnalyticsService
[2025-11-02 오후 9:13:37] [Debug] [Application] Service Initialize: Tripolygon.UModeler.Hub.VSAttributionService
[2025-11-02 오후 9:13:37] [Debug] [Application] Service Initialize: Tripolygon.UModeler.Hub.Notifications.UpdateHubNotifier
[2025-11-02 오후 9:13:37] [Debug] [Application] Service Initialize: Tripolygon.UModeler.Hub.Notifications.UpdateProductNotifier
[2025-11-02 오후 9:13:37] [Debug] [Application] Service Initialize: Tripolygon.UModeler.Hub.Noticies.NoticeService
[2025-11-02 오후 9:13:37] [Debug] [Application] Service Initialize: Tripolygon.UModeler.Hub.Views.SceneViews.HubSceneViewService
[2025-11-02 오후 9:13:37] [Debug] [Application] Release: isReloading=True
[2025-11-02 오후 9:13:37] [Debug] [Application] Release: isReloading=True
[2025-11-02 오후 9:13:37] [Debug] [Application] Service Release: Tripolygon.UModeler.Hub.Views.SceneViews.HubSceneViewService
[2025-11-02 오후 9:13:37] [Debug] [Application] Service Release: Tripolygon.UModeler.Hub.Views.SceneViews.HubSceneViewService
[2025-11-02 오후 9:13:37] [Debug] [Application] Service Release: Tripolygon.UModeler.Hub.Noticies.NoticeService
[2025-11-02 오후 9:13:37] [Debug] [Application] Service Release: Tripolygon.UModeler.Hub.Noticies.NoticeService
[2025-11-02 오후 9:13:37] [Debug] [Application] Service Release: Tripolygon.UModeler.Hub.Notifications.UpdateProductNotifier
[2025-11-02 오후 9:13:37] [Debug] [Application] Service Release: Tripolygon.UModeler.Hub.Notifications.UpdateProductNotifier
[2025-11-02 오후 9:13:37] [Debug] [Application] Service Release: Tripolygon.UModeler.Hub.Notifications.UpdateHubNotifier
[2025-11-02 오후 9:13:37] [Debug] [Application] Service Release: Tripolygon.UModeler.Hub.Notifications.UpdateHubNotifier
[2025-11-02 오후 9:13:37] [Debug] [Application] Service Release: Tripolygon.UModeler.Hub.VSAttributionService
[2025-11-02 오후 9:13:37] [Debug] [Application] Service Release: Tripolygon.UModeler.Hub.VSAttributionService
[2025-11-02 오후 9:13:40] [Debug] [Application] service: Tripolygon.UModeler.Hub.HubAuthentication = Tripolygon.UModeler.Hub.HubAuthentication
[2025-11-02 오후 9:13:40] [Debug] [Application] service: Tripolygon.UModeler.UI.IApplicationCache = Tripolygon.UModeler.Editor.UI.UnityEditorApplicationCache
[2025-11-02 오후 9:13:40] [Debug] [Application] service: Tripolygon.UModeler.Hub.HubAuthentication = Tripolygon.UModeler.Hub.HubAuthentication
[2025-11-02 오후 9:13:40] [Debug] [Application] service: Tripolygon.UModeler.UI.ITextureProvider = Tripolygon.UModeler.Editor.UI.UnityEditorTextureProvider
[2025-11-02 오후 9:13:40] [Debug] ActualHost
[2025-11-02 오후 9:13:40] [Debug] [Application] service: Tripolygon.UModeler.Hub.HubFlashService = Tripolygon.UModeler.Hub.HubFlashService
[2025-11-02 오후 9:13:40] [Debug] [Application] service: Tripolygon.UModeler.Authentication.IAuthenticationApiProvider = Tripolygon.UModeler.Editor.AuthenticationApiProviderService
[2025-11-02 오후 9:13:40] [Debug] [Application] service: Tripolygon.UModeler.Hub.VSAttributionService = Tripolygon.UModeler.Hub.VSAttributionService
[2025-11-02 오후 9:13:40] [Debug] [Application] service: Tripolygon.UModeler.UI.IObjectHierarchyService = Tripolygon.UModeler.Editor.UI.UnityEditorObjectHierarchyService
[2025-11-02 오후 9:13:40] [Debug] [Application] service: Tripolygon.UModeler.UI.IApplicationUtilityService = Tripolygon.UModeler.Editor.UI.UnityEditorApplicationUtilityService
[2025-11-02 오후 9:13:40] [Debug] [Application] service: Tripolygon.UModeler.Hub.INoticeService = Tripolygon.UModeler.Hub.Noticies.NoticeService
[2025-11-02 오후 9:13:40] [Debug] [Application] service: Tripolygon.UModeler.UI.ITextureProvider = Tripolygon.UModeler.Editor.UI.UnityEditorTextureProvider
[2025-11-02 오후 9:13:41] [Debug] [Application] Initialize: isReloading=True
[2025-11-02 오후 9:13:40] [Debug] [Application] service: Tripolygon.UModeler.Hub.Resources.IResourcesApiProvider = Tripolygon.UModeler.Hub.ResourcesApiProviderService
[2025-11-02 오후 9:13:41] [Debug] [Application] Service Initialize: Tripolygon.UModeler.Hub.HubAuthentication
[2025-11-02 오후 9:13:40] [Debug] [Application] service: Tripolygon.UModeler.Hub.IHubAnalyticsService = Tripolygon.UModeler.Hub.HubAnalyticsService
[2025-11-02 오후 9:13:41] [Debug] [Application] Service Initialize: Tripolygon.UModeler.Editor.UI.UnityEditorApplicationCache
[2025-11-02 오후 9:13:40] [Debug] [Application] service: Tripolygon.UModeler.Hub.Notifications.UpdateHubNotifier = Tripolygon.UModeler.Hub.Notifications.UpdateHubNotifier
[2025-11-02 오후 9:13:40] [Debug] [Application] service: Tripolygon.UModeler.Hub.Notifications.UpdateProductNotifier = Tripolygon.UModeler.Hub.Notifications.UpdateProductNotifier
[2025-11-02 오후 9:13:42] [Debug] [Application] Service Initialize: Tripolygon.UModeler.Hub.HubService
[2025-11-02 오후 9:13:40] [Debug] [Application] service: Tripolygon.UModeler.Hub.INoticeService = Tripolygon.UModeler.Hub.Noticies.NoticeService
[2025-11-02 오후 9:13:42] [Debug] [Application] Service Initialize: Tripolygon.UModeler.Editor.UI.UnityEditorApplicationUtilityService
[2025-11-02 오후 9:13:41] [Debug] [Application] Initialize: isReloading=False
[2025-11-02 오후 9:13:42] [Debug] [Application] Service Initialize: Tripolygon.UModeler.Hub.HubFlashService
[2025-11-02 오후 9:13:42] [Debug] [Application] Service Initialize: Tripolygon.UModeler.Hub.HubAuthentication
[2025-11-02 오후 9:13:42] [Debug] [HubAnalytics] PosthogClient.SetAutoFlush: Value Changed: True
[2025-11-02 오후 9:13:42] [Debug] [Application] Service Initialize: Tripolygon.UModeler.Editor.UI.UnityEditorApplicationCache
[2025-11-02 오후 9:13:42] [Debug] [Application] Service Initialize: Tripolygon.UModeler.Hub.HubAnalyticsService
[2025-11-02 오후 9:13:42] [Debug] [Application] Service Initialize: Tripolygon.UModeler.Hub.HubService
[2025-11-02 오후 9:13:42] [Debug] [Application] Service Initialize: Tripolygon.UModeler.Hub.Notifications.UpdateHubNotifier
[2025-11-02 오후 9:13:42] [Debug] [Application] Service Initialize: Tripolygon.UModeler.Editor.UI.UnityEditorApplicationUtilityService
[2025-11-02 오후 9:13:42] [Debug] [Application] Service Initialize: Tripolygon.UModeler.Hub.Notifications.UpdateProductNotifier
[2025-11-02 오후 9:13:42] [Debug] [Application] Service Initialize: Tripolygon.UModeler.Hub.HubFlashService
[2025-11-02 오후 9:13:42] [Debug] [Application] Service Initialize: Tripolygon.UModeler.Hub.Noticies.NoticeService
[2025-11-02 오후 9:13:42] [Debug] [HubAnalytics] PosthogClient.SetAutoFlush: Value Changed: True
[2025-11-02 오후 9:13:42] [Debug] [Application] Service Initialize: Tripolygon.UModeler.Hub.Views.SceneViews.HubSceneViewService
[2025-11-02 오후 9:13:42] [Debug] [Application] Service Initialize: Tripolygon.UModeler.Hub.HubAnalyticsService
[2025-11-02 오후 9:13:42] [Debug] [Application] Service Initialize: Tripolygon.UModeler.Hub.VSAttributionService
[2025-11-02 오후 9:13:42] [Debug] [Application] Service Initialize: Tripolygon.UModeler.Hub.Notifications.UpdateHubNotifier
[2025-11-02 오후 9:13:42] [Debug] [Application] Service Initialize: Tripolygon.UModeler.Hub.Notifications.UpdateProductNotifier
[2025-11-02 오후 9:13:42] [Debug] [Application] Service Initialize: Tripolygon.UModeler.Hub.Noticies.NoticeService
[2025-11-02 오후 9:13:42] [Debug] [Application] Service Initialize: Tripolygon.UModeler.Hub.Views.SceneViews.HubSceneViewService
[2025-11-02 오후 9:28:47] [Debug] [Application] Release: isReloading=True
[2025-11-02 오후 9:28:47] [Debug] [Application] Service Release: Tripolygon.UModeler.Hub.Views.SceneViews.HubSceneViewService
[2025-11-02 오후 9:28:47] [Debug] [Application] Service Release: Tripolygon.UModeler.Hub.Noticies.NoticeService
[2025-11-02 오후 9:28:47] [Debug] [Application] Service Release: Tripolygon.UModeler.Hub.Notifications.UpdateProductNotifier
[2025-11-02 오후 9:28:47] [Debug] [Application] Service Release: Tripolygon.UModeler.Hub.Notifications.UpdateHubNotifier
[2025-11-02 오후 9:28:47] [Debug] [Application] Service Release: Tripolygon.UModeler.Hub.VSAttributionService
[2025-11-02 오후 9:28:47] [Debug] [HubAnalytics] PosthogClient.SetAutoFlush: Value Changed: False
[2025-11-02 오후 9:28:47] [Debug] [Application] Service Release: Tripolygon.UModeler.Hub.HubAnalyticsService
[2025-11-02 오후 9:28:47] [Debug] [Application] Service Release: Tripolygon.UModeler.Hub.HubFlashService
[2025-11-02 오후 9:28:47] [Debug] [Application] Service Release: Tripolygon.UModeler.Editor.UI.UnityEditorApplicationUtilityService
[2025-11-02 오후 9:28:47] [Debug] [Application] Service Release: Tripolygon.UModeler.Hub.HubService
[2025-11-02 오후 9:28:47] [Debug] [Application] Service Release: Tripolygon.UModeler.Editor.UI.UnityEditorApplicationCache
[2025-11-02 오후 9:28:47] [Debug] [Application] Service Release: Tripolygon.UModeler.Hub.HubAuthentication
[2025-11-02 오후 9:28:53] [Debug] [Application] service: Tripolygon.UModeler.Hub.HubAuthentication = Tripolygon.UModeler.Hub.HubAuthentication
[2025-11-02 오후 9:28:53] [Debug] [Application] service: Tripolygon.UModeler.UI.IApplicationCache = Tripolygon.UModeler.Editor.UI.UnityEditorApplicationCache
[2025-11-02 오후 9:28:53] [Debug] ActualHost
[2025-11-02 오후 9:28:53] [Debug] [Application] service: Tripolygon.UModeler.Hub.IHubService = Tripolygon.UModeler.Hub.HubService
[2025-11-02 오후 9:28:53] [Debug] [Application] service: Tripolygon.UModeler.Authentication.IAuthenticationApiProvider = Tripolygon.UModeler.Editor.AuthenticationApiProviderService
[2025-11-02 오후 9:28:53] [Debug] [Application] service: Tripolygon.UModeler.UI.IObjectHierarchyService = Tripolygon.UModeler.Editor.UI.UnityEditorObjectHierarchyService
[2025-11-02 오후 9:28:53] [Debug] [Application] service: Tripolygon.UModeler.UI.IApplicationUtilityService = Tripolygon.UModeler.Editor.UI.UnityEditorApplicationUtilityService
[2025-11-02 오후 9:28:53] [Debug] [Application] service: Tripolygon.UModeler.Editor.UI.ApplicationSettings = Tripolygon.UModeler.Editor.UI.ApplicationSettings
[2025-11-02 오후 9:28:53] [Debug] [Application] service: Tripolygon.UModeler.UI.ITextureProvider = Tripolygon.UModeler.Editor.UI.UnityEditorTextureProvider
[2025-11-02 오후 9:28:53] [Debug] [Application] service: Tripolygon.UModeler.Hub.Resources.IResourcesApiProvider = Tripolygon.UModeler.Hub.ResourcesApiProviderService
[2025-11-02 오후 9:28:53] [Debug] [Application] service: Tripolygon.UModeler.Hub.HubFlashService = Tripolygon.UModeler.Hub.HubFlashService
[2025-11-02 오후 9:28:53] [Debug] [Application] service: Tripolygon.UModeler.Hub.IHubAnalyticsService = Tripolygon.UModeler.Hub.HubAnalyticsService
[2025-11-02 오후 9:28:53] [Debug] [Application] service: Tripolygon.UModeler.Hub.VSAttributionService = Tripolygon.UModeler.Hub.VSAttributionService
[2025-11-02 오후 9:28:53] [Debug] [Application] service: Tripolygon.UModeler.Hub.Notifications.UpdateHubNotifier = Tripolygon.UModeler.Hub.Notifications.UpdateHubNotifier
[2025-11-02 오후 9:28:53] [Debug] [Application] service: Tripolygon.UModeler.Hub.Notifications.UpdateProductNotifier = Tripolygon.UModeler.Hub.Notifications.UpdateProductNotifier
[2025-11-02 오후 9:28:53] [Debug] [Application] service: Tripolygon.UModeler.Hub.INoticeService = Tripolygon.UModeler.Hub.Noticies.NoticeService
[2025-11-02 오후 9:28:53] [Debug] [Application] service: Tripolygon.UModeler.Hub.Views.SceneViews.HubSceneViewService = Tripolygon.UModeler.Hub.Views.SceneViews.HubSceneViewService
[2025-11-02 오후 9:28:54] [Debug] [Application] Initialize: isReloading=True
[2025-11-02 오후 9:28:54] [Debug] [Application] Service Initialize: Tripolygon.UModeler.Hub.HubAuthentication
[2025-11-02 오후 9:28:54] [Debug] [Application] Service Initialize: Tripolygon.UModeler.Editor.UI.UnityEditorApplicationCache
[2025-11-02 오후 9:28:54] [Debug] [Application] Service Initialize: Tripolygon.UModeler.Hub.HubService
[2025-11-02 오후 9:28:54] [Debug] [Application] Service Initialize: Tripolygon.UModeler.Editor.UI.UnityEditorApplicationUtilityService
[2025-11-02 오후 9:28:55] [Debug] [Application] Service Initialize: Tripolygon.UModeler.Hub.HubFlashService
[2025-11-02 오후 9:28:55] [Debug] [HubAnalytics] PosthogClient.SetAutoFlush: Value Changed: True
[2025-11-02 오후 9:28:55] [Debug] [Application] Service Initialize: Tripolygon.UModeler.Hub.HubAnalyticsService
[2025-11-02 오후 9:28:55] [Debug] [Application] Service Initialize: Tripolygon.UModeler.Hub.VSAttributionService
[2025-11-02 오후 9:28:55] [Debug] [Application] Service Initialize: Tripolygon.UModeler.Hub.Notifications.UpdateHubNotifier
[2025-11-02 오후 9:28:55] [Debug] [Application] Service Initialize: Tripolygon.UModeler.Hub.Notifications.UpdateProductNotifier
[2025-11-02 오후 9:28:55] [Debug] [Application] Service Initialize: Tripolygon.UModeler.Hub.Noticies.NoticeService
[2025-11-02 오후 9:28:55] [Debug] [Application] Service Initialize: Tripolygon.UModeler.Hub.Views.SceneViews.HubSceneViewService
[2025-11-02 오후 9:28:55] [Debug] [Application] Release: isReloading=True
[2025-11-02 오후 9:28:55] [Debug] [Application] Service Release: Tripolygon.UModeler.Hub.Views.SceneViews.HubSceneViewService
[2025-11-02 오후 9:28:55] [Debug] [Application] Release: isReloading=True
[2025-11-02 오후 9:28:55] [Debug] [Application] Service Release: Tripolygon.UModeler.Hub.Noticies.NoticeService
[2025-11-02 오후 9:28:55] [Debug] [Application] Service Release: Tripolygon.UModeler.Hub.Views.SceneViews.HubSceneViewService
[2025-11-02 오후 9:28:55] [Debug] [Application] Service Release: Tripolygon.UModeler.Hub.Notifications.UpdateProductNotifier
[2025-11-02 오후 9:28:55] [Debug] [Application] Service Release: Tripolygon.UModeler.Hub.Noticies.NoticeService
[2025-11-02 오후 9:28:55] [Debug] [Application] Service Release: Tripolygon.UModeler.Hub.Notifications.UpdateHubNotifier
[2025-11-02 오후 9:28:55] [Debug] [Application] Service Release: Tripolygon.UModeler.Hub.Notifications.UpdateProductNotifier
[2025-11-02 오후 9:28:55] [Debug] [Application] Service Release: Tripolygon.UModeler.Hub.VSAttributionService
[2025-11-02 오후 9:28:55] [Debug] [Application] Service Release: Tripolygon.UModeler.Hub.Notifications.UpdateHubNotifier
[2025-11-02 오후 9:28:55] [Debug] [Application] Service Release: Tripolygon.UModeler.Hub.VSAttributionService
[2025-11-02 오후 9:28:58] [Debug] [Application] service: Tripolygon.UModeler.Hub.HubAuthentication = Tripolygon.UModeler.Hub.HubAuthentication
[2025-11-02 오후 9:28:58] [Debug] [Application] service: Tripolygon.UModeler.UI.IApplicationCache = Tripolygon.UModeler.Editor.UI.UnityEditorApplicationCache
[2025-11-02 오후 9:28:58] [Debug] [Application] service: Tripolygon.UModeler.Hub.HubAuthentication = Tripolygon.UModeler.Hub.HubAuthentication
[2025-11-02 오후 9:28:58] [Debug] [Application] service: Tripolygon.UModeler.UI.ITextureProvider = Tripolygon.UModeler.Editor.UI.UnityEditorTextureProvider
[2025-11-02 오후 9:28:58] [Debug] [Application] service: Tripolygon.UModeler.UI.IApplicationCache = Tripolygon.UModeler.Editor.UI.UnityEditorApplicationCache
[2025-11-02 오후 9:28:58] [Debug] [Application] service: Tripolygon.UModeler.Hub.Resources.IResourcesApiProvider = Tripolygon.UModeler.Hub.ResourcesApiProviderService
[2025-11-02 오후 9:28:58] [Debug] ActualHost
[2025-11-02 오후 9:28:58] [Debug] [Application] service: Tripolygon.UModeler.Hub.HubFlashService = Tripolygon.UModeler.Hub.HubFlashService
[2025-11-02 오후 9:28:58] [Debug] [Application] service: Tripolygon.UModeler.Hub.IHubService = Tripolygon.UModeler.Hub.HubService
[2025-11-02 오후 9:28:58] [Debug] [Application] service: Tripolygon.UModeler.Hub.VSAttributionService = Tripolygon.UModeler.Hub.VSAttributionService
[2025-11-02 오후 9:28:58] [Debug] [Application] service: Tripolygon.UModeler.Authentication.IAuthenticationApiProvider = Tripolygon.UModeler.Editor.AuthenticationApiProviderService
[2025-11-02 오후 9:28:58] [Debug] [Application] service: Tripolygon.UModeler.Hub.Notifications.UpdateHubNotifier = Tripolygon.UModeler.Hub.Notifications.UpdateHubNotifier
[2025-11-02 오후 9:28:58] [Debug] [Application] service: Tripolygon.UModeler.UI.IObjectHierarchyService = Tripolygon.UModeler.Editor.UI.UnityEditorObjectHierarchyService
[2025-11-02 오후 9:28:58] [Debug] [Application] service: Tripolygon.UModeler.Hub.Notifications.UpdateProductNotifier = Tripolygon.UModeler.Hub.Notifications.UpdateProductNotifier
[2025-11-02 오후 9:28:58] [Debug] [Application] service: Tripolygon.UModeler.Editor.UI.ApplicationSettings = Tripolygon.UModeler.Editor.UI.ApplicationSettings
[2025-11-02 오후 9:28:58] [Debug] [Application] service: Tripolygon.UModeler.Hub.Views.SceneViews.HubSceneViewService = Tripolygon.UModeler.Hub.Views.SceneViews.HubSceneViewService
[2025-11-02 오후 9:28:58] [Debug] [Application] service: Tripolygon.UModeler.Hub.Resources.IResourcesApiProvider = Tripolygon.UModeler.Hub.ResourcesApiProviderService
[2025-11-02 오후 9:29:00] [Debug] [Application] Service Initialize: Tripolygon.UModeler.Hub.HubAuthentication
[2025-11-02 오후 9:28:58] [Debug] [Application] service: Tripolygon.UModeler.Hub.IHubAnalyticsService = Tripolygon.UModeler.Hub.HubAnalyticsService
[2025-11-02 오후 9:29:00] [Debug] [Application] Service Initialize: Tripolygon.UModeler.Editor.UI.UnityEditorApplicationCache
[2025-11-02 오후 9:28:58] [Debug] [Application] service: Tripolygon.UModeler.Hub.Notifications.UpdateHubNotifier = Tripolygon.UModeler.Hub.Notifications.UpdateHubNotifier
[2025-11-02 오후 9:28:58] [Debug] [Application] service: Tripolygon.UModeler.Hub.Notifications.UpdateProductNotifier = Tripolygon.UModeler.Hub.Notifications.UpdateProductNotifier
[2025-11-02 오후 9:29:00] [Debug] [Application] Service Initialize: Tripolygon.UModeler.Hub.HubService
[2025-11-02 오후 9:28:58] [Debug] [Application] service: Tripolygon.UModeler.Hub.Views.SceneViews.HubSceneViewService = Tripolygon.UModeler.Hub.Views.SceneViews.HubSceneViewService
[2025-11-02 오후 9:29:00] [Debug] [Application] Service Initialize: Tripolygon.UModeler.Editor.UI.UnityEditorApplicationUtilityService
[2025-11-02 오후 9:29:00] [Debug] [Application] Service Initialize: Tripolygon.UModeler.Hub.HubAuthentication
[2025-11-02 오후 9:29:00] [Debug] [Application] Service Initialize: Tripolygon.UModeler.Hub.HubFlashService
[2025-11-02 오후 9:29:00] [Debug] [Application] Service Initialize: Tripolygon.UModeler.Editor.UI.UnityEditorApplicationCache
[2025-11-02 오후 9:29:00] [Debug] [HubAnalytics] PosthogClient.SetAutoFlush: Value Changed: True
[2025-11-02 오후 9:29:00] [Debug] [Application] Service Initialize: Tripolygon.UModeler.Hub.HubService
[2025-11-02 오후 9:29:00] [Debug] [Application] Service Initialize: Tripolygon.UModeler.Editor.UI.UnityEditorApplicationUtilityService
[2025-11-02 오후 9:29:00] [Debug] [Application] Service Initialize: Tripolygon.UModeler.Hub.VSAttributionService
[2025-11-02 오후 9:29:00] [Debug] [Application] Service Initialize: Tripolygon.UModeler.Hub.HubFlashService
[2025-11-02 오후 9:29:00] [Debug] [Application] Service Initialize: Tripolygon.UModeler.Hub.Notifications.UpdateHubNotifier
[2025-11-02 오후 9:29:00] [Debug] [HubAnalytics] PosthogClient.SetAutoFlush: Value Changed: True
[2025-11-02 오후 9:29:00] [Debug] [Application] Service Initialize: Tripolygon.UModeler.Hub.Notifications.UpdateProductNotifier
[2025-11-02 오후 9:29:00] [Debug] [Application] Service Initialize: Tripolygon.UModeler.Hub.Noticies.NoticeService
[2025-11-02 오후 9:29:00] [Debug] [Application] Service Initialize: Tripolygon.UModeler.Hub.HubAnalyticsService
[2025-11-02 오후 9:29:00] [Debug] [Application] Service Initialize: Tripolygon.UModeler.Hub.Views.SceneViews.HubSceneViewService
[2025-11-02 오후 9:29:00] [Debug] [Application] Service Initialize: Tripolygon.UModeler.Hub.VSAttributionService
[2025-11-02 오후 9:29:00] [Debug] [Application] Service Initialize: Tripolygon.UModeler.Hub.Notifications.UpdateHubNotifier
[2025-11-02 오후 9:29:00] [Debug] [Application] Service Initialize: Tripolygon.UModeler.Hub.Notifications.UpdateProductNotifier
[2025-11-02 오후 9:29:00] [Debug] [Application] Service Initialize: Tripolygon.UModeler.Hub.Noticies.NoticeService
[2025-11-02 오후 9:29:00] [Debug] [Application] Service Initialize: Tripolygon.UModeler.Hub.Views.SceneViews.HubSceneViewService
[2025-11-02 오후 9:29:52] [Debug] [Application] Release: isReloading=True
[2025-11-02 오후 9:29:52] [Debug] [Application] Service Release: Tripolygon.UModeler.Hub.Views.SceneViews.HubSceneViewService
[2025-11-02 오후 9:29:52] [Debug] [Application] Service Release: Tripolygon.UModeler.Hub.Noticies.NoticeService
[2025-11-02 오후 9:29:52] [Debug] [Application] Service Release: Tripolygon.UModeler.Hub.Notifications.UpdateProductNotifier
[2025-11-02 오후 9:29:52] [Debug] [Application] Service Release: Tripolygon.UModeler.Hub.Notifications.UpdateHubNotifier
[2025-11-02 오후 9:29:52] [Debug] [Application] Service Release: Tripolygon.UModeler.Hub.VSAttributionService
[2025-11-02 오후 9:29:52] [Debug] [HubAnalytics] PosthogClient.SetAutoFlush: Value Changed: False
[2025-11-02 오후 9:29:52] [Debug] [Application] Service Release: Tripolygon.UModeler.Hub.HubAnalyticsService
[2025-11-02 오후 9:29:53] [Debug] [Application] Service Release: Tripolygon.UModeler.Hub.HubFlashService
[2025-11-02 오후 9:29:53] [Debug] [Application] Service Release: Tripolygon.UModeler.Editor.UI.UnityEditorApplicationUtilityService
[2025-11-02 오후 9:29:53] [Debug] [Application] Service Release: Tripolygon.UModeler.Hub.HubService
[2025-11-02 오후 9:29:53] [Debug] [Application] Service Release: Tripolygon.UModeler.Editor.UI.UnityEditorApplicationCache
[2025-11-02 오후 9:29:53] [Debug] [Application] Service Release: Tripolygon.UModeler.Hub.HubAuthentication
[2025-11-02 오후 9:29:59] [Debug] [Application] service: Tripolygon.UModeler.Hub.HubAuthentication = Tripolygon.UModeler.Hub.HubAuthentication
[2025-11-02 오후 9:29:59] [Debug] [Application] service: Tripolygon.UModeler.UI.IApplicationCache = Tripolygon.UModeler.Editor.UI.UnityEditorApplicationCache
[2025-11-02 오후 9:29:59] [Debug] ActualHost
[2025-11-02 오후 9:29:59] [Debug] [Application] service: Tripolygon.UModeler.Hub.IHubService = Tripolygon.UModeler.Hub.HubService
[2025-11-02 오후 9:29:59] [Debug] [Application] service: Tripolygon.UModeler.Authentication.IAuthenticationApiProvider = Tripolygon.UModeler.Editor.AuthenticationApiProviderService
[2025-11-02 오후 9:29:59] [Debug] [Application] service: Tripolygon.UModeler.UI.IObjectHierarchyService = Tripolygon.UModeler.Editor.UI.UnityEditorObjectHierarchyService
[2025-11-02 오후 9:29:59] [Debug] [Application] service: Tripolygon.UModeler.UI.IApplicationUtilityService = Tripolygon.UModeler.Editor.UI.UnityEditorApplicationUtilityService
[2025-11-02 오후 9:29:59] [Debug] [Application] service: Tripolygon.UModeler.Editor.UI.ApplicationSettings = Tripolygon.UModeler.Editor.UI.ApplicationSettings
[2025-11-02 오후 9:29:59] [Debug] [Application] service: Tripolygon.UModeler.UI.ITextureProvider = Tripolygon.UModeler.Editor.UI.UnityEditorTextureProvider
[2025-11-02 오후 9:29:59] [Debug] [Application] service: Tripolygon.UModeler.Hub.Resources.IResourcesApiProvider = Tripolygon.UModeler.Hub.ResourcesApiProviderService
[2025-11-02 오후 9:29:59] [Debug] [Application] service: Tripolygon.UModeler.Hub.HubFlashService = Tripolygon.UModeler.Hub.HubFlashService
[2025-11-02 오후 9:29:59] [Debug] [Application] service: Tripolygon.UModeler.Hub.IHubAnalyticsService = Tripolygon.UModeler.Hub.HubAnalyticsService
[2025-11-02 오후 9:29:59] [Debug] [Application] service: Tripolygon.UModeler.Hub.VSAttributionService = Tripolygon.UModeler.Hub.VSAttributionService
[2025-11-02 오후 9:29:59] [Debug] [Application] service: Tripolygon.UModeler.Hub.Notifications.UpdateHubNotifier = Tripolygon.UModeler.Hub.Notifications.UpdateHubNotifier
[2025-11-02 오후 9:29:59] [Debug] [Application] service: Tripolygon.UModeler.Hub.Notifications.UpdateProductNotifier = Tripolygon.UModeler.Hub.Notifications.UpdateProductNotifier
[2025-11-02 오후 9:29:59] [Debug] [Application] service: Tripolygon.UModeler.Hub.INoticeService = Tripolygon.UModeler.Hub.Noticies.NoticeService
[2025-11-02 오후 9:29:59] [Debug] [Application] service: Tripolygon.UModeler.Hub.Views.SceneViews.HubSceneViewService = Tripolygon.UModeler.Hub.Views.SceneViews.HubSceneViewService
[2025-11-02 오후 9:30:00] [Debug] [Application] Initialize: isReloading=True
[2025-11-02 오후 9:30:01] [Debug] [Application] Service Initialize: Tripolygon.UModeler.Hub.HubAuthentication
[2025-11-02 오후 9:30:01] [Debug] [Application] Service Initialize: Tripolygon.UModeler.Editor.UI.UnityEditorApplicationCache
[2025-11-02 오후 9:30:01] [Debug] [Application] Service Initialize: Tripolygon.UModeler.Hub.HubService
[2025-11-02 오후 9:30:01] [Debug] [Application] Service Initialize: Tripolygon.UModeler.Editor.UI.UnityEditorApplicationUtilityService
[2025-11-02 오후 9:30:01] [Debug] [Application] Service Initialize: Tripolygon.UModeler.Hub.HubFlashService
[2025-11-02 오후 9:30:01] [Debug] [HubAnalytics] PosthogClient.SetAutoFlush: Value Changed: True
[2025-11-02 오후 9:30:01] [Debug] [Application] Service Initialize: Tripolygon.UModeler.Hub.HubAnalyticsService
[2025-11-02 오후 9:30:01] [Debug] [Application] Service Initialize: Tripolygon.UModeler.Hub.VSAttributionService
[2025-11-02 오후 9:30:01] [Debug] [Application] Service Initialize: Tripolygon.UModeler.Hub.Notifications.UpdateHubNotifier
[2025-11-02 오후 9:30:01] [Debug] [Application] Service Initialize: Tripolygon.UModeler.Hub.Notifications.UpdateProductNotifier
[2025-11-02 오후 9:30:01] [Debug] [Application] Service Initialize: Tripolygon.UModeler.Hub.Noticies.NoticeService
[2025-11-02 오후 9:30:01] [Debug] [Application] Service Initialize: Tripolygon.UModeler.Hub.Views.SceneViews.HubSceneViewService
[2025-11-02 오후 9:30:02] [Debug] [Application] Release: isReloading=True
[2025-11-02 오후 9:30:02] [Debug] [Application] Release: isReloading=True
[2025-11-02 오후 9:30:02] [Debug] [Application] Service Release: Tripolygon.UModeler.Hub.Views.SceneViews.HubSceneViewService
[2025-11-02 오후 9:30:02] [Debug] [Application] Service Release: Tripolygon.UModeler.Hub.Views.SceneViews.HubSceneViewService
[2025-11-02 오후 9:30:02] [Debug] [Application] Service Release: Tripolygon.UModeler.Hub.Noticies.NoticeService
[2025-11-02 오후 9:30:02] [Debug] [Application] Service Release: Tripolygon.UModeler.Hub.Noticies.NoticeService
[2025-11-02 오후 9:30:02] [Debug] [Application] Service Release: Tripolygon.UModeler.Hub.Notifications.UpdateProductNotifier
[2025-11-02 오후 9:30:02] [Debug] [Application] Service Release: Tripolygon.UModeler.Hub.Notifications.UpdateProductNotifier
[2025-11-02 오후 9:30:02] [Debug] [Application] Service Release: Tripolygon.UModeler.Hub.Notifications.UpdateHubNotifier
[2025-11-02 오후 9:30:02] [Debug] [Application] Service Release: Tripolygon.UModeler.Hub.Notifications.UpdateHubNotifier
[2025-11-02 오후 9:30:02] [Debug] [Application] Service Release: Tripolygon.UModeler.Hub.VSAttributionService
[2025-11-02 오후 9:30:02] [Debug] [Application] Service Release: Tripolygon.UModeler.Hub.VSAttributionService
[2025-11-02 오후 9:30:04] [Debug] [Application] service: Tripolygon.UModeler.Hub.HubAuthentication = Tripolygon.UModeler.Hub.HubAuthentication
[2025-11-02 오후 9:30:04] [Debug] [Application] service: Tripolygon.UModeler.UI.IApplicationCache = Tripolygon.UModeler.Editor.UI.UnityEditorApplicationCache
[2025-11-02 오후 9:30:04] [Debug] ActualHost
[2025-11-02 오후 9:30:04] [Debug] [Application] service: Tripolygon.UModeler.Hub.HubAuthentication = Tripolygon.UModeler.Hub.HubAuthentication
[2025-11-02 오후 9:30:05] [Debug] [Application] service: Tripolygon.UModeler.Hub.VSAttributionService = Tripolygon.UModeler.Hub.VSAttributionService
[2025-11-02 오후 9:30:04] [Debug] ActualHost
[2025-11-02 오후 9:30:05] [Debug] [Application] service: Tripolygon.UModeler.Hub.Notifications.UpdateProductNotifier = Tripolygon.UModeler.Hub.Notifications.UpdateProductNotifier
[2025-11-02 오후 9:30:04] [Debug] [Application] service: Tripolygon.UModeler.Authentication.IAuthenticationApiProvider = Tripolygon.UModeler.Editor.AuthenticationApiProviderService
[2025-11-02 오후 9:30:05] [Debug] [Application] service: Tripolygon.UModeler.Hub.Views.SceneViews.HubSceneViewService = Tripolygon.UModeler.Hub.Views.SceneViews.HubSceneViewService
[2025-11-02 오후 9:30:04] [Debug] [Application] service: Tripolygon.UModeler.UI.IApplicationUtilityService = Tripolygon.UModeler.Editor.UI.UnityEditorApplicationUtilityService
[2025-11-02 오후 9:30:06] [Debug] [Application] Service Initialize: Tripolygon.UModeler.Hub.HubAuthentication
[2025-11-02 오후 9:30:05] [Debug] [Application] service: Tripolygon.UModeler.UI.ITextureProvider = Tripolygon.UModeler.Editor.UI.UnityEditorTextureProvider
[2025-11-02 오후 9:30:05] [Debug] [Application] service: Tripolygon.UModeler.Hub.Resources.IResourcesApiProvider = Tripolygon.UModeler.Hub.ResourcesApiProviderService
[2025-11-02 오후 9:30:05] [Debug] [Application] service: Tripolygon.UModeler.Hub.HubFlashService = Tripolygon.UModeler.Hub.HubFlashService
[2025-11-02 오후 9:30:05] [Debug] [Application] service: Tripolygon.UModeler.Hub.IHubAnalyticsService = Tripolygon.UModeler.Hub.HubAnalyticsService
[2025-11-02 오후 9:30:05] [Debug] [Application] service: Tripolygon.UModeler.Hub.VSAttributionService = Tripolygon.UModeler.Hub.VSAttributionService
[2025-11-02 오후 9:30:06] [Debug] [Application] Service Initialize: Tripolygon.UModeler.Hub.HubFlashService
[2025-11-02 오후 9:30:05] [Debug] [Application] service: Tripolygon.UModeler.Hub.Notifications.UpdateProductNotifier = Tripolygon.UModeler.Hub.Notifications.UpdateProductNotifier
[2025-11-02 오후 9:30:06] [Debug] [HubAnalytics] PosthogClient.SetAutoFlush: Value Changed: True
[2025-11-02 오후 9:30:05] [Debug] [Application] service: Tripolygon.UModeler.Hub.Views.SceneViews.HubSceneViewService = Tripolygon.UModeler.Hub.Views.SceneViews.HubSceneViewService
[2025-11-02 오후 9:30:06] [Debug] [Application] Initialize: isReloading=False
[2025-11-02 오후 9:30:06] [Debug] [Application] Service Initialize: Tripolygon.UModeler.Hub.HubAnalyticsService
[2025-11-02 오후 9:30:06] [Debug] [Application] Service Initialize: Tripolygon.UModeler.Hub.HubAuthentication
[2025-11-02 오후 9:30:06] [Debug] [Application] Service Initialize: Tripolygon.UModeler.Hub.VSAttributionService
[2025-11-02 오후 9:30:06] [Debug] [Application] Service Initialize: Tripolygon.UModeler.Editor.UI.UnityEditorApplicationCache
[2025-11-02 오후 9:30:06] [Debug] [Application] Service Initialize: Tripolygon.UModeler.Hub.Notifications.UpdateHubNotifier
[2025-11-02 오후 9:30:06] [Debug] [Application] Service Initialize: Tripolygon.UModeler.Hub.HubService
[2025-11-02 오후 9:30:06] [Debug] [Application] Service Initialize: Tripolygon.UModeler.Hub.Notifications.UpdateProductNotifier
[2025-11-02 오후 9:30:06] [Debug] [Application] Service Initialize: Tripolygon.UModeler.Editor.UI.UnityEditorApplicationUtilityService
[2025-11-02 오후 9:30:06] [Debug] [Application] Service Initialize: Tripolygon.UModeler.Hub.Noticies.NoticeService
[2025-11-02 오후 9:30:06] [Debug] [Application] Service Initialize: Tripolygon.UModeler.Hub.HubFlashService
[2025-11-02 오후 9:30:06] [Debug] [Application] Service Initialize: Tripolygon.UModeler.Hub.Views.SceneViews.HubSceneViewService
[2025-11-02 오후 9:30:06] [Debug] [HubAnalytics] PosthogClient.SetAutoFlush: Value Changed: True
[2025-11-02 오후 9:30:06] [Debug] [Application] Service Initialize: Tripolygon.UModeler.Hub.HubAnalyticsService
[2025-11-02 오후 9:30:06] [Debug] [Application] Service Initialize: Tripolygon.UModeler.Hub.VSAttributionService
[2025-11-02 오후 9:30:06] [Debug] [Application] Service Initialize: Tripolygon.UModeler.Hub.Notifications.UpdateHubNotifier
[2025-11-02 오후 9:30:06] [Debug] [Application] Service Initialize: Tripolygon.UModeler.Hub.Notifications.UpdateProductNotifier
[2025-11-02 오후 9:30:06] [Debug] [Application] Service Initialize: Tripolygon.UModeler.Hub.Noticies.NoticeService
[2025-11-02 오후 9:30:06] [Debug] [Application] Service Initialize: Tripolygon.UModeler.Hub.Views.SceneViews.HubSceneViewService
[2025-11-02 오후 9:32:35] [Debug] [Application] Release: isReloading=True
[2025-11-02 오후 9:32:35] [Debug] [Application] Service Release: Tripolygon.UModeler.Hub.Views.SceneViews.HubSceneViewService
[2025-11-02 오후 9:32:35] [Debug] [Application] Service Release: Tripolygon.UModeler.Hub.Noticies.NoticeService
[2025-11-02 오후 9:32:35] [Debug] [Application] Service Release: Tripolygon.UModeler.Hub.Notifications.UpdateProductNotifier
[2025-11-02 오후 9:32:35] [Debug] [Application] Service Release: Tripolygon.UModeler.Hub.Notifications.UpdateHubNotifier
[2025-11-02 오후 9:32:35] [Debug] [Application] Service Release: Tripolygon.UModeler.Hub.VSAttributionService
[2025-11-02 오후 9:32:35] [Debug] [HubAnalytics] PosthogClient.SetAutoFlush: Value Changed: False
[2025-11-02 오후 9:32:35] [Debug] [Application] Service Release: Tripolygon.UModeler.Hub.HubAnalyticsService
[2025-11-02 오후 9:32:35] [Debug] [Application] Service Release: Tripolygon.UModeler.Hub.HubFlashService
[2025-11-02 오후 9:32:35] [Debug] [Application] Service Release: Tripolygon.UModeler.Editor.UI.UnityEditorApplicationUtilityService
[2025-11-02 오후 9:32:35] [Debug] [Application] Service Release: Tripolygon.UModeler.Hub.HubService
[2025-11-02 오후 9:32:35] [Debug] [Application] Service Release: Tripolygon.UModeler.Editor.UI.UnityEditorApplicationCache
[2025-11-02 오후 9:32:35] [Debug] [Application] Service Release: Tripolygon.UModeler.Hub.HubAuthentication
[2025-11-02 오후 9:32:41] [Debug] [Application] service: Tripolygon.UModeler.Hub.HubAuthentication = Tripolygon.UModeler.Hub.HubAuthentication
[2025-11-02 오후 9:32:41] [Debug] [Application] service: Tripolygon.UModeler.UI.IApplicationCache = Tripolygon.UModeler.Editor.UI.UnityEditorApplicationCache
[2025-11-02 오후 9:32:41] [Debug] ActualHost
[2025-11-02 오후 9:32:41] [Debug] [Application] service: Tripolygon.UModeler.Hub.IHubService = Tripolygon.UModeler.Hub.HubService
[2025-11-02 오후 9:32:41] [Debug] [Application] service: Tripolygon.UModeler.Authentication.IAuthenticationApiProvider = Tripolygon.UModeler.Editor.AuthenticationApiProviderService
[2025-11-02 오후 9:32:41] [Debug] [Application] service: Tripolygon.UModeler.UI.IObjectHierarchyService = Tripolygon.UModeler.Editor.UI.UnityEditorObjectHierarchyService
[2025-11-02 오후 9:32:41] [Debug] [Application] service: Tripolygon.UModeler.UI.IApplicationUtilityService = Tripolygon.UModeler.Editor.UI.UnityEditorApplicationUtilityService
[2025-11-02 오후 9:32:42] [Debug] [Application] service: Tripolygon.UModeler.Editor.UI.ApplicationSettings = Tripolygon.UModeler.Editor.UI.ApplicationSettings
[2025-11-02 오후 9:32:42] [Debug] [Application] service: Tripolygon.UModeler.UI.ITextureProvider = Tripolygon.UModeler.Editor.UI.UnityEditorTextureProvider
[2025-11-02 오후 9:32:42] [Debug] [Application] service: Tripolygon.UModeler.Hub.Resources.IResourcesApiProvider = Tripolygon.UModeler.Hub.ResourcesApiProviderService
[2025-11-02 오후 9:32:42] [Debug] [Application] service: Tripolygon.UModeler.Hub.HubFlashService = Tripolygon.UModeler.Hub.HubFlashService
[2025-11-02 오후 9:32:42] [Debug] [Application] service: Tripolygon.UModeler.Hub.IHubAnalyticsService = Tripolygon.UModeler.Hub.HubAnalyticsService
[2025-11-02 오후 9:32:42] [Debug] [Application] service: Tripolygon.UModeler.Hub.VSAttributionService = Tripolygon.UModeler.Hub.VSAttributionService
[2025-11-02 오후 9:32:42] [Debug] [Application] service: Tripolygon.UModeler.Hub.Notifications.UpdateHubNotifier = Tripolygon.UModeler.Hub.Notifications.UpdateHubNotifier
[2025-11-02 오후 9:32:42] [Debug] [Application] service: Tripolygon.UModeler.Hub.Notifications.UpdateProductNotifier = Tripolygon.UModeler.Hub.Notifications.UpdateProductNotifier
[2025-11-02 오후 9:32:42] [Debug] [Application] service: Tripolygon.UModeler.Hub.INoticeService = Tripolygon.UModeler.Hub.Noticies.NoticeService
[2025-11-02 오후 9:32:42] [Debug] [Application] service: Tripolygon.UModeler.Hub.Views.SceneViews.HubSceneViewService = Tripolygon.UModeler.Hub.Views.SceneViews.HubSceneViewService
[2025-11-02 오후 9:32:43] [Debug] [Application] Initialize: isReloading=True
[2025-11-02 오후 9:32:43] [Debug] [Application] Service Initialize: Tripolygon.UModeler.Hub.HubAuthentication
[2025-11-02 오후 9:32:43] [Debug] [Application] Service Initialize: Tripolygon.UModeler.Editor.UI.UnityEditorApplicationCache
[2025-11-02 오후 9:32:43] [Debug] [Application] Service Initialize: Tripolygon.UModeler.Hub.HubService
[2025-11-02 오후 9:32:43] [Debug] [Application] Service Initialize: Tripolygon.UModeler.Editor.UI.UnityEditorApplicationUtilityService
[2025-11-02 오후 9:32:43] [Debug] [Application] Service Initialize: Tripolygon.UModeler.Hub.HubFlashService
[2025-11-02 오후 9:32:43] [Debug] [HubAnalytics] PosthogClient.SetAutoFlush: Value Changed: True
[2025-11-02 오후 9:32:43] [Debug] [Application] Service Initialize: Tripolygon.UModeler.Hub.HubAnalyticsService
[2025-11-02 오후 9:32:43] [Debug] [Application] Service Initialize: Tripolygon.UModeler.Hub.VSAttributionService
[2025-11-02 오후 9:32:44] [Debug] [Application] Service Initialize: Tripolygon.UModeler.Hub.Notifications.UpdateHubNotifier
[2025-11-02 오후 9:32:44] [Debug] [Application] Service Initialize: Tripolygon.UModeler.Hub.Notifications.UpdateProductNotifier
[2025-11-02 오후 9:32:44] [Debug] [Application] Service Initialize: Tripolygon.UModeler.Hub.Noticies.NoticeService
[2025-11-02 오후 9:32:44] [Debug] [Application] Service Initialize: Tripolygon.UModeler.Hub.Views.SceneViews.HubSceneViewService
[2025-11-02 오후 9:32:44] [Debug] [Application] Release: isReloading=True
[2025-11-02 오후 9:32:44] [Debug] [Application] Release: isReloading=True
[2025-11-02 오후 9:32:44] [Debug] [Application] Service Release: Tripolygon.UModeler.Hub.Views.SceneViews.HubSceneViewService
[2025-11-02 오후 9:32:44] [Debug] [Application] Service Release: Tripolygon.UModeler.Hub.Views.SceneViews.HubSceneViewService
[2025-11-02 오후 9:32:44] [Debug] [Application] Service Release: Tripolygon.UModeler.Hub.Noticies.NoticeService
[2025-11-02 오후 9:32:44] [Debug] [Application] Service Release: Tripolygon.UModeler.Hub.Noticies.NoticeService
[2025-11-02 오후 9:32:44] [Debug] [Application] Service Release: Tripolygon.UModeler.Hub.Notifications.UpdateProductNotifier
[2025-11-02 오후 9:32:44] [Debug] [Application] Service Release: Tripolygon.UModeler.Hub.Notifications.UpdateProductNotifier
[2025-11-02 오후 9:32:44] [Debug] [Application] Service Release: Tripolygon.UModeler.Hub.Notifications.UpdateHubNotifier
[2025-11-02 오후 9:32:44] [Debug] [Application] Service Release: Tripolygon.UModeler.Hub.Notifications.UpdateHubNotifier
[2025-11-02 오후 9:32:44] [Debug] [Application] Service Release: Tripolygon.UModeler.Hub.VSAttributionService
[2025-11-02 오후 9:32:44] [Debug] [Application] Service Release: Tripolygon.UModeler.Hub.VSAttributionService
[2025-11-02 오후 9:32:47] [Debug] [Application] service: Tripolygon.UModeler.Hub.HubAuthentication = Tripolygon.UModeler.Hub.HubAuthentication
[2025-11-02 오후 9:32:47] [Debug] [Application] service: Tripolygon.UModeler.Hub.HubAuthentication = Tripolygon.UModeler.Hub.HubAuthentication
[2025-11-02 오후 9:32:47] [Debug] [Application] service: Tripolygon.UModeler.Editor.UI.ApplicationSettings = Tripolygon.UModeler.Editor.UI.ApplicationSettings
[2025-11-02 오후 9:32:47] [Debug] ActualHost
[2025-11-02 오후 9:32:47] [Debug] [Application] service: Tripolygon.UModeler.UI.ITextureProvider = Tripolygon.UModeler.Editor.UI.UnityEditorTextureProvider
[2025-11-02 오후 9:32:47] [Debug] [Application] service: Tripolygon.UModeler.Hub.IHubService = Tripolygon.UModeler.Hub.HubService
[2025-11-02 오후 9:32:47] [Debug] [Application] service: Tripolygon.UModeler.Hub.Resources.IResourcesApiProvider = Tripolygon.UModeler.Hub.ResourcesApiProviderService
[2025-11-02 오후 9:32:47] [Debug] [Application] service: Tripolygon.UModeler.Authentication.IAuthenticationApiProvider = Tripolygon.UModeler.Editor.AuthenticationApiProviderService
[2025-11-02 오후 9:32:47] [Debug] [Application] service: Tripolygon.UModeler.Hub.HubFlashService = Tripolygon.UModeler.Hub.HubFlashService
[2025-11-02 오후 9:32:47] [Debug] [Application] service: Tripolygon.UModeler.UI.IObjectHierarchyService = Tripolygon.UModeler.Editor.UI.UnityEditorObjectHierarchyService
[2025-11-02 오후 9:32:47] [Debug] [Application] service: Tripolygon.UModeler.Hub.IHubAnalyticsService = Tripolygon.UModeler.Hub.HubAnalyticsService
[2025-11-02 오후 9:32:47] [Debug] [Application] service: Tripolygon.UModeler.UI.IApplicationUtilityService = Tripolygon.UModeler.Editor.UI.UnityEditorApplicationUtilityService
[2025-11-02 오후 9:32:47] [Debug] [Application] service: Tripolygon.UModeler.Hub.VSAttributionService = Tripolygon.UModeler.Hub.VSAttributionService
[2025-11-02 오후 9:32:47] [Debug] [Application] service: Tripolygon.UModeler.Editor.UI.ApplicationSettings = Tripolygon.UModeler.Editor.UI.ApplicationSettings
[2025-11-02 오후 9:32:47] [Debug] [Application] service: Tripolygon.UModeler.Hub.Notifications.UpdateProductNotifier = Tripolygon.UModeler.Hub.Notifications.UpdateProductNotifier
[2025-11-02 오후 9:32:47] [Debug] [Application] service: Tripolygon.UModeler.Hub.Resources.IResourcesApiProvider = Tripolygon.UModeler.Hub.ResourcesApiProviderService
[2025-11-02 오후 9:32:47] [Debug] [Application] service: Tripolygon.UModeler.Hub.Views.SceneViews.HubSceneViewService = Tripolygon.UModeler.Hub.Views.SceneViews.HubSceneViewService
[2025-11-02 오후 9:32:47] [Debug] [Application] service: Tripolygon.UModeler.Hub.IHubAnalyticsService = Tripolygon.UModeler.Hub.HubAnalyticsService
[2025-11-02 오후 9:32:49] [Debug] [Application] Service Initialize: Tripolygon.UModeler.Hub.HubAuthentication
[2025-11-02 오후 9:32:47] [Debug] [Application] service: Tripolygon.UModeler.Hub.Notifications.UpdateHubNotifier = Tripolygon.UModeler.Hub.Notifications.UpdateHubNotifier
[2025-11-02 오후 9:32:49] [Debug] [Application] Service Initialize: Tripolygon.UModeler.Editor.UI.UnityEditorApplicationCache
[2025-11-02 오후 9:32:47] [Debug] [Application] service: Tripolygon.UModeler.Hub.INoticeService = Tripolygon.UModeler.Hub.Noticies.NoticeService
[2025-11-02 오후 9:32:47] [Debug] [Application] service: Tripolygon.UModeler.Hub.Views.SceneViews.HubSceneViewService = Tripolygon.UModeler.Hub.Views.SceneViews.HubSceneViewService
[2025-11-02 오후 9:32:49] [Debug] [Application] Service Initialize: Tripolygon.UModeler.Hub.HubService
[2025-11-02 오후 9:32:49] [Debug] [Application] Service Initialize: Tripolygon.UModeler.Hub.HubAuthentication
[2025-11-02 오후 9:32:49] [Debug] [Application] Service Initialize: Tripolygon.UModeler.Editor.UI.UnityEditorApplicationUtilityService
[2025-11-02 오후 9:32:49] [Debug] [Application] Service Initialize: Tripolygon.UModeler.Editor.UI.UnityEditorApplicationCache
[2025-11-02 오후 9:32:49] [Debug] [Application] Service Initialize: Tripolygon.UModeler.Hub.HubFlashService
[2025-11-02 오후 9:32:49] [Debug] [Application] Service Initialize: Tripolygon.UModeler.Hub.HubService
[2025-11-02 오후 9:32:49] [Debug] [HubAnalytics] PosthogClient.SetAutoFlush: Value Changed: True
[2025-11-02 오후 9:32:49] [Debug] [Application] Service Initialize: Tripolygon.UModeler.Editor.UI.UnityEditorApplicationUtilityService
[2025-11-02 오후 9:32:49] [Debug] [Application] Service Initialize: Tripolygon.UModeler.Hub.HubFlashService
[2025-11-02 오후 9:32:49] [Debug] [Application] Service Initialize: Tripolygon.UModeler.Hub.HubAnalyticsService
[2025-11-02 오후 9:32:49] [Debug] [HubAnalytics] PosthogClient.SetAutoFlush: Value Changed: True
[2025-11-02 오후 9:32:49] [Debug] [Application] Service Initialize: Tripolygon.UModeler.Hub.VSAttributionService
[2025-11-02 오후 9:32:49] [Debug] [Application] Service Initialize: Tripolygon.UModeler.Hub.Notifications.UpdateHubNotifier
[2025-11-02 오후 9:32:49] [Debug] [Application] Service Initialize: Tripolygon.UModeler.Hub.HubAnalyticsService
[2025-11-02 오후 9:32:49] [Debug] [Application] Service Initialize: Tripolygon.UModeler.Hub.Notifications.UpdateProductNotifier
[2025-11-02 오후 9:32:49] [Debug] [Application] Service Initialize: Tripolygon.UModeler.Hub.VSAttributionService
[2025-11-02 오후 9:32:49] [Debug] [Application] Service Initialize: Tripolygon.UModeler.Hub.Views.SceneViews.HubSceneViewService
[2025-11-02 오후 9:32:49] [Debug] [Application] Service Initialize: Tripolygon.UModeler.Hub.Notifications.UpdateHubNotifier
[2025-11-02 오후 9:32:49] [Debug] [Application] Service Initialize: Tripolygon.UModeler.Hub.Notifications.UpdateProductNotifier
[2025-11-02 오후 9:32:49] [Debug] [Application] Service Initialize: Tripolygon.UModeler.Hub.Noticies.NoticeService
[2025-11-02 오후 9:32:49] [Debug] [Application] Service Initialize: Tripolygon.UModeler.Hub.Views.SceneViews.HubSceneViewService
[2025-11-02 오후 9:34:08] [Debug] [Application] Release: isReloading=True
[2025-11-02 오후 9:34:08] [Debug] [Application] Service Release: Tripolygon.UModeler.Hub.Views.SceneViews.HubSceneViewService
[2025-11-02 오후 9:34:08] [Debug] [Application] Service Release: Tripolygon.UModeler.Hub.Noticies.NoticeService
[2025-11-02 오후 9:34:08] [Debug] [Application] Service Release: Tripolygon.UModeler.Hub.Notifications.UpdateProductNotifier
[2025-11-02 오후 9:34:08] [Debug] [Application] Service Release: Tripolygon.UModeler.Hub.Notifications.UpdateHubNotifier
[2025-11-02 오후 9:34:08] [Debug] [Application] Service Release: Tripolygon.UModeler.Hub.VSAttributionService
[2025-11-02 오후 9:34:08] [Debug] [HubAnalytics] PosthogClient.SetAutoFlush: Value Changed: False
[2025-11-02 오후 9:34:08] [Debug] [Application] Service Release: Tripolygon.UModeler.Hub.HubAnalyticsService
[2025-11-02 오후 9:34:08] [Debug] [Application] Service Release: Tripolygon.UModeler.Hub.HubFlashService
[2025-11-02 오후 9:34:08] [Debug] [Application] Service Release: Tripolygon.UModeler.Editor.UI.UnityEditorApplicationUtilityService
[2025-11-02 오후 9:34:08] [Debug] [Application] Service Release: Tripolygon.UModeler.Hub.HubService
[2025-11-02 오후 9:34:08] [Debug] [Application] Service Release: Tripolygon.UModeler.Editor.UI.UnityEditorApplicationCache
[2025-11-02 오후 9:34:08] [Debug] [Application] Service Release: Tripolygon.UModeler.Hub.HubAuthentication
[2025-11-02 오후 9:34:15] [Debug] [Application] service: Tripolygon.UModeler.Hub.HubAuthentication = Tripolygon.UModeler.Hub.HubAuthentication
[2025-11-02 오후 9:34:15] [Debug] [Application] service: Tripolygon.UModeler.UI.IApplicationCache = Tripolygon.UModeler.Editor.UI.UnityEditorApplicationCache
[2025-11-02 오후 9:34:15] [Debug] ActualHost
[2025-11-02 오후 9:34:15] [Debug] [Application] service: Tripolygon.UModeler.Hub.IHubService = Tripolygon.UModeler.Hub.HubService
[2025-11-02 오후 9:34:15] [Debug] [Application] service: Tripolygon.UModeler.Authentication.IAuthenticationApiProvider = Tripolygon.UModeler.Editor.AuthenticationApiProviderService
[2025-11-02 오후 9:34:15] [Debug] [Application] service: Tripolygon.UModeler.UI.IObjectHierarchyService = Tripolygon.UModeler.Editor.UI.UnityEditorObjectHierarchyService
[2025-11-02 오후 9:34:15] [Debug] [Application] service: Tripolygon.UModeler.UI.IApplicationUtilityService = Tripolygon.UModeler.Editor.UI.UnityEditorApplicationUtilityService
[2025-11-02 오후 9:34:15] [Debug] [Application] service: Tripolygon.UModeler.Editor.UI.ApplicationSettings = Tripolygon.UModeler.Editor.UI.ApplicationSettings
[2025-11-02 오후 9:34:15] [Debug] [Application] service: Tripolygon.UModeler.UI.ITextureProvider = Tripolygon.UModeler.Editor.UI.UnityEditorTextureProvider
[2025-11-02 오후 9:34:15] [Debug] [Application] service: Tripolygon.UModeler.Hub.Resources.IResourcesApiProvider = Tripolygon.UModeler.Hub.ResourcesApiProviderService
[2025-11-02 오후 9:34:15] [Debug] [Application] service: Tripolygon.UModeler.Hub.HubFlashService = Tripolygon.UModeler.Hub.HubFlashService
[2025-11-02 오후 9:34:15] [Debug] [Application] service: Tripolygon.UModeler.Hub.IHubAnalyticsService = Tripolygon.UModeler.Hub.HubAnalyticsService
[2025-11-02 오후 9:34:15] [Debug] [Application] service: Tripolygon.UModeler.Hub.VSAttributionService = Tripolygon.UModeler.Hub.VSAttributionService
[2025-11-02 오후 9:34:15] [Debug] [Application] service: Tripolygon.UModeler.Hub.Notifications.UpdateHubNotifier = Tripolygon.UModeler.Hub.Notifications.UpdateHubNotifier
[2025-11-02 오후 9:34:15] [Debug] [Application] service: Tripolygon.UModeler.Hub.Notifications.UpdateProductNotifier = Tripolygon.UModeler.Hub.Notifications.UpdateProductNotifier
[2025-11-02 오후 9:34:15] [Debug] [Application] service: Tripolygon.UModeler.Hub.INoticeService = Tripolygon.UModeler.Hub.Noticies.NoticeService
[2025-11-02 오후 9:34:15] [Debug] [Application] service: Tripolygon.UModeler.Hub.Views.SceneViews.HubSceneViewService = Tripolygon.UModeler.Hub.Views.SceneViews.HubSceneViewService
[2025-11-02 오후 9:34:16] [Debug] [Application] Initialize: isReloading=True
[2025-11-02 오후 9:34:17] [Debug] [Application] Service Initialize: Tripolygon.UModeler.Hub.HubAuthentication
[2025-11-02 오후 9:34:17] [Debug] [Application] Service Initialize: Tripolygon.UModeler.Editor.UI.UnityEditorApplicationCache
[2025-11-02 오후 9:34:17] [Debug] [Application] Service Initialize: Tripolygon.UModeler.Hub.HubService
[2025-11-02 오후 9:34:17] [Debug] [Application] Service Initialize: Tripolygon.UModeler.Editor.UI.UnityEditorApplicationUtilityService
[2025-11-02 오후 9:34:17] [Debug] [Application] Service Initialize: Tripolygon.UModeler.Hub.HubFlashService
[2025-11-02 오후 9:34:17] [Debug] [HubAnalytics] PosthogClient.SetAutoFlush: Value Changed: True
[2025-11-02 오후 9:34:17] [Debug] [Application] Service Initialize: Tripolygon.UModeler.Hub.HubAnalyticsService
[2025-11-02 오후 9:34:17] [Debug] [Application] Service Initialize: Tripolygon.UModeler.Hub.VSAttributionService
[2025-11-02 오후 9:34:17] [Debug] [Application] Service Initialize: Tripolygon.UModeler.Hub.Notifications.UpdateHubNotifier
[2025-11-02 오후 9:34:17] [Debug] [Application] Service Initialize: Tripolygon.UModeler.Hub.Notifications.UpdateProductNotifier
[2025-11-02 오후 9:34:17] [Debug] [Application] Service Initialize: Tripolygon.UModeler.Hub.Noticies.NoticeService
[2025-11-02 오후 9:34:17] [Debug] [Application] Service Initialize: Tripolygon.UModeler.Hub.Views.SceneViews.HubSceneViewService
[2025-11-02 오후 9:34:17] [Debug] [Application] Release: isReloading=True
[2025-11-02 오후 9:34:17] [Debug] [Application] Release: isReloading=True
[2025-11-02 오후 9:34:18] [Debug] [Application] Service Release: Tripolygon.UModeler.Hub.Views.SceneViews.HubSceneViewService
[2025-11-02 오후 9:34:18] [Debug] [Application] Service Release: Tripolygon.UModeler.Hub.Views.SceneViews.HubSceneViewService
[2025-11-02 오후 9:34:18] [Debug] [Application] Service Release: Tripolygon.UModeler.Hub.Noticies.NoticeService
[2025-11-02 오후 9:34:18] [Debug] [Application] Service Release: Tripolygon.UModeler.Hub.Noticies.NoticeService
[2025-11-02 오후 9:34:18] [Debug] [Application] Service Release: Tripolygon.UModeler.Hub.Notifications.UpdateProductNotifier
[2025-11-02 오후 9:34:18] [Debug] [Application] Service Release: Tripolygon.UModeler.Hub.Notifications.UpdateProductNotifier
[2025-11-02 오후 9:34:18] [Debug] [Application] Service Release: Tripolygon.UModeler.Hub.Notifications.UpdateHubNotifier
[2025-11-02 오후 9:34:18] [Debug] [Application] Service Release: Tripolygon.UModeler.Hub.Notifications.UpdateHubNotifier
[2025-11-02 오후 9:34:18] [Debug] [Application] Service Release: Tripolygon.UModeler.Hub.VSAttributionService
[2025-11-02 오후 9:34:18] [Debug] [Application] Service Release: Tripolygon.UModeler.Hub.VSAttributionService
[2025-11-02 오후 9:34:20] [Debug] [Application] service: Tripolygon.UModeler.Hub.HubAuthentication = Tripolygon.UModeler.Hub.HubAuthentication
[2025-11-02 오후 9:34:20] [Debug] [Application] service: Tripolygon.UModeler.UI.IApplicationCache = Tripolygon.UModeler.Editor.UI.UnityEditorApplicationCache
[2025-11-02 오후 9:34:20] [Debug] ActualHost
[2025-11-02 오후 9:34:20] [Debug] [Application] service: Tripolygon.UModeler.Hub.HubAuthentication = Tripolygon.UModeler.Hub.HubAuthentication
[2025-11-02 오후 9:34:20] [Debug] [Application] service: Tripolygon.UModeler.UI.IApplicationCache = Tripolygon.UModeler.Editor.UI.UnityEditorApplicationCache
[2025-11-02 오후 9:34:21] [Debug] [Application] service: Tripolygon.UModeler.Hub.Resources.IResourcesApiProvider = Tripolygon.UModeler.Hub.ResourcesApiProviderService
[2025-11-02 오후 9:34:20] [Debug] ActualHost
[2025-11-02 오후 9:34:21] [Debug] [Application] service: Tripolygon.UModeler.Hub.HubFlashService = Tripolygon.UModeler.Hub.HubFlashService
[2025-11-02 오후 9:34:20] [Debug] [Application] service: Tripolygon.UModeler.Authentication.IAuthenticationApiProvider = Tripolygon.UModeler.Editor.AuthenticationApiProviderService
[2025-11-02 오후 9:34:21] [Debug] [Application] service: Tripolygon.UModeler.Hub.VSAttributionService = Tripolygon.UModeler.Hub.VSAttributionService
[2025-11-02 오후 9:34:20] [Debug] [Application] service: Tripolygon.UModeler.UI.IObjectHierarchyService = Tripolygon.UModeler.Editor.UI.UnityEditorObjectHierarchyService
[2025-11-02 오후 9:34:21] [Debug] [Application] service: Tripolygon.UModeler.Hub.Notifications.UpdateProductNotifier = Tripolygon.UModeler.Hub.Notifications.UpdateProductNotifier
[2025-11-02 오후 9:34:21] [Debug] [Application] service: Tripolygon.UModeler.Editor.UI.ApplicationSettings = Tripolygon.UModeler.Editor.UI.ApplicationSettings
[2025-11-02 오후 9:34:21] [Debug] [Application] service: Tripolygon.UModeler.Hub.Views.SceneViews.HubSceneViewService = Tripolygon.UModeler.Hub.Views.SceneViews.HubSceneViewService
[2025-11-02 오후 9:34:21] [Debug] [Application] service: Tripolygon.UModeler.Hub.Resources.IResourcesApiProvider = Tripolygon.UModeler.Hub.ResourcesApiProviderService
[2025-11-02 오후 9:34:22] [Debug] [Application] Service Initialize: Tripolygon.UModeler.Hub.HubAuthentication
[2025-11-02 오후 9:34:21] [Debug] [Application] service: Tripolygon.UModeler.Hub.HubFlashService = Tripolygon.UModeler.Hub.HubFlashService
[2025-11-02 오후 9:34:22] [Debug] [Application] Service Initialize: Tripolygon.UModeler.Editor.UI.UnityEditorApplicationCache
[2025-11-02 오후 9:34:21] [Debug] [Application] service: Tripolygon.UModeler.Hub.VSAttributionService = Tripolygon.UModeler.Hub.VSAttributionService
[2025-11-02 오후 9:34:21] [Debug] [Application] service: Tripolygon.UModeler.Hub.Notifications.UpdateHubNotifier = Tripolygon.UModeler.Hub.Notifications.UpdateHubNotifier
[2025-11-02 오후 9:34:22] [Debug] [Application] Service Initialize: Tripolygon.UModeler.Hub.HubService
[2025-11-02 오후 9:34:21] [Debug] [Application] service: Tripolygon.UModeler.Hub.INoticeService = Tripolygon.UModeler.Hub.Noticies.NoticeService
[2025-11-02 오후 9:34:22] [Debug] [Application] Service Initialize: Tripolygon.UModeler.Editor.UI.UnityEditorApplicationUtilityService
[2025-11-02 오후 9:34:22] [Debug] [Application] Initialize: isReloading=False
[2025-11-02 오후 9:34:22] [Debug] [Application] Service Initialize: Tripolygon.UModeler.Hub.HubFlashService
[2025-11-02 오후 9:34:22] [Debug] [Application] Service Initialize: Tripolygon.UModeler.Hub.HubAuthentication
[2025-11-02 오후 9:34:22] [Debug] [HubAnalytics] PosthogClient.SetAutoFlush: Value Changed: True
[2025-11-02 오후 9:34:22] [Debug] [Application] Service Initialize: Tripolygon.UModeler.Editor.UI.UnityEditorApplicationCache
[2025-11-02 오후 9:34:22] [Debug] [Application] Service Initialize: Tripolygon.UModeler.Hub.HubAnalyticsService
[2025-11-02 오후 9:34:22] [Debug] [Application] Service Initialize: Tripolygon.UModeler.Hub.HubService
[2025-11-02 오후 9:34:22] [Debug] [Application] Service Initialize: Tripolygon.UModeler.Hub.VSAttributionService
[2025-11-02 오후 9:34:22] [Debug] [Application] Service Initialize: Tripolygon.UModeler.Editor.UI.UnityEditorApplicationUtilityService
[2025-11-02 오후 9:34:22] [Debug] [Application] Service Initialize: Tripolygon.UModeler.Hub.Notifications.UpdateHubNotifier
[2025-11-02 오후 9:34:22] [Debug] [Application] Service Initialize: Tripolygon.UModeler.Hub.HubFlashService
[2025-11-02 오후 9:34:22] [Debug] [Application] Service Initialize: Tripolygon.UModeler.Hub.Notifications.UpdateProductNotifier
[2025-11-02 오후 9:34:22] [Debug] [HubAnalytics] PosthogClient.SetAutoFlush: Value Changed: True
[2025-11-02 오후 9:34:22] [Debug] [Application] Service Initialize: Tripolygon.UModeler.Hub.Noticies.NoticeService
[2025-11-02 오후 9:34:22] [Debug] [Application] Service Initialize: Tripolygon.UModeler.Hub.HubAnalyticsService
[2025-11-02 오후 9:34:22] [Debug] [Application] Service Initialize: Tripolygon.UModeler.Hub.Views.SceneViews.HubSceneViewService
[2025-11-02 오후 9:34:22] [Debug] [Application] Service Initialize: Tripolygon.UModeler.Hub.VSAttributionService
[2025-11-02 오후 9:34:22] [Debug] [Application] Service Initialize: Tripolygon.UModeler.Hub.Notifications.UpdateHubNotifier
[2025-11-02 오후 9:34:22] [Debug] [Application] Service Initialize: Tripolygon.UModeler.Hub.Notifications.UpdateProductNotifier
[2025-11-02 오후 9:34:22] [Debug] [Application] Service Initialize: Tripolygon.UModeler.Hub.Noticies.NoticeService
[2025-11-02 오후 9:34:22] [Debug] [Application] Service Initialize: Tripolygon.UModeler.Hub.Views.SceneViews.HubSceneViewService
[2025-11-02 오후 9:36:33] [Debug] [Application] Release: isReloading=True
[2025-11-02 오후 9:36:33] [Debug] [Application] Service Release: Tripolygon.UModeler.Hub.Views.SceneViews.HubSceneViewService
[2025-11-02 오후 9:36:33] [Debug] [Application] Service Release: Tripolygon.UModeler.Hub.Noticies.NoticeService
[2025-11-02 오후 9:36:33] [Debug] [Application] Service Release: Tripolygon.UModeler.Hub.Notifications.UpdateProductNotifier
[2025-11-02 오후 9:36:33] [Debug] [Application] Service Release: Tripolygon.UModeler.Hub.Notifications.UpdateHubNotifier
[2025-11-02 오후 9:36:33] [Debug] [Application] Service Release: Tripolygon.UModeler.Hub.VSAttributionService
[2025-11-02 오후 9:36:33] [Debug] [HubAnalytics] PosthogClient.SetAutoFlush: Value Changed: False
[2025-11-02 오후 9:36:33] [Debug] [Application] Service Release: Tripolygon.UModeler.Hub.HubAnalyticsService
[2025-11-02 오후 9:36:33] [Debug] [Application] Service Release: Tripolygon.UModeler.Hub.HubFlashService
[2025-11-02 오후 9:36:33] [Debug] [Application] Service Release: Tripolygon.UModeler.Editor.UI.UnityEditorApplicationUtilityService
[2025-11-02 오후 9:36:33] [Debug] [Application] Service Release: Tripolygon.UModeler.Hub.HubService
[2025-11-02 오후 9:36:33] [Debug] [Application] Service Release: Tripolygon.UModeler.Editor.UI.UnityEditorApplicationCache
[2025-11-02 오후 9:36:33] [Debug] [Application] Service Release: Tripolygon.UModeler.Hub.HubAuthentication
[2025-11-02 오후 9:36:39] [Debug] [Application] service: Tripolygon.UModeler.Hub.HubAuthentication = Tripolygon.UModeler.Hub.HubAuthentication
[2025-11-02 오후 9:36:39] [Debug] [Application] service: Tripolygon.UModeler.UI.IApplicationCache = Tripolygon.UModeler.Editor.UI.UnityEditorApplicationCache
[2025-11-02 오후 9:36:39] [Debug] ActualHost
[2025-11-02 오후 9:36:39] [Debug] [Application] service: Tripolygon.UModeler.Hub.IHubService = Tripolygon.UModeler.Hub.HubService
[2025-11-02 오후 9:36:39] [Debug] [Application] service: Tripolygon.UModeler.Authentication.IAuthenticationApiProvider = Tripolygon.UModeler.Editor.AuthenticationApiProviderService
[2025-11-02 오후 9:36:39] [Debug] [Application] service: Tripolygon.UModeler.UI.IObjectHierarchyService = Tripolygon.UModeler.Editor.UI.UnityEditorObjectHierarchyService
[2025-11-02 오후 9:36:39] [Debug] [Application] service: Tripolygon.UModeler.UI.IApplicationUtilityService = Tripolygon.UModeler.Editor.UI.UnityEditorApplicationUtilityService
[2025-11-02 오후 9:36:39] [Debug] [Application] service: Tripolygon.UModeler.Editor.UI.ApplicationSettings = Tripolygon.UModeler.Editor.UI.ApplicationSettings
[2025-11-02 오후 9:36:39] [Debug] [Application] service: Tripolygon.UModeler.UI.ITextureProvider = Tripolygon.UModeler.Editor.UI.UnityEditorTextureProvider
[2025-11-02 오후 9:36:39] [Debug] [Application] service: Tripolygon.UModeler.Hub.Resources.IResourcesApiProvider = Tripolygon.UModeler.Hub.ResourcesApiProviderService
[2025-11-02 오후 9:36:39] [Debug] [Application] service: Tripolygon.UModeler.Hub.HubFlashService = Tripolygon.UModeler.Hub.HubFlashService
[2025-11-02 오후 9:36:39] [Debug] [Application] service: Tripolygon.UModeler.Hub.IHubAnalyticsService = Tripolygon.UModeler.Hub.HubAnalyticsService
[2025-11-02 오후 9:36:39] [Debug] [Application] service: Tripolygon.UModeler.Hub.VSAttributionService = Tripolygon.UModeler.Hub.VSAttributionService
[2025-11-02 오후 9:36:39] [Debug] [Application] service: Tripolygon.UModeler.Hub.Notifications.UpdateHubNotifier = Tripolygon.UModeler.Hub.Notifications.UpdateHubNotifier
[2025-11-02 오후 9:36:39] [Debug] [Application] service: Tripolygon.UModeler.Hub.Notifications.UpdateProductNotifier = Tripolygon.UModeler.Hub.Notifications.UpdateProductNotifier
[2025-11-02 오후 9:36:39] [Debug] [Application] service: Tripolygon.UModeler.Hub.INoticeService = Tripolygon.UModeler.Hub.Noticies.NoticeService
[2025-11-02 오후 9:36:39] [Debug] [Application] service: Tripolygon.UModeler.Hub.Views.SceneViews.HubSceneViewService = Tripolygon.UModeler.Hub.Views.SceneViews.HubSceneViewService
[2025-11-02 오후 9:36:40] [Debug] [Application] Initialize: isReloading=True
[2025-11-02 오후 9:36:40] [Debug] [Application] Service Initialize: Tripolygon.UModeler.Hub.HubAuthentication
[2025-11-02 오후 9:36:40] [Debug] [Application] Service Initialize: Tripolygon.UModeler.Editor.UI.UnityEditorApplicationCache
[2025-11-02 오후 9:36:41] [Debug] [Application] Service Initialize: Tripolygon.UModeler.Hub.HubService
[2025-11-02 오후 9:36:41] [Debug] [Application] Service Initialize: Tripolygon.UModeler.Editor.UI.UnityEditorApplicationUtilityService
[2025-11-02 오후 9:36:41] [Debug] [Application] Service Initialize: Tripolygon.UModeler.Hub.HubFlashService
[2025-11-02 오후 9:36:41] [Debug] [HubAnalytics] PosthogClient.SetAutoFlush: Value Changed: True
[2025-11-02 오후 9:36:41] [Debug] [Application] Service Initialize: Tripolygon.UModeler.Hub.HubAnalyticsService
[2025-11-02 오후 9:36:41] [Debug] [Application] Service Initialize: Tripolygon.UModeler.Hub.VSAttributionService
[2025-11-02 오후 9:36:41] [Debug] [Application] Service Initialize: Tripolygon.UModeler.Hub.Notifications.UpdateHubNotifier
[2025-11-02 오후 9:36:41] [Debug] [Application] Service Initialize: Tripolygon.UModeler.Hub.Notifications.UpdateProductNotifier
[2025-11-02 오후 9:36:41] [Debug] [Application] Service Initialize: Tripolygon.UModeler.Hub.Noticies.NoticeService
[2025-11-02 오후 9:36:41] [Debug] [Application] Service Initialize: Tripolygon.UModeler.Hub.Views.SceneViews.HubSceneViewService
[2025-11-02 오후 9:36:41] [Debug] [Application] Release: isReloading=True
[2025-11-02 오후 9:36:41] [Debug] [Application] Release: isReloading=True
[2025-11-02 오후 9:36:41] [Debug] [Application] Service Release: Tripolygon.UModeler.Hub.Views.SceneViews.HubSceneViewService
[2025-11-02 오후 9:36:41] [Debug] [Application] Service Release: Tripolygon.UModeler.Hub.Views.SceneViews.HubSceneViewService
[2025-11-02 오후 9:36:41] [Debug] [Application] Service Release: Tripolygon.UModeler.Hub.Noticies.NoticeService
[2025-11-02 오후 9:36:41] [Debug] [Application] Service Release: Tripolygon.UModeler.Hub.Noticies.NoticeService
[2025-11-02 오후 9:36:41] [Debug] [Application] Service Release: Tripolygon.UModeler.Hub.Notifications.UpdateProductNotifier
[2025-11-02 오후 9:36:41] [Debug] [Application] Service Release: Tripolygon.UModeler.Hub.Notifications.UpdateProductNotifier
[2025-11-02 오후 9:36:41] [Debug] [Application] Service Release: Tripolygon.UModeler.Hub.Notifications.UpdateHubNotifier
[2025-11-02 오후 9:36:41] [Debug] [Application] Service Release: Tripolygon.UModeler.Hub.Notifications.UpdateHubNotifier
[2025-11-02 오후 9:36:41] [Debug] [Application] Service Release: Tripolygon.UModeler.Hub.VSAttributionService
[2025-11-02 오후 9:36:41] [Debug] [Application] Service Release: Tripolygon.UModeler.Hub.VSAttributionService
[2025-11-02 오후 9:36:44] [Debug] [Application] service: Tripolygon.UModeler.Hub.HubAuthentication = Tripolygon.UModeler.Hub.HubAuthentication
[2025-11-02 오후 9:36:44] [Debug] [Application] service: Tripolygon.UModeler.UI.IApplicationCache = Tripolygon.UModeler.Editor.UI.UnityEditorApplicationCache
[2025-11-02 오후 9:36:44] [Debug] [Application] service: Tripolygon.UModeler.Hub.HubAuthentication = Tripolygon.UModeler.Hub.HubAuthentication
[2025-11-02 오후 9:36:44] [Debug] [Application] service: Tripolygon.UModeler.Editor.UI.ApplicationSettings = Tripolygon.UModeler.Editor.UI.ApplicationSettings
[2025-11-02 오후 9:36:44] [Debug] ActualHost
[2025-11-02 오후 9:36:44] [Debug] [Application] service: Tripolygon.UModeler.UI.ITextureProvider = Tripolygon.UModeler.Editor.UI.UnityEditorTextureProvider
[2025-11-02 오후 9:36:44] [Debug] [Application] service: Tripolygon.UModeler.Authentication.IAuthenticationApiProvider = Tripolygon.UModeler.Editor.AuthenticationApiProviderService
[2025-11-02 오후 9:36:44] [Debug] [Application] service: Tripolygon.UModeler.Hub.Resources.IResourcesApiProvider = Tripolygon.UModeler.Hub.ResourcesApiProviderService
[2025-11-02 오후 9:36:44] [Debug] [Application] service: Tripolygon.UModeler.UI.IApplicationUtilityService = Tripolygon.UModeler.Editor.UI.UnityEditorApplicationUtilityService
[2025-11-02 오후 9:36:44] [Debug] [Application] service: Tripolygon.UModeler.Hub.HubFlashService = Tripolygon.UModeler.Hub.HubFlashService
[2025-11-02 오후 9:36:44] [Debug] [Application] service: Tripolygon.UModeler.UI.ITextureProvider = Tripolygon.UModeler.Editor.UI.UnityEditorTextureProvider
[2025-11-02 오후 9:36:44] [Debug] [Application] service: Tripolygon.UModeler.Hub.IHubAnalyticsService = Tripolygon.UModeler.Hub.HubAnalyticsService
[2025-11-02 오후 9:36:44] [Debug] [Application] service: Tripolygon.UModeler.Hub.HubFlashService = Tripolygon.UModeler.Hub.HubFlashService
[2025-11-02 오후 9:36:44] [Debug] [Application] service: Tripolygon.UModeler.Hub.VSAttributionService = Tripolygon.UModeler.Hub.VSAttributionService
[2025-11-02 오후 9:36:44] [Debug] [Application] service: Tripolygon.UModeler.Hub.VSAttributionService = Tripolygon.UModeler.Hub.VSAttributionService
[2025-11-02 오후 9:36:44] [Debug] [Application] service: Tripolygon.UModeler.Hub.Notifications.UpdateHubNotifier = Tripolygon.UModeler.Hub.Notifications.UpdateHubNotifier
[2025-11-02 오후 9:36:44] [Debug] [Application] service: Tripolygon.UModeler.Hub.Notifications.UpdateProductNotifier = Tripolygon.UModeler.Hub.Notifications.UpdateProductNotifier
[2025-11-02 오후 9:36:44] [Debug] [Application] service: Tripolygon.UModeler.Hub.INoticeService = Tripolygon.UModeler.Hub.Noticies.NoticeService
[2025-11-02 오후 9:36:44] [Debug] [Application] service: Tripolygon.UModeler.Hub.Views.SceneViews.HubSceneViewService = Tripolygon.UModeler.Hub.Views.SceneViews.HubSceneViewService
[2025-11-02 오후 9:36:46] [Debug] [Application] Initialize: isReloading=False
[2025-11-02 오후 9:36:46] [Debug] [Application] Service Initialize: Tripolygon.UModeler.Hub.HubAuthentication
[2025-11-02 오후 9:36:46] [Debug] [Application] Service Initialize: Tripolygon.UModeler.Hub.HubAuthentication
[2025-11-02 오후 9:36:46] [Debug] [Application] Service Initialize: Tripolygon.UModeler.Editor.UI.UnityEditorApplicationCache
[2025-11-02 오후 9:36:46] [Debug] [Application] Service Initialize: Tripolygon.UModeler.Editor.UI.UnityEditorApplicationCache
[2025-11-02 오후 9:36:46] [Debug] [Application] Service Initialize: Tripolygon.UModeler.Hub.HubService
[2025-11-02 오후 9:36:46] [Debug] [Application] Service Initialize: Tripolygon.UModeler.Hub.HubService
[2025-11-02 오후 9:36:46] [Debug] [Application] Service Initialize: Tripolygon.UModeler.Editor.UI.UnityEditorApplicationUtilityService
[2025-11-02 오후 9:36:46] [Debug] [Application] Service Initialize: Tripolygon.UModeler.Editor.UI.UnityEditorApplicationUtilityService
[2025-11-02 오후 9:36:46] [Debug] [Application] Service Initialize: Tripolygon.UModeler.Hub.HubFlashService
[2025-11-02 오후 9:36:46] [Debug] [Application] Service Initialize: Tripolygon.UModeler.Hub.HubFlashService
[2025-11-02 오후 9:36:46] [Debug] [HubAnalytics] PosthogClient.SetAutoFlush: Value Changed: True
[2025-11-02 오후 9:36:46] [Debug] [HubAnalytics] PosthogClient.SetAutoFlush: Value Changed: True
[2025-11-02 오후 9:36:46] [Debug] [Application] Service Initialize: Tripolygon.UModeler.Hub.HubAnalyticsService
[2025-11-02 오후 9:36:46] [Debug] [Application] Service Initialize: Tripolygon.UModeler.Hub.HubAnalyticsService
[2025-11-02 오후 9:36:46] [Debug] [Application] Service Initialize: Tripolygon.UModeler.Hub.VSAttributionService
[2025-11-02 오후 9:36:46] [Debug] [Application] Service Initialize: Tripolygon.UModeler.Hub.VSAttributionService
[2025-11-02 오후 9:36:46] [Debug] [Application] Service Initialize: Tripolygon.UModeler.Hub.Notifications.UpdateHubNotifier
[2025-11-02 오후 9:36:46] [Debug] [Application] Service Initialize: Tripolygon.UModeler.Hub.Notifications.UpdateHubNotifier
[2025-11-02 오후 9:36:46] [Debug] [Application] Service Initialize: Tripolygon.UModeler.Hub.Notifications.UpdateProductNotifier
[2025-11-02 오후 9:36:46] [Debug] [Application] Service Initialize: Tripolygon.UModeler.Hub.Notifications.UpdateProductNotifier
[2025-11-02 오후 9:36:46] [Debug] [Application] Service Initialize: Tripolygon.UModeler.Hub.Noticies.NoticeService
[2025-11-02 오후 9:36:46] [Debug] [Application] Service Initialize: Tripolygon.UModeler.Hub.Noticies.NoticeService
[2025-11-02 오후 9:36:46] [Debug] [Application] Service Initialize: Tripolygon.UModeler.Hub.Views.SceneViews.HubSceneViewService
[2025-11-02 오후 9:36:46] [Debug] [Application] Service Initialize: Tripolygon.UModeler.Hub.Views.SceneViews.HubSceneViewService
[2025-11-02 오후 9:38:23] [Debug] [Application] Release: isReloading=True
[2025-11-02 오후 9:38:23] [Debug] [Application] Service Release: Tripolygon.UModeler.Hub.Views.SceneViews.HubSceneViewService
[2025-11-02 오후 9:38:23] [Debug] [Application] Service Release: Tripolygon.UModeler.Hub.Noticies.NoticeService
[2025-11-02 오후 9:38:23] [Debug] [Application] Service Release: Tripolygon.UModeler.Hub.Notifications.UpdateProductNotifier
[2025-11-02 오후 9:38:23] [Debug] [Application] Service Release: Tripolygon.UModeler.Hub.Notifications.UpdateHubNotifier
[2025-11-02 오후 9:38:23] [Debug] [Application] Service Release: Tripolygon.UModeler.Hub.VSAttributionService
[2025-11-02 오후 9:38:23] [Debug] [HubAnalytics] PosthogClient.SetAutoFlush: Value Changed: False
[2025-11-02 오후 9:38:23] [Debug] [Application] Service Release: Tripolygon.UModeler.Hub.HubAnalyticsService
[2025-11-02 오후 9:38:23] [Debug] [Application] Service Release: Tripolygon.UModeler.Hub.HubFlashService
[2025-11-02 오후 9:38:24] [Debug] [Application] Service Release: Tripolygon.UModeler.Editor.UI.UnityEditorApplicationUtilityService
[2025-11-02 오후 9:38:24] [Debug] [Application] Service Release: Tripolygon.UModeler.Hub.HubService
[2025-11-02 오후 9:38:24] [Debug] [Application] Service Release: Tripolygon.UModeler.Editor.UI.UnityEditorApplicationCache
[2025-11-02 오후 9:38:24] [Debug] [Application] Service Release: Tripolygon.UModeler.Hub.HubAuthentication
[2025-11-02 오후 9:38:30] [Debug] [Application] service: Tripolygon.UModeler.Hub.HubAuthentication = Tripolygon.UModeler.Hub.HubAuthentication
[2025-11-02 오후 9:38:30] [Debug] [Application] service: Tripolygon.UModeler.UI.IApplicationCache = Tripolygon.UModeler.Editor.UI.UnityEditorApplicationCache
[2025-11-02 오후 9:38:30] [Debug] ActualHost
[2025-11-02 오후 9:38:30] [Debug] [Application] service: Tripolygon.UModeler.Hub.IHubService = Tripolygon.UModeler.Hub.HubService
[2025-11-02 오후 9:38:30] [Debug] [Application] service: Tripolygon.UModeler.Authentication.IAuthenticationApiProvider = Tripolygon.UModeler.Editor.AuthenticationApiProviderService
[2025-11-02 오후 9:38:30] [Debug] [Application] service: Tripolygon.UModeler.UI.IObjectHierarchyService = Tripolygon.UModeler.Editor.UI.UnityEditorObjectHierarchyService
[2025-11-02 오후 9:38:30] [Debug] [Application] service: Tripolygon.UModeler.UI.IApplicationUtilityService = Tripolygon.UModeler.Editor.UI.UnityEditorApplicationUtilityService
[2025-11-02 오후 9:38:30] [Debug] [Application] service: Tripolygon.UModeler.Editor.UI.ApplicationSettings = Tripolygon.UModeler.Editor.UI.ApplicationSettings
[2025-11-02 오후 9:38:30] [Debug] [Application] service: Tripolygon.UModeler.UI.ITextureProvider = Tripolygon.UModeler.Editor.UI.UnityEditorTextureProvider
[2025-11-02 오후 9:38:30] [Debug] [Application] service: Tripolygon.UModeler.Hub.Resources.IResourcesApiProvider = Tripolygon.UModeler.Hub.ResourcesApiProviderService
[2025-11-02 오후 9:38:30] [Debug] [Application] service: Tripolygon.UModeler.Hub.HubFlashService = Tripolygon.UModeler.Hub.HubFlashService
[2025-11-02 오후 9:38:30] [Debug] [Application] service: Tripolygon.UModeler.Hub.IHubAnalyticsService = Tripolygon.UModeler.Hub.HubAnalyticsService
[2025-11-02 오후 9:38:30] [Debug] [Application] service: Tripolygon.UModeler.Hub.VSAttributionService = Tripolygon.UModeler.Hub.VSAttributionService
[2025-11-02 오후 9:38:30] [Debug] [Application] service: Tripolygon.UModeler.Hub.Notifications.UpdateHubNotifier = Tripolygon.UModeler.Hub.Notifications.UpdateHubNotifier
[2025-11-02 오후 9:38:30] [Debug] [Application] service: Tripolygon.UModeler.Hub.Notifications.UpdateProductNotifier = Tripolygon.UModeler.Hub.Notifications.UpdateProductNotifier
[2025-11-02 오후 9:38:30] [Debug] [Application] service: Tripolygon.UModeler.Hub.INoticeService = Tripolygon.UModeler.Hub.Noticies.NoticeService
[2025-11-02 오후 9:38:30] [Debug] [Application] service: Tripolygon.UModeler.Hub.Views.SceneViews.HubSceneViewService = Tripolygon.UModeler.Hub.Views.SceneViews.HubSceneViewService
[2025-11-02 오후 9:38:32] [Debug] [Application] Initialize: isReloading=True
[2025-11-02 오후 9:38:32] [Debug] [Application] Service Initialize: Tripolygon.UModeler.Hub.HubAuthentication
[2025-11-02 오후 9:38:32] [Debug] [Application] Service Initialize: Tripolygon.UModeler.Editor.UI.UnityEditorApplicationCache
[2025-11-02 오후 9:38:32] [Debug] [Application] Service Initialize: Tripolygon.UModeler.Hub.HubService
[2025-11-02 오후 9:38:32] [Debug] [Application] Service Initialize: Tripolygon.UModeler.Editor.UI.UnityEditorApplicationUtilityService
[2025-11-02 오후 9:38:32] [Debug] [Application] Service Initialize: Tripolygon.UModeler.Hub.HubFlashService
[2025-11-02 오후 9:38:32] [Debug] [HubAnalytics] PosthogClient.SetAutoFlush: Value Changed: True
[2025-11-02 오후 9:38:32] [Debug] [Application] Service Initialize: Tripolygon.UModeler.Hub.HubAnalyticsService
[2025-11-02 오후 9:38:32] [Debug] [Application] Service Initialize: Tripolygon.UModeler.Hub.VSAttributionService
[2025-11-02 오후 9:38:32] [Debug] [Application] Service Initialize: Tripolygon.UModeler.Hub.Notifications.UpdateHubNotifier
[2025-11-02 오후 9:38:32] [Debug] [Application] Service Initialize: Tripolygon.UModeler.Hub.Notifications.UpdateProductNotifier
[2025-11-02 오후 9:38:32] [Debug] [Application] Service Initialize: Tripolygon.UModeler.Hub.Noticies.NoticeService
[2025-11-02 오후 9:38:32] [Debug] [Application] Service Initialize: Tripolygon.UModeler.Hub.Views.SceneViews.HubSceneViewService
[2025-11-02 오후 9:38:33] [Debug] [Application] Release: isReloading=True
[2025-11-02 오후 9:38:33] [Debug] [Application] Release: isReloading=True
[2025-11-02 오후 9:38:33] [Debug] [Application] Service Release: Tripolygon.UModeler.Hub.Views.SceneViews.HubSceneViewService
[2025-11-02 오후 9:38:33] [Debug] [Application] Service Release: Tripolygon.UModeler.Hub.Views.SceneViews.HubSceneViewService
[2025-11-02 오후 9:38:33] [Debug] [Application] Service Release: Tripolygon.UModeler.Hub.Noticies.NoticeService
[2025-11-02 오후 9:38:33] [Debug] [Application] Service Release: Tripolygon.UModeler.Hub.Noticies.NoticeService
[2025-11-02 오후 9:38:33] [Debug] [Application] Service Release: Tripolygon.UModeler.Hub.Notifications.UpdateProductNotifier
[2025-11-02 오후 9:38:33] [Debug] [Application] Service Release: Tripolygon.UModeler.Hub.Notifications.UpdateProductNotifier
[2025-11-02 오후 9:38:33] [Debug] [Application] Service Release: Tripolygon.UModeler.Hub.Notifications.UpdateHubNotifier
[2025-11-02 오후 9:38:33] [Debug] [Application] Service Release: Tripolygon.UModeler.Hub.Notifications.UpdateHubNotifier
[2025-11-02 오후 9:38:33] [Debug] [Application] Service Release: Tripolygon.UModeler.Hub.VSAttributionService
[2025-11-02 오후 9:38:33] [Debug] [Application] Service Release: Tripolygon.UModeler.Hub.VSAttributionService
[2025-11-02 오후 9:38:36] [Debug] [Application] service: Tripolygon.UModeler.Hub.HubAuthentication = Tripolygon.UModeler.Hub.HubAuthentication
[2025-11-02 오후 9:38:36] [Debug] [Application] service: Tripolygon.UModeler.UI.IApplicationCache = Tripolygon.UModeler.Editor.UI.UnityEditorApplicationCache
[2025-11-02 오후 9:38:36] [Debug] ActualHost
[2025-11-02 오후 9:38:36] [Debug] [Application] service: Tripolygon.UModeler.Hub.HubAuthentication = Tripolygon.UModeler.Hub.HubAuthentication
[2025-11-02 오후 9:38:36] [Debug] [Application] service: Tripolygon.UModeler.UI.ITextureProvider = Tripolygon.UModeler.Editor.UI.UnityEditorTextureProvider
[2025-11-02 오후 9:38:36] [Debug] [Application] service: Tripolygon.UModeler.UI.IApplicationCache = Tripolygon.UModeler.Editor.UI.UnityEditorApplicationCache
[2025-11-02 오후 9:38:36] [Debug] [Application] service: Tripolygon.UModeler.Hub.Resources.IResourcesApiProvider = Tripolygon.UModeler.Hub.ResourcesApiProviderService
[2025-11-02 오후 9:38:36] [Debug] [Application] service: Tripolygon.UModeler.Hub.IHubService = Tripolygon.UModeler.Hub.HubService
[2025-11-02 오후 9:38:36] [Debug] [Application] service: Tripolygon.UModeler.Hub.IHubAnalyticsService = Tripolygon.UModeler.Hub.HubAnalyticsService
[2025-11-02 오후 9:38:36] [Debug] [Application] service: Tripolygon.UModeler.UI.IObjectHierarchyService = Tripolygon.UModeler.Editor.UI.UnityEditorObjectHierarchyService
[2025-11-02 오후 9:38:36] [Debug] [Application] service: Tripolygon.UModeler.Hub.Notifications.UpdateHubNotifier = Tripolygon.UModeler.Hub.Notifications.UpdateHubNotifier
[2025-11-02 오후 9:38:36] [Debug] [Application] service: Tripolygon.UModeler.Editor.UI.ApplicationSettings = Tripolygon.UModeler.Editor.UI.ApplicationSettings
[2025-11-02 오후 9:38:36] [Debug] [Application] service: Tripolygon.UModeler.Hub.INoticeService = Tripolygon.UModeler.Hub.Noticies.NoticeService
[2025-11-02 오후 9:38:36] [Debug] [Application] service: Tripolygon.UModeler.Hub.Resources.IResourcesApiProvider = Tripolygon.UModeler.Hub.ResourcesApiProviderService
[2025-11-02 오후 9:38:37] [Debug] [Application] Initialize: isReloading=True
[2025-11-02 오후 9:38:36] [Debug] [Application] service: Tripolygon.UModeler.Hub.HubFlashService = Tripolygon.UModeler.Hub.HubFlashService
[2025-11-02 오후 9:38:37] [Debug] [Application] Service Initialize: Tripolygon.UModeler.Hub.HubAuthentication
[2025-11-02 오후 9:38:36] [Debug] [Application] service: Tripolygon.UModeler.Hub.VSAttributionService = Tripolygon.UModeler.Hub.VSAttributionService
[2025-11-02 오후 9:38:37] [Debug] [Application] Service Initialize: Tripolygon.UModeler.Editor.UI.UnityEditorApplicationCache
[2025-11-02 오후 9:38:36] [Debug] [Application] service: Tripolygon.UModeler.Hub.Notifications.UpdateProductNotifier = Tripolygon.UModeler.Hub.Notifications.UpdateProductNotifier
[2025-11-02 오후 9:38:36] [Debug] [Application] service: Tripolygon.UModeler.Hub.INoticeService = Tripolygon.UModeler.Hub.Noticies.NoticeService
[2025-11-02 오후 9:38:37] [Debug] [Application] Service Initialize: Tripolygon.UModeler.Hub.HubService
[2025-11-02 오후 9:38:37] [Debug] [Application] Initialize: isReloading=False
[2025-11-02 오후 9:38:37] [Debug] [Application] Service Initialize: Tripolygon.UModeler.Editor.UI.UnityEditorApplicationUtilityService
[2025-11-02 오후 9:38:37] [Debug] [Application] Service Initialize: Tripolygon.UModeler.Hub.HubAuthentication
[2025-11-02 오후 9:38:37] [Debug] [Application] Service Initialize: Tripolygon.UModeler.Hub.HubFlashService
[2025-11-02 오후 9:38:37] [Debug] [Application] Service Initialize: Tripolygon.UModeler.Editor.UI.UnityEditorApplicationCache
[2025-11-02 오후 9:38:37] [Debug] [HubAnalytics] PosthogClient.SetAutoFlush: Value Changed: True
[2025-11-02 오후 9:38:37] [Debug] [Application] Service Initialize: Tripolygon.UModeler.Hub.HubService
[2025-11-02 오후 9:38:37] [Debug] [Application] Service Initialize: Tripolygon.UModeler.Editor.UI.UnityEditorApplicationUtilityService
[2025-11-02 오후 9:38:37] [Debug] [Application] Service Initialize: Tripolygon.UModeler.Hub.HubAnalyticsService
[2025-11-02 오후 9:38:37] [Debug] [Application] Service Initialize: Tripolygon.UModeler.Hub.HubFlashService
[2025-11-02 오후 9:38:37] [Debug] [Application] Service Initialize: Tripolygon.UModeler.Hub.VSAttributionService
[2025-11-02 오후 9:38:37] [Debug] [HubAnalytics] PosthogClient.SetAutoFlush: Value Changed: True
[2025-11-02 오후 9:38:37] [Debug] [Application] Service Initialize: Tripolygon.UModeler.Hub.Notifications.UpdateHubNotifier
[2025-11-02 오후 9:38:37] [Debug] [Application] Service Initialize: Tripolygon.UModeler.Hub.HubAnalyticsService
[2025-11-02 오후 9:38:37] [Debug] [Application] Service Initialize: Tripolygon.UModeler.Hub.Notifications.UpdateProductNotifier
[2025-11-02 오후 9:38:37] [Debug] [Application] Service Initialize: Tripolygon.UModeler.Hub.Notifications.UpdateHubNotifier
[2025-11-02 오후 9:38:37] [Debug] [Application] Service Initialize: Tripolygon.UModeler.Hub.Noticies.NoticeService
[2025-11-02 오후 9:38:37] [Debug] [Application] Service Initialize: Tripolygon.UModeler.Hub.Notifications.UpdateProductNotifier
[2025-11-02 오후 9:38:37] [Debug] [Application] Service Initialize: Tripolygon.UModeler.Hub.Views.SceneViews.HubSceneViewService
[2025-11-02 오후 9:38:37] [Debug] [Application] Service Initialize: Tripolygon.UModeler.Hub.Noticies.NoticeService
[2025-11-02 오후 9:38:37] [Debug] [Application] Service Initialize: Tripolygon.UModeler.Hub.Views.SceneViews.HubSceneViewService
[2025-11-02 오후 9:39:31] [Debug] [Application] Release: isReloading=True
[2025-11-02 오후 9:39:31] [Debug] [Application] Service Release: Tripolygon.UModeler.Hub.Views.SceneViews.HubSceneViewService
[2025-11-02 오후 9:39:31] [Debug] [Application] Service Release: Tripolygon.UModeler.Hub.Noticies.NoticeService
[2025-11-02 오후 9:39:31] [Debug] [Application] Service Release: Tripolygon.UModeler.Hub.Notifications.UpdateProductNotifier
[2025-11-02 오후 9:39:31] [Debug] [Application] Service Release: Tripolygon.UModeler.Hub.Notifications.UpdateHubNotifier
[2025-11-02 오후 9:39:31] [Debug] [Application] Service Release: Tripolygon.UModeler.Hub.VSAttributionService
[2025-11-02 오후 9:39:31] [Debug] [HubAnalytics] PosthogClient.SetAutoFlush: Value Changed: False
[2025-11-02 오후 9:39:31] [Debug] [Application] Service Release: Tripolygon.UModeler.Hub.HubAnalyticsService
[2025-11-02 오후 9:39:31] [Debug] [Application] Service Release: Tripolygon.UModeler.Hub.HubFlashService
[2025-11-02 오후 9:39:31] [Debug] [Application] Service Release: Tripolygon.UModeler.Editor.UI.UnityEditorApplicationUtilityService
[2025-11-02 오후 9:39:31] [Debug] [Application] Service Release: Tripolygon.UModeler.Hub.HubService
[2025-11-02 오후 9:39:31] [Debug] [Application] Service Release: Tripolygon.UModeler.Editor.UI.UnityEditorApplicationCache
[2025-11-02 오후 9:39:31] [Debug] [Application] Service Release: Tripolygon.UModeler.Hub.HubAuthentication
[2025-11-02 오후 9:39:38] [Debug] [Application] service: Tripolygon.UModeler.Hub.HubAuthentication = Tripolygon.UModeler.Hub.HubAuthentication
[2025-11-02 오후 9:39:38] [Debug] [Application] service: Tripolygon.UModeler.UI.IApplicationCache = Tripolygon.UModeler.Editor.UI.UnityEditorApplicationCache
[2025-11-02 오후 9:39:38] [Debug] ActualHost
[2025-11-02 오후 9:39:38] [Debug] [Application] service: Tripolygon.UModeler.Hub.IHubService = Tripolygon.UModeler.Hub.HubService
[2025-11-02 오후 9:39:38] [Debug] [Application] service: Tripolygon.UModeler.Authentication.IAuthenticationApiProvider = Tripolygon.UModeler.Editor.AuthenticationApiProviderService
[2025-11-02 오후 9:39:38] [Debug] [Application] service: Tripolygon.UModeler.UI.IObjectHierarchyService = Tripolygon.UModeler.Editor.UI.UnityEditorObjectHierarchyService
[2025-11-02 오후 9:39:38] [Debug] [Application] service: Tripolygon.UModeler.UI.IApplicationUtilityService = Tripolygon.UModeler.Editor.UI.UnityEditorApplicationUtilityService
[2025-11-02 오후 9:39:38] [Debug] [Application] service: Tripolygon.UModeler.Editor.UI.ApplicationSettings = Tripolygon.UModeler.Editor.UI.ApplicationSettings
[2025-11-02 오후 9:39:38] [Debug] [Application] service: Tripolygon.UModeler.UI.ITextureProvider = Tripolygon.UModeler.Editor.UI.UnityEditorTextureProvider
[2025-11-02 오후 9:39:38] [Debug] [Application] service: Tripolygon.UModeler.Hub.Resources.IResourcesApiProvider = Tripolygon.UModeler.Hub.ResourcesApiProviderService
[2025-11-02 오후 9:39:38] [Debug] [Application] service: Tripolygon.UModeler.Hub.HubFlashService = Tripolygon.UModeler.Hub.HubFlashService
[2025-11-02 오후 9:39:38] [Debug] [Application] service: Tripolygon.UModeler.Hub.IHubAnalyticsService = Tripolygon.UModeler.Hub.HubAnalyticsService
[2025-11-02 오후 9:39:38] [Debug] [Application] service: Tripolygon.UModeler.Hub.VSAttributionService = Tripolygon.UModeler.Hub.VSAttributionService
[2025-11-02 오후 9:39:38] [Debug] [Application] service: Tripolygon.UModeler.Hub.Notifications.UpdateHubNotifier = Tripolygon.UModeler.Hub.Notifications.UpdateHubNotifier
[2025-11-02 오후 9:39:38] [Debug] [Application] service: Tripolygon.UModeler.Hub.Notifications.UpdateProductNotifier = Tripolygon.UModeler.Hub.Notifications.UpdateProductNotifier
[2025-11-02 오후 9:39:38] [Debug] [Application] service: Tripolygon.UModeler.Hub.INoticeService = Tripolygon.UModeler.Hub.Noticies.NoticeService
[2025-11-02 오후 9:39:38] [Debug] [Application] service: Tripolygon.UModeler.Hub.Views.SceneViews.HubSceneViewService = Tripolygon.UModeler.Hub.Views.SceneViews.HubSceneViewService
[2025-11-02 오후 9:39:39] [Debug] [Application] Initialize: isReloading=True
[2025-11-02 오후 9:39:39] [Debug] [Application] Service Initialize: Tripolygon.UModeler.Hub.HubAuthentication
[2025-11-02 오후 9:39:39] [Debug] [Application] Service Initialize: Tripolygon.UModeler.Editor.UI.UnityEditorApplicationCache
[2025-11-02 오후 9:39:39] [Debug] [Application] Service Initialize: Tripolygon.UModeler.Hub.HubService
[2025-11-02 오후 9:39:39] [Debug] [Application] Service Initialize: Tripolygon.UModeler.Editor.UI.UnityEditorApplicationUtilityService
[2025-11-02 오후 9:39:39] [Debug] [Application] Service Initialize: Tripolygon.UModeler.Hub.HubFlashService
[2025-11-02 오후 9:39:39] [Debug] [HubAnalytics] PosthogClient.SetAutoFlush: Value Changed: True
[2025-11-02 오후 9:39:40] [Debug] [Application] Service Initialize: Tripolygon.UModeler.Hub.HubAnalyticsService
[2025-11-02 오후 9:39:40] [Debug] [Application] Service Initialize: Tripolygon.UModeler.Hub.VSAttributionService
[2025-11-02 오후 9:39:40] [Debug] [Application] Service Initialize: Tripolygon.UModeler.Hub.Notifications.UpdateHubNotifier
[2025-11-02 오후 9:39:40] [Debug] [Application] Service Initialize: Tripolygon.UModeler.Hub.Notifications.UpdateProductNotifier
[2025-11-02 오후 9:39:40] [Debug] [Application] Service Initialize: Tripolygon.UModeler.Hub.Noticies.NoticeService
[2025-11-02 오후 9:39:40] [Debug] [Application] Service Initialize: Tripolygon.UModeler.Hub.Views.SceneViews.HubSceneViewService
[2025-11-02 오후 9:39:40] [Debug] [Application] Release: isReloading=True
[2025-11-02 오후 9:39:40] [Debug] [Application] Release: isReloading=True
[2025-11-02 오후 9:39:40] [Debug] [Application] Service Release: Tripolygon.UModeler.Hub.Views.SceneViews.HubSceneViewService
[2025-11-02 오후 9:39:40] [Debug] [Application] Service Release: Tripolygon.UModeler.Hub.Views.SceneViews.HubSceneViewService
[2025-11-02 오후 9:39:40] [Debug] [Application] Service Release: Tripolygon.UModeler.Hub.Noticies.NoticeService
[2025-11-02 오후 9:39:40] [Debug] [Application] Service Release: Tripolygon.UModeler.Hub.Noticies.NoticeService
[2025-11-02 오후 9:39:40] [Debug] [Application] Service Release: Tripolygon.UModeler.Hub.Notifications.UpdateProductNotifier
[2025-11-02 오후 9:39:40] [Debug] [Application] Service Release: Tripolygon.UModeler.Hub.Notifications.UpdateProductNotifier
[2025-11-02 오후 9:39:40] [Debug] [Application] Service Release: Tripolygon.UModeler.Hub.Notifications.UpdateHubNotifier
[2025-11-02 오후 9:39:40] [Debug] [Application] Service Release: Tripolygon.UModeler.Hub.Notifications.UpdateHubNotifier
[2025-11-02 오후 9:39:40] [Debug] [Application] Service Release: Tripolygon.UModeler.Hub.VSAttributionService
[2025-11-02 오후 9:39:40] [Debug] [Application] Service Release: Tripolygon.UModeler.Hub.VSAttributionService
[2025-11-02 오후 9:39:43] [Debug] [Application] service: Tripolygon.UModeler.Hub.HubAuthentication = Tripolygon.UModeler.Hub.HubAuthentication
[2025-11-02 오후 9:39:43] [Debug] [Application] service: Tripolygon.UModeler.UI.IApplicationCache = Tripolygon.UModeler.Editor.UI.UnityEditorApplicationCache
[2025-11-02 오후 9:39:43] [Debug] [Application] service: Tripolygon.UModeler.Editor.UI.ApplicationSettings = Tripolygon.UModeler.Editor.UI.ApplicationSettings
[2025-11-02 오후 9:39:43] [Debug] ActualHost
[2025-11-02 오후 9:39:43] [Debug] [Application] service: Tripolygon.UModeler.UI.ITextureProvider = Tripolygon.UModeler.Editor.UI.UnityEditorTextureProvider
[2025-11-02 오후 9:39:43] [Debug] [Application] service: Tripolygon.UModeler.Hub.IHubService = Tripolygon.UModeler.Hub.HubService
[2025-11-02 오후 9:39:43] [Debug] [Application] service: Tripolygon.UModeler.Hub.Resources.IResourcesApiProvider = Tripolygon.UModeler.Hub.ResourcesApiProviderService
[2025-11-02 오후 9:39:43] [Debug] [Application] service: Tripolygon.UModeler.Authentication.IAuthenticationApiProvider = Tripolygon.UModeler.Editor.AuthenticationApiProviderService
[2025-11-02 오후 9:39:43] [Debug] [Application] service: Tripolygon.UModeler.Hub.IHubAnalyticsService = Tripolygon.UModeler.Hub.HubAnalyticsService
[2025-11-02 오후 9:39:43] [Debug] [Application] service: Tripolygon.UModeler.UI.IApplicationUtilityService = Tripolygon.UModeler.Editor.UI.UnityEditorApplicationUtilityService
[2025-11-02 오후 9:39:43] [Debug] [Application] service: Tripolygon.UModeler.Hub.Notifications.UpdateHubNotifier = Tripolygon.UModeler.Hub.Notifications.UpdateHubNotifier
[2025-11-02 오후 9:39:43] [Debug] [Application] service: Tripolygon.UModeler.UI.ITextureProvider = Tripolygon.UModeler.Editor.UI.UnityEditorTextureProvider
[2025-11-02 오후 9:39:43] [Debug] [Application] service: Tripolygon.UModeler.Hub.INoticeService = Tripolygon.UModeler.Hub.Noticies.NoticeService
[2025-11-02 오후 9:39:43] [Debug] [Application] service: Tripolygon.UModeler.Hub.Views.SceneViews.HubSceneViewService = Tripolygon.UModeler.Hub.Views.SceneViews.HubSceneViewService
[2025-11-02 오후 9:39:43] [Debug] [Application] service: Tripolygon.UModeler.Hub.IHubAnalyticsService = Tripolygon.UModeler.Hub.HubAnalyticsService
[2025-11-02 오후 9:39:45] [Debug] [Application] Service Initialize: Tripolygon.UModeler.Hub.HubAuthentication
[2025-11-02 오후 9:39:43] [Debug] [Application] service: Tripolygon.UModeler.Hub.Notifications.UpdateHubNotifier = Tripolygon.UModeler.Hub.Notifications.UpdateHubNotifier
[2025-11-02 오후 9:39:45] [Debug] [Application] Service Initialize: Tripolygon.UModeler.Editor.UI.UnityEditorApplicationCache
[2025-11-02 오후 9:39:43] [Debug] [Application] service: Tripolygon.UModeler.Hub.INoticeService = Tripolygon.UModeler.Hub.Noticies.NoticeService
[2025-11-02 오후 9:39:43] [Debug] [Application] service: Tripolygon.UModeler.Hub.Views.SceneViews.HubSceneViewService = Tripolygon.UModeler.Hub.Views.SceneViews.HubSceneViewService
[2025-11-02 오후 9:39:45] [Debug] [Application] Service Initialize: Tripolygon.UModeler.Hub.HubService
[2025-11-02 오후 9:39:45] [Debug] [Application] Service Initialize: Tripolygon.UModeler.Hub.HubAuthentication
[2025-11-02 오후 9:39:45] [Debug] [Application] Service Initialize: Tripolygon.UModeler.Editor.UI.UnityEditorApplicationUtilityService
[2025-11-02 오후 9:39:45] [Debug] [Application] Service Initialize: Tripolygon.UModeler.Editor.UI.UnityEditorApplicationCache
[2025-11-02 오후 9:39:45] [Debug] [Application] Service Initialize: Tripolygon.UModeler.Hub.HubFlashService
[2025-11-02 오후 9:39:45] [Debug] [Application] Service Initialize: Tripolygon.UModeler.Hub.HubService
[2025-11-02 오후 9:39:45] [Debug] [HubAnalytics] PosthogClient.SetAutoFlush: Value Changed: True
[2025-11-02 오후 9:39:45] [Debug] [Application] Service Initialize: Tripolygon.UModeler.Editor.UI.UnityEditorApplicationUtilityService
[2025-11-02 오후 9:39:45] [Debug] [Application] Service Initialize: Tripolygon.UModeler.Hub.HubFlashService
[2025-11-02 오후 9:39:45] [Debug] [Application] Service Initialize: Tripolygon.UModeler.Hub.HubAnalyticsService
[2025-11-02 오후 9:39:45] [Debug] [HubAnalytics] PosthogClient.SetAutoFlush: Value Changed: True
[2025-11-02 오후 9:39:45] [Debug] [Application] Service Initialize: Tripolygon.UModeler.Hub.VSAttributionService
[2025-11-02 오후 9:39:45] [Debug] [Application] Service Initialize: Tripolygon.UModeler.Hub.Notifications.UpdateHubNotifier
[2025-11-02 오후 9:39:45] [Debug] [Application] Service Initialize: Tripolygon.UModeler.Hub.HubAnalyticsService
[2025-11-02 오후 9:39:45] [Debug] [Application] Service Initialize: Tripolygon.UModeler.Hub.Notifications.UpdateProductNotifier
[2025-11-02 오후 9:39:45] [Debug] [Application] Service Initialize: Tripolygon.UModeler.Hub.VSAttributionService
[2025-11-02 오후 9:39:45] [Debug] [Application] Service Initialize: Tripolygon.UModeler.Hub.Noticies.NoticeService
[2025-11-02 오후 9:39:45] [Debug] [Application] Service Initialize: Tripolygon.UModeler.Hub.Notifications.UpdateHubNotifier
[2025-11-02 오후 9:39:45] [Debug] [Application] Service Initialize: Tripolygon.UModeler.Hub.Views.SceneViews.HubSceneViewService
[2025-11-02 오후 9:39:45] [Debug] [Application] Service Initialize: Tripolygon.UModeler.Hub.Notifications.UpdateProductNotifier
[2025-11-02 오후 9:39:45] [Debug] [Application] Service Initialize: Tripolygon.UModeler.Hub.Noticies.NoticeService
[2025-11-02 오후 9:39:45] [Debug] [Application] Service Initialize: Tripolygon.UModeler.Hub.Views.SceneViews.HubSceneViewService
[2025-11-02 오후 9:41:00] [Debug] [Application] Release: isReloading=False
[2025-11-02 오후 9:41:00] [Debug] [Application] Service Release: Tripolygon.UModeler.Hub.Views.SceneViews.HubSceneViewService
[2025-11-02 오후 9:41:00] [Debug] [Application] Service Release: Tripolygon.UModeler.Hub.Noticies.NoticeService
[2025-11-02 오후 9:41:00] [Debug] [Application] Service Release: Tripolygon.UModeler.Hub.Notifications.UpdateProductNotifier
[2025-11-02 오후 9:41:00] [Debug] [Application] Service Release: Tripolygon.UModeler.Hub.Notifications.UpdateHubNotifier
[2025-11-02 오후 9:41:00] [Debug] [Application] Service Release: Tripolygon.UModeler.Hub.VSAttributionService
[2025-11-02 오후 9:41:00] [Debug] [HubAnalytics] OnAppEnd
[2025-11-02 오후 9:41:00] [Debug] [HubAnalytics] PosthogClient.SetAutoFlush: Value Changed: False
[2025-11-02 오후 9:41:00] [Debug] [HubAnalytics] PosthogClient.BatchAsync: Sending Queue Items={"api_key":"phc_DQ6tsN03HRXTr9hNBfi3DierOY5Y0SisUxgxjuAmZG5","batch":[{"event":"app end","properties":{"$set":{"sdk_region_id":"ko-KR","sdk_region_name":"South Korea","sdk_language":"Korean","sdk_os_architecture":"X64","sdk_time_zone":"Korea Standard Time","product_version":"1.1.6"},"$os":"WINDOWS","$os_name":"WINDOWS","$session_id":"11c4110a-e311-4df1-aa87-5b6bd9d12e0e_97d2b33f-c0b8-4748-bdcd-3fa65d992456","distinct_id":"b436f785064ea140538673dd9b84f3f59c821871","product_name":"UModeler Hub","product_version":"1.1.6","platform_name":"Unity","platform_version":"6000.0.29f1","screen_width":1920,"screen_height":1080,"viewport_width":734,"viewport_height":473,"unity_systeminfo_language":"Korean","unity_systeminfo_os":"Windows 10  (10.0.19045) 64bit","unity_systeminfo_graphicsDeviceType":"Direct3D11","unity_systeminfo_graphicsDeviceVendor":"NVIDIA","unity_systeminfo_graphicsDeviceName":"NVIDIA GeForce RTX 2060","unity_systeminfo_deviceType":"Desktop","unity_systeminfo_processorType":"Intel(R) Core(TM) i7-9700F CPU @ 3.00GHz"},"timestamp":"2025-11-02T12:41:00.1072692Z"}]}
[2025-11-02 오후 9:41:00] [Debug] [HubAnalytics] PosthogClient.BatchAsync: Sent 1 queue item(s).
[2025-11-02 오후 9:41:00] [Debug] [Application] Service Release: Tripolygon.UModeler.Hub.HubAnalyticsService
[2025-11-02 오후 9:41:00] [Debug] [Application] Service Release: Tripolygon.UModeler.Hub.HubFlashService
[2025-11-02 오후 9:41:00] [Debug] [Application] Service Release: Tripolygon.UModeler.Editor.UI.UnityEditorApplicationUtilityService
[2025-11-02 오후 9:41:00] [Debug] [Application] Service Release: Tripolygon.UModeler.Hub.HubService
[2025-11-02 오후 9:41:00] [Debug] [Application] Service Release: Tripolygon.UModeler.Editor.UI.UnityEditorApplicationCache
[2025-11-02 오후 9:41:00] [Debug] [Application] Service Release: Tripolygon.UModeler.Hub.HubAuthentication
