[2025-11-16 오후 9:57:20] [Debug] [Application] service: Tripolygon.UModeler.Hub.HubAuthentication = Tripolygon.UModeler.Hub.HubAuthentication
[2025-11-16 오후 9:57:20] [Debug] [Application] service: Tripolygon.UModeler.UI.IApplicationCache = Tripolygon.UModeler.Editor.UI.UnityEditorApplicationCache
[2025-11-16 오후 9:57:20] [Debug] ActualHost
[2025-11-16 오후 9:57:20] [Debug] [Application] service: Tripolygon.UModeler.Hub.IHubService = Tripolygon.UModeler.Hub.HubService
[2025-11-16 오후 9:57:20] [Debug] [Application] service: Tripolygon.UModeler.Authentication.IAuthenticationApiProvider = Tripolygon.UModeler.Editor.AuthenticationApiProviderService
[2025-11-16 오후 9:57:20] [Debug] [Application] service: Tripolygon.UModeler.UI.IObjectHierarchyService = Tripolygon.UModeler.Editor.UI.UnityEditorObjectHierarchyService
[2025-11-16 오후 9:57:20] [Debug] [Application] service: Tripolygon.UModeler.UI.IApplicationUtilityService = Tripolygon.UModeler.Editor.UI.UnityEditorApplicationUtilityService
[2025-11-16 오후 9:57:20] [Debug] [Application] service: Tripolygon.UModeler.Editor.UI.ApplicationSettings = Tripolygon.UModeler.Editor.UI.ApplicationSettings
[2025-11-16 오후 9:57:20] [Debug] [Application] service: Tripolygon.UModeler.UI.ITextureProvider = Tripolygon.UModeler.Editor.UI.UnityEditorTextureProvider
[2025-11-16 오후 9:57:20] [Debug] [Application] service: Tripolygon.UModeler.Hub.Resources.IResourcesApiProvider = Tripolygon.UModeler.Hub.ResourcesApiProviderService
[2025-11-16 오후 9:57:20] [Debug] [Application] service: Tripolygon.UModeler.Hub.HubFlashService = Tripolygon.UModeler.Hub.HubFlashService
[2025-11-16 오후 9:57:20] [Debug] [Application] service: Tripolygon.UModeler.Hub.IHubAnalyticsService = Tripolygon.UModeler.Hub.HubAnalyticsService
[2025-11-16 오후 9:57:20] [Debug] [Application] service: Tripolygon.UModeler.Hub.VSAttributionService = Tripolygon.UModeler.Hub.VSAttributionService
[2025-11-16 오후 9:57:20] [Debug] [Application] service: Tripolygon.UModeler.Hub.Notifications.UpdateHubNotifier = Tripolygon.UModeler.Hub.Notifications.UpdateHubNotifier
[2025-11-16 오후 9:57:20] [Debug] [Application] service: Tripolygon.UModeler.Hub.Notifications.UpdateProductNotifier = Tripolygon.UModeler.Hub.Notifications.UpdateProductNotifier
[2025-11-16 오후 9:57:20] [Debug] [Application] service: Tripolygon.UModeler.Hub.INoticeService = Tripolygon.UModeler.Hub.Noticies.NoticeService
[2025-11-16 오후 9:57:20] [Debug] [Application] service: Tripolygon.UModeler.Hub.Views.SceneViews.HubSceneViewService = Tripolygon.UModeler.Hub.Views.SceneViews.HubSceneViewService
[2025-11-16 오후 9:57:22] [Debug] [Application] Initialize: isReloading=False
[2025-11-16 오후 9:57:22] [Debug] [Application] Service Initialize: Tripolygon.UModeler.Hub.HubAuthentication
[2025-11-16 오후 9:57:22] [Debug] [Application] Service Initialize: Tripolygon.UModeler.Editor.UI.UnityEditorApplicationCache
[2025-11-16 오후 9:57:22] [Debug] [Application] Service Initialize: Tripolygon.UModeler.Hub.HubService
[2025-11-16 오후 9:57:22] [Debug] [Application] Service Initialize: Tripolygon.UModeler.Editor.UI.UnityEditorApplicationUtilityService
[2025-11-16 오후 9:57:23] [Debug] [Application] Service Initialize: Tripolygon.UModeler.Hub.HubFlashService
[2025-11-16 오후 9:57:23] [Debug] [HubAnalytics] PosthogClient.SetAutoFlush: Value Changed: True
[2025-11-16 오후 9:57:23] [Debug] [Application] Service Initialize: Tripolygon.UModeler.Hub.HubAnalyticsService
[2025-11-16 오후 9:57:23] [Debug] [Application] Service Initialize: Tripolygon.UModeler.Hub.VSAttributionService
[2025-11-16 오후 9:57:23] [Debug] [Application] Service Initialize: Tripolygon.UModeler.Hub.Notifications.UpdateHubNotifier
[2025-11-16 오후 9:57:23] [Debug] [Application] Service Initialize: Tripolygon.UModeler.Hub.Notifications.UpdateProductNotifier
[2025-11-16 오후 9:57:23] [Debug] [Application] Service Initialize: Tripolygon.UModeler.Hub.Noticies.NoticeService
[2025-11-16 오후 9:57:23] [Debug] [Application] Service Initialize: Tripolygon.UModeler.Hub.Views.SceneViews.HubSceneViewService
[2025-11-16 오후 10:00:32] [Debug] [HubAnalytics] OnAppStart
[2025-11-16 오후 10:00:33] [Debug] [HubAnalytics] PosthogClient.BatchAsync: Sending Queue Items={"api_key":"phc_DQ6tsN03HRXTr9hNBfi3DierOY5Y0SisUxgxjuAmZG5","batch":[{"event":"app start","properties":{"$set":{"sdk_region_id":"ko-KR","sdk_region_name":"South Korea","sdk_language":"Korean","sdk_os_architecture":"X64","sdk_time_zone":"Korea Standard Time","product_version":"1.1.6","platform_account_id":"anonymous","platform_account_name":"HZWcGM09hAb0g5yYLHWnlMw7nJT0H63o98BWM2EgfdyHIqwFIwuEY5EIIXqf1YqUEKiWmf4ftAl9GxLgos38g5YzdgYAdvyHmZVX9iU+5teUVt6k5THPuc50AqZZ6dsmN9l31mHRHrblFTPXAFzwaygO6Jgvbgl/B/0pKXVzKf0oNupqjAXb1gJTndtlFbt8beEXqEBA01Hs5d7eaDDcGd0p+/8NUTFE/52yVeuLgXOFYXsnjI7W43blKitQXSndXkOkHw7OWalK+SON7B8DZpawAFgmhvCEny4C3WYmIidqdiLH4jJroj4m+diRq2RJPDE6JAyHRxZxTxeD9jwRTQ=="},"$os":"WINDOWS","$os_name":"WINDOWS","$session_id":"c7c18d64-2cfd-4855-902e-8f035b597e69_da66831a-0a85-4461-aedc-54e980334599","distinct_id":"b436f785064ea140538673dd9b84f3f59c821871","product_name":"UModeler Hub","product_version":"1.1.6","platform_name":"Unity","platform_version":"6000.0.29f1","screen_width":1920,"screen_height":1080,"viewport_width":640,"viewport_height":480,"unity_systeminfo_language":"Korean","unity_systeminfo_os":"Windows 10  (10.0.19045) 64bit","unity_systeminfo_graphicsDeviceType":"Direct3D11","unity_systeminfo_graphicsDeviceVendor":"NVIDIA","unity_systeminfo_graphicsDeviceName":"NVIDIA GeForce RTX 2060","unity_systeminfo_deviceType":"Desktop","unity_systeminfo_processorType":"Intel(R) Core(TM) i7-9700F CPU @ 3.00GHz"},"timestamp":"2025-11-16T13:00:32.1657049Z"}]}
[2025-11-16 오후 10:00:33] [Debug] [HubAnalytics] PosthogClient.BatchAsync: Sent 1 queue item(s).
[2025-11-16 오후 10:00:44] [Debug] [Application] Release: isReloading=True
[2025-11-16 오후 10:00:44] [Debug] [Application] Service Release: Tripolygon.UModeler.Hub.Views.SceneViews.HubSceneViewService
[2025-11-16 오후 10:00:44] [Debug] [Application] Service Release: Tripolygon.UModeler.Hub.Noticies.NoticeService
[2025-11-16 오후 10:00:44] [Debug] [Application] Service Release: Tripolygon.UModeler.Hub.Notifications.UpdateProductNotifier
[2025-11-16 오후 10:00:44] [Debug] [Application] Service Release: Tripolygon.UModeler.Hub.Notifications.UpdateHubNotifier
[2025-11-16 오후 10:00:44] [Debug] [Application] Service Release: Tripolygon.UModeler.Hub.VSAttributionService
[2025-11-16 오후 10:00:44] [Debug] [HubAnalytics] PosthogClient.SetAutoFlush: Value Changed: False
[2025-11-16 오후 10:00:44] [Debug] [Application] Service Release: Tripolygon.UModeler.Hub.HubAnalyticsService
[2025-11-16 오후 10:00:44] [Debug] [Application] Service Release: Tripolygon.UModeler.Hub.HubFlashService
[2025-11-16 오후 10:00:44] [Debug] [Application] Service Release: Tripolygon.UModeler.Editor.UI.UnityEditorApplicationUtilityService
[2025-11-16 오후 10:00:44] [Debug] [Application] Service Release: Tripolygon.UModeler.Hub.HubService
[2025-11-16 오후 10:00:44] [Debug] [Application] Service Release: Tripolygon.UModeler.Editor.UI.UnityEditorApplicationCache
[2025-11-16 오후 10:00:44] [Debug] [Application] Service Release: Tripolygon.UModeler.Hub.HubAuthentication
[2025-11-16 오후 10:00:46] [Debug] [Application] service: Tripolygon.UModeler.Hub.HubAuthentication = Tripolygon.UModeler.Hub.HubAuthentication
[2025-11-16 오후 10:00:46] [Debug] [Application] service: Tripolygon.UModeler.UI.IApplicationCache = Tripolygon.UModeler.Editor.UI.UnityEditorApplicationCache
[2025-11-16 오후 10:00:46] [Debug] [Application] service: Tripolygon.UModeler.Hub.HubAuthentication = Tripolygon.UModeler.Hub.HubAuthentication
[2025-11-16 오후 10:00:46] [Debug] [Application] service: Tripolygon.UModeler.Hub.HubFlashService = Tripolygon.UModeler.Hub.HubFlashService
[2025-11-16 오후 10:00:46] [Debug] ActualHost
[2025-11-16 오후 10:00:46] [Debug] [Application] service: Tripolygon.UModeler.Hub.IHubAnalyticsService = Tripolygon.UModeler.Hub.HubAnalyticsService
[2025-11-16 오후 10:00:46] [Debug] [Application] service: Tripolygon.UModeler.Authentication.IAuthenticationApiProvider = Tripolygon.UModeler.Editor.AuthenticationApiProviderService
[2025-11-16 오후 10:00:46] [Debug] [Application] service: Tripolygon.UModeler.Hub.Notifications.UpdateHubNotifier = Tripolygon.UModeler.Hub.Notifications.UpdateHubNotifier
[2025-11-16 오후 10:00:46] [Debug] [Application] service: Tripolygon.UModeler.UI.IApplicationUtilityService = Tripolygon.UModeler.Editor.UI.UnityEditorApplicationUtilityService
[2025-11-16 오후 10:00:46] [Debug] [Application] service: Tripolygon.UModeler.Editor.UI.ApplicationSettings = Tripolygon.UModeler.Editor.UI.ApplicationSettings
[2025-11-16 오후 10:00:46] [Debug] [Application] service: Tripolygon.UModeler.Hub.Views.SceneViews.HubSceneViewService = Tripolygon.UModeler.Hub.Views.SceneViews.HubSceneViewService
[2025-11-16 오후 10:00:46] [Debug] [Application] service: Tripolygon.UModeler.Hub.Resources.IResourcesApiProvider = Tripolygon.UModeler.Hub.ResourcesApiProviderService
[2025-11-16 오후 10:00:47] [Debug] [Application] Initialize: isReloading=True
[2025-11-16 오후 10:00:46] [Debug] [Application] service: Tripolygon.UModeler.Hub.HubFlashService = Tripolygon.UModeler.Hub.HubFlashService
[2025-11-16 오후 10:00:47] [Debug] [Application] Service Initialize: Tripolygon.UModeler.Hub.HubAuthentication
[2025-11-16 오후 10:00:46] [Debug] [Application] service: Tripolygon.UModeler.Hub.VSAttributionService = Tripolygon.UModeler.Hub.VSAttributionService
[2025-11-16 오후 10:00:47] [Debug] [Application] Service Initialize: Tripolygon.UModeler.Editor.UI.UnityEditorApplicationCache
[2025-11-16 오후 10:00:46] [Debug] [Application] service: Tripolygon.UModeler.Hub.Notifications.UpdateProductNotifier = Tripolygon.UModeler.Hub.Notifications.UpdateProductNotifier
[2025-11-16 오후 10:00:46] [Debug] [Application] service: Tripolygon.UModeler.Hub.INoticeService = Tripolygon.UModeler.Hub.Noticies.NoticeService
[2025-11-16 오후 10:00:47] [Debug] [Application] Service Initialize: Tripolygon.UModeler.Hub.HubService
[2025-11-16 오후 10:00:47] [Debug] [Application] Initialize: isReloading=False
[2025-11-16 오후 10:00:47] [Debug] [Application] Service Initialize: Tripolygon.UModeler.Editor.UI.UnityEditorApplicationUtilityService
[2025-11-16 오후 10:00:47] [Debug] [Application] Service Initialize: Tripolygon.UModeler.Hub.HubAuthentication
[2025-11-16 오후 10:00:47] [Debug] [Application] Service Initialize: Tripolygon.UModeler.Hub.HubFlashService
[2025-11-16 오후 10:00:47] [Debug] [Application] Service Initialize: Tripolygon.UModeler.Editor.UI.UnityEditorApplicationCache
[2025-11-16 오후 10:00:47] [Debug] [Application] Service Initialize: Tripolygon.UModeler.Hub.HubService
[2025-11-16 오후 10:00:47] [Debug] [Application] Service Initialize: Tripolygon.UModeler.Editor.UI.UnityEditorApplicationUtilityService
[2025-11-16 오후 10:00:47] [Debug] [Application] Service Initialize: Tripolygon.UModeler.Hub.HubFlashService
[2025-11-16 오후 10:00:47] [Debug] [HubAnalytics] PosthogClient.SetAutoFlush: Value Changed: True
[2025-11-16 오후 10:00:47] [Debug] [HubAnalytics] PosthogClient.SetAutoFlush: Value Changed: True
[2025-11-16 오후 10:00:47] [Debug] [Application] Service Initialize: Tripolygon.UModeler.Hub.HubAnalyticsService
[2025-11-16 오후 10:00:47] [Debug] [Application] Service Initialize: Tripolygon.UModeler.Hub.VSAttributionService
[2025-11-16 오후 10:00:47] [Debug] [Application] Service Initialize: Tripolygon.UModeler.Hub.Notifications.UpdateHubNotifier
[2025-11-16 오후 10:00:47] [Debug] [Application] Service Initialize: Tripolygon.UModeler.Hub.Notifications.UpdateProductNotifier
[2025-11-16 오후 10:00:47] [Debug] [Application] Service Initialize: Tripolygon.UModeler.Hub.HubAnalyticsService
[2025-11-16 오후 10:00:47] [Debug] [Application] Service Initialize: Tripolygon.UModeler.Hub.Noticies.NoticeService
[2025-11-16 오후 10:00:47] [Debug] [Application] Service Initialize: Tripolygon.UModeler.Hub.VSAttributionService
[2025-11-16 오후 10:00:47] [Debug] [Application] Service Initialize: Tripolygon.UModeler.Hub.Views.SceneViews.HubSceneViewService
[2025-11-16 오후 10:00:47] [Debug] [Application] Service Initialize: Tripolygon.UModeler.Hub.Notifications.UpdateHubNotifier
[2025-11-16 오후 10:00:47] [Debug] [Application] Service Initialize: Tripolygon.UModeler.Hub.Notifications.UpdateProductNotifier
[2025-11-16 오후 10:00:47] [Debug] [Application] Service Initialize: Tripolygon.UModeler.Hub.Noticies.NoticeService
[2025-11-16 오후 10:00:48] [Debug] [Application] Service Initialize: Tripolygon.UModeler.Hub.Views.SceneViews.HubSceneViewService
[2025-11-16 오후 10:00:47] [Debug] [Application] service: Tripolygon.UModeler.Hub.HubAuthentication = Tripolygon.UModeler.Hub.HubAuthentication
[2025-11-16 오후 10:00:47] [Debug] [Application] service: Tripolygon.UModeler.UI.IApplicationCache = Tripolygon.UModeler.Editor.UI.UnityEditorApplicationCache
[2025-11-16 오후 10:00:47] [Debug] ActualHost
[2025-11-16 오후 10:00:47] [Debug] [Application] service: Tripolygon.UModeler.Hub.IHubService = Tripolygon.UModeler.Hub.HubService
[2025-11-16 오후 10:00:47] [Debug] [Application] service: Tripolygon.UModeler.Authentication.IAuthenticationApiProvider = Tripolygon.UModeler.Editor.AuthenticationApiProviderService
[2025-11-16 오후 10:00:47] [Debug] [Application] service: Tripolygon.UModeler.UI.IObjectHierarchyService = Tripolygon.UModeler.Editor.UI.UnityEditorObjectHierarchyService
[2025-11-16 오후 10:00:47] [Debug] [Application] service: Tripolygon.UModeler.UI.IApplicationUtilityService = Tripolygon.UModeler.Editor.UI.UnityEditorApplicationUtilityService
[2025-11-16 오후 10:00:47] [Debug] [Application] service: Tripolygon.UModeler.Editor.UI.ApplicationSettings = Tripolygon.UModeler.Editor.UI.ApplicationSettings
[2025-11-16 오후 10:00:47] [Debug] [Application] service: Tripolygon.UModeler.UI.ITextureProvider = Tripolygon.UModeler.Editor.UI.UnityEditorTextureProvider
[2025-11-16 오후 10:00:47] [Debug] [Application] service: Tripolygon.UModeler.Hub.Resources.IResourcesApiProvider = Tripolygon.UModeler.Hub.ResourcesApiProviderService
[2025-11-16 오후 10:00:47] [Debug] [Application] service: Tripolygon.UModeler.Hub.HubFlashService = Tripolygon.UModeler.Hub.HubFlashService
[2025-11-16 오후 10:00:47] [Debug] [Application] service: Tripolygon.UModeler.Hub.IHubAnalyticsService = Tripolygon.UModeler.Hub.HubAnalyticsService
[2025-11-16 오후 10:00:47] [Debug] [Application] service: Tripolygon.UModeler.Hub.VSAttributionService = Tripolygon.UModeler.Hub.VSAttributionService
[2025-11-16 오후 10:00:47] [Debug] [Application] service: Tripolygon.UModeler.Hub.Notifications.UpdateHubNotifier = Tripolygon.UModeler.Hub.Notifications.UpdateHubNotifier
[2025-11-16 오후 10:00:47] [Debug] [Application] service: Tripolygon.UModeler.Hub.Notifications.UpdateProductNotifier = Tripolygon.UModeler.Hub.Notifications.UpdateProductNotifier
[2025-11-16 오후 10:00:47] [Debug] [Application] service: Tripolygon.UModeler.Hub.INoticeService = Tripolygon.UModeler.Hub.Noticies.NoticeService
[2025-11-16 오후 10:00:47] [Debug] [Application] service: Tripolygon.UModeler.Hub.Views.SceneViews.HubSceneViewService = Tripolygon.UModeler.Hub.Views.SceneViews.HubSceneViewService
[2025-11-16 오후 10:00:49] [Debug] [Application] Initialize: isReloading=False
[2025-11-16 오후 10:00:49] [Debug] [Application] Service Initialize: Tripolygon.UModeler.Hub.HubAuthentication
[2025-11-16 오후 10:00:49] [Debug] [Application] Service Initialize: Tripolygon.UModeler.Editor.UI.UnityEditorApplicationCache
[2025-11-16 오후 10:00:49] [Debug] [Application] Service Initialize: Tripolygon.UModeler.Hub.HubService
[2025-11-16 오후 10:00:49] [Debug] [Application] Service Initialize: Tripolygon.UModeler.Editor.UI.UnityEditorApplicationUtilityService
[2025-11-16 오후 10:00:49] [Debug] [Application] Service Initialize: Tripolygon.UModeler.Hub.HubFlashService
[2025-11-16 오후 10:00:49] [Debug] [HubAnalytics] PosthogClient.SetAutoFlush: Value Changed: True
[2025-11-16 오후 10:00:49] [Debug] [Application] Service Initialize: Tripolygon.UModeler.Hub.HubAnalyticsService
[2025-11-16 오후 10:00:49] [Debug] [Application] Service Initialize: Tripolygon.UModeler.Hub.VSAttributionService
[2025-11-16 오후 10:00:49] [Debug] [Application] Service Initialize: Tripolygon.UModeler.Hub.Notifications.UpdateHubNotifier
[2025-11-16 오후 10:00:49] [Debug] [Application] Service Initialize: Tripolygon.UModeler.Hub.Notifications.UpdateProductNotifier
[2025-11-16 오후 10:00:49] [Debug] [Application] Service Initialize: Tripolygon.UModeler.Hub.Noticies.NoticeService
[2025-11-16 오후 10:00:49] [Debug] [Application] Service Initialize: Tripolygon.UModeler.Hub.Views.SceneViews.HubSceneViewService
[2025-11-16 오후 10:00:50] [Debug] [Application] Release: isReloading=True
[2025-11-16 오후 10:00:50] [Debug] [Application] Release: isReloading=True
[2025-11-16 오후 10:00:50] [Debug] [Application] Service Release: Tripolygon.UModeler.Hub.Views.SceneViews.HubSceneViewService
[2025-11-16 오후 10:00:50] [Debug] [Application] Service Release: Tripolygon.UModeler.Hub.Views.SceneViews.HubSceneViewService
[2025-11-16 오후 10:00:50] [Debug] [Application] Service Release: Tripolygon.UModeler.Hub.Noticies.NoticeService
[2025-11-16 오후 10:00:50] [Debug] [Application] Service Release: Tripolygon.UModeler.Hub.Noticies.NoticeService
[2025-11-16 오후 10:00:50] [Debug] [Application] Service Release: Tripolygon.UModeler.Hub.Notifications.UpdateProductNotifier
[2025-11-16 오후 10:00:50] [Debug] [Application] Service Release: Tripolygon.UModeler.Hub.Notifications.UpdateProductNotifier
[2025-11-16 오후 10:00:50] [Debug] [Application] Service Release: Tripolygon.UModeler.Hub.Notifications.UpdateHubNotifier
[2025-11-16 오후 10:00:50] [Debug] [Application] Service Release: Tripolygon.UModeler.Hub.Notifications.UpdateHubNotifier
[2025-11-16 오후 10:00:50] [Debug] [Application] Service Release: Tripolygon.UModeler.Hub.VSAttributionService
[2025-11-16 오후 10:00:50] [Debug] [Application] Service Release: Tripolygon.UModeler.Hub.VSAttributionService
[2025-11-16 오후 10:00:52] [Debug] [HubAnalytics] OnAppStart
[2025-11-16 오후 10:00:53] [Debug] [Application] service: Tripolygon.UModeler.Hub.HubAuthentication = Tripolygon.UModeler.Hub.HubAuthentication
[2025-11-16 오후 10:00:53] [Debug] [Application] service: Tripolygon.UModeler.Hub.HubAuthentication = Tripolygon.UModeler.Hub.HubAuthentication
[2025-11-16 오후 10:00:53] [Debug] [Application] service: Tripolygon.UModeler.Hub.Resources.IResourcesApiProvider = Tripolygon.UModeler.Hub.ResourcesApiProviderService
[2025-11-16 오후 10:00:53] [Debug] ActualHost
[2025-11-16 오후 10:00:53] [Debug] [Application] service: Tripolygon.UModeler.Hub.HubFlashService = Tripolygon.UModeler.Hub.HubFlashService
[2025-11-16 오후 10:00:53] [Debug] [Application] service: Tripolygon.UModeler.Hub.IHubService = Tripolygon.UModeler.Hub.HubService
[2025-11-16 오후 10:00:53] [Debug] [Application] service: Tripolygon.UModeler.Hub.VSAttributionService = Tripolygon.UModeler.Hub.VSAttributionService
[2025-11-16 오후 10:00:53] [Debug] [Application] service: Tripolygon.UModeler.UI.IObjectHierarchyService = Tripolygon.UModeler.Editor.UI.UnityEditorObjectHierarchyService
[2025-11-16 오후 10:00:53] [Debug] [Application] service: Tripolygon.UModeler.Hub.Notifications.UpdateProductNotifier = Tripolygon.UModeler.Hub.Notifications.UpdateProductNotifier
[2025-11-16 오후 10:00:53] [Debug] [Application] service: Tripolygon.UModeler.Editor.UI.ApplicationSettings = Tripolygon.UModeler.Editor.UI.ApplicationSettings
[2025-11-16 오후 10:00:53] [Debug] [Application] service: Tripolygon.UModeler.Hub.Views.SceneViews.HubSceneViewService = Tripolygon.UModeler.Hub.Views.SceneViews.HubSceneViewService
[2025-11-16 오후 10:00:53] [Debug] [Application] service: Tripolygon.UModeler.Hub.Resources.IResourcesApiProvider = Tripolygon.UModeler.Hub.ResourcesApiProviderService
[2025-11-16 오후 10:00:54] [Debug] [Application] Initialize: isReloading=True
[2025-11-16 오후 10:00:53] [Debug] [Application] service: Tripolygon.UModeler.Hub.IHubAnalyticsService = Tripolygon.UModeler.Hub.HubAnalyticsService
[2025-11-16 오후 10:00:53] [Debug] [Application] service: Tripolygon.UModeler.Hub.VSAttributionService = Tripolygon.UModeler.Hub.VSAttributionService
[2025-11-16 오후 10:00:54] [Debug] [Application] Service Initialize: Tripolygon.UModeler.Editor.UI.UnityEditorApplicationCache
[2025-11-16 오후 10:00:53] [Debug] [Application] service: Tripolygon.UModeler.Hub.Notifications.UpdateProductNotifier = Tripolygon.UModeler.Hub.Notifications.UpdateProductNotifier
[2025-11-16 오후 10:00:53] [Debug] [Application] service: Tripolygon.UModeler.Hub.INoticeService = Tripolygon.UModeler.Hub.Noticies.NoticeService
[2025-11-16 오후 10:00:54] [Debug] [Application] Service Initialize: Tripolygon.UModeler.Hub.HubService
[2025-11-16 오후 10:00:53] [Debug] [Application] service: Tripolygon.UModeler.Hub.Views.SceneViews.HubSceneViewService = Tripolygon.UModeler.Hub.Views.SceneViews.HubSceneViewService
[2025-11-16 오후 10:00:54] [Debug] [Application] Service Initialize: Tripolygon.UModeler.Editor.UI.UnityEditorApplicationUtilityService
[2025-11-16 오후 10:00:54] [Debug] [Application] Initialize: isReloading=False
[2025-11-16 오후 10:00:54] [Debug] [Application] Service Initialize: Tripolygon.UModeler.Hub.HubFlashService
[2025-11-16 오후 10:00:54] [Debug] [Application] Service Initialize: Tripolygon.UModeler.Hub.HubAuthentication
[2025-11-16 오후 10:00:54] [Debug] [Application] Service Initialize: Tripolygon.UModeler.Editor.UI.UnityEditorApplicationCache
[2025-11-16 오후 10:00:54] [Debug] [HubAnalytics] PosthogClient.SetAutoFlush: Value Changed: True
[2025-11-16 오후 10:00:54] [Debug] [Application] Service Initialize: Tripolygon.UModeler.Hub.HubService
[2025-11-16 오후 10:00:54] [Debug] [Application] Service Initialize: Tripolygon.UModeler.Editor.UI.UnityEditorApplicationUtilityService
[2025-11-16 오후 10:00:54] [Debug] [Application] Service Initialize: Tripolygon.UModeler.Hub.HubFlashService
[2025-11-16 오후 10:00:54] [Debug] [Application] Service Initialize: Tripolygon.UModeler.Hub.HubAnalyticsService
[2025-11-16 오후 10:00:54] [Debug] [HubAnalytics] PosthogClient.SetAutoFlush: Value Changed: True
[2025-11-16 오후 10:00:54] [Debug] [Application] Service Initialize: Tripolygon.UModeler.Hub.VSAttributionService
[2025-11-16 오후 10:00:54] [Debug] [Application] Service Initialize: Tripolygon.UModeler.Hub.Notifications.UpdateHubNotifier
[2025-11-16 오후 10:00:54] [Debug] [Application] Service Initialize: Tripolygon.UModeler.Hub.Notifications.UpdateProductNotifier
[2025-11-16 오후 10:00:54] [Debug] [Application] Service Initialize: Tripolygon.UModeler.Hub.Noticies.NoticeService
[2025-11-16 오후 10:00:54] [Debug] [Application] Service Initialize: Tripolygon.UModeler.Hub.HubAnalyticsService
[2025-11-16 오후 10:00:54] [Debug] [Application] Service Initialize: Tripolygon.UModeler.Hub.Views.SceneViews.HubSceneViewService
[2025-11-16 오후 10:00:54] [Debug] [Application] Service Initialize: Tripolygon.UModeler.Hub.VSAttributionService
[2025-11-16 오후 10:00:54] [Debug] [Application] Service Initialize: Tripolygon.UModeler.Hub.Notifications.UpdateHubNotifier
[2025-11-16 오후 10:00:54] [Debug] [Application] Service Initialize: Tripolygon.UModeler.Hub.Notifications.UpdateProductNotifier
[2025-11-16 오후 10:00:54] [Debug] [Application] Service Initialize: Tripolygon.UModeler.Hub.Noticies.NoticeService
[2025-11-16 오후 10:00:54] [Debug] [Application] Service Initialize: Tripolygon.UModeler.Hub.Views.SceneViews.HubSceneViewService
[2025-11-16 오후 10:00:59] [Debug] [HubAnalytics] PosthogClient.BatchAsync: Sending Queue Items={"api_key":"phc_DQ6tsN03HRXTr9hNBfi3DierOY5Y0SisUxgxjuAmZG5","batch":[{"event":"app start","properties":{"$set":{"sdk_region_id":"ko-KR","sdk_region_name":"South Korea","sdk_language":"Korean","sdk_os_architecture":"X64","sdk_time_zone":"Korea Standard Time","product_version":"1.1.6","platform_account_id":"anonymous","platform_account_name":"fO65307JhGFi2ZdzxIqWY+MgQvHmMb50sTdMXyBiu/knjQzOoGdAqpH3J+V/HH/fSPj3PtDH63yH3QUdCx1EZ/xuzDoi/f/F4oFBSO6XZoBsF9I7eT7e+IVA2tniJ/v6BsqHGBKC/zlJzXzGjCvKRJqi81hkhFBofSlDHFO4nFI0TbYT+D3bKFJBrBOlYSweGrN2CmkzC0jTMwl50ykorwYaDjyfbdmG+/Gpz8NRi8yL2iM5GqbNfp+U9U+2j6UmvV3cV7FZUDWtaoYk75+SW8tjNd/QOXFGFTGasNPqj5KcWbuIf5QekG3eWr8TF8sNleUYnrg7dnKLdXlRs6On/A=="},"$os":"WINDOWS","$os_name":"WINDOWS","$session_id":"c7bb8c65-f121-42e0-8679-3d87eacb4e96_ec11bf72-38fe-4ddd-84c3-e60d5cd2d73f","distinct_id":"b436f785064ea140538673dd9b84f3f59c821871","product_name":"UModeler Hub","product_version":"1.1.6","platform_name":"Unity","platform_version":"6000.0.29f1","screen_width":1920,"screen_height":1080,"viewport_width":1162,"viewport_height":332,"unity_systeminfo_language":"Korean","unity_systeminfo_os":"Windows 10  (10.0.19045) 64bit","unity_systeminfo_graphicsDeviceType":"Direct3D11","unity_systeminfo_graphicsDeviceVendor":"NVIDIA","unity_systeminfo_graphicsDeviceName":"NVIDIA GeForce RTX 2060","unity_systeminfo_deviceType":"Desktop","unity_systeminfo_processorType":"Intel(R) Core(TM) i7-9700F CPU @ 3.00GHz"},"timestamp":"2025-11-16T13:00:52.4696183Z"}]}
[2025-11-16 오후 10:01:04] [Error] [HubAnalytics] PosthogClient.BatchAsync: System.Threading.Tasks.TaskCanceledException: A task was canceled.
  at System.Net.Http.MonoWebRequestHandler.SendAsync (System.Net.Http.HttpRequestMessage request, System.Threading.CancellationToken cancellationToken) [0x00589] in <066289f5991b48159e2f820b74afac40>:0 
  at System.Net.Http.HttpClient.SendAsyncWorker (System.Net.Http.HttpRequestMessage request, System.Net.Http.HttpCompletionOption completionOption, System.Threading.CancellationToken cancellationToken) [0x000e8] in <066289f5991b48159e2f820b74afac40>:0 
  at Tripolygon.Backend.Sdk.Tracking.Posthog.PosthogClient.BatchAsync (Tripolygon.Backend.Sdk.Tracking.IBatchHttpBody body) [0x0012e] in <796d15bd8fc549d4a7d2e0ec26344f93>:0 
[2025-11-16 오후 10:01:33] [Debug] [Application] Release: isReloading=True
[2025-11-16 오후 10:01:33] [Debug] [Application] Service Release: Tripolygon.UModeler.Hub.Views.SceneViews.HubSceneViewService
[2025-11-16 오후 10:01:33] [Debug] [Application] Service Release: Tripolygon.UModeler.Hub.Noticies.NoticeService
[2025-11-16 오후 10:01:33] [Debug] [Application] Service Release: Tripolygon.UModeler.Hub.Notifications.UpdateProductNotifier
[2025-11-16 오후 10:01:33] [Debug] [Application] Service Release: Tripolygon.UModeler.Hub.Notifications.UpdateHubNotifier
[2025-11-16 오후 10:01:33] [Debug] [Application] Service Release: Tripolygon.UModeler.Hub.VSAttributionService
[2025-11-16 오후 10:01:33] [Debug] [HubAnalytics] PosthogClient.SetAutoFlush: Value Changed: False
[2025-11-16 오후 10:01:33] [Debug] [Application] Service Release: Tripolygon.UModeler.Hub.HubAnalyticsService
[2025-11-16 오후 10:01:33] [Debug] [Application] Service Release: Tripolygon.UModeler.Hub.HubFlashService
[2025-11-16 오후 10:01:33] [Debug] [Application] Service Release: Tripolygon.UModeler.Editor.UI.UnityEditorApplicationUtilityService
[2025-11-16 오후 10:01:33] [Debug] [Application] Service Release: Tripolygon.UModeler.Hub.HubService
[2025-11-16 오후 10:01:33] [Debug] [Application] Service Release: Tripolygon.UModeler.Editor.UI.UnityEditorApplicationCache
[2025-11-16 오후 10:01:33] [Debug] [Application] Service Release: Tripolygon.UModeler.Hub.HubAuthentication
[2025-11-16 오후 10:01:36] [Debug] [Application] service: Tripolygon.UModeler.Hub.HubAuthentication = Tripolygon.UModeler.Hub.HubAuthentication
[2025-11-16 오후 10:01:36] [Debug] [Application] service: Tripolygon.UModeler.UI.IApplicationCache = Tripolygon.UModeler.Editor.UI.UnityEditorApplicationCache
[2025-11-16 오후 10:01:37] [Debug] ActualHost
[2025-11-16 오후 10:01:37] [Debug] [Application] service: Tripolygon.UModeler.Hub.IHubService = Tripolygon.UModeler.Hub.HubService
[2025-11-16 오후 10:01:37] [Debug] [Application] service: Tripolygon.UModeler.Authentication.IAuthenticationApiProvider = Tripolygon.UModeler.Editor.AuthenticationApiProviderService
[2025-11-16 오후 10:01:37] [Debug] [Application] service: Tripolygon.UModeler.UI.IObjectHierarchyService = Tripolygon.UModeler.Editor.UI.UnityEditorObjectHierarchyService
[2025-11-16 오후 10:01:37] [Debug] [Application] service: Tripolygon.UModeler.UI.IApplicationUtilityService = Tripolygon.UModeler.Editor.UI.UnityEditorApplicationUtilityService
[2025-11-16 오후 10:01:37] [Debug] [Application] service: Tripolygon.UModeler.Editor.UI.ApplicationSettings = Tripolygon.UModeler.Editor.UI.ApplicationSettings
[2025-11-16 오후 10:01:37] [Debug] [Application] service: Tripolygon.UModeler.UI.ITextureProvider = Tripolygon.UModeler.Editor.UI.UnityEditorTextureProvider
[2025-11-16 오후 10:01:37] [Debug] [Application] service: Tripolygon.UModeler.Hub.Resources.IResourcesApiProvider = Tripolygon.UModeler.Hub.ResourcesApiProviderService
[2025-11-16 오후 10:01:37] [Debug] [Application] service: Tripolygon.UModeler.Hub.HubFlashService = Tripolygon.UModeler.Hub.HubFlashService
[2025-11-16 오후 10:01:37] [Debug] [Application] service: Tripolygon.UModeler.Hub.IHubAnalyticsService = Tripolygon.UModeler.Hub.HubAnalyticsService
[2025-11-16 오후 10:01:37] [Debug] [Application] service: Tripolygon.UModeler.Hub.VSAttributionService = Tripolygon.UModeler.Hub.VSAttributionService
[2025-11-16 오후 10:01:37] [Debug] [Application] service: Tripolygon.UModeler.Hub.Notifications.UpdateHubNotifier = Tripolygon.UModeler.Hub.Notifications.UpdateHubNotifier
[2025-11-16 오후 10:01:37] [Debug] [Application] service: Tripolygon.UModeler.Hub.Notifications.UpdateProductNotifier = Tripolygon.UModeler.Hub.Notifications.UpdateProductNotifier
[2025-11-16 오후 10:01:37] [Debug] [Application] service: Tripolygon.UModeler.Hub.INoticeService = Tripolygon.UModeler.Hub.Noticies.NoticeService
[2025-11-16 오후 10:01:37] [Debug] [Application] service: Tripolygon.UModeler.Hub.Views.SceneViews.HubSceneViewService = Tripolygon.UModeler.Hub.Views.SceneViews.HubSceneViewService
[2025-11-16 오후 10:01:38] [Debug] [Application] Initialize: isReloading=True
[2025-11-16 오후 10:01:38] [Debug] [Application] Service Initialize: Tripolygon.UModeler.Hub.HubAuthentication
[2025-11-16 오후 10:01:38] [Debug] [Application] Service Initialize: Tripolygon.UModeler.Editor.UI.UnityEditorApplicationCache
[2025-11-16 오후 10:01:38] [Debug] [Application] Service Initialize: Tripolygon.UModeler.Hub.HubService
[2025-11-16 오후 10:01:38] [Debug] [Application] Service Initialize: Tripolygon.UModeler.Editor.UI.UnityEditorApplicationUtilityService
[2025-11-16 오후 10:01:38] [Debug] [Application] Service Initialize: Tripolygon.UModeler.Hub.HubFlashService
[2025-11-16 오후 10:01:38] [Debug] [HubAnalytics] PosthogClient.SetAutoFlush: Value Changed: True
[2025-11-16 오후 10:01:38] [Debug] [Application] Service Initialize: Tripolygon.UModeler.Hub.HubAnalyticsService
[2025-11-16 오후 10:01:38] [Debug] [Application] Service Initialize: Tripolygon.UModeler.Hub.VSAttributionService
[2025-11-16 오후 10:01:38] [Debug] [Application] Service Initialize: Tripolygon.UModeler.Hub.Notifications.UpdateHubNotifier
[2025-11-16 오후 10:01:38] [Debug] [Application] Service Initialize: Tripolygon.UModeler.Hub.Notifications.UpdateProductNotifier
[2025-11-16 오후 10:01:38] [Debug] [Application] Service Initialize: Tripolygon.UModeler.Hub.Noticies.NoticeService
[2025-11-16 오후 10:01:38] [Debug] [Application] Service Initialize: Tripolygon.UModeler.Hub.Views.SceneViews.HubSceneViewService
[2025-11-16 오후 10:01:39] [Debug] [Application] Release: isReloading=True
[2025-11-16 오후 10:01:39] [Debug] [Application] Release: isReloading=True
[2025-11-16 오후 10:01:39] [Debug] [Application] Service Release: Tripolygon.UModeler.Hub.Views.SceneViews.HubSceneViewService
[2025-11-16 오후 10:01:39] [Debug] [Application] Service Release: Tripolygon.UModeler.Hub.Views.SceneViews.HubSceneViewService
[2025-11-16 오후 10:01:39] [Debug] [Application] Service Release: Tripolygon.UModeler.Hub.Noticies.NoticeService
[2025-11-16 오후 10:01:39] [Debug] [Application] Service Release: Tripolygon.UModeler.Hub.Noticies.NoticeService
[2025-11-16 오후 10:01:39] [Debug] [Application] Service Release: Tripolygon.UModeler.Hub.Notifications.UpdateProductNotifier
[2025-11-16 오후 10:01:39] [Debug] [Application] Service Release: Tripolygon.UModeler.Hub.Notifications.UpdateProductNotifier
[2025-11-16 오후 10:01:39] [Debug] [Application] Service Release: Tripolygon.UModeler.Hub.Notifications.UpdateHubNotifier
[2025-11-16 오후 10:01:39] [Debug] [Application] Service Release: Tripolygon.UModeler.Hub.Notifications.UpdateHubNotifier
[2025-11-16 오후 10:01:39] [Debug] [Application] Service Release: Tripolygon.UModeler.Hub.VSAttributionService
[2025-11-16 오후 10:01:39] [Debug] [Application] Service Release: Tripolygon.UModeler.Hub.VSAttributionService
[2025-11-16 오후 10:01:41] [Debug] [Application] service: Tripolygon.UModeler.Hub.HubAuthentication = Tripolygon.UModeler.Hub.HubAuthentication
[2025-11-16 오후 10:01:41] [Debug] [Application] service: Tripolygon.UModeler.UI.IApplicationCache = Tripolygon.UModeler.Editor.UI.UnityEditorApplicationCache
[2025-11-16 오후 10:01:41] [Debug] [Application] service: Tripolygon.UModeler.Hub.HubAuthentication = Tripolygon.UModeler.Hub.HubAuthentication
[2025-11-16 오후 10:01:42] [Debug] [Application] service: Tripolygon.UModeler.Hub.IHubAnalyticsService = Tripolygon.UModeler.Hub.HubAnalyticsService
[2025-11-16 오후 10:01:41] [Debug] [Application] service: Tripolygon.UModeler.UI.IApplicationCache = Tripolygon.UModeler.Editor.UI.UnityEditorApplicationCache
[2025-11-16 오후 10:01:42] [Debug] [Application] service: Tripolygon.UModeler.Hub.VSAttributionService = Tripolygon.UModeler.Hub.VSAttributionService
[2025-11-16 오후 10:01:41] [Debug] ActualHost
[2025-11-16 오후 10:01:42] [Debug] [Application] service: Tripolygon.UModeler.Hub.Notifications.UpdateHubNotifier = Tripolygon.UModeler.Hub.Notifications.UpdateHubNotifier
[2025-11-16 오후 10:01:41] [Debug] [Application] service: Tripolygon.UModeler.Hub.IHubService = Tripolygon.UModeler.Hub.HubService
[2025-11-16 오후 10:01:42] [Debug] [Application] service: Tripolygon.UModeler.Hub.Notifications.UpdateProductNotifier = Tripolygon.UModeler.Hub.Notifications.UpdateProductNotifier
[2025-11-16 오후 10:01:41] [Debug] [Application] service: Tripolygon.UModeler.Authentication.IAuthenticationApiProvider = Tripolygon.UModeler.Editor.AuthenticationApiProviderService
[2025-11-16 오후 10:01:42] [Debug] [Application] service: Tripolygon.UModeler.Hub.INoticeService = Tripolygon.UModeler.Hub.Noticies.NoticeService
[2025-11-16 오후 10:01:41] [Debug] [Application] service: Tripolygon.UModeler.UI.IObjectHierarchyService = Tripolygon.UModeler.Editor.UI.UnityEditorObjectHierarchyService
[2025-11-16 오후 10:01:42] [Debug] [Application] service: Tripolygon.UModeler.Hub.Views.SceneViews.HubSceneViewService = Tripolygon.UModeler.Hub.Views.SceneViews.HubSceneViewService
[2025-11-16 오후 10:01:42] [Debug] [Application] service: Tripolygon.UModeler.Editor.UI.ApplicationSettings = Tripolygon.UModeler.Editor.UI.ApplicationSettings
[2025-11-16 오후 10:01:43] [Debug] [Application] Service Initialize: Tripolygon.UModeler.Hub.HubAuthentication
[2025-11-16 오후 10:01:42] [Debug] [Application] service: Tripolygon.UModeler.Hub.Resources.IResourcesApiProvider = Tripolygon.UModeler.Hub.ResourcesApiProviderService
[2025-11-16 오후 10:01:43] [Debug] [Application] Service Initialize: Tripolygon.UModeler.Editor.UI.UnityEditorApplicationCache
[2025-11-16 오후 10:01:42] [Debug] [Application] service: Tripolygon.UModeler.Hub.IHubAnalyticsService = Tripolygon.UModeler.Hub.HubAnalyticsService
[2025-11-16 오후 10:01:42] [Debug] [Application] service: Tripolygon.UModeler.Hub.VSAttributionService = Tripolygon.UModeler.Hub.VSAttributionService
[2025-11-16 오후 10:01:43] [Debug] [Application] Service Initialize: Tripolygon.UModeler.Hub.HubService
[2025-11-16 오후 10:01:42] [Debug] [Application] service: Tripolygon.UModeler.Hub.Notifications.UpdateProductNotifier = Tripolygon.UModeler.Hub.Notifications.UpdateProductNotifier
[2025-11-16 오후 10:01:43] [Debug] [Application] Service Initialize: Tripolygon.UModeler.Editor.UI.UnityEditorApplicationUtilityService
[2025-11-16 오후 10:01:42] [Debug] [Application] service: Tripolygon.UModeler.Hub.Views.SceneViews.HubSceneViewService = Tripolygon.UModeler.Hub.Views.SceneViews.HubSceneViewService
[2025-11-16 오후 10:01:42] [Debug] [Application] Initialize: isReloading=False
[2025-11-16 오후 10:01:43] [Debug] [HubAnalytics] PosthogClient.SetAutoFlush: Value Changed: True
[2025-11-16 오후 10:01:43] [Debug] [Application] Service Initialize: Tripolygon.UModeler.Hub.HubAuthentication
[2025-11-16 오후 10:01:43] [Debug] [Application] Service Initialize: Tripolygon.UModeler.Editor.UI.UnityEditorApplicationCache
[2025-11-16 오후 10:01:43] [Debug] [Application] Service Initialize: Tripolygon.UModeler.Hub.HubService
[2025-11-16 오후 10:01:43] [Debug] [Application] Service Initialize: Tripolygon.UModeler.Hub.HubAnalyticsService
[2025-11-16 오후 10:01:43] [Debug] [Application] Service Initialize: Tripolygon.UModeler.Editor.UI.UnityEditorApplicationUtilityService
[2025-11-16 오후 10:01:43] [Debug] [Application] Service Initialize: Tripolygon.UModeler.Hub.VSAttributionService
[2025-11-16 오후 10:01:43] [Debug] [Application] Service Initialize: Tripolygon.UModeler.Hub.HubFlashService
[2025-11-16 오후 10:01:43] [Debug] [Application] Service Initialize: Tripolygon.UModeler.Hub.Notifications.UpdateHubNotifier
[2025-11-16 오후 10:01:43] [Debug] [HubAnalytics] PosthogClient.SetAutoFlush: Value Changed: True
[2025-11-16 오후 10:01:43] [Debug] [Application] Service Initialize: Tripolygon.UModeler.Hub.Notifications.UpdateProductNotifier
[2025-11-16 오후 10:01:43] [Debug] [Application] Service Initialize: Tripolygon.UModeler.Hub.Noticies.NoticeService
[2025-11-16 오후 10:01:43] [Debug] [Application] Service Initialize: Tripolygon.UModeler.Hub.Views.SceneViews.HubSceneViewService
[2025-11-16 오후 10:01:43] [Debug] [Application] Service Initialize: Tripolygon.UModeler.Hub.HubAnalyticsService
[2025-11-16 오후 10:01:43] [Debug] [Application] Service Initialize: Tripolygon.UModeler.Hub.VSAttributionService
[2025-11-16 오후 10:01:43] [Debug] [Application] Service Initialize: Tripolygon.UModeler.Hub.Notifications.UpdateHubNotifier
[2025-11-16 오후 10:01:43] [Debug] [Application] Service Initialize: Tripolygon.UModeler.Hub.Notifications.UpdateProductNotifier
[2025-11-16 오후 10:01:43] [Debug] [Application] Service Initialize: Tripolygon.UModeler.Hub.Noticies.NoticeService
[2025-11-16 오후 10:01:43] [Debug] [Application] Service Initialize: Tripolygon.UModeler.Hub.Views.SceneViews.HubSceneViewService
[2025-11-16 오후 10:02:32] [Debug] [Application] Release: isReloading=True
[2025-11-16 오후 10:02:32] [Debug] [Application] Service Release: Tripolygon.UModeler.Hub.Views.SceneViews.HubSceneViewService
[2025-11-16 오후 10:02:32] [Debug] [Application] Service Release: Tripolygon.UModeler.Hub.Noticies.NoticeService
[2025-11-16 오후 10:02:32] [Debug] [Application] Service Release: Tripolygon.UModeler.Hub.Notifications.UpdateProductNotifier
[2025-11-16 오후 10:02:32] [Debug] [Application] Service Release: Tripolygon.UModeler.Hub.Notifications.UpdateHubNotifier
[2025-11-16 오후 10:02:32] [Debug] [Application] Service Release: Tripolygon.UModeler.Hub.VSAttributionService
[2025-11-16 오후 10:02:32] [Debug] [HubAnalytics] PosthogClient.SetAutoFlush: Value Changed: False
[2025-11-16 오후 10:02:32] [Debug] [Application] Service Release: Tripolygon.UModeler.Hub.HubAnalyticsService
[2025-11-16 오후 10:02:32] [Debug] [Application] Service Release: Tripolygon.UModeler.Hub.HubFlashService
[2025-11-16 오후 10:02:32] [Debug] [Application] Service Release: Tripolygon.UModeler.Editor.UI.UnityEditorApplicationUtilityService
[2025-11-16 오후 10:02:32] [Debug] [Application] Service Release: Tripolygon.UModeler.Hub.HubService
[2025-11-16 오후 10:02:32] [Debug] [Application] Service Release: Tripolygon.UModeler.Editor.UI.UnityEditorApplicationCache
[2025-11-16 오후 10:02:32] [Debug] [Application] Service Release: Tripolygon.UModeler.Hub.HubAuthentication
[2025-11-16 오후 10:02:35] [Debug] [Application] service: Tripolygon.UModeler.Hub.HubAuthentication = Tripolygon.UModeler.Hub.HubAuthentication
[2025-11-16 오후 10:02:35] [Debug] [Application] service: Tripolygon.UModeler.UI.IApplicationCache = Tripolygon.UModeler.Editor.UI.UnityEditorApplicationCache
[2025-11-16 오후 10:02:35] [Debug] ActualHost
[2025-11-16 오후 10:02:35] [Debug] [Application] service: Tripolygon.UModeler.Hub.IHubService = Tripolygon.UModeler.Hub.HubService
[2025-11-16 오후 10:02:35] [Debug] [Application] service: Tripolygon.UModeler.Authentication.IAuthenticationApiProvider = Tripolygon.UModeler.Editor.AuthenticationApiProviderService
[2025-11-16 오후 10:02:35] [Debug] [Application] service: Tripolygon.UModeler.UI.IObjectHierarchyService = Tripolygon.UModeler.Editor.UI.UnityEditorObjectHierarchyService
[2025-11-16 오후 10:02:35] [Debug] [Application] service: Tripolygon.UModeler.UI.IApplicationUtilityService = Tripolygon.UModeler.Editor.UI.UnityEditorApplicationUtilityService
[2025-11-16 오후 10:02:36] [Debug] [Application] service: Tripolygon.UModeler.Editor.UI.ApplicationSettings = Tripolygon.UModeler.Editor.UI.ApplicationSettings
[2025-11-16 오후 10:02:36] [Debug] [Application] service: Tripolygon.UModeler.UI.ITextureProvider = Tripolygon.UModeler.Editor.UI.UnityEditorTextureProvider
[2025-11-16 오후 10:02:36] [Debug] [Application] service: Tripolygon.UModeler.Hub.Resources.IResourcesApiProvider = Tripolygon.UModeler.Hub.ResourcesApiProviderService
[2025-11-16 오후 10:02:36] [Debug] [Application] service: Tripolygon.UModeler.Hub.HubFlashService = Tripolygon.UModeler.Hub.HubFlashService
[2025-11-16 오후 10:02:36] [Debug] [Application] service: Tripolygon.UModeler.Hub.IHubAnalyticsService = Tripolygon.UModeler.Hub.HubAnalyticsService
[2025-11-16 오후 10:02:36] [Debug] [Application] service: Tripolygon.UModeler.Hub.VSAttributionService = Tripolygon.UModeler.Hub.VSAttributionService
[2025-11-16 오후 10:02:36] [Debug] [Application] service: Tripolygon.UModeler.Hub.Notifications.UpdateHubNotifier = Tripolygon.UModeler.Hub.Notifications.UpdateHubNotifier
[2025-11-16 오후 10:02:36] [Debug] [Application] service: Tripolygon.UModeler.Hub.Notifications.UpdateProductNotifier = Tripolygon.UModeler.Hub.Notifications.UpdateProductNotifier
[2025-11-16 오후 10:02:36] [Debug] [Application] service: Tripolygon.UModeler.Hub.INoticeService = Tripolygon.UModeler.Hub.Noticies.NoticeService
[2025-11-16 오후 10:02:36] [Debug] [Application] service: Tripolygon.UModeler.Hub.Views.SceneViews.HubSceneViewService = Tripolygon.UModeler.Hub.Views.SceneViews.HubSceneViewService
[2025-11-16 오후 10:02:37] [Debug] [Application] Initialize: isReloading=True
[2025-11-16 오후 10:02:37] [Debug] [Application] Service Initialize: Tripolygon.UModeler.Hub.HubAuthentication
[2025-11-16 오후 10:02:37] [Debug] [Application] Service Initialize: Tripolygon.UModeler.Editor.UI.UnityEditorApplicationCache
[2025-11-16 오후 10:02:37] [Debug] [Application] Service Initialize: Tripolygon.UModeler.Hub.HubService
[2025-11-16 오후 10:02:37] [Debug] [Application] Service Initialize: Tripolygon.UModeler.Editor.UI.UnityEditorApplicationUtilityService
[2025-11-16 오후 10:02:37] [Debug] [Application] Service Initialize: Tripolygon.UModeler.Hub.HubFlashService
[2025-11-16 오후 10:02:37] [Debug] [HubAnalytics] PosthogClient.SetAutoFlush: Value Changed: True
[2025-11-16 오후 10:02:37] [Debug] [Application] Service Initialize: Tripolygon.UModeler.Hub.HubAnalyticsService
[2025-11-16 오후 10:02:37] [Debug] [Application] Service Initialize: Tripolygon.UModeler.Hub.VSAttributionService
[2025-11-16 오후 10:02:38] [Debug] [Application] Service Initialize: Tripolygon.UModeler.Hub.Notifications.UpdateHubNotifier
[2025-11-16 오후 10:02:38] [Debug] [Application] Service Initialize: Tripolygon.UModeler.Hub.Notifications.UpdateProductNotifier
[2025-11-16 오후 10:02:38] [Debug] [Application] Service Initialize: Tripolygon.UModeler.Hub.Noticies.NoticeService
[2025-11-16 오후 10:02:38] [Debug] [Application] Service Initialize: Tripolygon.UModeler.Hub.Views.SceneViews.HubSceneViewService
[2025-11-16 오후 10:02:38] [Debug] [Application] Release: isReloading=True
[2025-11-16 오후 10:02:38] [Debug] [Application] Release: isReloading=True
[2025-11-16 오후 10:02:38] [Debug] [Application] Service Release: Tripolygon.UModeler.Hub.Views.SceneViews.HubSceneViewService
[2025-11-16 오후 10:02:38] [Debug] [Application] Service Release: Tripolygon.UModeler.Hub.Noticies.NoticeService
[2025-11-16 오후 10:02:38] [Debug] [Application] Service Release: Tripolygon.UModeler.Hub.Views.SceneViews.HubSceneViewService
[2025-11-16 오후 10:02:38] [Debug] [Application] Service Release: Tripolygon.UModeler.Hub.Notifications.UpdateProductNotifier
[2025-11-16 오후 10:02:38] [Debug] [Application] Service Release: Tripolygon.UModeler.Hub.Noticies.NoticeService
[2025-11-16 오후 10:02:38] [Debug] [Application] Service Release: Tripolygon.UModeler.Hub.Notifications.UpdateHubNotifier
[2025-11-16 오후 10:02:38] [Debug] [Application] Service Release: Tripolygon.UModeler.Hub.Notifications.UpdateProductNotifier
[2025-11-16 오후 10:02:38] [Debug] [Application] Service Release: Tripolygon.UModeler.Hub.VSAttributionService
[2025-11-16 오후 10:02:38] [Debug] [Application] Service Release: Tripolygon.UModeler.Hub.Notifications.UpdateHubNotifier
[2025-11-16 오후 10:02:38] [Debug] [Application] Service Release: Tripolygon.UModeler.Hub.VSAttributionService
[2025-11-16 오후 10:02:41] [Debug] [Application] service: Tripolygon.UModeler.Hub.HubAuthentication = Tripolygon.UModeler.Hub.HubAuthentication
[2025-11-16 오후 10:02:41] [Debug] [Application] service: Tripolygon.UModeler.Hub.HubAuthentication = Tripolygon.UModeler.Hub.HubAuthentication
[2025-11-16 오후 10:02:41] [Debug] [Application] service: Tripolygon.UModeler.Hub.HubFlashService = Tripolygon.UModeler.Hub.HubFlashService
[2025-11-16 오후 10:02:41] [Debug] ActualHost
[2025-11-16 오후 10:02:41] [Debug] [Application] service: Tripolygon.UModeler.Hub.VSAttributionService = Tripolygon.UModeler.Hub.VSAttributionService
[2025-11-16 오후 10:02:41] [Debug] [Application] service: Tripolygon.UModeler.Hub.IHubService = Tripolygon.UModeler.Hub.HubService
[2025-11-16 오후 10:02:41] [Debug] [Application] service: Tripolygon.UModeler.Hub.Notifications.UpdateHubNotifier = Tripolygon.UModeler.Hub.Notifications.UpdateHubNotifier
[2025-11-16 오후 10:02:41] [Debug] [Application] service: Tripolygon.UModeler.UI.IObjectHierarchyService = Tripolygon.UModeler.Editor.UI.UnityEditorObjectHierarchyService
[2025-11-16 오후 10:02:41] [Debug] [Application] service: Tripolygon.UModeler.Hub.INoticeService = Tripolygon.UModeler.Hub.Noticies.NoticeService
[2025-11-16 오후 10:02:41] [Debug] [Application] service: Tripolygon.UModeler.Editor.UI.ApplicationSettings = Tripolygon.UModeler.Editor.UI.ApplicationSettings
[2025-11-16 오후 10:02:42] [Debug] [Application] Initialize: isReloading=True
[2025-11-16 오후 10:02:41] [Debug] [Application] service: Tripolygon.UModeler.Hub.Resources.IResourcesApiProvider = Tripolygon.UModeler.Hub.ResourcesApiProviderService
[2025-11-16 오후 10:02:42] [Debug] [Application] Service Initialize: Tripolygon.UModeler.Hub.HubAuthentication
[2025-11-16 오후 10:02:41] [Debug] [Application] service: Tripolygon.UModeler.Hub.IHubAnalyticsService = Tripolygon.UModeler.Hub.HubAnalyticsService
[2025-11-16 오후 10:02:42] [Debug] [Application] Service Initialize: Tripolygon.UModeler.Editor.UI.UnityEditorApplicationCache
[2025-11-16 오후 10:02:41] [Debug] [Application] service: Tripolygon.UModeler.Hub.Notifications.UpdateHubNotifier = Tripolygon.UModeler.Hub.Notifications.UpdateHubNotifier
[2025-11-16 오후 10:02:41] [Debug] [Application] service: Tripolygon.UModeler.Hub.Notifications.UpdateProductNotifier = Tripolygon.UModeler.Hub.Notifications.UpdateProductNotifier
[2025-11-16 오후 10:02:42] [Debug] [Application] Service Initialize: Tripolygon.UModeler.Hub.HubService
[2025-11-16 오후 10:02:41] [Debug] [Application] service: Tripolygon.UModeler.Hub.Views.SceneViews.HubSceneViewService = Tripolygon.UModeler.Hub.Views.SceneViews.HubSceneViewService
[2025-11-16 오후 10:02:42] [Debug] [Application] Service Initialize: Tripolygon.UModeler.Editor.UI.UnityEditorApplicationUtilityService
[2025-11-16 오후 10:02:42] [Debug] [Application] Initialize: isReloading=False
[2025-11-16 오후 10:02:42] [Debug] [Application] Service Initialize: Tripolygon.UModeler.Hub.HubFlashService
[2025-11-16 오후 10:02:42] [Debug] [Application] Service Initialize: Tripolygon.UModeler.Hub.HubAuthentication
[2025-11-16 오후 10:02:42] [Debug] [Application] Service Initialize: Tripolygon.UModeler.Editor.UI.UnityEditorApplicationCache
[2025-11-16 오후 10:02:42] [Debug] [HubAnalytics] PosthogClient.SetAutoFlush: Value Changed: True
[2025-11-16 오후 10:02:42] [Debug] [Application] Service Initialize: Tripolygon.UModeler.Hub.HubService
[2025-11-16 오후 10:02:43] [Debug] [Application] Service Initialize: Tripolygon.UModeler.Editor.UI.UnityEditorApplicationUtilityService
[2025-11-16 오후 10:02:43] [Debug] [Application] Service Initialize: Tripolygon.UModeler.Hub.HubFlashService
[2025-11-16 오후 10:02:43] [Debug] [Application] Service Initialize: Tripolygon.UModeler.Hub.HubAnalyticsService
[2025-11-16 오후 10:02:43] [Debug] [HubAnalytics] PosthogClient.SetAutoFlush: Value Changed: True
[2025-11-16 오후 10:02:43] [Debug] [Application] Service Initialize: Tripolygon.UModeler.Hub.VSAttributionService
[2025-11-16 오후 10:02:43] [Debug] [Application] Service Initialize: Tripolygon.UModeler.Hub.Notifications.UpdateHubNotifier
[2025-11-16 오후 10:02:43] [Debug] [Application] Service Initialize: Tripolygon.UModeler.Hub.Notifications.UpdateProductNotifier
[2025-11-16 오후 10:02:43] [Debug] [Application] Service Initialize: Tripolygon.UModeler.Hub.HubAnalyticsService
[2025-11-16 오후 10:02:43] [Debug] [Application] Service Initialize: Tripolygon.UModeler.Hub.Noticies.NoticeService
[2025-11-16 오후 10:02:43] [Debug] [Application] Service Initialize: Tripolygon.UModeler.Hub.VSAttributionService
[2025-11-16 오후 10:02:43] [Debug] [Application] Service Initialize: Tripolygon.UModeler.Hub.Views.SceneViews.HubSceneViewService
[2025-11-16 오후 10:02:43] [Debug] [Application] Service Initialize: Tripolygon.UModeler.Hub.Notifications.UpdateHubNotifier
[2025-11-16 오후 10:02:43] [Debug] [Application] Service Initialize: Tripolygon.UModeler.Hub.Notifications.UpdateProductNotifier
[2025-11-16 오후 10:02:43] [Debug] [Application] Service Initialize: Tripolygon.UModeler.Hub.Noticies.NoticeService
[2025-11-16 오후 10:02:43] [Debug] [Application] Service Initialize: Tripolygon.UModeler.Hub.Views.SceneViews.HubSceneViewService
[2025-11-16 오후 10:10:32] [Debug] [Application] Release: isReloading=True
[2025-11-16 오후 10:10:32] [Debug] [Application] Service Release: Tripolygon.UModeler.Hub.Views.SceneViews.HubSceneViewService
[2025-11-16 오후 10:10:32] [Debug] [Application] Service Release: Tripolygon.UModeler.Hub.Noticies.NoticeService
[2025-11-16 오후 10:10:32] [Debug] [Application] Service Release: Tripolygon.UModeler.Hub.Notifications.UpdateProductNotifier
[2025-11-16 오후 10:10:32] [Debug] [Application] Service Release: Tripolygon.UModeler.Hub.Notifications.UpdateHubNotifier
[2025-11-16 오후 10:10:32] [Debug] [Application] Service Release: Tripolygon.UModeler.Hub.VSAttributionService
[2025-11-16 오후 10:10:32] [Debug] [HubAnalytics] PosthogClient.SetAutoFlush: Value Changed: False
[2025-11-16 오후 10:10:32] [Debug] [Application] Service Release: Tripolygon.UModeler.Hub.HubAnalyticsService
[2025-11-16 오후 10:10:32] [Debug] [Application] Service Release: Tripolygon.UModeler.Hub.HubFlashService
[2025-11-16 오후 10:10:32] [Debug] [Application] Service Release: Tripolygon.UModeler.Editor.UI.UnityEditorApplicationUtilityService
[2025-11-16 오후 10:10:32] [Debug] [Application] Service Release: Tripolygon.UModeler.Hub.HubService
[2025-11-16 오후 10:10:32] [Debug] [Application] Service Release: Tripolygon.UModeler.Editor.UI.UnityEditorApplicationCache
[2025-11-16 오후 10:10:32] [Debug] [Application] Service Release: Tripolygon.UModeler.Hub.HubAuthentication
[2025-11-16 오후 10:10:35] [Debug] [Application] service: Tripolygon.UModeler.Hub.HubAuthentication = Tripolygon.UModeler.Hub.HubAuthentication
[2025-11-16 오후 10:10:35] [Debug] [Application] service: Tripolygon.UModeler.UI.IApplicationCache = Tripolygon.UModeler.Editor.UI.UnityEditorApplicationCache
[2025-11-16 오후 10:10:36] [Debug] ActualHost
[2025-11-16 오후 10:10:36] [Debug] [Application] service: Tripolygon.UModeler.Hub.IHubService = Tripolygon.UModeler.Hub.HubService
[2025-11-16 오후 10:10:36] [Debug] [Application] service: Tripolygon.UModeler.Authentication.IAuthenticationApiProvider = Tripolygon.UModeler.Editor.AuthenticationApiProviderService
[2025-11-16 오후 10:10:36] [Debug] [Application] service: Tripolygon.UModeler.UI.IObjectHierarchyService = Tripolygon.UModeler.Editor.UI.UnityEditorObjectHierarchyService
[2025-11-16 오후 10:10:36] [Debug] [Application] service: Tripolygon.UModeler.UI.IApplicationUtilityService = Tripolygon.UModeler.Editor.UI.UnityEditorApplicationUtilityService
[2025-11-16 오후 10:10:36] [Debug] [Application] service: Tripolygon.UModeler.Editor.UI.ApplicationSettings = Tripolygon.UModeler.Editor.UI.ApplicationSettings
[2025-11-16 오후 10:10:36] [Debug] [Application] service: Tripolygon.UModeler.UI.ITextureProvider = Tripolygon.UModeler.Editor.UI.UnityEditorTextureProvider
[2025-11-16 오후 10:10:36] [Debug] [Application] service: Tripolygon.UModeler.Hub.Resources.IResourcesApiProvider = Tripolygon.UModeler.Hub.ResourcesApiProviderService
[2025-11-16 오후 10:10:36] [Debug] [Application] service: Tripolygon.UModeler.Hub.HubFlashService = Tripolygon.UModeler.Hub.HubFlashService
[2025-11-16 오후 10:10:36] [Debug] [Application] service: Tripolygon.UModeler.Hub.IHubAnalyticsService = Tripolygon.UModeler.Hub.HubAnalyticsService
[2025-11-16 오후 10:10:36] [Debug] [Application] service: Tripolygon.UModeler.Hub.VSAttributionService = Tripolygon.UModeler.Hub.VSAttributionService
[2025-11-16 오후 10:10:36] [Debug] [Application] service: Tripolygon.UModeler.Hub.Notifications.UpdateHubNotifier = Tripolygon.UModeler.Hub.Notifications.UpdateHubNotifier
[2025-11-16 오후 10:10:36] [Debug] [Application] service: Tripolygon.UModeler.Hub.Notifications.UpdateProductNotifier = Tripolygon.UModeler.Hub.Notifications.UpdateProductNotifier
[2025-11-16 오후 10:10:36] [Debug] [Application] service: Tripolygon.UModeler.Hub.INoticeService = Tripolygon.UModeler.Hub.Noticies.NoticeService
[2025-11-16 오후 10:10:36] [Debug] [Application] service: Tripolygon.UModeler.Hub.Views.SceneViews.HubSceneViewService = Tripolygon.UModeler.Hub.Views.SceneViews.HubSceneViewService
[2025-11-16 오후 10:10:37] [Debug] [Application] Initialize: isReloading=True
[2025-11-16 오후 10:10:37] [Debug] [Application] Service Initialize: Tripolygon.UModeler.Hub.HubAuthentication
[2025-11-16 오후 10:10:37] [Debug] [Application] Service Initialize: Tripolygon.UModeler.Editor.UI.UnityEditorApplicationCache
[2025-11-16 오후 10:10:37] [Debug] [Application] Service Initialize: Tripolygon.UModeler.Hub.HubService
[2025-11-16 오후 10:10:37] [Debug] [Application] Service Initialize: Tripolygon.UModeler.Editor.UI.UnityEditorApplicationUtilityService
[2025-11-16 오후 10:10:38] [Debug] [Application] Service Initialize: Tripolygon.UModeler.Hub.HubFlashService
[2025-11-16 오후 10:10:38] [Debug] [HubAnalytics] PosthogClient.SetAutoFlush: Value Changed: True
[2025-11-16 오후 10:10:38] [Debug] [Application] Service Initialize: Tripolygon.UModeler.Hub.HubAnalyticsService
[2025-11-16 오후 10:10:38] [Debug] [Application] Service Initialize: Tripolygon.UModeler.Hub.VSAttributionService
[2025-11-16 오후 10:10:38] [Debug] [Application] Service Initialize: Tripolygon.UModeler.Hub.Notifications.UpdateHubNotifier
[2025-11-16 오후 10:10:38] [Debug] [Application] Service Initialize: Tripolygon.UModeler.Hub.Notifications.UpdateProductNotifier
[2025-11-16 오후 10:10:38] [Debug] [Application] Service Initialize: Tripolygon.UModeler.Hub.Noticies.NoticeService
[2025-11-16 오후 10:10:38] [Debug] [Application] Service Initialize: Tripolygon.UModeler.Hub.Views.SceneViews.HubSceneViewService
[2025-11-16 오후 10:10:38] [Debug] [Application] Release: isReloading=True
[2025-11-16 오후 10:10:38] [Debug] [Application] Release: isReloading=True
[2025-11-16 오후 10:10:38] [Debug] [Application] Service Release: Tripolygon.UModeler.Hub.Views.SceneViews.HubSceneViewService
[2025-11-16 오후 10:10:38] [Debug] [Application] Service Release: Tripolygon.UModeler.Hub.Views.SceneViews.HubSceneViewService
[2025-11-16 오후 10:10:38] [Debug] [Application] Service Release: Tripolygon.UModeler.Hub.Noticies.NoticeService
[2025-11-16 오후 10:10:38] [Debug] [Application] Service Release: Tripolygon.UModeler.Hub.Noticies.NoticeService
[2025-11-16 오후 10:10:38] [Debug] [Application] Service Release: Tripolygon.UModeler.Hub.Notifications.UpdateProductNotifier
[2025-11-16 오후 10:10:38] [Debug] [Application] Service Release: Tripolygon.UModeler.Hub.Notifications.UpdateProductNotifier
[2025-11-16 오후 10:10:38] [Debug] [Application] Service Release: Tripolygon.UModeler.Hub.Notifications.UpdateHubNotifier
[2025-11-16 오후 10:10:38] [Debug] [Application] Service Release: Tripolygon.UModeler.Hub.Notifications.UpdateHubNotifier
[2025-11-16 오후 10:10:38] [Debug] [Application] Service Release: Tripolygon.UModeler.Hub.VSAttributionService
[2025-11-16 오후 10:10:38] [Debug] [Application] Service Release: Tripolygon.UModeler.Hub.VSAttributionService
[2025-11-16 오후 10:10:41] [Debug] [Application] service: Tripolygon.UModeler.Hub.HubAuthentication = Tripolygon.UModeler.Hub.HubAuthentication
[2025-11-16 오후 10:10:41] [Debug] [Application] service: Tripolygon.UModeler.UI.IApplicationCache = Tripolygon.UModeler.Editor.UI.UnityEditorApplicationCache
[2025-11-16 오후 10:10:41] [Debug] ActualHost
[2025-11-16 오후 10:10:41] [Debug] [Application] service: Tripolygon.UModeler.Hub.HubAuthentication = Tripolygon.UModeler.Hub.HubAuthentication
[2025-11-16 오후 10:10:41] [Debug] [Application] service: Tripolygon.UModeler.Hub.Notifications.UpdateHubNotifier = Tripolygon.UModeler.Hub.Notifications.UpdateHubNotifier
[2025-11-16 오후 10:10:41] [Debug] ActualHost
[2025-11-16 오후 10:10:41] [Debug] [Application] service: Tripolygon.UModeler.Hub.INoticeService = Tripolygon.UModeler.Hub.Noticies.NoticeService
[2025-11-16 오후 10:10:41] [Debug] [Application] service: Tripolygon.UModeler.Authentication.IAuthenticationApiProvider = Tripolygon.UModeler.Editor.AuthenticationApiProviderService
[2025-11-16 오후 10:10:42] [Debug] [Application] Initialize: isReloading=True
[2025-11-16 오후 10:10:41] [Debug] [Application] service: Tripolygon.UModeler.UI.IApplicationUtilityService = Tripolygon.UModeler.Editor.UI.UnityEditorApplicationUtilityService
[2025-11-16 오후 10:10:43] [Debug] [Application] Service Initialize: Tripolygon.UModeler.Hub.HubAuthentication
[2025-11-16 오후 10:10:41] [Debug] [Application] service: Tripolygon.UModeler.UI.ITextureProvider = Tripolygon.UModeler.Editor.UI.UnityEditorTextureProvider
[2025-11-16 오후 10:10:43] [Debug] [Application] Service Initialize: Tripolygon.UModeler.Editor.UI.UnityEditorApplicationCache
[2025-11-16 오후 10:10:41] [Debug] [Application] service: Tripolygon.UModeler.Hub.Resources.IResourcesApiProvider = Tripolygon.UModeler.Hub.ResourcesApiProviderService
[2025-11-16 오후 10:10:41] [Debug] [Application] service: Tripolygon.UModeler.Hub.HubFlashService = Tripolygon.UModeler.Hub.HubFlashService
[2025-11-16 오후 10:10:43] [Debug] [Application] Service Initialize: Tripolygon.UModeler.Hub.HubService
[2025-11-16 오후 10:10:41] [Debug] [Application] service: Tripolygon.UModeler.Hub.VSAttributionService = Tripolygon.UModeler.Hub.VSAttributionService
[2025-11-16 오후 10:10:43] [Debug] [Application] Service Initialize: Tripolygon.UModeler.Editor.UI.UnityEditorApplicationUtilityService
[2025-11-16 오후 10:10:41] [Debug] [Application] service: Tripolygon.UModeler.Hub.Notifications.UpdateProductNotifier = Tripolygon.UModeler.Hub.Notifications.UpdateProductNotifier
[2025-11-16 오후 10:10:41] [Debug] [Application] service: Tripolygon.UModeler.Hub.INoticeService = Tripolygon.UModeler.Hub.Noticies.NoticeService
[2025-11-16 오후 10:10:41] [Debug] [Application] service: Tripolygon.UModeler.Hub.Views.SceneViews.HubSceneViewService = Tripolygon.UModeler.Hub.Views.SceneViews.HubSceneViewService
[2025-11-16 오후 10:10:43] [Debug] [HubAnalytics] PosthogClient.SetAutoFlush: Value Changed: True
[2025-11-16 오후 10:10:43] [Debug] [Application] Service Initialize: Tripolygon.UModeler.Hub.HubAuthentication
[2025-11-16 오후 10:10:43] [Debug] [Application] Service Initialize: Tripolygon.UModeler.Editor.UI.UnityEditorApplicationCache
[2025-11-16 오후 10:10:43] [Debug] [Application] Service Initialize: Tripolygon.UModeler.Hub.HubService
[2025-11-16 오후 10:10:43] [Debug] [Application] Service Initialize: Tripolygon.UModeler.Hub.HubAnalyticsService
[2025-11-16 오후 10:10:43] [Debug] [Application] Service Initialize: Tripolygon.UModeler.Editor.UI.UnityEditorApplicationUtilityService
[2025-11-16 오후 10:10:43] [Debug] [Application] Service Initialize: Tripolygon.UModeler.Hub.VSAttributionService
[2025-11-16 오후 10:10:43] [Debug] [Application] Service Initialize: Tripolygon.UModeler.Hub.HubFlashService
[2025-11-16 오후 10:10:43] [Debug] [Application] Service Initialize: Tripolygon.UModeler.Hub.Notifications.UpdateHubNotifier
[2025-11-16 오후 10:10:43] [Debug] [HubAnalytics] PosthogClient.SetAutoFlush: Value Changed: True
[2025-11-16 오후 10:10:43] [Debug] [Application] Service Initialize: Tripolygon.UModeler.Hub.Notifications.UpdateProductNotifier
[2025-11-16 오후 10:10:43] [Debug] [Application] Service Initialize: Tripolygon.UModeler.Hub.Noticies.NoticeService
[2025-11-16 오후 10:10:43] [Debug] [Application] Service Initialize: Tripolygon.UModeler.Hub.Views.SceneViews.HubSceneViewService
[2025-11-16 오후 10:10:43] [Debug] [Application] Service Initialize: Tripolygon.UModeler.Hub.HubAnalyticsService
[2025-11-16 오후 10:10:43] [Debug] [Application] Service Initialize: Tripolygon.UModeler.Hub.VSAttributionService
[2025-11-16 오후 10:10:43] [Debug] [Application] Service Initialize: Tripolygon.UModeler.Hub.Notifications.UpdateHubNotifier
[2025-11-16 오후 10:10:43] [Debug] [Application] Service Initialize: Tripolygon.UModeler.Hub.Notifications.UpdateProductNotifier
[2025-11-16 오후 10:10:43] [Debug] [Application] Service Initialize: Tripolygon.UModeler.Hub.Noticies.NoticeService
[2025-11-16 오후 10:10:43] [Debug] [Application] Service Initialize: Tripolygon.UModeler.Hub.Views.SceneViews.HubSceneViewService
[2025-11-16 오후 10:23:02] [Debug] [Application] Release: isReloading=True
[2025-11-16 오후 10:23:02] [Debug] [Application] Service Release: Tripolygon.UModeler.Hub.Views.SceneViews.HubSceneViewService
[2025-11-16 오후 10:23:02] [Debug] [Application] Service Release: Tripolygon.UModeler.Hub.Noticies.NoticeService
[2025-11-16 오후 10:23:02] [Debug] [Application] Service Release: Tripolygon.UModeler.Hub.Notifications.UpdateProductNotifier
[2025-11-16 오후 10:23:02] [Debug] [Application] Service Release: Tripolygon.UModeler.Hub.Notifications.UpdateHubNotifier
[2025-11-16 오후 10:23:02] [Debug] [Application] Service Release: Tripolygon.UModeler.Hub.VSAttributionService
[2025-11-16 오후 10:23:02] [Debug] [HubAnalytics] PosthogClient.SetAutoFlush: Value Changed: False
[2025-11-16 오후 10:23:02] [Debug] [Application] Service Release: Tripolygon.UModeler.Hub.HubAnalyticsService
[2025-11-16 오후 10:23:02] [Debug] [Application] Service Release: Tripolygon.UModeler.Hub.HubFlashService
[2025-11-16 오후 10:23:02] [Debug] [Application] Service Release: Tripolygon.UModeler.Editor.UI.UnityEditorApplicationUtilityService
[2025-11-16 오후 10:23:02] [Debug] [Application] Service Release: Tripolygon.UModeler.Hub.HubService
[2025-11-16 오후 10:23:02] [Debug] [Application] Service Release: Tripolygon.UModeler.Editor.UI.UnityEditorApplicationCache
[2025-11-16 오후 10:23:02] [Debug] [Application] Service Release: Tripolygon.UModeler.Hub.HubAuthentication
[2025-11-16 오후 10:23:27] [Debug] [Application] service: Tripolygon.UModeler.Hub.HubAuthentication = Tripolygon.UModeler.Hub.HubAuthentication
[2025-11-16 오후 10:23:27] [Debug] [Application] service: Tripolygon.UModeler.UI.IApplicationCache = Tripolygon.UModeler.Editor.UI.UnityEditorApplicationCache
[2025-11-16 오후 10:23:27] [Debug] ActualHost
[2025-11-16 오후 10:23:27] [Debug] [Application] service: Tripolygon.UModeler.Hub.IHubService = Tripolygon.UModeler.Hub.HubService
[2025-11-16 오후 10:23:27] [Debug] [Application] service: Tripolygon.UModeler.Authentication.IAuthenticationApiProvider = Tripolygon.UModeler.Editor.AuthenticationApiProviderService
[2025-11-16 오후 10:23:27] [Debug] [Application] service: Tripolygon.UModeler.UI.IObjectHierarchyService = Tripolygon.UModeler.Editor.UI.UnityEditorObjectHierarchyService
[2025-11-16 오후 10:23:27] [Debug] [Application] service: Tripolygon.UModeler.UI.IApplicationUtilityService = Tripolygon.UModeler.Editor.UI.UnityEditorApplicationUtilityService
[2025-11-16 오후 10:23:27] [Debug] [Application] service: Tripolygon.UModeler.Editor.UI.ApplicationSettings = Tripolygon.UModeler.Editor.UI.ApplicationSettings
[2025-11-16 오후 10:23:27] [Debug] [Application] service: Tripolygon.UModeler.UI.ITextureProvider = Tripolygon.UModeler.Editor.UI.UnityEditorTextureProvider
[2025-11-16 오후 10:23:27] [Debug] [Application] service: Tripolygon.UModeler.Hub.Resources.IResourcesApiProvider = Tripolygon.UModeler.Hub.ResourcesApiProviderService
[2025-11-16 오후 10:23:27] [Debug] [Application] service: Tripolygon.UModeler.Hub.HubFlashService = Tripolygon.UModeler.Hub.HubFlashService
[2025-11-16 오후 10:23:27] [Debug] [Application] service: Tripolygon.UModeler.Hub.IHubAnalyticsService = Tripolygon.UModeler.Hub.HubAnalyticsService
[2025-11-16 오후 10:23:27] [Debug] [Application] service: Tripolygon.UModeler.Hub.VSAttributionService = Tripolygon.UModeler.Hub.VSAttributionService
[2025-11-16 오후 10:23:27] [Debug] [Application] service: Tripolygon.UModeler.Hub.Notifications.UpdateHubNotifier = Tripolygon.UModeler.Hub.Notifications.UpdateHubNotifier
[2025-11-16 오후 10:23:27] [Debug] [Application] service: Tripolygon.UModeler.Hub.Notifications.UpdateProductNotifier = Tripolygon.UModeler.Hub.Notifications.UpdateProductNotifier
[2025-11-16 오후 10:23:27] [Debug] [Application] service: Tripolygon.UModeler.Hub.INoticeService = Tripolygon.UModeler.Hub.Noticies.NoticeService
[2025-11-16 오후 10:23:27] [Debug] [Application] service: Tripolygon.UModeler.Hub.Views.SceneViews.HubSceneViewService = Tripolygon.UModeler.Hub.Views.SceneViews.HubSceneViewService
[2025-11-16 오후 10:23:30] [Debug] [Application] Initialize: isReloading=True
[2025-11-16 오후 10:23:30] [Debug] [Application] Service Initialize: Tripolygon.UModeler.Hub.HubAuthentication
[2025-11-16 오후 10:23:30] [Debug] [Application] Service Initialize: Tripolygon.UModeler.Editor.UI.UnityEditorApplicationCache
[2025-11-16 오후 10:23:30] [Debug] [Application] Service Initialize: Tripolygon.UModeler.Hub.HubService
[2025-11-16 오후 10:23:30] [Debug] [Application] Service Initialize: Tripolygon.UModeler.Editor.UI.UnityEditorApplicationUtilityService
[2025-11-16 오후 10:23:30] [Debug] [Application] Service Initialize: Tripolygon.UModeler.Hub.HubFlashService
[2025-11-16 오후 10:23:30] [Debug] [HubAnalytics] PosthogClient.SetAutoFlush: Value Changed: True
[2025-11-16 오후 10:23:31] [Debug] [Application] Service Initialize: Tripolygon.UModeler.Hub.HubAnalyticsService
[2025-11-16 오후 10:23:31] [Debug] [Application] Service Initialize: Tripolygon.UModeler.Hub.VSAttributionService
[2025-11-16 오후 10:23:31] [Debug] [Application] Service Initialize: Tripolygon.UModeler.Hub.Notifications.UpdateHubNotifier
[2025-11-16 오후 10:23:31] [Debug] [Application] Service Initialize: Tripolygon.UModeler.Hub.Notifications.UpdateProductNotifier
[2025-11-16 오후 10:23:31] [Debug] [Application] Service Initialize: Tripolygon.UModeler.Hub.Noticies.NoticeService
[2025-11-16 오후 10:23:31] [Debug] [Application] Service Initialize: Tripolygon.UModeler.Hub.Views.SceneViews.HubSceneViewService
[2025-11-16 오후 10:23:34] [Debug] [Application] Release: isReloading=True
[2025-11-16 오후 10:23:34] [Debug] [Application] Release: isReloading=True
[2025-11-16 오후 10:23:34] [Debug] [Application] Service Release: Tripolygon.UModeler.Hub.Views.SceneViews.HubSceneViewService
[2025-11-16 오후 10:23:34] [Debug] [Application] Service Release: Tripolygon.UModeler.Hub.Views.SceneViews.HubSceneViewService
[2025-11-16 오후 10:23:34] [Debug] [Application] Service Release: Tripolygon.UModeler.Hub.Noticies.NoticeService
[2025-11-16 오후 10:23:34] [Debug] [Application] Service Release: Tripolygon.UModeler.Hub.Noticies.NoticeService
[2025-11-16 오후 10:23:34] [Debug] [Application] Service Release: Tripolygon.UModeler.Hub.Notifications.UpdateProductNotifier
[2025-11-16 오후 10:23:34] [Debug] [Application] Service Release: Tripolygon.UModeler.Hub.Notifications.UpdateProductNotifier
[2025-11-16 오후 10:23:34] [Debug] [Application] Service Release: Tripolygon.UModeler.Hub.Notifications.UpdateHubNotifier
[2025-11-16 오후 10:23:34] [Debug] [Application] Service Release: Tripolygon.UModeler.Hub.Notifications.UpdateHubNotifier
[2025-11-16 오후 10:23:34] [Debug] [Application] Service Release: Tripolygon.UModeler.Hub.VSAttributionService
[2025-11-16 오후 10:23:34] [Debug] [Application] Service Release: Tripolygon.UModeler.Hub.VSAttributionService
[2025-11-16 오후 10:23:38] [Debug] [Application] service: Tripolygon.UModeler.Hub.HubAuthentication = Tripolygon.UModeler.Hub.HubAuthentication
[2025-11-16 오후 10:23:38] [Debug] [Application] service: Tripolygon.UModeler.Hub.HubAuthentication = Tripolygon.UModeler.Hub.HubAuthentication
[2025-11-16 오후 10:23:38] [Debug] [Application] service: Tripolygon.UModeler.Hub.HubFlashService = Tripolygon.UModeler.Hub.HubFlashService
[2025-11-16 오후 10:23:38] [Debug] ActualHost
[2025-11-16 오후 10:23:38] [Debug] [Application] service: Tripolygon.UModeler.Hub.IHubAnalyticsService = Tripolygon.UModeler.Hub.HubAnalyticsService
[2025-11-16 오후 10:23:38] [Debug] [Application] service: Tripolygon.UModeler.Hub.IHubService = Tripolygon.UModeler.Hub.HubService
[2025-11-16 오후 10:23:38] [Debug] [Application] service: Tripolygon.UModeler.Hub.Notifications.UpdateHubNotifier = Tripolygon.UModeler.Hub.Notifications.UpdateHubNotifier
[2025-11-16 오후 10:23:38] [Debug] [Application] service: Tripolygon.UModeler.UI.IObjectHierarchyService = Tripolygon.UModeler.Editor.UI.UnityEditorObjectHierarchyService
[2025-11-16 오후 10:23:38] [Debug] [Application] service: Tripolygon.UModeler.Hub.INoticeService = Tripolygon.UModeler.Hub.Noticies.NoticeService
[2025-11-16 오후 10:23:38] [Debug] [Application] service: Tripolygon.UModeler.Editor.UI.ApplicationSettings = Tripolygon.UModeler.Editor.UI.ApplicationSettings
[2025-11-16 오후 10:23:39] [Debug] [Application] Initialize: isReloading=True
[2025-11-16 오후 10:23:38] [Debug] [Application] service: Tripolygon.UModeler.Hub.Resources.IResourcesApiProvider = Tripolygon.UModeler.Hub.ResourcesApiProviderService
[2025-11-16 오후 10:23:39] [Debug] [Application] Service Initialize: Tripolygon.UModeler.Hub.HubAuthentication
[2025-11-16 오후 10:23:38] [Debug] [Application] service: Tripolygon.UModeler.Hub.IHubAnalyticsService = Tripolygon.UModeler.Hub.HubAnalyticsService
[2025-11-16 오후 10:23:39] [Debug] [Application] Service Initialize: Tripolygon.UModeler.Editor.UI.UnityEditorApplicationCache
[2025-11-16 오후 10:23:38] [Debug] [Application] service: Tripolygon.UModeler.Hub.Notifications.UpdateHubNotifier = Tripolygon.UModeler.Hub.Notifications.UpdateHubNotifier
[2025-11-16 오후 10:23:38] [Debug] [Application] service: Tripolygon.UModeler.Hub.Notifications.UpdateProductNotifier = Tripolygon.UModeler.Hub.Notifications.UpdateProductNotifier
[2025-11-16 오후 10:23:38] [Debug] [Application] service: Tripolygon.UModeler.Hub.INoticeService = Tripolygon.UModeler.Hub.Noticies.NoticeService
[2025-11-16 오후 10:23:39] [Debug] [Application] Service Initialize: Tripolygon.UModeler.Editor.UI.UnityEditorApplicationUtilityService
[2025-11-16 오후 10:23:39] [Debug] [Application] Initialize: isReloading=False
[2025-11-16 오후 10:23:39] [Debug] [Application] Service Initialize: Tripolygon.UModeler.Hub.HubFlashService
[2025-11-16 오후 10:23:39] [Debug] [Application] Service Initialize: Tripolygon.UModeler.Hub.HubAuthentication
[2025-11-16 오후 10:23:39] [Debug] [Application] Service Initialize: Tripolygon.UModeler.Editor.UI.UnityEditorApplicationCache
[2025-11-16 오후 10:23:39] [Debug] [HubAnalytics] PosthogClient.SetAutoFlush: Value Changed: True
[2025-11-16 오후 10:23:39] [Debug] [Application] Service Initialize: Tripolygon.UModeler.Hub.HubService
[2025-11-16 오후 10:23:39] [Debug] [Application] Service Initialize: Tripolygon.UModeler.Editor.UI.UnityEditorApplicationUtilityService
[2025-11-16 오후 10:23:39] [Debug] [Application] Service Initialize: Tripolygon.UModeler.Hub.HubFlashService
[2025-11-16 오후 10:23:39] [Debug] [Application] Service Initialize: Tripolygon.UModeler.Hub.HubAnalyticsService
[2025-11-16 오후 10:23:39] [Debug] [HubAnalytics] PosthogClient.SetAutoFlush: Value Changed: True
[2025-11-16 오후 10:23:39] [Debug] [Application] Service Initialize: Tripolygon.UModeler.Hub.VSAttributionService
[2025-11-16 오후 10:23:39] [Debug] [Application] Service Initialize: Tripolygon.UModeler.Hub.Notifications.UpdateHubNotifier
[2025-11-16 오후 10:23:39] [Debug] [Application] Service Initialize: Tripolygon.UModeler.Hub.Notifications.UpdateProductNotifier
[2025-11-16 오후 10:23:39] [Debug] [Application] Service Initialize: Tripolygon.UModeler.Hub.HubAnalyticsService
[2025-11-16 오후 10:23:39] [Debug] [Application] Service Initialize: Tripolygon.UModeler.Hub.Noticies.NoticeService
[2025-11-16 오후 10:23:39] [Debug] [Application] Service Initialize: Tripolygon.UModeler.Hub.VSAttributionService
[2025-11-16 오후 10:23:40] [Debug] [Application] Service Initialize: Tripolygon.UModeler.Hub.Views.SceneViews.HubSceneViewService
[2025-11-16 오후 10:23:40] [Debug] [Application] Service Initialize: Tripolygon.UModeler.Hub.Notifications.UpdateHubNotifier
[2025-11-16 오후 10:23:40] [Debug] [Application] Service Initialize: Tripolygon.UModeler.Hub.Notifications.UpdateProductNotifier
[2025-11-16 오후 10:23:40] [Debug] [Application] Service Initialize: Tripolygon.UModeler.Hub.Noticies.NoticeService
[2025-11-16 오후 10:23:40] [Debug] [Application] Service Initialize: Tripolygon.UModeler.Hub.Views.SceneViews.HubSceneViewService
[2025-11-16 오후 10:24:01] [Debug] [Application] Release: isReloading=True
[2025-11-16 오후 10:24:01] [Debug] [Application] Service Release: Tripolygon.UModeler.Hub.Views.SceneViews.HubSceneViewService
[2025-11-16 오후 10:24:01] [Debug] [Application] Service Release: Tripolygon.UModeler.Hub.Noticies.NoticeService
[2025-11-16 오후 10:24:01] [Debug] [Application] Service Release: Tripolygon.UModeler.Hub.Notifications.UpdateProductNotifier
[2025-11-16 오후 10:24:01] [Debug] [Application] Service Release: Tripolygon.UModeler.Hub.Notifications.UpdateHubNotifier
[2025-11-16 오후 10:24:01] [Debug] [Application] Service Release: Tripolygon.UModeler.Hub.VSAttributionService
[2025-11-16 오후 10:24:01] [Debug] [HubAnalytics] PosthogClient.SetAutoFlush: Value Changed: False
[2025-11-16 오후 10:24:01] [Debug] [Application] Service Release: Tripolygon.UModeler.Hub.HubAnalyticsService
[2025-11-16 오후 10:24:01] [Debug] [Application] Service Release: Tripolygon.UModeler.Hub.HubFlashService
[2025-11-16 오후 10:24:01] [Debug] [Application] Service Release: Tripolygon.UModeler.Editor.UI.UnityEditorApplicationUtilityService
[2025-11-16 오후 10:24:01] [Debug] [Application] Service Release: Tripolygon.UModeler.Hub.HubService
[2025-11-16 오후 10:24:01] [Debug] [Application] Service Release: Tripolygon.UModeler.Editor.UI.UnityEditorApplicationCache
[2025-11-16 오후 10:24:01] [Debug] [Application] Service Release: Tripolygon.UModeler.Hub.HubAuthentication
[2025-11-16 오후 10:24:05] [Debug] [Application] service: Tripolygon.UModeler.Hub.HubAuthentication = Tripolygon.UModeler.Hub.HubAuthentication
[2025-11-16 오후 10:24:05] [Debug] [Application] service: Tripolygon.UModeler.UI.IApplicationCache = Tripolygon.UModeler.Editor.UI.UnityEditorApplicationCache
[2025-11-16 오후 10:24:05] [Debug] ActualHost
[2025-11-16 오후 10:24:05] [Debug] [Application] service: Tripolygon.UModeler.Hub.IHubService = Tripolygon.UModeler.Hub.HubService
[2025-11-16 오후 10:24:05] [Debug] [Application] service: Tripolygon.UModeler.Authentication.IAuthenticationApiProvider = Tripolygon.UModeler.Editor.AuthenticationApiProviderService
[2025-11-16 오후 10:24:05] [Debug] [Application] service: Tripolygon.UModeler.UI.IObjectHierarchyService = Tripolygon.UModeler.Editor.UI.UnityEditorObjectHierarchyService
[2025-11-16 오후 10:24:05] [Debug] [Application] service: Tripolygon.UModeler.UI.IApplicationUtilityService = Tripolygon.UModeler.Editor.UI.UnityEditorApplicationUtilityService
[2025-11-16 오후 10:24:05] [Debug] [Application] service: Tripolygon.UModeler.Editor.UI.ApplicationSettings = Tripolygon.UModeler.Editor.UI.ApplicationSettings
[2025-11-16 오후 10:24:05] [Debug] [Application] service: Tripolygon.UModeler.UI.ITextureProvider = Tripolygon.UModeler.Editor.UI.UnityEditorTextureProvider
[2025-11-16 오후 10:24:05] [Debug] [Application] service: Tripolygon.UModeler.Hub.Resources.IResourcesApiProvider = Tripolygon.UModeler.Hub.ResourcesApiProviderService
[2025-11-16 오후 10:24:05] [Debug] [Application] service: Tripolygon.UModeler.Hub.HubFlashService = Tripolygon.UModeler.Hub.HubFlashService
[2025-11-16 오후 10:24:05] [Debug] [Application] service: Tripolygon.UModeler.Hub.IHubAnalyticsService = Tripolygon.UModeler.Hub.HubAnalyticsService
[2025-11-16 오후 10:24:05] [Debug] [Application] service: Tripolygon.UModeler.Hub.VSAttributionService = Tripolygon.UModeler.Hub.VSAttributionService
[2025-11-16 오후 10:24:05] [Debug] [Application] service: Tripolygon.UModeler.Hub.Notifications.UpdateHubNotifier = Tripolygon.UModeler.Hub.Notifications.UpdateHubNotifier
[2025-11-16 오후 10:24:05] [Debug] [Application] service: Tripolygon.UModeler.Hub.Notifications.UpdateProductNotifier = Tripolygon.UModeler.Hub.Notifications.UpdateProductNotifier
[2025-11-16 오후 10:24:05] [Debug] [Application] service: Tripolygon.UModeler.Hub.INoticeService = Tripolygon.UModeler.Hub.Noticies.NoticeService
[2025-11-16 오후 10:24:05] [Debug] [Application] service: Tripolygon.UModeler.Hub.Views.SceneViews.HubSceneViewService = Tripolygon.UModeler.Hub.Views.SceneViews.HubSceneViewService
[2025-11-16 오후 10:24:07] [Debug] [Application] Initialize: isReloading=True
[2025-11-16 오후 10:24:07] [Debug] [Application] Service Initialize: Tripolygon.UModeler.Hub.HubAuthentication
[2025-11-16 오후 10:24:07] [Debug] [Application] Service Initialize: Tripolygon.UModeler.Editor.UI.UnityEditorApplicationCache
[2025-11-16 오후 10:24:07] [Debug] [Application] Service Initialize: Tripolygon.UModeler.Hub.HubService
[2025-11-16 오후 10:24:07] [Debug] [Application] Service Initialize: Tripolygon.UModeler.Editor.UI.UnityEditorApplicationUtilityService
[2025-11-16 오후 10:24:07] [Debug] [Application] Service Initialize: Tripolygon.UModeler.Hub.HubFlashService
[2025-11-16 오후 10:24:07] [Debug] [HubAnalytics] PosthogClient.SetAutoFlush: Value Changed: True
[2025-11-16 오후 10:24:07] [Debug] [Application] Service Initialize: Tripolygon.UModeler.Hub.HubAnalyticsService
[2025-11-16 오후 10:24:07] [Debug] [Application] Service Initialize: Tripolygon.UModeler.Hub.VSAttributionService
[2025-11-16 오후 10:24:07] [Debug] [Application] Service Initialize: Tripolygon.UModeler.Hub.Notifications.UpdateHubNotifier
[2025-11-16 오후 10:24:07] [Debug] [Application] Service Initialize: Tripolygon.UModeler.Hub.Notifications.UpdateProductNotifier
[2025-11-16 오후 10:24:07] [Debug] [Application] Service Initialize: Tripolygon.UModeler.Hub.Noticies.NoticeService
[2025-11-16 오후 10:24:07] [Debug] [Application] Service Initialize: Tripolygon.UModeler.Hub.Views.SceneViews.HubSceneViewService
[2025-11-16 오후 10:24:08] [Debug] [Application] Release: isReloading=True
[2025-11-16 오후 10:24:08] [Debug] [Application] Release: isReloading=True
[2025-11-16 오후 10:24:08] [Debug] [Application] Service Release: Tripolygon.UModeler.Hub.Views.SceneViews.HubSceneViewService
[2025-11-16 오후 10:24:08] [Debug] [Application] Service Release: Tripolygon.UModeler.Hub.Views.SceneViews.HubSceneViewService
[2025-11-16 오후 10:24:08] [Debug] [Application] Service Release: Tripolygon.UModeler.Hub.Noticies.NoticeService
[2025-11-16 오후 10:24:08] [Debug] [Application] Service Release: Tripolygon.UModeler.Hub.Noticies.NoticeService
[2025-11-16 오후 10:24:08] [Debug] [Application] Service Release: Tripolygon.UModeler.Hub.Notifications.UpdateProductNotifier
[2025-11-16 오후 10:24:08] [Debug] [Application] Service Release: Tripolygon.UModeler.Hub.Notifications.UpdateProductNotifier
[2025-11-16 오후 10:24:08] [Debug] [Application] Service Release: Tripolygon.UModeler.Hub.Notifications.UpdateHubNotifier
[2025-11-16 오후 10:24:08] [Debug] [Application] Service Release: Tripolygon.UModeler.Hub.Notifications.UpdateHubNotifier
[2025-11-16 오후 10:24:08] [Debug] [Application] Service Release: Tripolygon.UModeler.Hub.VSAttributionService
[2025-11-16 오후 10:24:08] [Debug] [Application] Service Release: Tripolygon.UModeler.Hub.VSAttributionService
[2025-11-16 오후 10:24:10] [Debug] [Application] service: Tripolygon.UModeler.Hub.HubAuthentication = Tripolygon.UModeler.Hub.HubAuthentication
[2025-11-16 오후 10:24:10] [Debug] [Application] service: Tripolygon.UModeler.Hub.HubAuthentication = Tripolygon.UModeler.Hub.HubAuthentication
[2025-11-16 오후 10:24:11] [Debug] [Application] service: Tripolygon.UModeler.Hub.Resources.IResourcesApiProvider = Tripolygon.UModeler.Hub.ResourcesApiProviderService
[2025-11-16 오후 10:24:10] [Debug] ActualHost
[2025-11-16 오후 10:24:11] [Debug] [Application] service: Tripolygon.UModeler.Hub.HubFlashService = Tripolygon.UModeler.Hub.HubFlashService
[2025-11-16 오후 10:24:10] [Debug] [Application] service: Tripolygon.UModeler.Authentication.IAuthenticationApiProvider = Tripolygon.UModeler.Editor.AuthenticationApiProviderService
[2025-11-16 오후 10:24:11] [Debug] [Application] service: Tripolygon.UModeler.Hub.VSAttributionService = Tripolygon.UModeler.Hub.VSAttributionService
[2025-11-16 오후 10:24:10] [Debug] [Application] service: Tripolygon.UModeler.UI.IApplicationUtilityService = Tripolygon.UModeler.Editor.UI.UnityEditorApplicationUtilityService
[2025-11-16 오후 10:24:11] [Debug] [Application] service: Tripolygon.UModeler.Hub.Notifications.UpdateProductNotifier = Tripolygon.UModeler.Hub.Notifications.UpdateProductNotifier
[2025-11-16 오후 10:24:11] [Debug] [Application] service: Tripolygon.UModeler.UI.ITextureProvider = Tripolygon.UModeler.Editor.UI.UnityEditorTextureProvider
[2025-11-16 오후 10:24:11] [Debug] [Application] service: Tripolygon.UModeler.Hub.Views.SceneViews.HubSceneViewService = Tripolygon.UModeler.Hub.Views.SceneViews.HubSceneViewService
[2025-11-16 오후 10:24:12] [Debug] [Application] Initialize: isReloading=True
[2025-11-16 오후 10:24:11] [Debug] [Application] service: Tripolygon.UModeler.Hub.IHubAnalyticsService = Tripolygon.UModeler.Hub.HubAnalyticsService
[2025-11-16 오후 10:24:12] [Debug] [Application] Service Initialize: Tripolygon.UModeler.Hub.HubAuthentication
[2025-11-16 오후 10:24:11] [Debug] [Application] service: Tripolygon.UModeler.Hub.VSAttributionService = Tripolygon.UModeler.Hub.VSAttributionService
[2025-11-16 오후 10:24:12] [Debug] [Application] Service Initialize: Tripolygon.UModeler.Editor.UI.UnityEditorApplicationCache
[2025-11-16 오후 10:24:12] [Debug] [Application] Service Initialize: Tripolygon.UModeler.Hub.HubService
[2025-11-16 오후 10:24:12] [Debug] [Application] Service Initialize: Tripolygon.UModeler.Editor.UI.UnityEditorApplicationUtilityService
[2025-11-16 오후 10:24:12] [Debug] [Application] Service Initialize: Tripolygon.UModeler.Hub.HubService
[2025-11-16 오후 10:24:12] [Debug] [Application] Service Initialize: Tripolygon.UModeler.Hub.HubFlashService
[2025-11-16 오후 10:24:12] [Debug] [Application] Service Initialize: Tripolygon.UModeler.Hub.HubFlashService
[2025-11-16 오후 10:24:12] [Debug] [HubAnalytics] PosthogClient.SetAutoFlush: Value Changed: True
[2025-11-16 오후 10:24:12] [Debug] [HubAnalytics] PosthogClient.SetAutoFlush: Value Changed: True
[2025-11-16 오후 10:24:12] [Debug] [Application] Service Initialize: Tripolygon.UModeler.Hub.HubAnalyticsService
[2025-11-16 오후 10:24:12] [Debug] [Application] Service Initialize: Tripolygon.UModeler.Hub.VSAttributionService
[2025-11-16 오후 10:24:12] [Debug] [Application] Service Initialize: Tripolygon.UModeler.Hub.HubAnalyticsService
[2025-11-16 오후 10:24:12] [Debug] [Application] Service Initialize: Tripolygon.UModeler.Hub.Notifications.UpdateHubNotifier
[2025-11-16 오후 10:24:12] [Debug] [Application] Service Initialize: Tripolygon.UModeler.Hub.VSAttributionService
[2025-11-16 오후 10:24:12] [Debug] [Application] Service Initialize: Tripolygon.UModeler.Hub.Notifications.UpdateProductNotifier
[2025-11-16 오후 10:24:12] [Debug] [Application] Service Initialize: Tripolygon.UModeler.Hub.Notifications.UpdateHubNotifier
[2025-11-16 오후 10:24:12] [Debug] [Application] Service Initialize: Tripolygon.UModeler.Hub.Noticies.NoticeService
[2025-11-16 오후 10:24:12] [Debug] [Application] Service Initialize: Tripolygon.UModeler.Hub.Notifications.UpdateProductNotifier
[2025-11-16 오후 10:24:12] [Debug] [Application] Service Initialize: Tripolygon.UModeler.Hub.Views.SceneViews.HubSceneViewService
[2025-11-16 오후 10:24:12] [Debug] [Application] Service Initialize: Tripolygon.UModeler.Hub.Noticies.NoticeService
[2025-11-16 오후 10:24:12] [Debug] [Application] Service Initialize: Tripolygon.UModeler.Hub.Views.SceneViews.HubSceneViewService
[2025-11-16 오후 10:46:53] [Debug] [Application] Release: isReloading=True
[2025-11-16 오후 10:46:53] [Debug] [Application] Service Release: Tripolygon.UModeler.Hub.Views.SceneViews.HubSceneViewService
[2025-11-16 오후 10:46:53] [Debug] [Application] Service Release: Tripolygon.UModeler.Hub.Noticies.NoticeService
[2025-11-16 오후 10:46:53] [Debug] [Application] Service Release: Tripolygon.UModeler.Hub.Notifications.UpdateProductNotifier
[2025-11-16 오후 10:46:53] [Debug] [Application] Service Release: Tripolygon.UModeler.Hub.Notifications.UpdateHubNotifier
[2025-11-16 오후 10:46:53] [Debug] [Application] Service Release: Tripolygon.UModeler.Hub.VSAttributionService
[2025-11-16 오후 10:46:53] [Debug] [HubAnalytics] PosthogClient.SetAutoFlush: Value Changed: False
[2025-11-16 오후 10:46:53] [Debug] [Application] Service Release: Tripolygon.UModeler.Hub.HubAnalyticsService
[2025-11-16 오후 10:46:53] [Debug] [Application] Service Release: Tripolygon.UModeler.Hub.HubFlashService
[2025-11-16 오후 10:46:53] [Debug] [Application] Service Release: Tripolygon.UModeler.Editor.UI.UnityEditorApplicationUtilityService
[2025-11-16 오후 10:46:53] [Debug] [Application] Service Release: Tripolygon.UModeler.Hub.HubService
[2025-11-16 오후 10:46:53] [Debug] [Application] Service Release: Tripolygon.UModeler.Editor.UI.UnityEditorApplicationCache
[2025-11-16 오후 10:46:53] [Debug] [Application] Service Release: Tripolygon.UModeler.Hub.HubAuthentication
[2025-11-16 오후 10:47:23] [Debug] [Application] service: Tripolygon.UModeler.Hub.HubAuthentication = Tripolygon.UModeler.Hub.HubAuthentication
[2025-11-16 오후 10:47:23] [Debug] [Application] service: Tripolygon.UModeler.UI.IApplicationCache = Tripolygon.UModeler.Editor.UI.UnityEditorApplicationCache
[2025-11-16 오후 10:47:23] [Debug] ActualHost
[2025-11-16 오후 10:47:23] [Debug] [Application] service: Tripolygon.UModeler.Hub.IHubService = Tripolygon.UModeler.Hub.HubService
[2025-11-16 오후 10:47:23] [Debug] [Application] service: Tripolygon.UModeler.Authentication.IAuthenticationApiProvider = Tripolygon.UModeler.Editor.AuthenticationApiProviderService
[2025-11-16 오후 10:47:23] [Debug] [Application] service: Tripolygon.UModeler.UI.IObjectHierarchyService = Tripolygon.UModeler.Editor.UI.UnityEditorObjectHierarchyService
[2025-11-16 오후 10:47:23] [Debug] [Application] service: Tripolygon.UModeler.UI.IApplicationUtilityService = Tripolygon.UModeler.Editor.UI.UnityEditorApplicationUtilityService
[2025-11-16 오후 10:47:23] [Debug] [Application] service: Tripolygon.UModeler.Editor.UI.ApplicationSettings = Tripolygon.UModeler.Editor.UI.ApplicationSettings
[2025-11-16 오후 10:47:23] [Debug] [Application] service: Tripolygon.UModeler.UI.ITextureProvider = Tripolygon.UModeler.Editor.UI.UnityEditorTextureProvider
[2025-11-16 오후 10:47:23] [Debug] [Application] service: Tripolygon.UModeler.Hub.Resources.IResourcesApiProvider = Tripolygon.UModeler.Hub.ResourcesApiProviderService
[2025-11-16 오후 10:47:23] [Debug] [Application] service: Tripolygon.UModeler.Hub.HubFlashService = Tripolygon.UModeler.Hub.HubFlashService
[2025-11-16 오후 10:47:23] [Debug] [Application] service: Tripolygon.UModeler.Hub.IHubAnalyticsService = Tripolygon.UModeler.Hub.HubAnalyticsService
[2025-11-16 오후 10:47:23] [Debug] [Application] service: Tripolygon.UModeler.Hub.VSAttributionService = Tripolygon.UModeler.Hub.VSAttributionService
[2025-11-16 오후 10:47:23] [Debug] [Application] service: Tripolygon.UModeler.Hub.Notifications.UpdateHubNotifier = Tripolygon.UModeler.Hub.Notifications.UpdateHubNotifier
[2025-11-16 오후 10:47:23] [Debug] [Application] service: Tripolygon.UModeler.Hub.Notifications.UpdateProductNotifier = Tripolygon.UModeler.Hub.Notifications.UpdateProductNotifier
[2025-11-16 오후 10:47:23] [Debug] [Application] service: Tripolygon.UModeler.Hub.INoticeService = Tripolygon.UModeler.Hub.Noticies.NoticeService
[2025-11-16 오후 10:47:23] [Debug] [Application] service: Tripolygon.UModeler.Hub.Views.SceneViews.HubSceneViewService = Tripolygon.UModeler.Hub.Views.SceneViews.HubSceneViewService
[2025-11-16 오후 10:47:25] [Debug] [Application] Initialize: isReloading=True
[2025-11-16 오후 10:47:25] [Debug] [Application] Service Initialize: Tripolygon.UModeler.Hub.HubAuthentication
[2025-11-16 오후 10:47:25] [Debug] [Application] Service Initialize: Tripolygon.UModeler.Editor.UI.UnityEditorApplicationCache
[2025-11-16 오후 10:47:25] [Debug] [Application] Service Initialize: Tripolygon.UModeler.Hub.HubService
[2025-11-16 오후 10:47:25] [Debug] [Application] Service Initialize: Tripolygon.UModeler.Editor.UI.UnityEditorApplicationUtilityService
[2025-11-16 오후 10:47:25] [Debug] [Application] Service Initialize: Tripolygon.UModeler.Hub.HubFlashService
[2025-11-16 오후 10:47:25] [Debug] [HubAnalytics] PosthogClient.SetAutoFlush: Value Changed: True
[2025-11-16 오후 10:47:25] [Debug] [Application] Service Initialize: Tripolygon.UModeler.Hub.HubAnalyticsService
[2025-11-16 오후 10:47:25] [Debug] [Application] Service Initialize: Tripolygon.UModeler.Hub.VSAttributionService
[2025-11-16 오후 10:47:25] [Debug] [Application] Service Initialize: Tripolygon.UModeler.Hub.Notifications.UpdateHubNotifier
[2025-11-16 오후 10:47:25] [Debug] [Application] Service Initialize: Tripolygon.UModeler.Hub.Notifications.UpdateProductNotifier
[2025-11-16 오후 10:47:25] [Debug] [Application] Service Initialize: Tripolygon.UModeler.Hub.Noticies.NoticeService
[2025-11-16 오후 10:47:25] [Debug] [Application] Service Initialize: Tripolygon.UModeler.Hub.Views.SceneViews.HubSceneViewService
[2025-11-16 오후 10:47:26] [Debug] [Application] Release: isReloading=True
[2025-11-16 오후 10:47:26] [Debug] [Application] Release: isReloading=True
[2025-11-16 오후 10:47:26] [Debug] [Application] Service Release: Tripolygon.UModeler.Hub.Views.SceneViews.HubSceneViewService
[2025-11-16 오후 10:47:26] [Debug] [Application] Service Release: Tripolygon.UModeler.Hub.Views.SceneViews.HubSceneViewService
[2025-11-16 오후 10:47:26] [Debug] [Application] Service Release: Tripolygon.UModeler.Hub.Noticies.NoticeService
[2025-11-16 오후 10:47:26] [Debug] [Application] Service Release: Tripolygon.UModeler.Hub.Noticies.NoticeService
[2025-11-16 오후 10:47:26] [Debug] [Application] Service Release: Tripolygon.UModeler.Hub.Notifications.UpdateProductNotifier
[2025-11-16 오후 10:47:26] [Debug] [Application] Service Release: Tripolygon.UModeler.Hub.Notifications.UpdateProductNotifier
[2025-11-16 오후 10:47:26] [Debug] [Application] Service Release: Tripolygon.UModeler.Hub.Notifications.UpdateHubNotifier
[2025-11-16 오후 10:47:26] [Debug] [Application] Service Release: Tripolygon.UModeler.Hub.Notifications.UpdateHubNotifier
[2025-11-16 오후 10:47:26] [Debug] [Application] Service Release: Tripolygon.UModeler.Hub.VSAttributionService
[2025-11-16 오후 10:47:26] [Debug] [Application] Service Release: Tripolygon.UModeler.Hub.VSAttributionService
[2025-11-16 오후 10:47:29] [Debug] [Application] service: Tripolygon.UModeler.Hub.HubAuthentication = Tripolygon.UModeler.Hub.HubAuthentication
[2025-11-16 오후 10:47:29] [Debug] [Application] service: Tripolygon.UModeler.UI.IApplicationCache = Tripolygon.UModeler.Editor.UI.UnityEditorApplicationCache
[2025-11-16 오후 10:47:29] [Debug] [Application] service: Tripolygon.UModeler.UI.IApplicationUtilityService = Tripolygon.UModeler.Editor.UI.UnityEditorApplicationUtilityService
[2025-11-16 오후 10:47:29] [Debug] [Application] service: Tripolygon.UModeler.Hub.IHubService = Tripolygon.UModeler.Hub.HubService
[2025-11-16 오후 10:47:29] [Debug] [Application] service: Tripolygon.UModeler.Editor.UI.ApplicationSettings = Tripolygon.UModeler.Editor.UI.ApplicationSettings
[2025-11-16 오후 10:47:29] [Debug] [Application] service: Tripolygon.UModeler.UI.IObjectHierarchyService = Tripolygon.UModeler.Editor.UI.UnityEditorObjectHierarchyService
[2025-11-16 오후 10:47:29] [Debug] [Application] service: Tripolygon.UModeler.UI.ITextureProvider = Tripolygon.UModeler.Editor.UI.UnityEditorTextureProvider
[2025-11-16 오후 10:47:29] [Debug] [Application] service: Tripolygon.UModeler.Editor.UI.ApplicationSettings = Tripolygon.UModeler.Editor.UI.ApplicationSettings
[2025-11-16 오후 10:47:29] [Debug] [Application] service: Tripolygon.UModeler.Hub.Resources.IResourcesApiProvider = Tripolygon.UModeler.Hub.ResourcesApiProviderService
[2025-11-16 오후 10:47:29] [Debug] [Application] service: Tripolygon.UModeler.Hub.Resources.IResourcesApiProvider = Tripolygon.UModeler.Hub.ResourcesApiProviderService
[2025-11-16 오후 10:47:29] [Debug] [Application] service: Tripolygon.UModeler.Hub.HubFlashService = Tripolygon.UModeler.Hub.HubFlashService
[2025-11-16 오후 10:47:29] [Debug] [Application] service: Tripolygon.UModeler.Hub.IHubAnalyticsService = Tripolygon.UModeler.Hub.HubAnalyticsService
[2025-11-16 오후 10:47:29] [Debug] [Application] service: Tripolygon.UModeler.Hub.IHubAnalyticsService = Tripolygon.UModeler.Hub.HubAnalyticsService
[2025-11-16 오후 10:47:29] [Debug] [Application] service: Tripolygon.UModeler.Hub.Notifications.UpdateHubNotifier = Tripolygon.UModeler.Hub.Notifications.UpdateHubNotifier
[2025-11-16 오후 10:47:29] [Debug] [Application] service: Tripolygon.UModeler.Hub.VSAttributionService = Tripolygon.UModeler.Hub.VSAttributionService
[2025-11-16 오후 10:47:29] [Debug] [Application] service: Tripolygon.UModeler.Hub.INoticeService = Tripolygon.UModeler.Hub.Noticies.NoticeService
[2025-11-16 오후 10:47:29] [Debug] [Application] service: Tripolygon.UModeler.Hub.Notifications.UpdateHubNotifier = Tripolygon.UModeler.Hub.Notifications.UpdateHubNotifier
[2025-11-16 오후 10:47:30] [Debug] [Application] Initialize: isReloading=False
[2025-11-16 오후 10:47:29] [Debug] [Application] service: Tripolygon.UModeler.Hub.Notifications.UpdateProductNotifier = Tripolygon.UModeler.Hub.Notifications.UpdateProductNotifier
[2025-11-16 오후 10:47:31] [Debug] [Application] Service Initialize: Tripolygon.UModeler.Hub.HubAuthentication
[2025-11-16 오후 10:47:29] [Debug] [Application] service: Tripolygon.UModeler.Hub.Views.SceneViews.HubSceneViewService = Tripolygon.UModeler.Hub.Views.SceneViews.HubSceneViewService
[2025-11-16 오후 10:47:31] [Debug] [Application] Service Initialize: Tripolygon.UModeler.Editor.UI.UnityEditorApplicationCache
[2025-11-16 오후 10:47:30] [Debug] [Application] Initialize: isReloading=True
[2025-11-16 오후 10:47:31] [Debug] [Application] Service Initialize: Tripolygon.UModeler.Hub.HubService
[2025-11-16 오후 10:47:31] [Debug] [Application] Service Initialize: Tripolygon.UModeler.Hub.HubAuthentication
[2025-11-16 오후 10:47:31] [Debug] [Application] Service Initialize: Tripolygon.UModeler.Editor.UI.UnityEditorApplicationUtilityService
[2025-11-16 오후 10:47:31] [Debug] [Application] Service Initialize: Tripolygon.UModeler.Editor.UI.UnityEditorApplicationCache
[2025-11-16 오후 10:47:31] [Debug] [Application] Service Initialize: Tripolygon.UModeler.Hub.HubFlashService
[2025-11-16 오후 10:47:31] [Debug] [Application] Service Initialize: Tripolygon.UModeler.Hub.HubService
[2025-11-16 오후 10:47:31] [Debug] [HubAnalytics] PosthogClient.SetAutoFlush: Value Changed: True
[2025-11-16 오후 10:47:31] [Debug] [Application] Service Initialize: Tripolygon.UModeler.Editor.UI.UnityEditorApplicationUtilityService
[2025-11-16 오후 10:47:31] [Debug] [Application] Service Initialize: Tripolygon.UModeler.Hub.HubFlashService
[2025-11-16 오후 10:47:31] [Debug] [HubAnalytics] PosthogClient.SetAutoFlush: Value Changed: True
[2025-11-16 오후 10:47:31] [Debug] [Application] Service Initialize: Tripolygon.UModeler.Hub.HubAnalyticsService
[2025-11-16 오후 10:47:31] [Debug] [Application] Service Initialize: Tripolygon.UModeler.Hub.VSAttributionService
[2025-11-16 오후 10:47:31] [Debug] [Application] Service Initialize: Tripolygon.UModeler.Hub.Notifications.UpdateHubNotifier
[2025-11-16 오후 10:47:31] [Debug] [Application] Service Initialize: Tripolygon.UModeler.Hub.HubAnalyticsService
[2025-11-16 오후 10:47:31] [Debug] [Application] Service Initialize: Tripolygon.UModeler.Hub.Notifications.UpdateProductNotifier
[2025-11-16 오후 10:47:31] [Debug] [Application] Service Initialize: Tripolygon.UModeler.Hub.VSAttributionService
[2025-11-16 오후 10:47:31] [Debug] [Application] Service Initialize: Tripolygon.UModeler.Hub.Noticies.NoticeService
[2025-11-16 오후 10:47:31] [Debug] [Application] Service Initialize: Tripolygon.UModeler.Hub.Notifications.UpdateHubNotifier
[2025-11-16 오후 10:47:31] [Debug] [Application] Service Initialize: Tripolygon.UModeler.Hub.Views.SceneViews.HubSceneViewService
[2025-11-16 오후 10:47:31] [Debug] [Application] Service Initialize: Tripolygon.UModeler.Hub.Notifications.UpdateProductNotifier
[2025-11-16 오후 10:47:31] [Debug] [Application] Service Initialize: Tripolygon.UModeler.Hub.Noticies.NoticeService
[2025-11-16 오후 10:47:31] [Debug] [Application] Service Initialize: Tripolygon.UModeler.Hub.Views.SceneViews.HubSceneViewService
[2025-11-16 오후 10:49:53] [Debug] [Application] Release: isReloading=True
[2025-11-16 오후 10:49:53] [Debug] [Application] Service Release: Tripolygon.UModeler.Hub.Views.SceneViews.HubSceneViewService
[2025-11-16 오후 10:49:53] [Debug] [Application] Service Release: Tripolygon.UModeler.Hub.Noticies.NoticeService
[2025-11-16 오후 10:49:53] [Debug] [Application] Service Release: Tripolygon.UModeler.Hub.Notifications.UpdateProductNotifier
[2025-11-16 오후 10:49:53] [Debug] [Application] Service Release: Tripolygon.UModeler.Hub.Notifications.UpdateHubNotifier
[2025-11-16 오후 10:49:53] [Debug] [Application] Service Release: Tripolygon.UModeler.Hub.VSAttributionService
[2025-11-16 오후 10:49:53] [Debug] [HubAnalytics] PosthogClient.SetAutoFlush: Value Changed: False
[2025-11-16 오후 10:49:53] [Debug] [Application] Service Release: Tripolygon.UModeler.Hub.HubAnalyticsService
[2025-11-16 오후 10:49:53] [Debug] [Application] Service Release: Tripolygon.UModeler.Hub.HubFlashService
[2025-11-16 오후 10:49:53] [Debug] [Application] Service Release: Tripolygon.UModeler.Editor.UI.UnityEditorApplicationUtilityService
[2025-11-16 오후 10:49:53] [Debug] [Application] Service Release: Tripolygon.UModeler.Hub.HubService
[2025-11-16 오후 10:49:53] [Debug] [Application] Service Release: Tripolygon.UModeler.Editor.UI.UnityEditorApplicationCache
[2025-11-16 오후 10:49:53] [Debug] [Application] Service Release: Tripolygon.UModeler.Hub.HubAuthentication
[2025-11-16 오후 10:49:57] [Debug] [Application] service: Tripolygon.UModeler.Hub.HubAuthentication = Tripolygon.UModeler.Hub.HubAuthentication
[2025-11-16 오후 10:49:57] [Debug] [Application] service: Tripolygon.UModeler.UI.IApplicationCache = Tripolygon.UModeler.Editor.UI.UnityEditorApplicationCache
[2025-11-16 오후 10:49:57] [Debug] ActualHost
[2025-11-16 오후 10:49:57] [Debug] [Application] service: Tripolygon.UModeler.Hub.IHubService = Tripolygon.UModeler.Hub.HubService
[2025-11-16 오후 10:49:57] [Debug] [Application] service: Tripolygon.UModeler.Authentication.IAuthenticationApiProvider = Tripolygon.UModeler.Editor.AuthenticationApiProviderService
[2025-11-16 오후 10:49:57] [Debug] [Application] service: Tripolygon.UModeler.UI.IObjectHierarchyService = Tripolygon.UModeler.Editor.UI.UnityEditorObjectHierarchyService
[2025-11-16 오후 10:49:57] [Debug] [Application] service: Tripolygon.UModeler.UI.IApplicationUtilityService = Tripolygon.UModeler.Editor.UI.UnityEditorApplicationUtilityService
[2025-11-16 오후 10:49:57] [Debug] [Application] service: Tripolygon.UModeler.Editor.UI.ApplicationSettings = Tripolygon.UModeler.Editor.UI.ApplicationSettings
[2025-11-16 오후 10:49:57] [Debug] [Application] service: Tripolygon.UModeler.UI.ITextureProvider = Tripolygon.UModeler.Editor.UI.UnityEditorTextureProvider
[2025-11-16 오후 10:49:57] [Debug] [Application] service: Tripolygon.UModeler.Hub.Resources.IResourcesApiProvider = Tripolygon.UModeler.Hub.ResourcesApiProviderService
[2025-11-16 오후 10:49:57] [Debug] [Application] service: Tripolygon.UModeler.Hub.HubFlashService = Tripolygon.UModeler.Hub.HubFlashService
[2025-11-16 오후 10:49:57] [Debug] [Application] service: Tripolygon.UModeler.Hub.IHubAnalyticsService = Tripolygon.UModeler.Hub.HubAnalyticsService
[2025-11-16 오후 10:49:57] [Debug] [Application] service: Tripolygon.UModeler.Hub.VSAttributionService = Tripolygon.UModeler.Hub.VSAttributionService
[2025-11-16 오후 10:49:57] [Debug] [Application] service: Tripolygon.UModeler.Hub.Notifications.UpdateHubNotifier = Tripolygon.UModeler.Hub.Notifications.UpdateHubNotifier
[2025-11-16 오후 10:49:57] [Debug] [Application] service: Tripolygon.UModeler.Hub.Notifications.UpdateProductNotifier = Tripolygon.UModeler.Hub.Notifications.UpdateProductNotifier
[2025-11-16 오후 10:49:57] [Debug] [Application] service: Tripolygon.UModeler.Hub.INoticeService = Tripolygon.UModeler.Hub.Noticies.NoticeService
[2025-11-16 오후 10:49:57] [Debug] [Application] service: Tripolygon.UModeler.Hub.Views.SceneViews.HubSceneViewService = Tripolygon.UModeler.Hub.Views.SceneViews.HubSceneViewService
[2025-11-16 오후 10:49:59] [Debug] [Application] Initialize: isReloading=True
[2025-11-16 오후 10:49:59] [Debug] [Application] Service Initialize: Tripolygon.UModeler.Hub.HubAuthentication
[2025-11-16 오후 10:49:59] [Debug] [Application] Service Initialize: Tripolygon.UModeler.Editor.UI.UnityEditorApplicationCache
[2025-11-16 오후 10:49:59] [Debug] [Application] Service Initialize: Tripolygon.UModeler.Hub.HubService
[2025-11-16 오후 10:49:59] [Debug] [Application] Service Initialize: Tripolygon.UModeler.Editor.UI.UnityEditorApplicationUtilityService
[2025-11-16 오후 10:49:59] [Debug] [Application] Service Initialize: Tripolygon.UModeler.Hub.HubFlashService
[2025-11-16 오후 10:49:59] [Debug] [HubAnalytics] PosthogClient.SetAutoFlush: Value Changed: True
[2025-11-16 오후 10:49:59] [Debug] [Application] Service Initialize: Tripolygon.UModeler.Hub.HubAnalyticsService
[2025-11-16 오후 10:49:59] [Debug] [Application] Service Initialize: Tripolygon.UModeler.Hub.VSAttributionService
[2025-11-16 오후 10:49:59] [Debug] [Application] Service Initialize: Tripolygon.UModeler.Hub.Notifications.UpdateHubNotifier
[2025-11-16 오후 10:49:59] [Debug] [Application] Service Initialize: Tripolygon.UModeler.Hub.Notifications.UpdateProductNotifier
[2025-11-16 오후 10:49:59] [Debug] [Application] Service Initialize: Tripolygon.UModeler.Hub.Noticies.NoticeService
[2025-11-16 오후 10:49:59] [Debug] [Application] Service Initialize: Tripolygon.UModeler.Hub.Views.SceneViews.HubSceneViewService
[2025-11-16 오후 10:50:00] [Debug] [Application] Release: isReloading=True
[2025-11-16 오후 10:50:00] [Debug] [Application] Release: isReloading=True
[2025-11-16 오후 10:50:00] [Debug] [Application] Service Release: Tripolygon.UModeler.Hub.Views.SceneViews.HubSceneViewService
[2025-11-16 오후 10:50:00] [Debug] [Application] Service Release: Tripolygon.UModeler.Hub.Views.SceneViews.HubSceneViewService
[2025-11-16 오후 10:50:00] [Debug] [Application] Service Release: Tripolygon.UModeler.Hub.Noticies.NoticeService
[2025-11-16 오후 10:50:00] [Debug] [Application] Service Release: Tripolygon.UModeler.Hub.Noticies.NoticeService
[2025-11-16 오후 10:50:00] [Debug] [Application] Service Release: Tripolygon.UModeler.Hub.Notifications.UpdateProductNotifier
[2025-11-16 오후 10:50:00] [Debug] [Application] Service Release: Tripolygon.UModeler.Hub.Notifications.UpdateProductNotifier
[2025-11-16 오후 10:50:00] [Debug] [Application] Service Release: Tripolygon.UModeler.Hub.Notifications.UpdateHubNotifier
[2025-11-16 오후 10:50:00] [Debug] [Application] Service Release: Tripolygon.UModeler.Hub.Notifications.UpdateHubNotifier
[2025-11-16 오후 10:50:00] [Debug] [Application] Service Release: Tripolygon.UModeler.Hub.VSAttributionService
[2025-11-16 오후 10:50:00] [Debug] [Application] Service Release: Tripolygon.UModeler.Hub.VSAttributionService
[2025-11-16 오후 10:50:03] [Debug] [Application] service: Tripolygon.UModeler.Hub.HubAuthentication = Tripolygon.UModeler.Hub.HubAuthentication
[2025-11-16 오후 10:50:03] [Debug] [Application] service: Tripolygon.UModeler.Hub.HubAuthentication = Tripolygon.UModeler.Hub.HubAuthentication
[2025-11-16 오후 10:50:03] [Debug] [Application] service: Tripolygon.UModeler.Hub.Resources.IResourcesApiProvider = Tripolygon.UModeler.Hub.ResourcesApiProviderService
[2025-11-16 오후 10:50:03] [Debug] ActualHost
[2025-11-16 오후 10:50:03] [Debug] [Application] service: Tripolygon.UModeler.Hub.IHubAnalyticsService = Tripolygon.UModeler.Hub.HubAnalyticsService
[2025-11-16 오후 10:50:03] [Debug] [Application] service: Tripolygon.UModeler.Authentication.IAuthenticationApiProvider = Tripolygon.UModeler.Editor.AuthenticationApiProviderService
[2025-11-16 오후 10:50:03] [Debug] [Application] service: Tripolygon.UModeler.Hub.Notifications.UpdateHubNotifier = Tripolygon.UModeler.Hub.Notifications.UpdateHubNotifier
[2025-11-16 오후 10:50:03] [Debug] [Application] service: Tripolygon.UModeler.UI.IApplicationUtilityService = Tripolygon.UModeler.Editor.UI.UnityEditorApplicationUtilityService
[2025-11-16 오후 10:50:03] [Debug] [Application] service: Tripolygon.UModeler.Hub.INoticeService = Tripolygon.UModeler.Hub.Noticies.NoticeService
[2025-11-16 오후 10:50:03] [Debug] [Application] service: Tripolygon.UModeler.UI.ITextureProvider = Tripolygon.UModeler.Editor.UI.UnityEditorTextureProvider
[2025-11-16 오후 10:50:04] [Debug] [Application] Initialize: isReloading=True
[2025-11-16 오후 10:50:03] [Debug] [Application] service: Tripolygon.UModeler.Hub.HubFlashService = Tripolygon.UModeler.Hub.HubFlashService
[2025-11-16 오후 10:50:04] [Debug] [Application] Service Initialize: Tripolygon.UModeler.Hub.HubAuthentication
[2025-11-16 오후 10:50:03] [Debug] [Application] service: Tripolygon.UModeler.Hub.IHubAnalyticsService = Tripolygon.UModeler.Hub.HubAnalyticsService
[2025-11-16 오후 10:50:04] [Debug] [Application] Service Initialize: Tripolygon.UModeler.Editor.UI.UnityEditorApplicationCache
[2025-11-16 오후 10:50:03] [Debug] [Application] service: Tripolygon.UModeler.Hub.VSAttributionService = Tripolygon.UModeler.Hub.VSAttributionService
[2025-11-16 오후 10:50:03] [Debug] [Application] service: Tripolygon.UModeler.Hub.Notifications.UpdateHubNotifier = Tripolygon.UModeler.Hub.Notifications.UpdateHubNotifier
[2025-11-16 오후 10:50:04] [Debug] [Application] Service Initialize: Tripolygon.UModeler.Hub.HubService
[2025-11-16 오후 10:50:03] [Debug] [Application] service: Tripolygon.UModeler.Hub.INoticeService = Tripolygon.UModeler.Hub.Noticies.NoticeService
[2025-11-16 오후 10:50:04] [Debug] [Application] Service Initialize: Tripolygon.UModeler.Editor.UI.UnityEditorApplicationUtilityService
[2025-11-16 오후 10:50:03] [Debug] [Application] service: Tripolygon.UModeler.Hub.Views.SceneViews.HubSceneViewService = Tripolygon.UModeler.Hub.Views.SceneViews.HubSceneViewService
[2025-11-16 오후 10:50:04] [Debug] [Application] Service Initialize: Tripolygon.UModeler.Hub.HubFlashService
[2025-11-16 오후 10:50:04] [Debug] [Application] Service Initialize: Tripolygon.UModeler.Hub.HubAuthentication
[2025-11-16 오후 10:50:04] [Debug] [Application] Service Initialize: Tripolygon.UModeler.Editor.UI.UnityEditorApplicationCache
[2025-11-16 오후 10:50:04] [Debug] [HubAnalytics] PosthogClient.SetAutoFlush: Value Changed: True
[2025-11-16 오후 10:50:04] [Debug] [Application] Service Initialize: Tripolygon.UModeler.Hub.HubService
[2025-11-16 오후 10:50:04] [Debug] [Application] Service Initialize: Tripolygon.UModeler.Editor.UI.UnityEditorApplicationUtilityService
[2025-11-16 오후 10:50:04] [Debug] [Application] Service Initialize: Tripolygon.UModeler.Hub.HubFlashService
[2025-11-16 오후 10:50:04] [Debug] [Application] Service Initialize: Tripolygon.UModeler.Hub.HubAnalyticsService
[2025-11-16 오후 10:50:04] [Debug] [HubAnalytics] PosthogClient.SetAutoFlush: Value Changed: True
[2025-11-16 오후 10:50:04] [Debug] [Application] Service Initialize: Tripolygon.UModeler.Hub.VSAttributionService
[2025-11-16 오후 10:50:04] [Debug] [Application] Service Initialize: Tripolygon.UModeler.Hub.Notifications.UpdateHubNotifier
[2025-11-16 오후 10:50:04] [Debug] [Application] Service Initialize: Tripolygon.UModeler.Hub.Notifications.UpdateProductNotifier
[2025-11-16 오후 10:50:04] [Debug] [Application] Service Initialize: Tripolygon.UModeler.Hub.HubAnalyticsService
[2025-11-16 오후 10:50:04] [Debug] [Application] Service Initialize: Tripolygon.UModeler.Hub.Noticies.NoticeService
[2025-11-16 오후 10:50:04] [Debug] [Application] Service Initialize: Tripolygon.UModeler.Hub.VSAttributionService
[2025-11-16 오후 10:50:05] [Debug] [Application] Service Initialize: Tripolygon.UModeler.Hub.Views.SceneViews.HubSceneViewService
[2025-11-16 오후 10:50:05] [Debug] [Application] Service Initialize: Tripolygon.UModeler.Hub.Notifications.UpdateHubNotifier
[2025-11-16 오후 10:50:05] [Debug] [Application] Service Initialize: Tripolygon.UModeler.Hub.Notifications.UpdateProductNotifier
[2025-11-16 오후 10:50:05] [Debug] [Application] Service Initialize: Tripolygon.UModeler.Hub.Noticies.NoticeService
[2025-11-16 오후 10:50:05] [Debug] [Application] Service Initialize: Tripolygon.UModeler.Hub.Views.SceneViews.HubSceneViewService
[2025-11-16 오후 10:53:43] [Debug] [Application] Release: isReloading=True
[2025-11-16 오후 10:53:43] [Debug] [Application] Service Release: Tripolygon.UModeler.Hub.Views.SceneViews.HubSceneViewService
[2025-11-16 오후 10:53:43] [Debug] [Application] Service Release: Tripolygon.UModeler.Hub.Noticies.NoticeService
[2025-11-16 오후 10:53:43] [Debug] [Application] Service Release: Tripolygon.UModeler.Hub.Notifications.UpdateProductNotifier
[2025-11-16 오후 10:53:43] [Debug] [Application] Service Release: Tripolygon.UModeler.Hub.Notifications.UpdateHubNotifier
[2025-11-16 오후 10:53:43] [Debug] [Application] Service Release: Tripolygon.UModeler.Hub.VSAttributionService
[2025-11-16 오후 10:53:43] [Debug] [HubAnalytics] PosthogClient.SetAutoFlush: Value Changed: False
[2025-11-16 오후 10:53:43] [Debug] [Application] Service Release: Tripolygon.UModeler.Hub.HubAnalyticsService
[2025-11-16 오후 10:53:43] [Debug] [Application] Service Release: Tripolygon.UModeler.Hub.HubFlashService
[2025-11-16 오후 10:53:43] [Debug] [Application] Service Release: Tripolygon.UModeler.Editor.UI.UnityEditorApplicationUtilityService
[2025-11-16 오후 10:53:43] [Debug] [Application] Service Release: Tripolygon.UModeler.Hub.HubService
[2025-11-16 오후 10:53:43] [Debug] [Application] Service Release: Tripolygon.UModeler.Editor.UI.UnityEditorApplicationCache
[2025-11-16 오후 10:53:43] [Debug] [Application] Service Release: Tripolygon.UModeler.Hub.HubAuthentication
[2025-11-16 오후 10:53:47] [Debug] [Application] service: Tripolygon.UModeler.Hub.HubAuthentication = Tripolygon.UModeler.Hub.HubAuthentication
[2025-11-16 오후 10:53:47] [Debug] [Application] service: Tripolygon.UModeler.UI.IApplicationCache = Tripolygon.UModeler.Editor.UI.UnityEditorApplicationCache
[2025-11-16 오후 10:53:47] [Debug] ActualHost
[2025-11-16 오후 10:53:47] [Debug] [Application] service: Tripolygon.UModeler.Hub.IHubService = Tripolygon.UModeler.Hub.HubService
[2025-11-16 오후 10:53:47] [Debug] [Application] service: Tripolygon.UModeler.Authentication.IAuthenticationApiProvider = Tripolygon.UModeler.Editor.AuthenticationApiProviderService
[2025-11-16 오후 10:53:47] [Debug] [Application] service: Tripolygon.UModeler.UI.IObjectHierarchyService = Tripolygon.UModeler.Editor.UI.UnityEditorObjectHierarchyService
[2025-11-16 오후 10:53:47] [Debug] [Application] service: Tripolygon.UModeler.UI.IApplicationUtilityService = Tripolygon.UModeler.Editor.UI.UnityEditorApplicationUtilityService
[2025-11-16 오후 10:53:47] [Debug] [Application] service: Tripolygon.UModeler.Editor.UI.ApplicationSettings = Tripolygon.UModeler.Editor.UI.ApplicationSettings
[2025-11-16 오후 10:53:47] [Debug] [Application] service: Tripolygon.UModeler.UI.ITextureProvider = Tripolygon.UModeler.Editor.UI.UnityEditorTextureProvider
[2025-11-16 오후 10:53:47] [Debug] [Application] service: Tripolygon.UModeler.Hub.Resources.IResourcesApiProvider = Tripolygon.UModeler.Hub.ResourcesApiProviderService
[2025-11-16 오후 10:53:47] [Debug] [Application] service: Tripolygon.UModeler.Hub.HubFlashService = Tripolygon.UModeler.Hub.HubFlashService
[2025-11-16 오후 10:53:47] [Debug] [Application] service: Tripolygon.UModeler.Hub.IHubAnalyticsService = Tripolygon.UModeler.Hub.HubAnalyticsService
[2025-11-16 오후 10:53:47] [Debug] [Application] service: Tripolygon.UModeler.Hub.VSAttributionService = Tripolygon.UModeler.Hub.VSAttributionService
[2025-11-16 오후 10:53:47] [Debug] [Application] service: Tripolygon.UModeler.Hub.Notifications.UpdateHubNotifier = Tripolygon.UModeler.Hub.Notifications.UpdateHubNotifier
[2025-11-16 오후 10:53:47] [Debug] [Application] service: Tripolygon.UModeler.Hub.Notifications.UpdateProductNotifier = Tripolygon.UModeler.Hub.Notifications.UpdateProductNotifier
[2025-11-16 오후 10:53:47] [Debug] [Application] service: Tripolygon.UModeler.Hub.INoticeService = Tripolygon.UModeler.Hub.Noticies.NoticeService
[2025-11-16 오후 10:53:47] [Debug] [Application] service: Tripolygon.UModeler.Hub.Views.SceneViews.HubSceneViewService = Tripolygon.UModeler.Hub.Views.SceneViews.HubSceneViewService
[2025-11-16 오후 10:53:49] [Debug] [Application] Initialize: isReloading=True
[2025-11-16 오후 10:53:49] [Debug] [Application] Service Initialize: Tripolygon.UModeler.Hub.HubAuthentication
[2025-11-16 오후 10:53:49] [Debug] [Application] Service Initialize: Tripolygon.UModeler.Editor.UI.UnityEditorApplicationCache
[2025-11-16 오후 10:53:49] [Debug] [Application] Service Initialize: Tripolygon.UModeler.Hub.HubService
[2025-11-16 오후 10:53:49] [Debug] [Application] Service Initialize: Tripolygon.UModeler.Editor.UI.UnityEditorApplicationUtilityService
[2025-11-16 오후 10:53:49] [Debug] [Application] Service Initialize: Tripolygon.UModeler.Hub.HubFlashService
[2025-11-16 오후 10:53:49] [Debug] [HubAnalytics] PosthogClient.SetAutoFlush: Value Changed: True
[2025-11-16 오후 10:53:49] [Debug] [Application] Service Initialize: Tripolygon.UModeler.Hub.HubAnalyticsService
[2025-11-16 오후 10:53:49] [Debug] [Application] Service Initialize: Tripolygon.UModeler.Hub.VSAttributionService
[2025-11-16 오후 10:53:49] [Debug] [Application] Service Initialize: Tripolygon.UModeler.Hub.Notifications.UpdateHubNotifier
[2025-11-16 오후 10:53:49] [Debug] [Application] Service Initialize: Tripolygon.UModeler.Hub.Notifications.UpdateProductNotifier
[2025-11-16 오후 10:53:49] [Debug] [Application] Service Initialize: Tripolygon.UModeler.Hub.Noticies.NoticeService
[2025-11-16 오후 10:53:49] [Debug] [Application] Service Initialize: Tripolygon.UModeler.Hub.Views.SceneViews.HubSceneViewService
[2025-11-16 오후 10:53:50] [Debug] [Application] Release: isReloading=True
[2025-11-16 오후 10:53:50] [Debug] [Application] Release: isReloading=True
[2025-11-16 오후 10:53:50] [Debug] [Application] Service Release: Tripolygon.UModeler.Hub.Views.SceneViews.HubSceneViewService
[2025-11-16 오후 10:53:50] [Debug] [Application] Service Release: Tripolygon.UModeler.Hub.Views.SceneViews.HubSceneViewService
[2025-11-16 오후 10:53:50] [Debug] [Application] Service Release: Tripolygon.UModeler.Hub.Noticies.NoticeService
[2025-11-16 오후 10:53:50] [Debug] [Application] Service Release: Tripolygon.UModeler.Hub.Noticies.NoticeService
[2025-11-16 오후 10:53:50] [Debug] [Application] Service Release: Tripolygon.UModeler.Hub.Notifications.UpdateProductNotifier
[2025-11-16 오후 10:53:50] [Debug] [Application] Service Release: Tripolygon.UModeler.Hub.Notifications.UpdateProductNotifier
[2025-11-16 오후 10:53:50] [Debug] [Application] Service Release: Tripolygon.UModeler.Hub.Notifications.UpdateHubNotifier
[2025-11-16 오후 10:53:50] [Debug] [Application] Service Release: Tripolygon.UModeler.Hub.Notifications.UpdateHubNotifier
[2025-11-16 오후 10:53:50] [Debug] [Application] Service Release: Tripolygon.UModeler.Hub.VSAttributionService
[2025-11-16 오후 10:53:50] [Debug] [Application] Service Release: Tripolygon.UModeler.Hub.VSAttributionService
[2025-11-16 오후 10:53:53] [Debug] [Application] service: Tripolygon.UModeler.Hub.HubAuthentication = Tripolygon.UModeler.Hub.HubAuthentication
[2025-11-16 오후 10:53:53] [Debug] [Application] service: Tripolygon.UModeler.Hub.HubAuthentication = Tripolygon.UModeler.Hub.HubAuthentication
[2025-11-16 오후 10:53:53] [Debug] [Application] service: Tripolygon.UModeler.Hub.IHubAnalyticsService = Tripolygon.UModeler.Hub.HubAnalyticsService
[2025-11-16 오후 10:53:53] [Debug] [Application] service: Tripolygon.UModeler.UI.IApplicationCache = Tripolygon.UModeler.Editor.UI.UnityEditorApplicationCache
[2025-11-16 오후 10:53:53] [Debug] [Application] service: Tripolygon.UModeler.Hub.Notifications.UpdateHubNotifier = Tripolygon.UModeler.Hub.Notifications.UpdateHubNotifier
[2025-11-16 오후 10:53:53] [Debug] [Application] service: Tripolygon.UModeler.Hub.IHubService = Tripolygon.UModeler.Hub.HubService
[2025-11-16 오후 10:53:53] [Debug] [Application] service: Tripolygon.UModeler.Hub.INoticeService = Tripolygon.UModeler.Hub.Noticies.NoticeService
[2025-11-16 오후 10:53:53] [Debug] [Application] service: Tripolygon.UModeler.Authentication.IAuthenticationApiProvider = Tripolygon.UModeler.Editor.AuthenticationApiProviderService
[2025-11-16 오후 10:53:54] [Debug] [Application] Initialize: isReloading=True
[2025-11-16 오후 10:53:53] [Debug] [Application] service: Tripolygon.UModeler.UI.IObjectHierarchyService = Tripolygon.UModeler.Editor.UI.UnityEditorObjectHierarchyService
[2025-11-16 오후 10:53:54] [Debug] [Application] Service Initialize: Tripolygon.UModeler.Hub.HubAuthentication
[2025-11-16 오후 10:53:53] [Debug] [Application] service: Tripolygon.UModeler.UI.IApplicationUtilityService = Tripolygon.UModeler.Editor.UI.UnityEditorApplicationUtilityService
[2025-11-16 오후 10:53:54] [Debug] [Application] Service Initialize: Tripolygon.UModeler.Editor.UI.UnityEditorApplicationCache
[2025-11-16 오후 10:53:53] [Debug] [Application] service: Tripolygon.UModeler.Editor.UI.ApplicationSettings = Tripolygon.UModeler.Editor.UI.ApplicationSettings
[2025-11-16 오후 10:53:53] [Debug] [Application] service: Tripolygon.UModeler.UI.ITextureProvider = Tripolygon.UModeler.Editor.UI.UnityEditorTextureProvider
[2025-11-16 오후 10:53:54] [Debug] [Application] Service Initialize: Tripolygon.UModeler.Hub.HubService
[2025-11-16 오후 10:53:53] [Debug] [Application] service: Tripolygon.UModeler.Hub.HubFlashService = Tripolygon.UModeler.Hub.HubFlashService
[2025-11-16 오후 10:53:54] [Debug] [Application] Service Initialize: Tripolygon.UModeler.Hub.HubFlashService
[2025-11-16 오후 10:53:53] [Debug] [Application] service: Tripolygon.UModeler.Hub.VSAttributionService = Tripolygon.UModeler.Hub.VSAttributionService
[2025-11-16 오후 10:53:54] [Debug] [HubAnalytics] PosthogClient.SetAutoFlush: Value Changed: True
[2025-11-16 오후 10:53:53] [Debug] [Application] service: Tripolygon.UModeler.Hub.Notifications.UpdateProductNotifier = Tripolygon.UModeler.Hub.Notifications.UpdateProductNotifier
[2025-11-16 오후 10:53:53] [Debug] [Application] service: Tripolygon.UModeler.Hub.INoticeService = Tripolygon.UModeler.Hub.Noticies.NoticeService
[2025-11-16 오후 10:53:53] [Debug] [Application] service: Tripolygon.UModeler.Hub.Views.SceneViews.HubSceneViewService = Tripolygon.UModeler.Hub.Views.SceneViews.HubSceneViewService
[2025-11-16 오후 10:53:54] [Debug] [Application] Initialize: isReloading=False
[2025-11-16 오후 10:53:54] [Debug] [Application] Service Initialize: Tripolygon.UModeler.Hub.HubAnalyticsService
[2025-11-16 오후 10:53:54] [Debug] [Application] Service Initialize: Tripolygon.UModeler.Hub.HubAuthentication
[2025-11-16 오후 10:53:54] [Debug] [Application] Service Initialize: Tripolygon.UModeler.Hub.VSAttributionService
[2025-11-16 오후 10:53:54] [Debug] [Application] Service Initialize: Tripolygon.UModeler.Editor.UI.UnityEditorApplicationCache
[2025-11-16 오후 10:53:54] [Debug] [Application] Service Initialize: Tripolygon.UModeler.Hub.Notifications.UpdateHubNotifier
[2025-11-16 오후 10:53:54] [Debug] [Application] Service Initialize: Tripolygon.UModeler.Hub.Notifications.UpdateProductNotifier
[2025-11-16 오후 10:53:54] [Debug] [Application] Service Initialize: Tripolygon.UModeler.Hub.HubService
[2025-11-16 오후 10:53:54] [Debug] [Application] Service Initialize: Tripolygon.UModeler.Hub.Noticies.NoticeService
[2025-11-16 오후 10:53:54] [Debug] [Application] Service Initialize: Tripolygon.UModeler.Editor.UI.UnityEditorApplicationUtilityService
[2025-11-16 오후 10:53:54] [Debug] [Application] Service Initialize: Tripolygon.UModeler.Hub.Views.SceneViews.HubSceneViewService
[2025-11-16 오후 10:53:54] [Debug] [Application] Service Initialize: Tripolygon.UModeler.Hub.HubFlashService
[2025-11-16 오후 10:53:54] [Debug] [HubAnalytics] PosthogClient.SetAutoFlush: Value Changed: True
[2025-11-16 오후 10:53:55] [Debug] [Application] Service Initialize: Tripolygon.UModeler.Hub.HubAnalyticsService
[2025-11-16 오후 10:53:55] [Debug] [Application] Service Initialize: Tripolygon.UModeler.Hub.VSAttributionService
[2025-11-16 오후 10:53:55] [Debug] [Application] Service Initialize: Tripolygon.UModeler.Hub.Notifications.UpdateHubNotifier
[2025-11-16 오후 10:53:55] [Debug] [Application] Service Initialize: Tripolygon.UModeler.Hub.Notifications.UpdateProductNotifier
[2025-11-16 오후 10:53:55] [Debug] [Application] Service Initialize: Tripolygon.UModeler.Hub.Noticies.NoticeService
[2025-11-16 오후 10:53:55] [Debug] [Application] Service Initialize: Tripolygon.UModeler.Hub.Views.SceneViews.HubSceneViewService
[2025-11-16 오후 11:00:18] [Debug] [Application] Release: isReloading=True
[2025-11-16 오후 11:00:18] [Debug] [Application] Service Release: Tripolygon.UModeler.Hub.Views.SceneViews.HubSceneViewService
[2025-11-16 오후 11:00:18] [Debug] [Application] Service Release: Tripolygon.UModeler.Hub.Noticies.NoticeService
[2025-11-16 오후 11:00:18] [Debug] [Application] Service Release: Tripolygon.UModeler.Hub.Notifications.UpdateProductNotifier
[2025-11-16 오후 11:00:18] [Debug] [Application] Service Release: Tripolygon.UModeler.Hub.Notifications.UpdateHubNotifier
[2025-11-16 오후 11:00:18] [Debug] [Application] Service Release: Tripolygon.UModeler.Hub.VSAttributionService
[2025-11-16 오후 11:00:18] [Debug] [HubAnalytics] PosthogClient.SetAutoFlush: Value Changed: False
[2025-11-16 오후 11:00:18] [Debug] [Application] Service Release: Tripolygon.UModeler.Hub.HubAnalyticsService
[2025-11-16 오후 11:00:18] [Debug] [Application] Service Release: Tripolygon.UModeler.Hub.HubFlashService
[2025-11-16 오후 11:00:18] [Debug] [Application] Service Release: Tripolygon.UModeler.Editor.UI.UnityEditorApplicationUtilityService
[2025-11-16 오후 11:00:18] [Debug] [Application] Service Release: Tripolygon.UModeler.Hub.HubService
[2025-11-16 오후 11:00:18] [Debug] [Application] Service Release: Tripolygon.UModeler.Editor.UI.UnityEditorApplicationCache
[2025-11-16 오후 11:00:18] [Debug] [Application] Service Release: Tripolygon.UModeler.Hub.HubAuthentication
[2025-11-16 오후 11:00:22] [Debug] [Application] service: Tripolygon.UModeler.Hub.HubAuthentication = Tripolygon.UModeler.Hub.HubAuthentication
[2025-11-16 오후 11:00:22] [Debug] [Application] service: Tripolygon.UModeler.UI.IApplicationCache = Tripolygon.UModeler.Editor.UI.UnityEditorApplicationCache
[2025-11-16 오후 11:00:22] [Debug] ActualHost
[2025-11-16 오후 11:00:22] [Debug] [Application] service: Tripolygon.UModeler.Hub.IHubService = Tripolygon.UModeler.Hub.HubService
[2025-11-16 오후 11:00:22] [Debug] [Application] service: Tripolygon.UModeler.Authentication.IAuthenticationApiProvider = Tripolygon.UModeler.Editor.AuthenticationApiProviderService
[2025-11-16 오후 11:00:22] [Debug] [Application] service: Tripolygon.UModeler.UI.IObjectHierarchyService = Tripolygon.UModeler.Editor.UI.UnityEditorObjectHierarchyService
[2025-11-16 오후 11:00:22] [Debug] [Application] service: Tripolygon.UModeler.UI.IApplicationUtilityService = Tripolygon.UModeler.Editor.UI.UnityEditorApplicationUtilityService
[2025-11-16 오후 11:00:22] [Debug] [Application] service: Tripolygon.UModeler.Editor.UI.ApplicationSettings = Tripolygon.UModeler.Editor.UI.ApplicationSettings
[2025-11-16 오후 11:00:22] [Debug] [Application] service: Tripolygon.UModeler.UI.ITextureProvider = Tripolygon.UModeler.Editor.UI.UnityEditorTextureProvider
[2025-11-16 오후 11:00:22] [Debug] [Application] service: Tripolygon.UModeler.Hub.Resources.IResourcesApiProvider = Tripolygon.UModeler.Hub.ResourcesApiProviderService
[2025-11-16 오후 11:00:22] [Debug] [Application] service: Tripolygon.UModeler.Hub.HubFlashService = Tripolygon.UModeler.Hub.HubFlashService
[2025-11-16 오후 11:00:22] [Debug] [Application] service: Tripolygon.UModeler.Hub.IHubAnalyticsService = Tripolygon.UModeler.Hub.HubAnalyticsService
[2025-11-16 오후 11:00:22] [Debug] [Application] service: Tripolygon.UModeler.Hub.VSAttributionService = Tripolygon.UModeler.Hub.VSAttributionService
[2025-11-16 오후 11:00:22] [Debug] [Application] service: Tripolygon.UModeler.Hub.Notifications.UpdateHubNotifier = Tripolygon.UModeler.Hub.Notifications.UpdateHubNotifier
[2025-11-16 오후 11:00:22] [Debug] [Application] service: Tripolygon.UModeler.Hub.Notifications.UpdateProductNotifier = Tripolygon.UModeler.Hub.Notifications.UpdateProductNotifier
[2025-11-16 오후 11:00:22] [Debug] [Application] service: Tripolygon.UModeler.Hub.INoticeService = Tripolygon.UModeler.Hub.Noticies.NoticeService
[2025-11-16 오후 11:00:22] [Debug] [Application] service: Tripolygon.UModeler.Hub.Views.SceneViews.HubSceneViewService = Tripolygon.UModeler.Hub.Views.SceneViews.HubSceneViewService
[2025-11-16 오후 11:00:24] [Debug] [Application] Initialize: isReloading=True
[2025-11-16 오후 11:00:24] [Debug] [Application] Service Initialize: Tripolygon.UModeler.Hub.HubAuthentication
[2025-11-16 오후 11:00:24] [Debug] [Application] Service Initialize: Tripolygon.UModeler.Editor.UI.UnityEditorApplicationCache
[2025-11-16 오후 11:00:24] [Debug] [Application] Service Initialize: Tripolygon.UModeler.Hub.HubService
[2025-11-16 오후 11:00:24] [Debug] [Application] Service Initialize: Tripolygon.UModeler.Editor.UI.UnityEditorApplicationUtilityService
[2025-11-16 오후 11:00:24] [Debug] [Application] Service Initialize: Tripolygon.UModeler.Hub.HubFlashService
[2025-11-16 오후 11:00:24] [Debug] [HubAnalytics] PosthogClient.SetAutoFlush: Value Changed: True
[2025-11-16 오후 11:00:24] [Debug] [Application] Service Initialize: Tripolygon.UModeler.Hub.HubAnalyticsService
[2025-11-16 오후 11:00:24] [Debug] [Application] Service Initialize: Tripolygon.UModeler.Hub.VSAttributionService
[2025-11-16 오후 11:00:24] [Debug] [Application] Service Initialize: Tripolygon.UModeler.Hub.Notifications.UpdateHubNotifier
[2025-11-16 오후 11:00:24] [Debug] [Application] Service Initialize: Tripolygon.UModeler.Hub.Notifications.UpdateProductNotifier
[2025-11-16 오후 11:00:24] [Debug] [Application] Service Initialize: Tripolygon.UModeler.Hub.Noticies.NoticeService
[2025-11-16 오후 11:00:24] [Debug] [Application] Service Initialize: Tripolygon.UModeler.Hub.Views.SceneViews.HubSceneViewService
[2025-11-16 오후 11:00:25] [Debug] [Application] Release: isReloading=True
[2025-11-16 오후 11:00:25] [Debug] [Application] Release: isReloading=True
[2025-11-16 오후 11:00:25] [Debug] [Application] Service Release: Tripolygon.UModeler.Hub.Views.SceneViews.HubSceneViewService
[2025-11-16 오후 11:00:25] [Debug] [Application] Service Release: Tripolygon.UModeler.Hub.Views.SceneViews.HubSceneViewService
[2025-11-16 오후 11:00:25] [Debug] [Application] Service Release: Tripolygon.UModeler.Hub.Noticies.NoticeService
[2025-11-16 오후 11:00:25] [Debug] [Application] Service Release: Tripolygon.UModeler.Hub.Noticies.NoticeService
[2025-11-16 오후 11:00:25] [Debug] [Application] Service Release: Tripolygon.UModeler.Hub.Notifications.UpdateProductNotifier
[2025-11-16 오후 11:00:25] [Debug] [Application] Service Release: Tripolygon.UModeler.Hub.Notifications.UpdateProductNotifier
[2025-11-16 오후 11:00:25] [Debug] [Application] Service Release: Tripolygon.UModeler.Hub.Notifications.UpdateHubNotifier
[2025-11-16 오후 11:00:25] [Debug] [Application] Service Release: Tripolygon.UModeler.Hub.Notifications.UpdateHubNotifier
[2025-11-16 오후 11:00:25] [Debug] [Application] Service Release: Tripolygon.UModeler.Hub.VSAttributionService
[2025-11-16 오후 11:00:25] [Debug] [Application] Service Release: Tripolygon.UModeler.Hub.VSAttributionService
[2025-11-16 오후 11:00:28] [Debug] [Application] service: Tripolygon.UModeler.Hub.HubAuthentication = Tripolygon.UModeler.Hub.HubAuthentication
[2025-11-16 오후 11:00:28] [Debug] [Application] service: Tripolygon.UModeler.UI.IApplicationCache = Tripolygon.UModeler.Editor.UI.UnityEditorApplicationCache
[2025-11-16 오후 11:00:28] [Debug] ActualHost
[2025-11-16 오후 11:00:28] [Debug] [Application] service: Tripolygon.UModeler.Hub.HubAuthentication = Tripolygon.UModeler.Hub.HubAuthentication
[2025-11-16 오후 11:00:28] [Debug] [Application] service: Tripolygon.UModeler.Hub.VSAttributionService = Tripolygon.UModeler.Hub.VSAttributionService
[2025-11-16 오후 11:00:28] [Debug] ActualHost
[2025-11-16 오후 11:00:28] [Debug] [Application] service: Tripolygon.UModeler.Hub.Notifications.UpdateProductNotifier = Tripolygon.UModeler.Hub.Notifications.UpdateProductNotifier
[2025-11-16 오후 11:00:28] [Debug] [Application] service: Tripolygon.UModeler.Authentication.IAuthenticationApiProvider = Tripolygon.UModeler.Editor.AuthenticationApiProviderService
[2025-11-16 오후 11:00:28] [Debug] [Application] service: Tripolygon.UModeler.Hub.Views.SceneViews.HubSceneViewService = Tripolygon.UModeler.Hub.Views.SceneViews.HubSceneViewService
[2025-11-16 오후 11:00:28] [Debug] [Application] service: Tripolygon.UModeler.UI.IApplicationUtilityService = Tripolygon.UModeler.Editor.UI.UnityEditorApplicationUtilityService
[2025-11-16 오후 11:00:29] [Debug] [Application] Service Initialize: Tripolygon.UModeler.Hub.HubAuthentication
[2025-11-16 오후 11:00:28] [Debug] [Application] service: Tripolygon.UModeler.UI.ITextureProvider = Tripolygon.UModeler.Editor.UI.UnityEditorTextureProvider
[2025-11-16 오후 11:00:29] [Debug] [Application] Service Initialize: Tripolygon.UModeler.Editor.UI.UnityEditorApplicationCache
[2025-11-16 오후 11:00:28] [Debug] [Application] service: Tripolygon.UModeler.Hub.HubFlashService = Tripolygon.UModeler.Hub.HubFlashService
[2025-11-16 오후 11:00:28] [Debug] [Application] service: Tripolygon.UModeler.Hub.IHubAnalyticsService = Tripolygon.UModeler.Hub.HubAnalyticsService
[2025-11-16 오후 11:00:29] [Debug] [Application] Service Initialize: Tripolygon.UModeler.Hub.HubService
[2025-11-16 오후 11:00:28] [Debug] [Application] service: Tripolygon.UModeler.Hub.Notifications.UpdateHubNotifier = Tripolygon.UModeler.Hub.Notifications.UpdateHubNotifier
[2025-11-16 오후 11:00:29] [Debug] [Application] Service Initialize: Tripolygon.UModeler.Editor.UI.UnityEditorApplicationUtilityService
[2025-11-16 오후 11:00:28] [Debug] [Application] service: Tripolygon.UModeler.Hub.Notifications.UpdateProductNotifier = Tripolygon.UModeler.Hub.Notifications.UpdateProductNotifier
[2025-11-16 오후 11:00:29] [Debug] [Application] Service Initialize: Tripolygon.UModeler.Hub.HubFlashService
[2025-11-16 오후 11:00:28] [Debug] [Application] service: Tripolygon.UModeler.Hub.Views.SceneViews.HubSceneViewService = Tripolygon.UModeler.Hub.Views.SceneViews.HubSceneViewService
[2025-11-16 오후 11:00:29] [Debug] [Application] Initialize: isReloading=False
[2025-11-16 오후 11:00:29] [Debug] [HubAnalytics] PosthogClient.SetAutoFlush: Value Changed: True
[2025-11-16 오후 11:00:29] [Debug] [Application] Service Initialize: Tripolygon.UModeler.Hub.HubAuthentication
[2025-11-16 오후 11:00:29] [Debug] [Application] Service Initialize: Tripolygon.UModeler.Editor.UI.UnityEditorApplicationCache
[2025-11-16 오후 11:00:29] [Debug] [Application] Service Initialize: Tripolygon.UModeler.Hub.HubService
[2025-11-16 오후 11:00:29] [Debug] [Application] Service Initialize: Tripolygon.UModeler.Hub.HubAnalyticsService
[2025-11-16 오후 11:00:29] [Debug] [Application] Service Initialize: Tripolygon.UModeler.Editor.UI.UnityEditorApplicationUtilityService
[2025-11-16 오후 11:00:29] [Debug] [Application] Service Initialize: Tripolygon.UModeler.Hub.VSAttributionService
[2025-11-16 오후 11:00:29] [Debug] [Application] Service Initialize: Tripolygon.UModeler.Hub.HubFlashService
[2025-11-16 오후 11:00:29] [Debug] [Application] Service Initialize: Tripolygon.UModeler.Hub.Notifications.UpdateHubNotifier
[2025-11-16 오후 11:00:29] [Debug] [HubAnalytics] PosthogClient.SetAutoFlush: Value Changed: True
[2025-11-16 오후 11:00:29] [Debug] [Application] Service Initialize: Tripolygon.UModeler.Hub.Notifications.UpdateProductNotifier
[2025-11-16 오후 11:00:29] [Debug] [Application] Service Initialize: Tripolygon.UModeler.Hub.Noticies.NoticeService
[2025-11-16 오후 11:00:29] [Debug] [Application] Service Initialize: Tripolygon.UModeler.Hub.Views.SceneViews.HubSceneViewService
[2025-11-16 오후 11:00:29] [Debug] [Application] Service Initialize: Tripolygon.UModeler.Hub.HubAnalyticsService
[2025-11-16 오후 11:00:29] [Debug] [Application] Service Initialize: Tripolygon.UModeler.Hub.VSAttributionService
[2025-11-16 오후 11:00:29] [Debug] [Application] Service Initialize: Tripolygon.UModeler.Hub.Notifications.UpdateHubNotifier
[2025-11-16 오후 11:00:29] [Debug] [Application] Service Initialize: Tripolygon.UModeler.Hub.Notifications.UpdateProductNotifier
[2025-11-16 오후 11:00:29] [Debug] [Application] Service Initialize: Tripolygon.UModeler.Hub.Noticies.NoticeService
[2025-11-16 오후 11:00:29] [Debug] [Application] Service Initialize: Tripolygon.UModeler.Hub.Views.SceneViews.HubSceneViewService
[2025-11-16 오후 11:03:59] [Debug] [Application] Release: isReloading=False
[2025-11-16 오후 11:03:59] [Debug] [Application] Service Release: Tripolygon.UModeler.Hub.Views.SceneViews.HubSceneViewService
[2025-11-16 오후 11:03:59] [Debug] [Application] Service Release: Tripolygon.UModeler.Hub.Noticies.NoticeService
[2025-11-16 오후 11:03:59] [Debug] [Application] Service Release: Tripolygon.UModeler.Hub.Notifications.UpdateProductNotifier
[2025-11-16 오후 11:03:59] [Debug] [Application] Service Release: Tripolygon.UModeler.Hub.Notifications.UpdateHubNotifier
[2025-11-16 오후 11:03:59] [Debug] [Application] Service Release: Tripolygon.UModeler.Hub.VSAttributionService
[2025-11-16 오후 11:03:59] [Debug] [HubAnalytics] OnAppEnd
[2025-11-16 오후 11:03:59] [Debug] [HubAnalytics] PosthogClient.SetAutoFlush: Value Changed: False
[2025-11-16 오후 11:04:00] [Debug] [HubAnalytics] PosthogClient.BatchAsync: Sending Queue Items={"api_key":"phc_DQ6tsN03HRXTr9hNBfi3DierOY5Y0SisUxgxjuAmZG5","batch":[{"event":"app end","properties":{"$set":{"sdk_region_id":"ko-KR","sdk_region_name":"South Korea","sdk_language":"Korean","sdk_os_architecture":"X64","sdk_time_zone":"Korea Standard Time","product_version":"1.1.6"},"$os":"WINDOWS","$os_name":"WINDOWS","$session_id":"5c886149-7a20-40b0-9f31-18fe521c7a8a_7f7ee248-7708-4bc0-b4d7-fa1294644264","distinct_id":"b436f785064ea140538673dd9b84f3f59c821871","product_name":"UModeler Hub","product_version":"1.1.6","platform_name":"Unity","platform_version":"6000.0.29f1","screen_width":1920,"screen_height":1080,"viewport_width":1162,"viewport_height":332,"unity_systeminfo_language":"Korean","unity_systeminfo_os":"Windows 10  (10.0.19045) 64bit","unity_systeminfo_graphicsDeviceType":"Direct3D11","unity_systeminfo_graphicsDeviceVendor":"NVIDIA","unity_systeminfo_graphicsDeviceName":"NVIDIA GeForce RTX 2060","unity_systeminfo_deviceType":"Desktop","unity_systeminfo_processorType":"Intel(R) Core(TM) i7-9700F CPU @ 3.00GHz"},"timestamp":"2025-11-16T14:03:59.9432437Z"}]}
[2025-11-16 오후 11:04:00] [Debug] [HubAnalytics] PosthogClient.BatchAsync: Sent 1 queue item(s).
[2025-11-16 오후 11:04:00] [Debug] [Application] Service Release: Tripolygon.UModeler.Hub.HubAnalyticsService
[2025-11-16 오후 11:04:00] [Debug] [Application] Service Release: Tripolygon.UModeler.Hub.HubFlashService
[2025-11-16 오후 11:04:00] [Debug] [Application] Service Release: Tripolygon.UModeler.Editor.UI.UnityEditorApplicationUtilityService
[2025-11-16 오후 11:04:00] [Debug] [Application] Service Release: Tripolygon.UModeler.Hub.HubService
[2025-11-16 오후 11:04:00] [Debug] [Application] Service Release: Tripolygon.UModeler.Editor.UI.UnityEditorApplicationCache
[2025-11-16 오후 11:04:00] [Debug] [Application] Service Release: Tripolygon.UModeler.Hub.HubAuthentication
