[2025-12-01 오전 12:39:33] [Debug] [Application] service: Tripolygon.UModeler.Hub.HubAuthentication = Tripolygon.UModeler.Hub.HubAuthentication
[2025-12-01 오전 12:39:33] [Debug] [Application] service: Tripolygon.UModeler.UI.IApplicationCache = Tripolygon.UModeler.Editor.UI.UnityEditorApplicationCache
[2025-12-01 오전 12:39:33] [Debug] ActualHost
[2025-12-01 오전 12:39:33] [Debug] [Application] service: Tripolygon.UModeler.Hub.IHubService = Tripolygon.UModeler.Hub.HubService
[2025-12-01 오전 12:39:33] [Debug] [Application] service: Tripolygon.UModeler.Authentication.IAuthenticationApiProvider = Tripolygon.UModeler.Editor.AuthenticationApiProviderService
[2025-12-01 오전 12:39:33] [Debug] [Application] service: Tripolygon.UModeler.UI.IObjectHierarchyService = Tripolygon.UModeler.Editor.UI.UnityEditorObjectHierarchyService
[2025-12-01 오전 12:39:33] [Debug] [Application] service: Tripolygon.UModeler.UI.IApplicationUtilityService = Tripolygon.UModeler.Editor.UI.UnityEditorApplicationUtilityService
[2025-12-01 오전 12:39:33] [Debug] [Application] service: Tripolygon.UModeler.Editor.UI.ApplicationSettings = Tripolygon.UModeler.Editor.UI.ApplicationSettings
[2025-12-01 오전 12:39:33] [Debug] [Application] service: Tripolygon.UModeler.UI.ITextureProvider = Tripolygon.UModeler.Editor.UI.UnityEditorTextureProvider
[2025-12-01 오전 12:39:33] [Debug] [Application] service: Tripolygon.UModeler.Hub.Resources.IResourcesApiProvider = Tripolygon.UModeler.Hub.ResourcesApiProviderService
[2025-12-01 오전 12:39:33] [Debug] [Application] service: Tripolygon.UModeler.Hub.HubFlashService = Tripolygon.UModeler.Hub.HubFlashService
[2025-12-01 오전 12:39:33] [Debug] [Application] service: Tripolygon.UModeler.Hub.IHubAnalyticsService = Tripolygon.UModeler.Hub.HubAnalyticsService
[2025-12-01 오전 12:39:33] [Debug] [Application] service: Tripolygon.UModeler.Hub.VSAttributionService = Tripolygon.UModeler.Hub.VSAttributionService
[2025-12-01 오전 12:39:33] [Debug] [Application] service: Tripolygon.UModeler.Hub.Notifications.UpdateHubNotifier = Tripolygon.UModeler.Hub.Notifications.UpdateHubNotifier
[2025-12-01 오전 12:39:33] [Debug] [Application] service: Tripolygon.UModeler.Hub.Notifications.UpdateProductNotifier = Tripolygon.UModeler.Hub.Notifications.UpdateProductNotifier
[2025-12-01 오전 12:39:33] [Debug] [Application] service: Tripolygon.UModeler.Hub.INoticeService = Tripolygon.UModeler.Hub.Noticies.NoticeService
[2025-12-01 오전 12:39:33] [Debug] [Application] service: Tripolygon.UModeler.Hub.Views.SceneViews.HubSceneViewService = Tripolygon.UModeler.Hub.Views.SceneViews.HubSceneViewService
[2025-12-01 오전 12:39:36] [Debug] [Application] Initialize: isReloading=False
[2025-12-01 오전 12:39:36] [Debug] [Application] Service Initialize: Tripolygon.UModeler.Hub.HubAuthentication
[2025-12-01 오전 12:39:36] [Debug] [Application] Service Initialize: Tripolygon.UModeler.Editor.UI.UnityEditorApplicationCache
[2025-12-01 오전 12:39:36] [Debug] [Application] Service Initialize: Tripolygon.UModeler.Hub.HubService
[2025-12-01 오전 12:39:36] [Debug] [Application] Service Initialize: Tripolygon.UModeler.Editor.UI.UnityEditorApplicationUtilityService
[2025-12-01 오전 12:39:36] [Debug] [Application] Service Initialize: Tripolygon.UModeler.Hub.HubFlashService
[2025-12-01 오전 12:39:36] [Debug] [HubAnalytics] PosthogClient.SetAutoFlush: Value Changed: True
[2025-12-01 오전 12:39:36] [Debug] [Application] Service Initialize: Tripolygon.UModeler.Hub.HubAnalyticsService
[2025-12-01 오전 12:39:36] [Debug] [Application] Service Initialize: Tripolygon.UModeler.Hub.VSAttributionService
[2025-12-01 오전 12:39:36] [Debug] [Application] Service Initialize: Tripolygon.UModeler.Hub.Notifications.UpdateHubNotifier
[2025-12-01 오전 12:39:36] [Debug] [Application] Service Initialize: Tripolygon.UModeler.Hub.Notifications.UpdateProductNotifier
[2025-12-01 오전 12:39:36] [Debug] [Application] Service Initialize: Tripolygon.UModeler.Hub.Noticies.NoticeService
[2025-12-01 오전 12:39:36] [Debug] [Application] Service Initialize: Tripolygon.UModeler.Hub.Views.SceneViews.HubSceneViewService
[2025-12-01 오전 12:43:07] [Debug] [HubAnalytics] OnAppStart
[2025-12-01 오전 12:43:16] [Debug] [HubAnalytics] PosthogClient.BatchAsync: Sending Queue Items={"api_key":"phc_DQ6tsN03HRXTr9hNBfi3DierOY5Y0SisUxgxjuAmZG5","batch":[{"event":"app start","properties":{"$set":{"sdk_region_id":"ko-KR","sdk_region_name":"South Korea","sdk_language":"Korean","sdk_os_architecture":"X64","sdk_time_zone":"Korea Standard Time","product_version":"1.1.6","platform_account_id":"anonymous","platform_account_name":"DyabaFsSk6w9d1JRv1CilyDJjO8fJuDRxWHnUdyxUrHUSIDSiXo5h4Yp8j4SdUo/rFFIMJjRWAIscWubV9Uq/OIlTKMGaKo+IqBF+RE/PJqWu7Oo5daPvVonedZ3vnGGE2VILJrgV5lbqHtrQct2G1Q9IavnqEvMKzI9dUC2/QqKXmQ56acrCpyEEbn2UdLwgo7th5t3iTfvDb4hspDCzsdmYHRQmBkQ7VzeqNgXnnnVryUSt+eme9lBA8GuR8RD741m8IJ22/fz7lT88Aam2KWfii/fmXwO7yTISLKWCu24jN51e+NnFrGhiRzFZeOujFUdJOwcyh9FafnE2v+AAQ=="},"$os":"WINDOWS","$os_name":"WINDOWS","$session_id":"003b685e-906b-462f-a4c6-719d5802f243_920f0f17-cb4a-46ab-9ec4-602c25403817","distinct_id":"b436f785064ea140538673dd9b84f3f59c821871","product_name":"UModeler Hub","product_version":"1.1.6","platform_name":"Unity","platform_version":"6000.0.29f1","screen_width":1920,"screen_height":1080,"viewport_width":640,"viewport_height":480,"unity_systeminfo_language":"Korean","unity_systeminfo_os":"Windows 10  (10.0.19045) 64bit","unity_systeminfo_graphicsDeviceType":"Direct3D11","unity_systeminfo_graphicsDeviceVendor":"NVIDIA","unity_systeminfo_graphicsDeviceName":"NVIDIA GeForce RTX 2060","unity_systeminfo_deviceType":"Desktop","unity_systeminfo_processorType":"Intel(R) Core(TM) i7-9700F CPU @ 3.00GHz"},"timestamp":"2025-11-30T15:43:07.4154259Z"}]}
[2025-12-01 오전 12:43:17] [Debug] [HubAnalytics] PosthogClient.BatchAsync: Sent 1 queue item(s).
[2025-12-01 오전 12:43:18] [Debug] [Application] Release: isReloading=True
[2025-12-01 오전 12:43:18] [Debug] [Application] Service Release: Tripolygon.UModeler.Hub.Views.SceneViews.HubSceneViewService
[2025-12-01 오전 12:43:19] [Debug] [Application] Service Release: Tripolygon.UModeler.Hub.Noticies.NoticeService
[2025-12-01 오전 12:43:19] [Debug] [Application] Service Release: Tripolygon.UModeler.Hub.Notifications.UpdateProductNotifier
[2025-12-01 오전 12:43:19] [Debug] [Application] Service Release: Tripolygon.UModeler.Hub.Notifications.UpdateHubNotifier
[2025-12-01 오전 12:43:19] [Debug] [Application] Service Release: Tripolygon.UModeler.Hub.VSAttributionService
[2025-12-01 오전 12:43:19] [Debug] [HubAnalytics] PosthogClient.SetAutoFlush: Value Changed: False
[2025-12-01 오전 12:43:19] [Debug] [Application] Service Release: Tripolygon.UModeler.Hub.HubAnalyticsService
[2025-12-01 오전 12:43:19] [Debug] [Application] Service Release: Tripolygon.UModeler.Hub.HubFlashService
[2025-12-01 오전 12:43:19] [Debug] [Application] Service Release: Tripolygon.UModeler.Editor.UI.UnityEditorApplicationUtilityService
[2025-12-01 오전 12:43:19] [Debug] [Application] Service Release: Tripolygon.UModeler.Hub.HubService
[2025-12-01 오전 12:43:19] [Debug] [Application] Service Release: Tripolygon.UModeler.Editor.UI.UnityEditorApplicationCache
[2025-12-01 오전 12:43:19] [Debug] [Application] Service Release: Tripolygon.UModeler.Hub.HubAuthentication
[2025-12-01 오전 12:43:22] [Debug] [Application] service: Tripolygon.UModeler.Hub.HubAuthentication = Tripolygon.UModeler.Hub.HubAuthentication
[2025-12-01 오전 12:43:22] [Debug] [Application] service: Tripolygon.UModeler.UI.IApplicationCache = Tripolygon.UModeler.Editor.UI.UnityEditorApplicationCache
[2025-12-01 오전 12:43:22] [Debug] ActualHost
[2025-12-01 오전 12:43:22] [Debug] [Application] service: Tripolygon.UModeler.Hub.IHubService = Tripolygon.UModeler.Hub.HubService
[2025-12-01 오전 12:43:22] [Debug] [Application] service: Tripolygon.UModeler.Authentication.IAuthenticationApiProvider = Tripolygon.UModeler.Editor.AuthenticationApiProviderService
[2025-12-01 오전 12:43:22] [Debug] [Application] service: Tripolygon.UModeler.UI.IObjectHierarchyService = Tripolygon.UModeler.Editor.UI.UnityEditorObjectHierarchyService
[2025-12-01 오전 12:43:22] [Debug] [Application] service: Tripolygon.UModeler.UI.IApplicationUtilityService = Tripolygon.UModeler.Editor.UI.UnityEditorApplicationUtilityService
[2025-12-01 오전 12:43:22] [Debug] [Application] service: Tripolygon.UModeler.Editor.UI.ApplicationSettings = Tripolygon.UModeler.Editor.UI.ApplicationSettings
[2025-12-01 오전 12:43:22] [Debug] [Application] service: Tripolygon.UModeler.UI.ITextureProvider = Tripolygon.UModeler.Editor.UI.UnityEditorTextureProvider
[2025-12-01 오전 12:43:22] [Debug] [Application] service: Tripolygon.UModeler.Hub.Resources.IResourcesApiProvider = Tripolygon.UModeler.Hub.ResourcesApiProviderService
[2025-12-01 오전 12:43:22] [Debug] [Application] service: Tripolygon.UModeler.Hub.HubFlashService = Tripolygon.UModeler.Hub.HubFlashService
[2025-12-01 오전 12:43:22] [Debug] [Application] service: Tripolygon.UModeler.Hub.IHubAnalyticsService = Tripolygon.UModeler.Hub.HubAnalyticsService
[2025-12-01 오전 12:43:22] [Debug] [Application] service: Tripolygon.UModeler.Hub.VSAttributionService = Tripolygon.UModeler.Hub.VSAttributionService
[2025-12-01 오전 12:43:22] [Debug] [Application] service: Tripolygon.UModeler.Hub.Notifications.UpdateHubNotifier = Tripolygon.UModeler.Hub.Notifications.UpdateHubNotifier
[2025-12-01 오전 12:43:22] [Debug] [Application] service: Tripolygon.UModeler.Hub.Notifications.UpdateProductNotifier = Tripolygon.UModeler.Hub.Notifications.UpdateProductNotifier
[2025-12-01 오전 12:43:22] [Debug] [Application] service: Tripolygon.UModeler.Hub.INoticeService = Tripolygon.UModeler.Hub.Noticies.NoticeService
[2025-12-01 오전 12:43:22] [Debug] [Application] service: Tripolygon.UModeler.Hub.Views.SceneViews.HubSceneViewService = Tripolygon.UModeler.Hub.Views.SceneViews.HubSceneViewService
[2025-12-01 오전 12:43:23] [Debug] [Application] Initialize: isReloading=True
[2025-12-01 오전 12:43:23] [Debug] [Application] Service Initialize: Tripolygon.UModeler.Hub.HubAuthentication
[2025-12-01 오전 12:43:23] [Debug] [Application] Service Initialize: Tripolygon.UModeler.Editor.UI.UnityEditorApplicationCache
[2025-12-01 오전 12:43:23] [Debug] [Application] Service Initialize: Tripolygon.UModeler.Hub.HubService
[2025-12-01 오전 12:43:23] [Debug] [Application] Service Initialize: Tripolygon.UModeler.Editor.UI.UnityEditorApplicationUtilityService
[2025-12-01 오전 12:43:23] [Debug] [Application] Service Initialize: Tripolygon.UModeler.Hub.HubFlashService
[2025-12-01 오전 12:43:23] [Debug] [HubAnalytics] PosthogClient.SetAutoFlush: Value Changed: True
[2025-12-01 오전 12:43:23] [Debug] [Application] Service Initialize: Tripolygon.UModeler.Hub.HubAnalyticsService
[2025-12-01 오전 12:43:23] [Debug] [Application] Service Initialize: Tripolygon.UModeler.Hub.VSAttributionService
[2025-12-01 오전 12:43:23] [Debug] [Application] Service Initialize: Tripolygon.UModeler.Hub.Notifications.UpdateHubNotifier
[2025-12-01 오전 12:43:23] [Debug] [Application] Service Initialize: Tripolygon.UModeler.Hub.Notifications.UpdateProductNotifier
[2025-12-01 오전 12:43:23] [Debug] [Application] Service Initialize: Tripolygon.UModeler.Hub.Noticies.NoticeService
[2025-12-01 오전 12:43:23] [Debug] [Application] Service Initialize: Tripolygon.UModeler.Hub.Views.SceneViews.HubSceneViewService
[2025-12-01 오전 12:43:53] [Debug] [Application] service: Tripolygon.UModeler.Hub.HubAuthentication = Tripolygon.UModeler.Hub.HubAuthentication
[2025-12-01 오전 12:43:53] [Debug] [Application] service: Tripolygon.UModeler.UI.IApplicationCache = Tripolygon.UModeler.Editor.UI.UnityEditorApplicationCache
[2025-12-01 오전 12:43:53] [Debug] [Application] service: Tripolygon.UModeler.Hub.HubAuthentication = Tripolygon.UModeler.Hub.HubAuthentication
[2025-12-01 오전 12:43:53] [Debug] [Application] service: Tripolygon.UModeler.Hub.IHubAnalyticsService = Tripolygon.UModeler.Hub.HubAnalyticsService
[2025-12-01 오전 12:43:53] [Debug] ActualHost
[2025-12-01 오전 12:43:53] [Debug] [Application] service: Tripolygon.UModeler.Hub.Notifications.UpdateHubNotifier = Tripolygon.UModeler.Hub.Notifications.UpdateHubNotifier
[2025-12-01 오전 12:43:53] [Debug] [Application] service: Tripolygon.UModeler.Authentication.IAuthenticationApiProvider = Tripolygon.UModeler.Editor.AuthenticationApiProviderService
[2025-12-01 오전 12:43:53] [Debug] [Application] service: Tripolygon.UModeler.Hub.INoticeService = Tripolygon.UModeler.Hub.Noticies.NoticeService
[2025-12-01 오전 12:43:53] [Debug] [Application] service: Tripolygon.UModeler.UI.IApplicationUtilityService = Tripolygon.UModeler.Editor.UI.UnityEditorApplicationUtilityService
[2025-12-01 오전 12:43:53] [Debug] [Application] service: Tripolygon.UModeler.Hub.Views.SceneViews.HubSceneViewService = Tripolygon.UModeler.Hub.Views.SceneViews.HubSceneViewService
[2025-12-01 오전 12:43:53] [Debug] [Application] service: Tripolygon.UModeler.Editor.UI.ApplicationSettings = Tripolygon.UModeler.Editor.UI.ApplicationSettings
[2025-12-01 오전 12:43:54] [Debug] [Application] Initialize: isReloading=False
[2025-12-01 오전 12:43:53] [Debug] [Application] service: Tripolygon.UModeler.UI.ITextureProvider = Tripolygon.UModeler.Editor.UI.UnityEditorTextureProvider
[2025-12-01 오전 12:43:54] [Debug] [Application] Service Initialize: Tripolygon.UModeler.Hub.HubAuthentication
[2025-12-01 오전 12:43:53] [Debug] [Application] service: Tripolygon.UModeler.Hub.HubFlashService = Tripolygon.UModeler.Hub.HubFlashService
[2025-12-01 오전 12:43:54] [Debug] [Application] Service Initialize: Tripolygon.UModeler.Editor.UI.UnityEditorApplicationCache
[2025-12-01 오전 12:43:53] [Debug] [Application] service: Tripolygon.UModeler.Hub.VSAttributionService = Tripolygon.UModeler.Hub.VSAttributionService
[2025-12-01 오전 12:43:54] [Debug] [Application] Service Initialize: Tripolygon.UModeler.Hub.HubService
[2025-12-01 오전 12:43:53] [Debug] [Application] service: Tripolygon.UModeler.Hub.Notifications.UpdateProductNotifier = Tripolygon.UModeler.Hub.Notifications.UpdateProductNotifier
[2025-12-01 오전 12:43:54] [Debug] [Application] Service Initialize: Tripolygon.UModeler.Hub.HubFlashService
[2025-12-01 오전 12:43:53] [Debug] [Application] service: Tripolygon.UModeler.Hub.INoticeService = Tripolygon.UModeler.Hub.Noticies.NoticeService
[2025-12-01 오전 12:43:53] [Debug] [Application] service: Tripolygon.UModeler.Hub.Views.SceneViews.HubSceneViewService = Tripolygon.UModeler.Hub.Views.SceneViews.HubSceneViewService
[2025-12-01 오전 12:43:54] [Debug] [Application] Initialize: isReloading=False
[2025-12-01 오전 12:43:54] [Debug] [Application] Service Initialize: Tripolygon.UModeler.Hub.HubAuthentication
[2025-12-01 오전 12:43:54] [Debug] [Application] Service Initialize: Tripolygon.UModeler.Editor.UI.UnityEditorApplicationCache
[2025-12-01 오전 12:43:54] [Debug] [HubAnalytics] PosthogClient.SetAutoFlush: Value Changed: True
[2025-12-01 오전 12:43:54] [Debug] [Application] Service Initialize: Tripolygon.UModeler.Hub.HubService
[2025-12-01 오전 12:43:54] [Debug] [Application] Service Initialize: Tripolygon.UModeler.Editor.UI.UnityEditorApplicationUtilityService
[2025-12-01 오전 12:43:54] [Debug] [Application] Service Initialize: Tripolygon.UModeler.Hub.HubFlashService
[2025-12-01 오전 12:43:54] [Debug] [Application] Service Initialize: Tripolygon.UModeler.Hub.HubAnalyticsService
[2025-12-01 오전 12:43:54] [Debug] [Application] Service Initialize: Tripolygon.UModeler.Hub.VSAttributionService
[2025-12-01 오전 12:43:54] [Debug] [Application] Service Initialize: Tripolygon.UModeler.Hub.Notifications.UpdateHubNotifier
[2025-12-01 오전 12:43:54] [Debug] [HubAnalytics] PosthogClient.SetAutoFlush: Value Changed: True
[2025-12-01 오전 12:43:54] [Debug] [Application] Service Initialize: Tripolygon.UModeler.Hub.Notifications.UpdateProductNotifier
[2025-12-01 오전 12:43:54] [Debug] [Application] Service Initialize: Tripolygon.UModeler.Hub.Noticies.NoticeService
[2025-12-01 오전 12:43:54] [Debug] [Application] Service Initialize: Tripolygon.UModeler.Hub.Views.SceneViews.HubSceneViewService
[2025-12-01 오전 12:43:54] [Debug] [Application] Service Initialize: Tripolygon.UModeler.Hub.HubAnalyticsService
[2025-12-01 오전 12:43:54] [Debug] [Application] Service Initialize: Tripolygon.UModeler.Hub.VSAttributionService
[2025-12-01 오전 12:43:54] [Debug] [Application] Service Initialize: Tripolygon.UModeler.Hub.Notifications.UpdateHubNotifier
[2025-12-01 오전 12:43:54] [Debug] [Application] Service Initialize: Tripolygon.UModeler.Hub.Notifications.UpdateProductNotifier
[2025-12-01 오전 12:43:54] [Debug] [Application] Service Initialize: Tripolygon.UModeler.Hub.Noticies.NoticeService
[2025-12-01 오전 12:43:54] [Debug] [Application] Service Initialize: Tripolygon.UModeler.Hub.Views.SceneViews.HubSceneViewService
[2025-12-01 오전 1:08:31] [Debug] [Application] Release: isReloading=True
[2025-12-01 오전 1:08:31] [Debug] [Application] Service Release: Tripolygon.UModeler.Hub.Views.SceneViews.HubSceneViewService
[2025-12-01 오전 1:08:31] [Debug] [Application] Service Release: Tripolygon.UModeler.Hub.Noticies.NoticeService
[2025-12-01 오전 1:08:31] [Debug] [Application] Service Release: Tripolygon.UModeler.Hub.Notifications.UpdateProductNotifier
[2025-12-01 오전 1:08:31] [Debug] [Application] Service Release: Tripolygon.UModeler.Hub.Notifications.UpdateHubNotifier
[2025-12-01 오전 1:08:31] [Debug] [Application] Service Release: Tripolygon.UModeler.Hub.VSAttributionService
[2025-12-01 오전 1:08:31] [Debug] [HubAnalytics] PosthogClient.SetAutoFlush: Value Changed: False
[2025-12-01 오전 1:08:31] [Debug] [Application] Service Release: Tripolygon.UModeler.Hub.HubAnalyticsService
[2025-12-01 오전 1:08:31] [Debug] [Application] Service Release: Tripolygon.UModeler.Hub.HubFlashService
[2025-12-01 오전 1:08:31] [Debug] [Application] Service Release: Tripolygon.UModeler.Editor.UI.UnityEditorApplicationUtilityService
[2025-12-01 오전 1:08:31] [Debug] [Application] Service Release: Tripolygon.UModeler.Hub.HubService
[2025-12-01 오전 1:08:31] [Debug] [Application] Service Release: Tripolygon.UModeler.Editor.UI.UnityEditorApplicationCache
[2025-12-01 오전 1:08:31] [Debug] [Application] Service Release: Tripolygon.UModeler.Hub.HubAuthentication
[2025-12-01 오전 1:09:09] [Debug] [Application] service: Tripolygon.UModeler.Hub.HubAuthentication = Tripolygon.UModeler.Hub.HubAuthentication
[2025-12-01 오전 1:09:09] [Debug] [Application] service: Tripolygon.UModeler.UI.IApplicationCache = Tripolygon.UModeler.Editor.UI.UnityEditorApplicationCache
[2025-12-01 오전 1:09:09] [Debug] ActualHost
[2025-12-01 오전 1:09:09] [Debug] [Application] service: Tripolygon.UModeler.Hub.IHubService = Tripolygon.UModeler.Hub.HubService
[2025-12-01 오전 1:09:09] [Debug] [Application] service: Tripolygon.UModeler.Authentication.IAuthenticationApiProvider = Tripolygon.UModeler.Editor.AuthenticationApiProviderService
[2025-12-01 오전 1:09:09] [Debug] [Application] service: Tripolygon.UModeler.UI.IObjectHierarchyService = Tripolygon.UModeler.Editor.UI.UnityEditorObjectHierarchyService
[2025-12-01 오전 1:09:09] [Debug] [Application] service: Tripolygon.UModeler.UI.IApplicationUtilityService = Tripolygon.UModeler.Editor.UI.UnityEditorApplicationUtilityService
[2025-12-01 오전 1:09:09] [Debug] [Application] service: Tripolygon.UModeler.Editor.UI.ApplicationSettings = Tripolygon.UModeler.Editor.UI.ApplicationSettings
[2025-12-01 오전 1:09:09] [Debug] [Application] service: Tripolygon.UModeler.UI.ITextureProvider = Tripolygon.UModeler.Editor.UI.UnityEditorTextureProvider
[2025-12-01 오전 1:09:09] [Debug] [Application] service: Tripolygon.UModeler.Hub.Resources.IResourcesApiProvider = Tripolygon.UModeler.Hub.ResourcesApiProviderService
[2025-12-01 오전 1:09:09] [Debug] [Application] service: Tripolygon.UModeler.Hub.HubFlashService = Tripolygon.UModeler.Hub.HubFlashService
[2025-12-01 오전 1:09:09] [Debug] [Application] service: Tripolygon.UModeler.Hub.IHubAnalyticsService = Tripolygon.UModeler.Hub.HubAnalyticsService
[2025-12-01 오전 1:09:09] [Debug] [Application] service: Tripolygon.UModeler.Hub.VSAttributionService = Tripolygon.UModeler.Hub.VSAttributionService
[2025-12-01 오전 1:09:09] [Debug] [Application] service: Tripolygon.UModeler.Hub.Notifications.UpdateHubNotifier = Tripolygon.UModeler.Hub.Notifications.UpdateHubNotifier
[2025-12-01 오전 1:09:09] [Debug] [Application] service: Tripolygon.UModeler.Hub.Notifications.UpdateProductNotifier = Tripolygon.UModeler.Hub.Notifications.UpdateProductNotifier
[2025-12-01 오전 1:09:09] [Debug] [Application] service: Tripolygon.UModeler.Hub.INoticeService = Tripolygon.UModeler.Hub.Noticies.NoticeService
[2025-12-01 오전 1:09:09] [Debug] [Application] service: Tripolygon.UModeler.Hub.Views.SceneViews.HubSceneViewService = Tripolygon.UModeler.Hub.Views.SceneViews.HubSceneViewService
[2025-12-01 오전 1:09:13] [Debug] [Application] Initialize: isReloading=True
[2025-12-01 오전 1:09:13] [Debug] [Application] Service Initialize: Tripolygon.UModeler.Hub.HubAuthentication
[2025-12-01 오전 1:09:13] [Debug] [Application] Service Initialize: Tripolygon.UModeler.Editor.UI.UnityEditorApplicationCache
[2025-12-01 오전 1:09:13] [Debug] [Application] Service Initialize: Tripolygon.UModeler.Hub.HubService
[2025-12-01 오전 1:09:13] [Debug] [Application] Service Initialize: Tripolygon.UModeler.Editor.UI.UnityEditorApplicationUtilityService
[2025-12-01 오전 1:09:13] [Debug] [Application] Service Initialize: Tripolygon.UModeler.Hub.HubFlashService
[2025-12-01 오전 1:09:13] [Debug] [HubAnalytics] PosthogClient.SetAutoFlush: Value Changed: True
[2025-12-01 오전 1:09:13] [Debug] [Application] Service Initialize: Tripolygon.UModeler.Hub.HubAnalyticsService
[2025-12-01 오전 1:09:13] [Debug] [Application] Service Initialize: Tripolygon.UModeler.Hub.VSAttributionService
[2025-12-01 오전 1:09:13] [Debug] [Application] Service Initialize: Tripolygon.UModeler.Hub.Notifications.UpdateHubNotifier
[2025-12-01 오전 1:09:13] [Debug] [Application] Service Initialize: Tripolygon.UModeler.Hub.Notifications.UpdateProductNotifier
[2025-12-01 오전 1:09:13] [Debug] [Application] Service Initialize: Tripolygon.UModeler.Hub.Noticies.NoticeService
[2025-12-01 오전 1:09:13] [Debug] [Application] Service Initialize: Tripolygon.UModeler.Hub.Views.SceneViews.HubSceneViewService
[2025-12-01 오전 1:09:17] [Debug] [Application] Release: isReloading=True
[2025-12-01 오전 1:09:17] [Debug] [Application] Release: isReloading=True
[2025-12-01 오전 1:09:17] [Debug] [Application] Service Release: Tripolygon.UModeler.Hub.Views.SceneViews.HubSceneViewService
[2025-12-01 오전 1:09:17] [Debug] [Application] Service Release: Tripolygon.UModeler.Hub.Views.SceneViews.HubSceneViewService
[2025-12-01 오전 1:09:17] [Debug] [Application] Service Release: Tripolygon.UModeler.Hub.Noticies.NoticeService
[2025-12-01 오전 1:09:17] [Debug] [Application] Service Release: Tripolygon.UModeler.Hub.Noticies.NoticeService
[2025-12-01 오전 1:09:17] [Debug] [Application] Service Release: Tripolygon.UModeler.Hub.Notifications.UpdateProductNotifier
[2025-12-01 오전 1:09:17] [Debug] [Application] Service Release: Tripolygon.UModeler.Hub.Notifications.UpdateProductNotifier
[2025-12-01 오전 1:09:17] [Debug] [Application] Service Release: Tripolygon.UModeler.Hub.Notifications.UpdateHubNotifier
[2025-12-01 오전 1:09:17] [Debug] [Application] Service Release: Tripolygon.UModeler.Hub.Notifications.UpdateHubNotifier
[2025-12-01 오전 1:09:17] [Debug] [Application] Service Release: Tripolygon.UModeler.Hub.VSAttributionService
[2025-12-01 오전 1:09:17] [Debug] [Application] Service Release: Tripolygon.UModeler.Hub.VSAttributionService
[2025-12-01 오전 1:09:21] [Debug] [Application] service: Tripolygon.UModeler.Hub.HubAuthentication = Tripolygon.UModeler.Hub.HubAuthentication
[2025-12-01 오전 1:09:21] [Debug] [Application] service: Tripolygon.UModeler.Hub.HubAuthentication = Tripolygon.UModeler.Hub.HubAuthentication
[2025-12-01 오전 1:09:21] [Debug] [Application] service: Tripolygon.UModeler.UI.IApplicationCache = Tripolygon.UModeler.Editor.UI.UnityEditorApplicationCache
[2025-12-01 오전 1:09:21] [Debug] [Application] service: Tripolygon.UModeler.Hub.HubFlashService = Tripolygon.UModeler.Hub.HubFlashService
[2025-12-01 오전 1:09:21] [Debug] [Application] service: Tripolygon.UModeler.Hub.IHubService = Tripolygon.UModeler.Hub.HubService
[2025-12-01 오전 1:09:21] [Debug] [Application] service: Tripolygon.UModeler.Hub.VSAttributionService = Tripolygon.UModeler.Hub.VSAttributionService
[2025-12-01 오전 1:09:21] [Debug] [Application] service: Tripolygon.UModeler.UI.IObjectHierarchyService = Tripolygon.UModeler.Editor.UI.UnityEditorObjectHierarchyService
[2025-12-01 오전 1:09:21] [Debug] [Application] service: Tripolygon.UModeler.Hub.Notifications.UpdateProductNotifier = Tripolygon.UModeler.Hub.Notifications.UpdateProductNotifier
[2025-12-01 오전 1:09:21] [Debug] [Application] service: Tripolygon.UModeler.Editor.UI.ApplicationSettings = Tripolygon.UModeler.Editor.UI.ApplicationSettings
[2025-12-01 오전 1:09:21] [Debug] [Application] service: Tripolygon.UModeler.Hub.Views.SceneViews.HubSceneViewService = Tripolygon.UModeler.Hub.Views.SceneViews.HubSceneViewService
[2025-12-01 오전 1:09:21] [Debug] [Application] service: Tripolygon.UModeler.Hub.Resources.IResourcesApiProvider = Tripolygon.UModeler.Hub.ResourcesApiProviderService
[2025-12-01 오전 1:09:23] [Debug] [Application] Initialize: isReloading=True
[2025-12-01 오전 1:09:21] [Debug] [Application] service: Tripolygon.UModeler.Hub.HubFlashService = Tripolygon.UModeler.Hub.HubFlashService
[2025-12-01 오전 1:09:23] [Debug] [Application] Service Initialize: Tripolygon.UModeler.Hub.HubAuthentication
[2025-12-01 오전 1:09:21] [Debug] [Application] service: Tripolygon.UModeler.Hub.VSAttributionService = Tripolygon.UModeler.Hub.VSAttributionService
[2025-12-01 오전 1:09:23] [Debug] [Application] Service Initialize: Tripolygon.UModeler.Editor.UI.UnityEditorApplicationCache
[2025-12-01 오전 1:09:21] [Debug] [Application] service: Tripolygon.UModeler.Hub.Notifications.UpdateProductNotifier = Tripolygon.UModeler.Hub.Notifications.UpdateProductNotifier
[2025-12-01 오전 1:09:21] [Debug] [Application] service: Tripolygon.UModeler.Hub.INoticeService = Tripolygon.UModeler.Hub.Noticies.NoticeService
[2025-12-01 오전 1:09:23] [Debug] [Application] Service Initialize: Tripolygon.UModeler.Hub.HubService
[2025-12-01 오전 1:09:23] [Debug] [Application] Initialize: isReloading=False
[2025-12-01 오전 1:09:23] [Debug] [Application] Service Initialize: Tripolygon.UModeler.Editor.UI.UnityEditorApplicationUtilityService
[2025-12-01 오전 1:09:23] [Debug] [Application] Service Initialize: Tripolygon.UModeler.Hub.HubAuthentication
[2025-12-01 오전 1:09:23] [Debug] [Application] Service Initialize: Tripolygon.UModeler.Hub.HubFlashService
[2025-12-01 오전 1:09:23] [Debug] [Application] Service Initialize: Tripolygon.UModeler.Editor.UI.UnityEditorApplicationCache
[2025-12-01 오전 1:09:23] [Debug] [HubAnalytics] PosthogClient.SetAutoFlush: Value Changed: True
[2025-12-01 오전 1:09:23] [Debug] [Application] Service Initialize: Tripolygon.UModeler.Hub.HubService
[2025-12-01 오전 1:09:23] [Debug] [Application] Service Initialize: Tripolygon.UModeler.Editor.UI.UnityEditorApplicationUtilityService
[2025-12-01 오전 1:09:23] [Debug] [Application] Service Initialize: Tripolygon.UModeler.Hub.HubFlashService
[2025-12-01 오전 1:09:23] [Debug] [Application] Service Initialize: Tripolygon.UModeler.Hub.HubAnalyticsService
[2025-12-01 오전 1:09:23] [Debug] [HubAnalytics] PosthogClient.SetAutoFlush: Value Changed: True
[2025-12-01 오전 1:09:23] [Debug] [Application] Service Initialize: Tripolygon.UModeler.Hub.VSAttributionService
[2025-12-01 오전 1:09:23] [Debug] [Application] Service Initialize: Tripolygon.UModeler.Hub.Notifications.UpdateHubNotifier
[2025-12-01 오전 1:09:23] [Debug] [Application] Service Initialize: Tripolygon.UModeler.Hub.Notifications.UpdateProductNotifier
[2025-12-01 오전 1:09:23] [Debug] [Application] Service Initialize: Tripolygon.UModeler.Hub.HubAnalyticsService
[2025-12-01 오전 1:09:23] [Debug] [Application] Service Initialize: Tripolygon.UModeler.Hub.Noticies.NoticeService
[2025-12-01 오전 1:09:23] [Debug] [Application] Service Initialize: Tripolygon.UModeler.Hub.VSAttributionService
[2025-12-01 오전 1:09:23] [Debug] [Application] Service Initialize: Tripolygon.UModeler.Hub.Views.SceneViews.HubSceneViewService
[2025-12-01 오전 1:09:23] [Debug] [Application] Service Initialize: Tripolygon.UModeler.Hub.Notifications.UpdateHubNotifier
[2025-12-01 오전 1:09:23] [Debug] [Application] Service Initialize: Tripolygon.UModeler.Hub.Notifications.UpdateProductNotifier
[2025-12-01 오전 1:09:23] [Debug] [Application] Service Initialize: Tripolygon.UModeler.Hub.Noticies.NoticeService
[2025-12-01 오전 1:09:23] [Debug] [Application] Service Initialize: Tripolygon.UModeler.Hub.Views.SceneViews.HubSceneViewService
[2025-12-01 오전 1:14:48] [Debug] [Application] Release: isReloading=True
[2025-12-01 오전 1:14:48] [Debug] [Application] Service Release: Tripolygon.UModeler.Hub.Views.SceneViews.HubSceneViewService
[2025-12-01 오전 1:14:48] [Debug] [Application] Service Release: Tripolygon.UModeler.Hub.Noticies.NoticeService
[2025-12-01 오전 1:14:48] [Debug] [Application] Service Release: Tripolygon.UModeler.Hub.Notifications.UpdateProductNotifier
[2025-12-01 오전 1:14:48] [Debug] [Application] Service Release: Tripolygon.UModeler.Hub.Notifications.UpdateHubNotifier
[2025-12-01 오전 1:14:48] [Debug] [Application] Service Release: Tripolygon.UModeler.Hub.VSAttributionService
[2025-12-01 오전 1:14:48] [Debug] [HubAnalytics] PosthogClient.SetAutoFlush: Value Changed: False
[2025-12-01 오전 1:14:48] [Debug] [Application] Service Release: Tripolygon.UModeler.Hub.HubAnalyticsService
[2025-12-01 오전 1:14:48] [Debug] [Application] Service Release: Tripolygon.UModeler.Hub.HubFlashService
[2025-12-01 오전 1:14:48] [Debug] [Application] Service Release: Tripolygon.UModeler.Editor.UI.UnityEditorApplicationUtilityService
[2025-12-01 오전 1:14:48] [Debug] [Application] Service Release: Tripolygon.UModeler.Hub.HubService
[2025-12-01 오전 1:14:48] [Debug] [Application] Service Release: Tripolygon.UModeler.Editor.UI.UnityEditorApplicationCache
[2025-12-01 오전 1:14:48] [Debug] [Application] Service Release: Tripolygon.UModeler.Hub.HubAuthentication
[2025-12-01 오전 1:14:51] [Debug] [Application] service: Tripolygon.UModeler.Hub.HubAuthentication = Tripolygon.UModeler.Hub.HubAuthentication
[2025-12-01 오전 1:14:51] [Debug] [Application] service: Tripolygon.UModeler.UI.IApplicationCache = Tripolygon.UModeler.Editor.UI.UnityEditorApplicationCache
[2025-12-01 오전 1:14:51] [Debug] ActualHost
[2025-12-01 오전 1:14:51] [Debug] [Application] service: Tripolygon.UModeler.Hub.IHubService = Tripolygon.UModeler.Hub.HubService
[2025-12-01 오전 1:14:51] [Debug] [Application] service: Tripolygon.UModeler.Authentication.IAuthenticationApiProvider = Tripolygon.UModeler.Editor.AuthenticationApiProviderService
[2025-12-01 오전 1:14:51] [Debug] [Application] service: Tripolygon.UModeler.UI.IObjectHierarchyService = Tripolygon.UModeler.Editor.UI.UnityEditorObjectHierarchyService
[2025-12-01 오전 1:14:51] [Debug] [Application] service: Tripolygon.UModeler.UI.IApplicationUtilityService = Tripolygon.UModeler.Editor.UI.UnityEditorApplicationUtilityService
[2025-12-01 오전 1:14:51] [Debug] [Application] service: Tripolygon.UModeler.Editor.UI.ApplicationSettings = Tripolygon.UModeler.Editor.UI.ApplicationSettings
[2025-12-01 오전 1:14:51] [Debug] [Application] service: Tripolygon.UModeler.UI.ITextureProvider = Tripolygon.UModeler.Editor.UI.UnityEditorTextureProvider
[2025-12-01 오전 1:14:51] [Debug] [Application] service: Tripolygon.UModeler.Hub.Resources.IResourcesApiProvider = Tripolygon.UModeler.Hub.ResourcesApiProviderService
[2025-12-01 오전 1:14:51] [Debug] [Application] service: Tripolygon.UModeler.Hub.HubFlashService = Tripolygon.UModeler.Hub.HubFlashService
[2025-12-01 오전 1:14:51] [Debug] [Application] service: Tripolygon.UModeler.Hub.IHubAnalyticsService = Tripolygon.UModeler.Hub.HubAnalyticsService
[2025-12-01 오전 1:14:51] [Debug] [Application] service: Tripolygon.UModeler.Hub.VSAttributionService = Tripolygon.UModeler.Hub.VSAttributionService
[2025-12-01 오전 1:14:51] [Debug] [Application] service: Tripolygon.UModeler.Hub.Notifications.UpdateHubNotifier = Tripolygon.UModeler.Hub.Notifications.UpdateHubNotifier
[2025-12-01 오전 1:14:51] [Debug] [Application] service: Tripolygon.UModeler.Hub.Notifications.UpdateProductNotifier = Tripolygon.UModeler.Hub.Notifications.UpdateProductNotifier
[2025-12-01 오전 1:14:51] [Debug] [Application] service: Tripolygon.UModeler.Hub.INoticeService = Tripolygon.UModeler.Hub.Noticies.NoticeService
[2025-12-01 오전 1:14:51] [Debug] [Application] service: Tripolygon.UModeler.Hub.Views.SceneViews.HubSceneViewService = Tripolygon.UModeler.Hub.Views.SceneViews.HubSceneViewService
[2025-12-01 오전 1:14:53] [Debug] [Application] Initialize: isReloading=True
[2025-12-01 오전 1:14:53] [Debug] [Application] Service Initialize: Tripolygon.UModeler.Hub.HubAuthentication
[2025-12-01 오전 1:14:53] [Debug] [Application] Service Initialize: Tripolygon.UModeler.Editor.UI.UnityEditorApplicationCache
[2025-12-01 오전 1:14:53] [Debug] [Application] Service Initialize: Tripolygon.UModeler.Hub.HubService
[2025-12-01 오전 1:14:53] [Debug] [Application] Service Initialize: Tripolygon.UModeler.Editor.UI.UnityEditorApplicationUtilityService
[2025-12-01 오전 1:14:53] [Debug] [Application] Service Initialize: Tripolygon.UModeler.Hub.HubFlashService
[2025-12-01 오전 1:14:53] [Debug] [HubAnalytics] PosthogClient.SetAutoFlush: Value Changed: True
[2025-12-01 오전 1:14:53] [Debug] [Application] Service Initialize: Tripolygon.UModeler.Hub.HubAnalyticsService
[2025-12-01 오전 1:14:53] [Debug] [Application] Service Initialize: Tripolygon.UModeler.Hub.VSAttributionService
[2025-12-01 오전 1:14:53] [Debug] [Application] Service Initialize: Tripolygon.UModeler.Hub.Notifications.UpdateHubNotifier
[2025-12-01 오전 1:14:53] [Debug] [Application] Service Initialize: Tripolygon.UModeler.Hub.Notifications.UpdateProductNotifier
[2025-12-01 오전 1:14:53] [Debug] [Application] Service Initialize: Tripolygon.UModeler.Hub.Noticies.NoticeService
[2025-12-01 오전 1:14:53] [Debug] [Application] Service Initialize: Tripolygon.UModeler.Hub.Views.SceneViews.HubSceneViewService
[2025-12-01 오전 1:14:54] [Debug] [Application] Release: isReloading=True
[2025-12-01 오전 1:14:54] [Debug] [Application] Release: isReloading=True
[2025-12-01 오전 1:14:54] [Debug] [Application] Service Release: Tripolygon.UModeler.Hub.Views.SceneViews.HubSceneViewService
[2025-12-01 오전 1:14:54] [Debug] [Application] Service Release: Tripolygon.UModeler.Hub.Views.SceneViews.HubSceneViewService
[2025-12-01 오전 1:14:54] [Debug] [Application] Service Release: Tripolygon.UModeler.Hub.Noticies.NoticeService
[2025-12-01 오전 1:14:54] [Debug] [Application] Service Release: Tripolygon.UModeler.Hub.Noticies.NoticeService
[2025-12-01 오전 1:14:54] [Debug] [Application] Service Release: Tripolygon.UModeler.Hub.Notifications.UpdateProductNotifier
[2025-12-01 오전 1:14:54] [Debug] [Application] Service Release: Tripolygon.UModeler.Hub.Notifications.UpdateProductNotifier
[2025-12-01 오전 1:14:54] [Debug] [Application] Service Release: Tripolygon.UModeler.Hub.Notifications.UpdateHubNotifier
[2025-12-01 오전 1:14:54] [Debug] [Application] Service Release: Tripolygon.UModeler.Hub.Notifications.UpdateHubNotifier
[2025-12-01 오전 1:14:54] [Debug] [Application] Service Release: Tripolygon.UModeler.Hub.VSAttributionService
[2025-12-01 오전 1:14:54] [Debug] [Application] Service Release: Tripolygon.UModeler.Hub.VSAttributionService
[2025-12-01 오전 1:14:57] [Debug] [Application] service: Tripolygon.UModeler.Hub.HubAuthentication = Tripolygon.UModeler.Hub.HubAuthentication
[2025-12-01 오전 1:14:57] [Debug] [Application] service: Tripolygon.UModeler.Hub.HubAuthentication = Tripolygon.UModeler.Hub.HubAuthentication
[2025-12-01 오전 1:14:57] [Debug] [Application] service: Tripolygon.UModeler.Hub.Resources.IResourcesApiProvider = Tripolygon.UModeler.Hub.ResourcesApiProviderService
[2025-12-01 오전 1:14:57] [Debug] ActualHost
[2025-12-01 오전 1:14:57] [Debug] [Application] service: Tripolygon.UModeler.Hub.IHubAnalyticsService = Tripolygon.UModeler.Hub.HubAnalyticsService
[2025-12-01 오전 1:14:57] [Debug] [Application] service: Tripolygon.UModeler.Authentication.IAuthenticationApiProvider = Tripolygon.UModeler.Editor.AuthenticationApiProviderService
[2025-12-01 오전 1:14:57] [Debug] [Application] service: Tripolygon.UModeler.Hub.Notifications.UpdateHubNotifier = Tripolygon.UModeler.Hub.Notifications.UpdateHubNotifier
[2025-12-01 오전 1:14:57] [Debug] [Application] service: Tripolygon.UModeler.UI.IObjectHierarchyService = Tripolygon.UModeler.Editor.UI.UnityEditorObjectHierarchyService
[2025-12-01 오전 1:14:57] [Debug] [Application] service: Tripolygon.UModeler.Hub.INoticeService = Tripolygon.UModeler.Hub.Noticies.NoticeService
[2025-12-01 오전 1:14:57] [Debug] [Application] service: Tripolygon.UModeler.Editor.UI.ApplicationSettings = Tripolygon.UModeler.Editor.UI.ApplicationSettings
[2025-12-01 오전 1:14:58] [Debug] [Application] Initialize: isReloading=True
[2025-12-01 오전 1:14:57] [Debug] [Application] service: Tripolygon.UModeler.Hub.Resources.IResourcesApiProvider = Tripolygon.UModeler.Hub.ResourcesApiProviderService
[2025-12-01 오전 1:14:58] [Debug] [Application] Service Initialize: Tripolygon.UModeler.Hub.HubAuthentication
[2025-12-01 오전 1:14:57] [Debug] [Application] service: Tripolygon.UModeler.Hub.IHubAnalyticsService = Tripolygon.UModeler.Hub.HubAnalyticsService
[2025-12-01 오전 1:14:58] [Debug] [Application] Service Initialize: Tripolygon.UModeler.Editor.UI.UnityEditorApplicationCache
[2025-12-01 오전 1:14:57] [Debug] [Application] service: Tripolygon.UModeler.Hub.Notifications.UpdateHubNotifier = Tripolygon.UModeler.Hub.Notifications.UpdateHubNotifier
[2025-12-01 오전 1:14:57] [Debug] [Application] service: Tripolygon.UModeler.Hub.Notifications.UpdateProductNotifier = Tripolygon.UModeler.Hub.Notifications.UpdateProductNotifier
[2025-12-01 오전 1:14:57] [Debug] [Application] service: Tripolygon.UModeler.Hub.INoticeService = Tripolygon.UModeler.Hub.Noticies.NoticeService
[2025-12-01 오전 1:14:58] [Debug] [Application] Service Initialize: Tripolygon.UModeler.Editor.UI.UnityEditorApplicationUtilityService
[2025-12-01 오전 1:14:58] [Debug] [Application] Initialize: isReloading=False
[2025-12-01 오전 1:14:58] [Debug] [Application] Service Initialize: Tripolygon.UModeler.Hub.HubFlashService
[2025-12-01 오전 1:14:58] [Debug] [Application] Service Initialize: Tripolygon.UModeler.Hub.HubAuthentication
[2025-12-01 오전 1:14:58] [Debug] [Application] Service Initialize: Tripolygon.UModeler.Editor.UI.UnityEditorApplicationCache
[2025-12-01 오전 1:14:58] [Debug] [HubAnalytics] PosthogClient.SetAutoFlush: Value Changed: True
[2025-12-01 오전 1:14:58] [Debug] [Application] Service Initialize: Tripolygon.UModeler.Hub.HubService
[2025-12-01 오전 1:14:58] [Debug] [Application] Service Initialize: Tripolygon.UModeler.Editor.UI.UnityEditorApplicationUtilityService
[2025-12-01 오전 1:14:58] [Debug] [Application] Service Initialize: Tripolygon.UModeler.Hub.HubFlashService
[2025-12-01 오전 1:14:58] [Debug] [Application] Service Initialize: Tripolygon.UModeler.Hub.HubAnalyticsService
[2025-12-01 오전 1:14:58] [Debug] [HubAnalytics] PosthogClient.SetAutoFlush: Value Changed: True
[2025-12-01 오전 1:14:58] [Debug] [Application] Service Initialize: Tripolygon.UModeler.Hub.VSAttributionService
[2025-12-01 오전 1:14:58] [Debug] [Application] Service Initialize: Tripolygon.UModeler.Hub.Notifications.UpdateHubNotifier
[2025-12-01 오전 1:14:58] [Debug] [Application] Service Initialize: Tripolygon.UModeler.Hub.Notifications.UpdateProductNotifier
[2025-12-01 오전 1:14:58] [Debug] [Application] Service Initialize: Tripolygon.UModeler.Hub.HubAnalyticsService
[2025-12-01 오전 1:14:58] [Debug] [Application] Service Initialize: Tripolygon.UModeler.Hub.Noticies.NoticeService
[2025-12-01 오전 1:14:58] [Debug] [Application] Service Initialize: Tripolygon.UModeler.Hub.VSAttributionService
[2025-12-01 오전 1:14:58] [Debug] [Application] Service Initialize: Tripolygon.UModeler.Hub.Views.SceneViews.HubSceneViewService
[2025-12-01 오전 1:14:58] [Debug] [Application] Service Initialize: Tripolygon.UModeler.Hub.Notifications.UpdateHubNotifier
[2025-12-01 오전 1:14:58] [Debug] [Application] Service Initialize: Tripolygon.UModeler.Hub.Notifications.UpdateProductNotifier
[2025-12-01 오전 1:14:58] [Debug] [Application] Service Initialize: Tripolygon.UModeler.Hub.Noticies.NoticeService
[2025-12-01 오전 1:14:58] [Debug] [Application] Service Initialize: Tripolygon.UModeler.Hub.Views.SceneViews.HubSceneViewService
[2025-12-01 오전 1:16:12] [Debug] [Application] Release: isReloading=True
[2025-12-01 오전 1:16:12] [Debug] [Application] Service Release: Tripolygon.UModeler.Hub.Views.SceneViews.HubSceneViewService
[2025-12-01 오전 1:16:12] [Debug] [Application] Service Release: Tripolygon.UModeler.Hub.Noticies.NoticeService
[2025-12-01 오전 1:16:12] [Debug] [Application] Service Release: Tripolygon.UModeler.Hub.Notifications.UpdateProductNotifier
[2025-12-01 오전 1:16:12] [Debug] [Application] Service Release: Tripolygon.UModeler.Hub.Notifications.UpdateHubNotifier
[2025-12-01 오전 1:16:12] [Debug] [Application] Service Release: Tripolygon.UModeler.Hub.VSAttributionService
[2025-12-01 오전 1:16:12] [Debug] [HubAnalytics] PosthogClient.SetAutoFlush: Value Changed: False
[2025-12-01 오전 1:16:12] [Debug] [Application] Service Release: Tripolygon.UModeler.Hub.HubAnalyticsService
[2025-12-01 오전 1:16:12] [Debug] [Application] Service Release: Tripolygon.UModeler.Hub.HubFlashService
[2025-12-01 오전 1:16:12] [Debug] [Application] Service Release: Tripolygon.UModeler.Editor.UI.UnityEditorApplicationUtilityService
[2025-12-01 오전 1:16:12] [Debug] [Application] Service Release: Tripolygon.UModeler.Hub.HubService
[2025-12-01 오전 1:16:12] [Debug] [Application] Service Release: Tripolygon.UModeler.Editor.UI.UnityEditorApplicationCache
[2025-12-01 오전 1:16:12] [Debug] [Application] Service Release: Tripolygon.UModeler.Hub.HubAuthentication
[2025-12-01 오전 1:16:15] [Debug] [Application] service: Tripolygon.UModeler.Hub.HubAuthentication = Tripolygon.UModeler.Hub.HubAuthentication
[2025-12-01 오전 1:16:15] [Debug] [Application] service: Tripolygon.UModeler.UI.IApplicationCache = Tripolygon.UModeler.Editor.UI.UnityEditorApplicationCache
[2025-12-01 오전 1:16:16] [Debug] ActualHost
[2025-12-01 오전 1:16:16] [Debug] [Application] service: Tripolygon.UModeler.Hub.IHubService = Tripolygon.UModeler.Hub.HubService
[2025-12-01 오전 1:16:16] [Debug] [Application] service: Tripolygon.UModeler.Authentication.IAuthenticationApiProvider = Tripolygon.UModeler.Editor.AuthenticationApiProviderService
[2025-12-01 오전 1:16:16] [Debug] [Application] service: Tripolygon.UModeler.UI.IObjectHierarchyService = Tripolygon.UModeler.Editor.UI.UnityEditorObjectHierarchyService
[2025-12-01 오전 1:16:16] [Debug] [Application] service: Tripolygon.UModeler.UI.IApplicationUtilityService = Tripolygon.UModeler.Editor.UI.UnityEditorApplicationUtilityService
[2025-12-01 오전 1:16:16] [Debug] [Application] service: Tripolygon.UModeler.Editor.UI.ApplicationSettings = Tripolygon.UModeler.Editor.UI.ApplicationSettings
[2025-12-01 오전 1:16:16] [Debug] [Application] service: Tripolygon.UModeler.UI.ITextureProvider = Tripolygon.UModeler.Editor.UI.UnityEditorTextureProvider
[2025-12-01 오전 1:16:16] [Debug] [Application] service: Tripolygon.UModeler.Hub.Resources.IResourcesApiProvider = Tripolygon.UModeler.Hub.ResourcesApiProviderService
[2025-12-01 오전 1:16:16] [Debug] [Application] service: Tripolygon.UModeler.Hub.HubFlashService = Tripolygon.UModeler.Hub.HubFlashService
[2025-12-01 오전 1:16:16] [Debug] [Application] service: Tripolygon.UModeler.Hub.IHubAnalyticsService = Tripolygon.UModeler.Hub.HubAnalyticsService
[2025-12-01 오전 1:16:16] [Debug] [Application] service: Tripolygon.UModeler.Hub.VSAttributionService = Tripolygon.UModeler.Hub.VSAttributionService
[2025-12-01 오전 1:16:16] [Debug] [Application] service: Tripolygon.UModeler.Hub.Notifications.UpdateHubNotifier = Tripolygon.UModeler.Hub.Notifications.UpdateHubNotifier
[2025-12-01 오전 1:16:16] [Debug] [Application] service: Tripolygon.UModeler.Hub.Notifications.UpdateProductNotifier = Tripolygon.UModeler.Hub.Notifications.UpdateProductNotifier
[2025-12-01 오전 1:16:16] [Debug] [Application] service: Tripolygon.UModeler.Hub.INoticeService = Tripolygon.UModeler.Hub.Noticies.NoticeService
[2025-12-01 오전 1:16:16] [Debug] [Application] service: Tripolygon.UModeler.Hub.Views.SceneViews.HubSceneViewService = Tripolygon.UModeler.Hub.Views.SceneViews.HubSceneViewService
[2025-12-01 오전 1:16:17] [Debug] [Application] Initialize: isReloading=True
[2025-12-01 오전 1:16:18] [Debug] [Application] Service Initialize: Tripolygon.UModeler.Hub.HubAuthentication
[2025-12-01 오전 1:16:18] [Debug] [Application] Service Initialize: Tripolygon.UModeler.Editor.UI.UnityEditorApplicationCache
[2025-12-01 오전 1:16:18] [Debug] [Application] Service Initialize: Tripolygon.UModeler.Hub.HubService
[2025-12-01 오전 1:16:18] [Debug] [Application] Service Initialize: Tripolygon.UModeler.Editor.UI.UnityEditorApplicationUtilityService
[2025-12-01 오전 1:16:18] [Debug] [Application] Service Initialize: Tripolygon.UModeler.Hub.HubFlashService
[2025-12-01 오전 1:16:18] [Debug] [HubAnalytics] PosthogClient.SetAutoFlush: Value Changed: True
[2025-12-01 오전 1:16:18] [Debug] [Application] Service Initialize: Tripolygon.UModeler.Hub.HubAnalyticsService
[2025-12-01 오전 1:16:18] [Debug] [Application] Service Initialize: Tripolygon.UModeler.Hub.VSAttributionService
[2025-12-01 오전 1:16:18] [Debug] [Application] Service Initialize: Tripolygon.UModeler.Hub.Notifications.UpdateHubNotifier
[2025-12-01 오전 1:16:18] [Debug] [Application] Service Initialize: Tripolygon.UModeler.Hub.Notifications.UpdateProductNotifier
[2025-12-01 오전 1:16:18] [Debug] [Application] Service Initialize: Tripolygon.UModeler.Hub.Noticies.NoticeService
[2025-12-01 오전 1:16:18] [Debug] [Application] Service Initialize: Tripolygon.UModeler.Hub.Views.SceneViews.HubSceneViewService
[2025-12-01 오전 1:16:18] [Debug] [Application] Release: isReloading=True
[2025-12-01 오전 1:16:18] [Debug] [Application] Release: isReloading=True
[2025-12-01 오전 1:16:18] [Debug] [Application] Service Release: Tripolygon.UModeler.Hub.Views.SceneViews.HubSceneViewService
[2025-12-01 오전 1:16:18] [Debug] [Application] Service Release: Tripolygon.UModeler.Hub.Views.SceneViews.HubSceneViewService
[2025-12-01 오전 1:16:19] [Debug] [Application] Service Release: Tripolygon.UModeler.Hub.Noticies.NoticeService
[2025-12-01 오전 1:16:19] [Debug] [Application] Service Release: Tripolygon.UModeler.Hub.Noticies.NoticeService
[2025-12-01 오전 1:16:19] [Debug] [Application] Service Release: Tripolygon.UModeler.Hub.Notifications.UpdateProductNotifier
[2025-12-01 오전 1:16:19] [Debug] [Application] Service Release: Tripolygon.UModeler.Hub.Notifications.UpdateProductNotifier
[2025-12-01 오전 1:16:19] [Debug] [Application] Service Release: Tripolygon.UModeler.Hub.Notifications.UpdateHubNotifier
[2025-12-01 오전 1:16:19] [Debug] [Application] Service Release: Tripolygon.UModeler.Hub.Notifications.UpdateHubNotifier
[2025-12-01 오전 1:16:19] [Debug] [Application] Service Release: Tripolygon.UModeler.Hub.VSAttributionService
[2025-12-01 오전 1:16:19] [Debug] [Application] Service Release: Tripolygon.UModeler.Hub.VSAttributionService
[2025-12-01 오전 1:16:21] [Debug] [Application] service: Tripolygon.UModeler.Hub.HubAuthentication = Tripolygon.UModeler.Hub.HubAuthentication
[2025-12-01 오전 1:16:21] [Debug] [Application] service: Tripolygon.UModeler.Hub.HubAuthentication = Tripolygon.UModeler.Hub.HubAuthentication
[2025-12-01 오전 1:16:22] [Debug] [Application] service: Tripolygon.UModeler.Hub.HubFlashService = Tripolygon.UModeler.Hub.HubFlashService
[2025-12-01 오전 1:16:21] [Debug] ActualHost
[2025-12-01 오전 1:16:22] [Debug] [Application] service: Tripolygon.UModeler.Hub.IHubAnalyticsService = Tripolygon.UModeler.Hub.HubAnalyticsService
[2025-12-01 오전 1:16:21] [Debug] [Application] service: Tripolygon.UModeler.Hub.IHubService = Tripolygon.UModeler.Hub.HubService
[2025-12-01 오전 1:16:22] [Debug] [Application] service: Tripolygon.UModeler.Hub.Notifications.UpdateHubNotifier = Tripolygon.UModeler.Hub.Notifications.UpdateHubNotifier
[2025-12-01 오전 1:16:21] [Debug] [Application] service: Tripolygon.UModeler.UI.IObjectHierarchyService = Tripolygon.UModeler.Editor.UI.UnityEditorObjectHierarchyService
[2025-12-01 오전 1:16:22] [Debug] [Application] service: Tripolygon.UModeler.Hub.Notifications.UpdateProductNotifier = Tripolygon.UModeler.Hub.Notifications.UpdateProductNotifier
[2025-12-01 오전 1:16:21] [Debug] [Application] service: Tripolygon.UModeler.Editor.UI.ApplicationSettings = Tripolygon.UModeler.Editor.UI.ApplicationSettings
[2025-12-01 오전 1:16:22] [Debug] [Application] service: Tripolygon.UModeler.Hub.INoticeService = Tripolygon.UModeler.Hub.Noticies.NoticeService
[2025-12-01 오전 1:16:21] [Debug] [Application] service: Tripolygon.UModeler.UI.ITextureProvider = Tripolygon.UModeler.Editor.UI.UnityEditorTextureProvider
[2025-12-01 오전 1:16:21] [Debug] [Application] service: Tripolygon.UModeler.Hub.Resources.IResourcesApiProvider = Tripolygon.UModeler.Hub.ResourcesApiProviderService
[2025-12-01 오전 1:16:23] [Debug] [Application] Initialize: isReloading=True
[2025-12-01 오전 1:16:22] [Debug] [Application] service: Tripolygon.UModeler.Hub.IHubAnalyticsService = Tripolygon.UModeler.Hub.HubAnalyticsService
[2025-12-01 오전 1:16:23] [Debug] [Application] Service Initialize: Tripolygon.UModeler.Hub.HubAuthentication
[2025-12-01 오전 1:16:22] [Debug] [Application] service: Tripolygon.UModeler.Hub.VSAttributionService = Tripolygon.UModeler.Hub.VSAttributionService
[2025-12-01 오전 1:16:22] [Debug] [Application] service: Tripolygon.UModeler.Hub.Notifications.UpdateHubNotifier = Tripolygon.UModeler.Hub.Notifications.UpdateHubNotifier
[2025-12-01 오전 1:16:22] [Debug] [Application] service: Tripolygon.UModeler.Hub.Notifications.UpdateProductNotifier = Tripolygon.UModeler.Hub.Notifications.UpdateProductNotifier
[2025-12-01 오전 1:16:23] [Debug] [Application] Service Initialize: Tripolygon.UModeler.Hub.HubService
[2025-12-01 오전 1:16:22] [Debug] [Application] service: Tripolygon.UModeler.Hub.Views.SceneViews.HubSceneViewService = Tripolygon.UModeler.Hub.Views.SceneViews.HubSceneViewService
[2025-12-01 오전 1:16:23] [Debug] [Application] Service Initialize: Tripolygon.UModeler.Editor.UI.UnityEditorApplicationUtilityService
[2025-12-01 오전 1:16:23] [Debug] [Application] Service Initialize: Tripolygon.UModeler.Hub.HubAuthentication
[2025-12-01 오전 1:16:23] [Debug] [Application] Service Initialize: Tripolygon.UModeler.Hub.HubFlashService
[2025-12-01 오전 1:16:23] [Debug] [Application] Service Initialize: Tripolygon.UModeler.Editor.UI.UnityEditorApplicationCache
[2025-12-01 오전 1:16:23] [Debug] [HubAnalytics] PosthogClient.SetAutoFlush: Value Changed: True
[2025-12-01 오전 1:16:23] [Debug] [Application] Service Initialize: Tripolygon.UModeler.Hub.HubService
[2025-12-01 오전 1:16:23] [Debug] [Application] Service Initialize: Tripolygon.UModeler.Editor.UI.UnityEditorApplicationUtilityService
[2025-12-01 오전 1:16:23] [Debug] [Application] Service Initialize: Tripolygon.UModeler.Hub.HubAnalyticsService
[2025-12-01 오전 1:16:23] [Debug] [Application] Service Initialize: Tripolygon.UModeler.Hub.HubFlashService
[2025-12-01 오전 1:16:23] [Debug] [Application] Service Initialize: Tripolygon.UModeler.Hub.VSAttributionService
[2025-12-01 오전 1:16:23] [Debug] [Application] Service Initialize: Tripolygon.UModeler.Hub.Notifications.UpdateHubNotifier
[2025-12-01 오전 1:16:23] [Debug] [HubAnalytics] PosthogClient.SetAutoFlush: Value Changed: True
[2025-12-01 오전 1:16:23] [Debug] [Application] Service Initialize: Tripolygon.UModeler.Hub.Notifications.UpdateProductNotifier
[2025-12-01 오전 1:16:23] [Debug] [Application] Service Initialize: Tripolygon.UModeler.Hub.Noticies.NoticeService
[2025-12-01 오전 1:16:23] [Debug] [Application] Service Initialize: Tripolygon.UModeler.Hub.Views.SceneViews.HubSceneViewService
[2025-12-01 오전 1:16:23] [Debug] [Application] Service Initialize: Tripolygon.UModeler.Hub.HubAnalyticsService
[2025-12-01 오전 1:16:23] [Debug] [Application] Service Initialize: Tripolygon.UModeler.Hub.VSAttributionService
[2025-12-01 오전 1:16:23] [Debug] [Application] Service Initialize: Tripolygon.UModeler.Hub.Notifications.UpdateHubNotifier
[2025-12-01 오전 1:16:23] [Debug] [Application] Service Initialize: Tripolygon.UModeler.Hub.Notifications.UpdateProductNotifier
[2025-12-01 오전 1:16:23] [Debug] [Application] Service Initialize: Tripolygon.UModeler.Hub.Noticies.NoticeService
[2025-12-01 오전 1:16:23] [Debug] [Application] Service Initialize: Tripolygon.UModeler.Hub.Views.SceneViews.HubSceneViewService
[2025-12-01 오전 1:20:27] [Debug] [Application] Release: isReloading=True
[2025-12-01 오전 1:20:27] [Debug] [Application] Service Release: Tripolygon.UModeler.Hub.Views.SceneViews.HubSceneViewService
[2025-12-01 오전 1:20:27] [Debug] [Application] Service Release: Tripolygon.UModeler.Hub.Noticies.NoticeService
[2025-12-01 오전 1:20:27] [Debug] [Application] Service Release: Tripolygon.UModeler.Hub.Notifications.UpdateProductNotifier
[2025-12-01 오전 1:20:27] [Debug] [Application] Service Release: Tripolygon.UModeler.Hub.Notifications.UpdateHubNotifier
[2025-12-01 오전 1:20:27] [Debug] [Application] Service Release: Tripolygon.UModeler.Hub.VSAttributionService
[2025-12-01 오전 1:20:27] [Debug] [HubAnalytics] PosthogClient.SetAutoFlush: Value Changed: False
[2025-12-01 오전 1:20:27] [Debug] [Application] Service Release: Tripolygon.UModeler.Hub.HubAnalyticsService
[2025-12-01 오전 1:20:27] [Debug] [Application] Service Release: Tripolygon.UModeler.Hub.HubFlashService
[2025-12-01 오전 1:20:27] [Debug] [Application] Service Release: Tripolygon.UModeler.Editor.UI.UnityEditorApplicationUtilityService
[2025-12-01 오전 1:20:27] [Debug] [Application] Service Release: Tripolygon.UModeler.Hub.HubService
[2025-12-01 오전 1:20:27] [Debug] [Application] Service Release: Tripolygon.UModeler.Editor.UI.UnityEditorApplicationCache
[2025-12-01 오전 1:20:27] [Debug] [Application] Service Release: Tripolygon.UModeler.Hub.HubAuthentication
[2025-12-01 오전 1:20:30] [Debug] [Application] service: Tripolygon.UModeler.Hub.HubAuthentication = Tripolygon.UModeler.Hub.HubAuthentication
[2025-12-01 오전 1:20:30] [Debug] [Application] service: Tripolygon.UModeler.UI.IApplicationCache = Tripolygon.UModeler.Editor.UI.UnityEditorApplicationCache
[2025-12-01 오전 1:20:30] [Debug] ActualHost
[2025-12-01 오전 1:20:30] [Debug] [Application] service: Tripolygon.UModeler.Hub.IHubService = Tripolygon.UModeler.Hub.HubService
[2025-12-01 오전 1:20:30] [Debug] [Application] service: Tripolygon.UModeler.Authentication.IAuthenticationApiProvider = Tripolygon.UModeler.Editor.AuthenticationApiProviderService
[2025-12-01 오전 1:20:30] [Debug] [Application] service: Tripolygon.UModeler.UI.IObjectHierarchyService = Tripolygon.UModeler.Editor.UI.UnityEditorObjectHierarchyService
[2025-12-01 오전 1:20:30] [Debug] [Application] service: Tripolygon.UModeler.UI.IApplicationUtilityService = Tripolygon.UModeler.Editor.UI.UnityEditorApplicationUtilityService
[2025-12-01 오전 1:20:30] [Debug] [Application] service: Tripolygon.UModeler.Editor.UI.ApplicationSettings = Tripolygon.UModeler.Editor.UI.ApplicationSettings
[2025-12-01 오전 1:20:30] [Debug] [Application] service: Tripolygon.UModeler.UI.ITextureProvider = Tripolygon.UModeler.Editor.UI.UnityEditorTextureProvider
[2025-12-01 오전 1:20:30] [Debug] [Application] service: Tripolygon.UModeler.Hub.Resources.IResourcesApiProvider = Tripolygon.UModeler.Hub.ResourcesApiProviderService
[2025-12-01 오전 1:20:30] [Debug] [Application] service: Tripolygon.UModeler.Hub.HubFlashService = Tripolygon.UModeler.Hub.HubFlashService
[2025-12-01 오전 1:20:30] [Debug] [Application] service: Tripolygon.UModeler.Hub.IHubAnalyticsService = Tripolygon.UModeler.Hub.HubAnalyticsService
[2025-12-01 오전 1:20:30] [Debug] [Application] service: Tripolygon.UModeler.Hub.VSAttributionService = Tripolygon.UModeler.Hub.VSAttributionService
[2025-12-01 오전 1:20:30] [Debug] [Application] service: Tripolygon.UModeler.Hub.Notifications.UpdateHubNotifier = Tripolygon.UModeler.Hub.Notifications.UpdateHubNotifier
[2025-12-01 오전 1:20:30] [Debug] [Application] service: Tripolygon.UModeler.Hub.Notifications.UpdateProductNotifier = Tripolygon.UModeler.Hub.Notifications.UpdateProductNotifier
[2025-12-01 오전 1:20:30] [Debug] [Application] service: Tripolygon.UModeler.Hub.INoticeService = Tripolygon.UModeler.Hub.Noticies.NoticeService
[2025-12-01 오전 1:20:30] [Debug] [Application] service: Tripolygon.UModeler.Hub.Views.SceneViews.HubSceneViewService = Tripolygon.UModeler.Hub.Views.SceneViews.HubSceneViewService
[2025-12-01 오전 1:20:32] [Debug] [Application] Initialize: isReloading=True
[2025-12-01 오전 1:20:32] [Debug] [Application] Service Initialize: Tripolygon.UModeler.Hub.HubAuthentication
[2025-12-01 오전 1:20:32] [Debug] [Application] Service Initialize: Tripolygon.UModeler.Editor.UI.UnityEditorApplicationCache
[2025-12-01 오전 1:20:32] [Debug] [Application] Service Initialize: Tripolygon.UModeler.Hub.HubService
[2025-12-01 오전 1:20:32] [Debug] [Application] Service Initialize: Tripolygon.UModeler.Editor.UI.UnityEditorApplicationUtilityService
[2025-12-01 오전 1:20:32] [Debug] [Application] Service Initialize: Tripolygon.UModeler.Hub.HubFlashService
[2025-12-01 오전 1:20:32] [Debug] [HubAnalytics] PosthogClient.SetAutoFlush: Value Changed: True
[2025-12-01 오전 1:20:32] [Debug] [Application] Service Initialize: Tripolygon.UModeler.Hub.HubAnalyticsService
[2025-12-01 오전 1:20:32] [Debug] [Application] Service Initialize: Tripolygon.UModeler.Hub.VSAttributionService
[2025-12-01 오전 1:20:32] [Debug] [Application] Service Initialize: Tripolygon.UModeler.Hub.Notifications.UpdateHubNotifier
[2025-12-01 오전 1:20:32] [Debug] [Application] Service Initialize: Tripolygon.UModeler.Hub.Notifications.UpdateProductNotifier
[2025-12-01 오전 1:20:32] [Debug] [Application] Service Initialize: Tripolygon.UModeler.Hub.Noticies.NoticeService
[2025-12-01 오전 1:20:32] [Debug] [Application] Service Initialize: Tripolygon.UModeler.Hub.Views.SceneViews.HubSceneViewService
[2025-12-01 오전 1:20:33] [Debug] [Application] Release: isReloading=True
[2025-12-01 오전 1:20:33] [Debug] [Application] Release: isReloading=True
[2025-12-01 오전 1:20:33] [Debug] [Application] Service Release: Tripolygon.UModeler.Hub.Views.SceneViews.HubSceneViewService
[2025-12-01 오전 1:20:33] [Debug] [Application] Service Release: Tripolygon.UModeler.Hub.Views.SceneViews.HubSceneViewService
[2025-12-01 오전 1:20:33] [Debug] [Application] Service Release: Tripolygon.UModeler.Hub.Noticies.NoticeService
[2025-12-01 오전 1:20:33] [Debug] [Application] Service Release: Tripolygon.UModeler.Hub.Noticies.NoticeService
[2025-12-01 오전 1:20:33] [Debug] [Application] Service Release: Tripolygon.UModeler.Hub.Notifications.UpdateProductNotifier
[2025-12-01 오전 1:20:33] [Debug] [Application] Service Release: Tripolygon.UModeler.Hub.Notifications.UpdateProductNotifier
[2025-12-01 오전 1:20:33] [Debug] [Application] Service Release: Tripolygon.UModeler.Hub.Notifications.UpdateHubNotifier
[2025-12-01 오전 1:20:33] [Debug] [Application] Service Release: Tripolygon.UModeler.Hub.Notifications.UpdateHubNotifier
[2025-12-01 오전 1:20:33] [Debug] [Application] Service Release: Tripolygon.UModeler.Hub.VSAttributionService
[2025-12-01 오전 1:20:33] [Debug] [Application] Service Release: Tripolygon.UModeler.Hub.VSAttributionService
[2025-12-01 오전 1:20:35] [Debug] [Application] service: Tripolygon.UModeler.Hub.HubAuthentication = Tripolygon.UModeler.Hub.HubAuthentication
[2025-12-01 오전 1:20:35] [Debug] [Application] service: Tripolygon.UModeler.Hub.HubAuthentication = Tripolygon.UModeler.Hub.HubAuthentication
[2025-12-01 오전 1:20:35] [Debug] [Application] service: Tripolygon.UModeler.UI.IApplicationCache = Tripolygon.UModeler.Editor.UI.UnityEditorApplicationCache
[2025-12-01 오전 1:20:35] [Debug] [Application] service: Tripolygon.UModeler.Hub.Notifications.UpdateHubNotifier = Tripolygon.UModeler.Hub.Notifications.UpdateHubNotifier
[2025-12-01 오전 1:20:35] [Debug] [Application] service: Tripolygon.UModeler.Hub.IHubService = Tripolygon.UModeler.Hub.HubService
[2025-12-01 오전 1:20:35] [Debug] [Application] service: Tripolygon.UModeler.Hub.INoticeService = Tripolygon.UModeler.Hub.Noticies.NoticeService
[2025-12-01 오전 1:20:35] [Debug] [Application] service: Tripolygon.UModeler.UI.IObjectHierarchyService = Tripolygon.UModeler.Editor.UI.UnityEditorObjectHierarchyService
[2025-12-01 오전 1:20:35] [Debug] [Application] service: Tripolygon.UModeler.Hub.Views.SceneViews.HubSceneViewService = Tripolygon.UModeler.Hub.Views.SceneViews.HubSceneViewService
[2025-12-01 오전 1:20:35] [Debug] [Application] service: Tripolygon.UModeler.UI.IApplicationUtilityService = Tripolygon.UModeler.Editor.UI.UnityEditorApplicationUtilityService
[2025-12-01 오전 1:20:36] [Debug] [Application] Initialize: isReloading=True
[2025-12-01 오전 1:20:35] [Debug] [Application] service: Tripolygon.UModeler.Editor.UI.ApplicationSettings = Tripolygon.UModeler.Editor.UI.ApplicationSettings
[2025-12-01 오전 1:20:37] [Debug] [Application] Service Initialize: Tripolygon.UModeler.Hub.HubAuthentication
[2025-12-01 오전 1:20:35] [Debug] [Application] service: Tripolygon.UModeler.Hub.Resources.IResourcesApiProvider = Tripolygon.UModeler.Hub.ResourcesApiProviderService
[2025-12-01 오전 1:20:37] [Debug] [Application] Service Initialize: Tripolygon.UModeler.Editor.UI.UnityEditorApplicationCache
[2025-12-01 오전 1:20:35] [Debug] [Application] service: Tripolygon.UModeler.Hub.IHubAnalyticsService = Tripolygon.UModeler.Hub.HubAnalyticsService
[2025-12-01 오전 1:20:35] [Debug] [Application] service: Tripolygon.UModeler.Hub.VSAttributionService = Tripolygon.UModeler.Hub.VSAttributionService
[2025-12-01 오전 1:20:37] [Debug] [Application] Service Initialize: Tripolygon.UModeler.Hub.HubService
[2025-12-01 오전 1:20:35] [Debug] [Application] service: Tripolygon.UModeler.Hub.Notifications.UpdateProductNotifier = Tripolygon.UModeler.Hub.Notifications.UpdateProductNotifier
[2025-12-01 오전 1:20:37] [Debug] [Application] Service Initialize: Tripolygon.UModeler.Editor.UI.UnityEditorApplicationUtilityService
[2025-12-01 오전 1:20:35] [Debug] [Application] service: Tripolygon.UModeler.Hub.Views.SceneViews.HubSceneViewService = Tripolygon.UModeler.Hub.Views.SceneViews.HubSceneViewService
[2025-12-01 오전 1:20:37] [Debug] [Application] Service Initialize: Tripolygon.UModeler.Hub.HubFlashService
[2025-12-01 오전 1:20:37] [Debug] [Application] Service Initialize: Tripolygon.UModeler.Hub.HubAuthentication
[2025-12-01 오전 1:20:37] [Debug] [Application] Service Initialize: Tripolygon.UModeler.Editor.UI.UnityEditorApplicationCache
[2025-12-01 오전 1:20:37] [Debug] [HubAnalytics] PosthogClient.SetAutoFlush: Value Changed: True
[2025-12-01 오전 1:20:37] [Debug] [Application] Service Initialize: Tripolygon.UModeler.Hub.HubService
[2025-12-01 오전 1:20:37] [Debug] [Application] Service Initialize: Tripolygon.UModeler.Editor.UI.UnityEditorApplicationUtilityService
[2025-12-01 오전 1:20:37] [Debug] [Application] Service Initialize: Tripolygon.UModeler.Hub.HubFlashService
[2025-12-01 오전 1:20:37] [Debug] [Application] Service Initialize: Tripolygon.UModeler.Hub.HubAnalyticsService
[2025-12-01 오전 1:20:37] [Debug] [HubAnalytics] PosthogClient.SetAutoFlush: Value Changed: True
[2025-12-01 오전 1:20:37] [Debug] [Application] Service Initialize: Tripolygon.UModeler.Hub.VSAttributionService
[2025-12-01 오전 1:20:37] [Debug] [Application] Service Initialize: Tripolygon.UModeler.Hub.Notifications.UpdateHubNotifier
[2025-12-01 오전 1:20:37] [Debug] [Application] Service Initialize: Tripolygon.UModeler.Hub.Notifications.UpdateProductNotifier
[2025-12-01 오전 1:20:37] [Debug] [Application] Service Initialize: Tripolygon.UModeler.Hub.HubAnalyticsService
[2025-12-01 오전 1:20:37] [Debug] [Application] Service Initialize: Tripolygon.UModeler.Hub.Noticies.NoticeService
[2025-12-01 오전 1:20:37] [Debug] [Application] Service Initialize: Tripolygon.UModeler.Hub.Notifications.UpdateHubNotifier
[2025-12-01 오전 1:20:37] [Debug] [Application] Service Initialize: Tripolygon.UModeler.Hub.Views.SceneViews.HubSceneViewService
[2025-12-01 오전 1:20:37] [Debug] [Application] Service Initialize: Tripolygon.UModeler.Hub.Notifications.UpdateProductNotifier
[2025-12-01 오전 1:20:37] [Debug] [Application] Service Initialize: Tripolygon.UModeler.Hub.Noticies.NoticeService
[2025-12-01 오전 1:20:37] [Debug] [Application] Service Initialize: Tripolygon.UModeler.Hub.Views.SceneViews.HubSceneViewService
[2025-12-01 오전 1:24:03] [Debug] [Application] Release: isReloading=True
[2025-12-01 오전 1:24:03] [Debug] [Application] Service Release: Tripolygon.UModeler.Hub.Views.SceneViews.HubSceneViewService
[2025-12-01 오전 1:24:03] [Debug] [Application] Service Release: Tripolygon.UModeler.Hub.Noticies.NoticeService
[2025-12-01 오전 1:24:03] [Debug] [Application] Service Release: Tripolygon.UModeler.Hub.Notifications.UpdateProductNotifier
[2025-12-01 오전 1:24:03] [Debug] [Application] Service Release: Tripolygon.UModeler.Hub.Notifications.UpdateHubNotifier
[2025-12-01 오전 1:24:03] [Debug] [Application] Service Release: Tripolygon.UModeler.Hub.VSAttributionService
[2025-12-01 오전 1:24:04] [Debug] [HubAnalytics] PosthogClient.SetAutoFlush: Value Changed: False
[2025-12-01 오전 1:24:04] [Debug] [Application] Service Release: Tripolygon.UModeler.Hub.HubAnalyticsService
[2025-12-01 오전 1:24:04] [Debug] [Application] Service Release: Tripolygon.UModeler.Hub.HubFlashService
[2025-12-01 오전 1:24:04] [Debug] [Application] Service Release: Tripolygon.UModeler.Editor.UI.UnityEditorApplicationUtilityService
[2025-12-01 오전 1:24:04] [Debug] [Application] Service Release: Tripolygon.UModeler.Hub.HubService
[2025-12-01 오전 1:24:04] [Debug] [Application] Service Release: Tripolygon.UModeler.Editor.UI.UnityEditorApplicationCache
[2025-12-01 오전 1:24:04] [Debug] [Application] Service Release: Tripolygon.UModeler.Hub.HubAuthentication
[2025-12-01 오전 1:24:07] [Debug] [Application] service: Tripolygon.UModeler.Hub.HubAuthentication = Tripolygon.UModeler.Hub.HubAuthentication
[2025-12-01 오전 1:24:07] [Debug] [Application] service: Tripolygon.UModeler.UI.IApplicationCache = Tripolygon.UModeler.Editor.UI.UnityEditorApplicationCache
[2025-12-01 오전 1:24:07] [Debug] ActualHost
[2025-12-01 오전 1:24:07] [Debug] [Application] service: Tripolygon.UModeler.Hub.IHubService = Tripolygon.UModeler.Hub.HubService
[2025-12-01 오전 1:24:07] [Debug] [Application] service: Tripolygon.UModeler.Authentication.IAuthenticationApiProvider = Tripolygon.UModeler.Editor.AuthenticationApiProviderService
[2025-12-01 오전 1:24:07] [Debug] [Application] service: Tripolygon.UModeler.UI.IObjectHierarchyService = Tripolygon.UModeler.Editor.UI.UnityEditorObjectHierarchyService
[2025-12-01 오전 1:24:07] [Debug] [Application] service: Tripolygon.UModeler.UI.IApplicationUtilityService = Tripolygon.UModeler.Editor.UI.UnityEditorApplicationUtilityService
[2025-12-01 오전 1:24:07] [Debug] [Application] service: Tripolygon.UModeler.Editor.UI.ApplicationSettings = Tripolygon.UModeler.Editor.UI.ApplicationSettings
[2025-12-01 오전 1:24:07] [Debug] [Application] service: Tripolygon.UModeler.UI.ITextureProvider = Tripolygon.UModeler.Editor.UI.UnityEditorTextureProvider
[2025-12-01 오전 1:24:07] [Debug] [Application] service: Tripolygon.UModeler.Hub.Resources.IResourcesApiProvider = Tripolygon.UModeler.Hub.ResourcesApiProviderService
[2025-12-01 오전 1:24:07] [Debug] [Application] service: Tripolygon.UModeler.Hub.HubFlashService = Tripolygon.UModeler.Hub.HubFlashService
[2025-12-01 오전 1:24:07] [Debug] [Application] service: Tripolygon.UModeler.Hub.IHubAnalyticsService = Tripolygon.UModeler.Hub.HubAnalyticsService
[2025-12-01 오전 1:24:07] [Debug] [Application] service: Tripolygon.UModeler.Hub.VSAttributionService = Tripolygon.UModeler.Hub.VSAttributionService
[2025-12-01 오전 1:24:07] [Debug] [Application] service: Tripolygon.UModeler.Hub.Notifications.UpdateHubNotifier = Tripolygon.UModeler.Hub.Notifications.UpdateHubNotifier
[2025-12-01 오전 1:24:07] [Debug] [Application] service: Tripolygon.UModeler.Hub.Notifications.UpdateProductNotifier = Tripolygon.UModeler.Hub.Notifications.UpdateProductNotifier
[2025-12-01 오전 1:24:07] [Debug] [Application] service: Tripolygon.UModeler.Hub.INoticeService = Tripolygon.UModeler.Hub.Noticies.NoticeService
[2025-12-01 오전 1:24:07] [Debug] [Application] service: Tripolygon.UModeler.Hub.Views.SceneViews.HubSceneViewService = Tripolygon.UModeler.Hub.Views.SceneViews.HubSceneViewService
[2025-12-01 오전 1:24:09] [Debug] [Application] Initialize: isReloading=True
[2025-12-01 오전 1:24:09] [Debug] [Application] Service Initialize: Tripolygon.UModeler.Hub.HubAuthentication
[2025-12-01 오전 1:24:09] [Debug] [Application] Service Initialize: Tripolygon.UModeler.Editor.UI.UnityEditorApplicationCache
[2025-12-01 오전 1:24:09] [Debug] [Application] Service Initialize: Tripolygon.UModeler.Hub.HubService
[2025-12-01 오전 1:24:09] [Debug] [Application] Service Initialize: Tripolygon.UModeler.Editor.UI.UnityEditorApplicationUtilityService
[2025-12-01 오전 1:24:09] [Debug] [Application] Service Initialize: Tripolygon.UModeler.Hub.HubFlashService
[2025-12-01 오전 1:24:09] [Debug] [HubAnalytics] PosthogClient.SetAutoFlush: Value Changed: True
[2025-12-01 오전 1:24:09] [Debug] [Application] Service Initialize: Tripolygon.UModeler.Hub.HubAnalyticsService
[2025-12-01 오전 1:24:09] [Debug] [Application] Service Initialize: Tripolygon.UModeler.Hub.VSAttributionService
[2025-12-01 오전 1:24:09] [Debug] [Application] Service Initialize: Tripolygon.UModeler.Hub.Notifications.UpdateHubNotifier
[2025-12-01 오전 1:24:09] [Debug] [Application] Service Initialize: Tripolygon.UModeler.Hub.Notifications.UpdateProductNotifier
[2025-12-01 오전 1:24:09] [Debug] [Application] Service Initialize: Tripolygon.UModeler.Hub.Noticies.NoticeService
[2025-12-01 오전 1:24:09] [Debug] [Application] Service Initialize: Tripolygon.UModeler.Hub.Views.SceneViews.HubSceneViewService
[2025-12-01 오전 1:24:10] [Debug] [Application] Release: isReloading=True
[2025-12-01 오전 1:24:10] [Debug] [Application] Release: isReloading=True
[2025-12-01 오전 1:24:10] [Debug] [Application] Service Release: Tripolygon.UModeler.Hub.Views.SceneViews.HubSceneViewService
[2025-12-01 오전 1:24:10] [Debug] [Application] Service Release: Tripolygon.UModeler.Hub.Views.SceneViews.HubSceneViewService
[2025-12-01 오전 1:24:10] [Debug] [Application] Service Release: Tripolygon.UModeler.Hub.Noticies.NoticeService
[2025-12-01 오전 1:24:10] [Debug] [Application] Service Release: Tripolygon.UModeler.Hub.Noticies.NoticeService
[2025-12-01 오전 1:24:10] [Debug] [Application] Service Release: Tripolygon.UModeler.Hub.Notifications.UpdateProductNotifier
[2025-12-01 오전 1:24:10] [Debug] [Application] Service Release: Tripolygon.UModeler.Hub.Notifications.UpdateProductNotifier
[2025-12-01 오전 1:24:10] [Debug] [Application] Service Release: Tripolygon.UModeler.Hub.Notifications.UpdateHubNotifier
[2025-12-01 오전 1:24:10] [Debug] [Application] Service Release: Tripolygon.UModeler.Hub.Notifications.UpdateHubNotifier
[2025-12-01 오전 1:24:10] [Debug] [Application] Service Release: Tripolygon.UModeler.Hub.VSAttributionService
[2025-12-01 오전 1:24:10] [Debug] [Application] Service Release: Tripolygon.UModeler.Hub.VSAttributionService
[2025-12-01 오전 1:24:13] [Debug] [Application] service: Tripolygon.UModeler.Hub.HubAuthentication = Tripolygon.UModeler.Hub.HubAuthentication
[2025-12-01 오전 1:24:13] [Debug] [Application] service: Tripolygon.UModeler.UI.IApplicationCache = Tripolygon.UModeler.Editor.UI.UnityEditorApplicationCache
[2025-12-01 오전 1:24:13] [Debug] ActualHost
[2025-12-01 오전 1:24:13] [Debug] [Application] service: Tripolygon.UModeler.UI.IApplicationCache = Tripolygon.UModeler.Editor.UI.UnityEditorApplicationCache
[2025-12-01 오전 1:24:13] [Debug] [Application] service: Tripolygon.UModeler.Hub.VSAttributionService = Tripolygon.UModeler.Hub.VSAttributionService
[2025-12-01 오전 1:24:13] [Debug] [Application] service: Tripolygon.UModeler.Hub.IHubService = Tripolygon.UModeler.Hub.HubService
[2025-12-01 오전 1:24:13] [Debug] [Application] service: Tripolygon.UModeler.Hub.Notifications.UpdateProductNotifier = Tripolygon.UModeler.Hub.Notifications.UpdateProductNotifier
[2025-12-01 오전 1:24:13] [Debug] [Application] service: Tripolygon.UModeler.UI.IObjectHierarchyService = Tripolygon.UModeler.Editor.UI.UnityEditorObjectHierarchyService
[2025-12-01 오전 1:24:13] [Debug] [Application] service: Tripolygon.UModeler.Hub.INoticeService = Tripolygon.UModeler.Hub.Noticies.NoticeService
[2025-12-01 오전 1:24:13] [Debug] [Application] service: Tripolygon.UModeler.UI.IApplicationUtilityService = Tripolygon.UModeler.Editor.UI.UnityEditorApplicationUtilityService
[2025-12-01 오전 1:24:13] [Debug] [Application] service: Tripolygon.UModeler.Hub.Views.SceneViews.HubSceneViewService = Tripolygon.UModeler.Hub.Views.SceneViews.HubSceneViewService
[2025-12-01 오전 1:24:13] [Debug] [Application] service: Tripolygon.UModeler.Editor.UI.ApplicationSettings = Tripolygon.UModeler.Editor.UI.ApplicationSettings
[2025-12-01 오전 1:24:14] [Debug] [Application] Initialize: isReloading=True
[2025-12-01 오전 1:24:13] [Debug] [Application] service: Tripolygon.UModeler.UI.ITextureProvider = Tripolygon.UModeler.Editor.UI.UnityEditorTextureProvider
[2025-12-01 오전 1:24:14] [Debug] [Application] Service Initialize: Tripolygon.UModeler.Hub.HubAuthentication
[2025-12-01 오전 1:24:13] [Debug] [Application] service: Tripolygon.UModeler.Hub.HubFlashService = Tripolygon.UModeler.Hub.HubFlashService
[2025-12-01 오전 1:24:14] [Debug] [Application] Service Initialize: Tripolygon.UModeler.Editor.UI.UnityEditorApplicationCache
[2025-12-01 오전 1:24:13] [Debug] [Application] service: Tripolygon.UModeler.Hub.VSAttributionService = Tripolygon.UModeler.Hub.VSAttributionService
[2025-12-01 오전 1:24:13] [Debug] [Application] service: Tripolygon.UModeler.Hub.Notifications.UpdateHubNotifier = Tripolygon.UModeler.Hub.Notifications.UpdateHubNotifier
[2025-12-01 오전 1:24:14] [Debug] [Application] Service Initialize: Tripolygon.UModeler.Hub.HubService
[2025-12-01 오전 1:24:13] [Debug] [Application] service: Tripolygon.UModeler.Hub.INoticeService = Tripolygon.UModeler.Hub.Noticies.NoticeService
[2025-12-01 오전 1:24:14] [Debug] [Application] Service Initialize: Tripolygon.UModeler.Editor.UI.UnityEditorApplicationUtilityService
[2025-12-01 오전 1:24:13] [Debug] [Application] service: Tripolygon.UModeler.Hub.Views.SceneViews.HubSceneViewService = Tripolygon.UModeler.Hub.Views.SceneViews.HubSceneViewService
[2025-12-01 오전 1:24:14] [Debug] [Application] Service Initialize: Tripolygon.UModeler.Hub.HubFlashService
[2025-12-01 오전 1:24:14] [Debug] [Application] Service Initialize: Tripolygon.UModeler.Hub.HubAuthentication
[2025-12-01 오전 1:24:14] [Debug] [Application] Service Initialize: Tripolygon.UModeler.Editor.UI.UnityEditorApplicationCache
[2025-12-01 오전 1:24:14] [Debug] [HubAnalytics] PosthogClient.SetAutoFlush: Value Changed: True
[2025-12-01 오전 1:24:14] [Debug] [Application] Service Initialize: Tripolygon.UModeler.Hub.HubService
[2025-12-01 오전 1:24:14] [Debug] [Application] Service Initialize: Tripolygon.UModeler.Editor.UI.UnityEditorApplicationUtilityService
[2025-12-01 오전 1:24:14] [Debug] [Application] Service Initialize: Tripolygon.UModeler.Hub.HubFlashService
[2025-12-01 오전 1:24:14] [Debug] [Application] Service Initialize: Tripolygon.UModeler.Hub.HubAnalyticsService
[2025-12-01 오전 1:24:14] [Debug] [HubAnalytics] PosthogClient.SetAutoFlush: Value Changed: True
[2025-12-01 오전 1:24:14] [Debug] [Application] Service Initialize: Tripolygon.UModeler.Hub.VSAttributionService
[2025-12-01 오전 1:24:14] [Debug] [Application] Service Initialize: Tripolygon.UModeler.Hub.Notifications.UpdateHubNotifier
[2025-12-01 오전 1:24:14] [Debug] [Application] Service Initialize: Tripolygon.UModeler.Hub.Notifications.UpdateProductNotifier
[2025-12-01 오전 1:24:15] [Debug] [Application] Service Initialize: Tripolygon.UModeler.Hub.HubAnalyticsService
[2025-12-01 오전 1:24:15] [Debug] [Application] Service Initialize: Tripolygon.UModeler.Hub.Noticies.NoticeService
[2025-12-01 오전 1:24:15] [Debug] [Application] Service Initialize: Tripolygon.UModeler.Hub.VSAttributionService
[2025-12-01 오전 1:24:15] [Debug] [Application] Service Initialize: Tripolygon.UModeler.Hub.Views.SceneViews.HubSceneViewService
[2025-12-01 오전 1:24:15] [Debug] [Application] Service Initialize: Tripolygon.UModeler.Hub.Notifications.UpdateHubNotifier
[2025-12-01 오전 1:24:15] [Debug] [Application] Service Initialize: Tripolygon.UModeler.Hub.Notifications.UpdateProductNotifier
[2025-12-01 오전 1:24:15] [Debug] [Application] Service Initialize: Tripolygon.UModeler.Hub.Noticies.NoticeService
[2025-12-01 오전 1:24:15] [Debug] [Application] Service Initialize: Tripolygon.UModeler.Hub.Views.SceneViews.HubSceneViewService
[2025-12-01 오전 1:31:35] [Debug] [Application] Release: isReloading=True
[2025-12-01 오전 1:31:35] [Debug] [Application] Service Release: Tripolygon.UModeler.Hub.Views.SceneViews.HubSceneViewService
[2025-12-01 오전 1:31:35] [Debug] [Application] Service Release: Tripolygon.UModeler.Hub.Noticies.NoticeService
[2025-12-01 오전 1:31:35] [Debug] [Application] Service Release: Tripolygon.UModeler.Hub.Notifications.UpdateProductNotifier
[2025-12-01 오전 1:31:35] [Debug] [Application] Service Release: Tripolygon.UModeler.Hub.Notifications.UpdateHubNotifier
[2025-12-01 오전 1:31:35] [Debug] [Application] Service Release: Tripolygon.UModeler.Hub.VSAttributionService
[2025-12-01 오전 1:31:35] [Debug] [HubAnalytics] PosthogClient.SetAutoFlush: Value Changed: False
[2025-12-01 오전 1:31:35] [Debug] [Application] Service Release: Tripolygon.UModeler.Hub.HubAnalyticsService
[2025-12-01 오전 1:31:35] [Debug] [Application] Service Release: Tripolygon.UModeler.Hub.HubFlashService
[2025-12-01 오전 1:31:35] [Debug] [Application] Service Release: Tripolygon.UModeler.Editor.UI.UnityEditorApplicationUtilityService
[2025-12-01 오전 1:31:35] [Debug] [Application] Service Release: Tripolygon.UModeler.Hub.HubService
[2025-12-01 오전 1:31:35] [Debug] [Application] Service Release: Tripolygon.UModeler.Editor.UI.UnityEditorApplicationCache
[2025-12-01 오전 1:31:35] [Debug] [Application] Service Release: Tripolygon.UModeler.Hub.HubAuthentication
[2025-12-01 오전 1:31:38] [Debug] [Application] service: Tripolygon.UModeler.Hub.HubAuthentication = Tripolygon.UModeler.Hub.HubAuthentication
[2025-12-01 오전 1:31:38] [Debug] [Application] service: Tripolygon.UModeler.UI.IApplicationCache = Tripolygon.UModeler.Editor.UI.UnityEditorApplicationCache
[2025-12-01 오전 1:31:39] [Debug] ActualHost
[2025-12-01 오전 1:31:39] [Debug] [Application] service: Tripolygon.UModeler.Hub.IHubService = Tripolygon.UModeler.Hub.HubService
[2025-12-01 오전 1:31:39] [Debug] [Application] service: Tripolygon.UModeler.Authentication.IAuthenticationApiProvider = Tripolygon.UModeler.Editor.AuthenticationApiProviderService
[2025-12-01 오전 1:31:39] [Debug] [Application] service: Tripolygon.UModeler.UI.IObjectHierarchyService = Tripolygon.UModeler.Editor.UI.UnityEditorObjectHierarchyService
[2025-12-01 오전 1:31:39] [Debug] [Application] service: Tripolygon.UModeler.UI.IApplicationUtilityService = Tripolygon.UModeler.Editor.UI.UnityEditorApplicationUtilityService
[2025-12-01 오전 1:31:39] [Debug] [Application] service: Tripolygon.UModeler.Editor.UI.ApplicationSettings = Tripolygon.UModeler.Editor.UI.ApplicationSettings
[2025-12-01 오전 1:31:39] [Debug] [Application] service: Tripolygon.UModeler.UI.ITextureProvider = Tripolygon.UModeler.Editor.UI.UnityEditorTextureProvider
[2025-12-01 오전 1:31:39] [Debug] [Application] service: Tripolygon.UModeler.Hub.Resources.IResourcesApiProvider = Tripolygon.UModeler.Hub.ResourcesApiProviderService
[2025-12-01 오전 1:31:39] [Debug] [Application] service: Tripolygon.UModeler.Hub.HubFlashService = Tripolygon.UModeler.Hub.HubFlashService
[2025-12-01 오전 1:31:39] [Debug] [Application] service: Tripolygon.UModeler.Hub.IHubAnalyticsService = Tripolygon.UModeler.Hub.HubAnalyticsService
[2025-12-01 오전 1:31:39] [Debug] [Application] service: Tripolygon.UModeler.Hub.VSAttributionService = Tripolygon.UModeler.Hub.VSAttributionService
[2025-12-01 오전 1:31:39] [Debug] [Application] service: Tripolygon.UModeler.Hub.Notifications.UpdateHubNotifier = Tripolygon.UModeler.Hub.Notifications.UpdateHubNotifier
[2025-12-01 오전 1:31:39] [Debug] [Application] service: Tripolygon.UModeler.Hub.Notifications.UpdateProductNotifier = Tripolygon.UModeler.Hub.Notifications.UpdateProductNotifier
[2025-12-01 오전 1:31:39] [Debug] [Application] service: Tripolygon.UModeler.Hub.INoticeService = Tripolygon.UModeler.Hub.Noticies.NoticeService
[2025-12-01 오전 1:31:39] [Debug] [Application] service: Tripolygon.UModeler.Hub.Views.SceneViews.HubSceneViewService = Tripolygon.UModeler.Hub.Views.SceneViews.HubSceneViewService
[2025-12-01 오전 1:31:40] [Debug] [Application] Initialize: isReloading=True
[2025-12-01 오전 1:31:41] [Debug] [Application] Service Initialize: Tripolygon.UModeler.Hub.HubAuthentication
[2025-12-01 오전 1:31:41] [Debug] [Application] Service Initialize: Tripolygon.UModeler.Editor.UI.UnityEditorApplicationCache
[2025-12-01 오전 1:31:41] [Debug] [Application] Service Initialize: Tripolygon.UModeler.Hub.HubService
[2025-12-01 오전 1:31:41] [Debug] [Application] Service Initialize: Tripolygon.UModeler.Editor.UI.UnityEditorApplicationUtilityService
[2025-12-01 오전 1:31:41] [Debug] [Application] Service Initialize: Tripolygon.UModeler.Hub.HubFlashService
[2025-12-01 오전 1:31:41] [Debug] [HubAnalytics] PosthogClient.SetAutoFlush: Value Changed: True
[2025-12-01 오전 1:31:41] [Debug] [Application] Service Initialize: Tripolygon.UModeler.Hub.HubAnalyticsService
[2025-12-01 오전 1:31:41] [Debug] [Application] Service Initialize: Tripolygon.UModeler.Hub.VSAttributionService
[2025-12-01 오전 1:31:41] [Debug] [Application] Service Initialize: Tripolygon.UModeler.Hub.Notifications.UpdateHubNotifier
[2025-12-01 오전 1:31:41] [Debug] [Application] Service Initialize: Tripolygon.UModeler.Hub.Notifications.UpdateProductNotifier
[2025-12-01 오전 1:31:41] [Debug] [Application] Service Initialize: Tripolygon.UModeler.Hub.Noticies.NoticeService
[2025-12-01 오전 1:31:41] [Debug] [Application] Service Initialize: Tripolygon.UModeler.Hub.Views.SceneViews.HubSceneViewService
[2025-12-01 오전 1:31:41] [Debug] [Application] Release: isReloading=True
[2025-12-01 오전 1:31:41] [Debug] [Application] Release: isReloading=True
[2025-12-01 오전 1:31:41] [Debug] [Application] Service Release: Tripolygon.UModeler.Hub.Views.SceneViews.HubSceneViewService
[2025-12-01 오전 1:31:41] [Debug] [Application] Service Release: Tripolygon.UModeler.Hub.Views.SceneViews.HubSceneViewService
[2025-12-01 오전 1:31:41] [Debug] [Application] Service Release: Tripolygon.UModeler.Hub.Noticies.NoticeService
[2025-12-01 오전 1:31:41] [Debug] [Application] Service Release: Tripolygon.UModeler.Hub.Noticies.NoticeService
[2025-12-01 오전 1:31:41] [Debug] [Application] Service Release: Tripolygon.UModeler.Hub.Notifications.UpdateProductNotifier
[2025-12-01 오전 1:31:41] [Debug] [Application] Service Release: Tripolygon.UModeler.Hub.Notifications.UpdateProductNotifier
[2025-12-01 오전 1:31:41] [Debug] [Application] Service Release: Tripolygon.UModeler.Hub.Notifications.UpdateHubNotifier
[2025-12-01 오전 1:31:41] [Debug] [Application] Service Release: Tripolygon.UModeler.Hub.Notifications.UpdateHubNotifier
[2025-12-01 오전 1:31:41] [Debug] [Application] Service Release: Tripolygon.UModeler.Hub.VSAttributionService
[2025-12-01 오전 1:31:42] [Debug] [Application] Service Release: Tripolygon.UModeler.Hub.VSAttributionService
[2025-12-01 오전 1:31:44] [Debug] [Application] service: Tripolygon.UModeler.Hub.HubAuthentication = Tripolygon.UModeler.Hub.HubAuthentication
[2025-12-01 오전 1:31:44] [Debug] [Application] service: Tripolygon.UModeler.Hub.HubAuthentication = Tripolygon.UModeler.Hub.HubAuthentication
[2025-12-01 오전 1:31:44] [Debug] [Application] service: Tripolygon.UModeler.Hub.HubFlashService = Tripolygon.UModeler.Hub.HubFlashService
[2025-12-01 오전 1:31:44] [Debug] ActualHost
[2025-12-01 오전 1:31:44] [Debug] [Application] service: Tripolygon.UModeler.Hub.VSAttributionService = Tripolygon.UModeler.Hub.VSAttributionService
[2025-12-01 오전 1:31:44] [Debug] [Application] service: Tripolygon.UModeler.Authentication.IAuthenticationApiProvider = Tripolygon.UModeler.Editor.AuthenticationApiProviderService
[2025-12-01 오전 1:31:44] [Debug] [Application] service: Tripolygon.UModeler.Hub.Notifications.UpdateProductNotifier = Tripolygon.UModeler.Hub.Notifications.UpdateProductNotifier
[2025-12-01 오전 1:31:44] [Debug] [Application] service: Tripolygon.UModeler.UI.IApplicationUtilityService = Tripolygon.UModeler.Editor.UI.UnityEditorApplicationUtilityService
[2025-12-01 오전 1:31:44] [Debug] [Application] service: Tripolygon.UModeler.Hub.Views.SceneViews.HubSceneViewService = Tripolygon.UModeler.Hub.Views.SceneViews.HubSceneViewService
[2025-12-01 오전 1:31:44] [Debug] [Application] service: Tripolygon.UModeler.UI.ITextureProvider = Tripolygon.UModeler.Editor.UI.UnityEditorTextureProvider
[2025-12-01 오전 1:31:46] [Debug] [Application] Service Initialize: Tripolygon.UModeler.Hub.HubAuthentication
[2025-12-01 오전 1:31:44] [Debug] [Application] service: Tripolygon.UModeler.Hub.HubFlashService = Tripolygon.UModeler.Hub.HubFlashService
[2025-12-01 오전 1:31:46] [Debug] [Application] Service Initialize: Tripolygon.UModeler.Editor.UI.UnityEditorApplicationCache
[2025-12-01 오전 1:31:44] [Debug] [Application] service: Tripolygon.UModeler.Hub.VSAttributionService = Tripolygon.UModeler.Hub.VSAttributionService
[2025-12-01 오전 1:31:44] [Debug] [Application] service: Tripolygon.UModeler.Hub.Notifications.UpdateHubNotifier = Tripolygon.UModeler.Hub.Notifications.UpdateHubNotifier
[2025-12-01 오전 1:31:46] [Debug] [Application] Service Initialize: Tripolygon.UModeler.Hub.HubService
[2025-12-01 오전 1:31:44] [Debug] [Application] service: Tripolygon.UModeler.Hub.INoticeService = Tripolygon.UModeler.Hub.Noticies.NoticeService
[2025-12-01 오전 1:31:46] [Debug] [Application] Service Initialize: Tripolygon.UModeler.Editor.UI.UnityEditorApplicationUtilityService
[2025-12-01 오전 1:31:44] [Debug] [Application] service: Tripolygon.UModeler.Hub.Views.SceneViews.HubSceneViewService = Tripolygon.UModeler.Hub.Views.SceneViews.HubSceneViewService
[2025-12-01 오전 1:31:46] [Debug] [Application] Initialize: isReloading=False
[2025-12-01 오전 1:31:46] [Debug] [HubAnalytics] PosthogClient.SetAutoFlush: Value Changed: True
[2025-12-01 오전 1:31:46] [Debug] [Application] Service Initialize: Tripolygon.UModeler.Hub.HubAuthentication
[2025-12-01 오전 1:31:46] [Debug] [Application] Service Initialize: Tripolygon.UModeler.Editor.UI.UnityEditorApplicationCache
[2025-12-01 오전 1:31:46] [Debug] [Application] Service Initialize: Tripolygon.UModeler.Hub.HubAnalyticsService
[2025-12-01 오전 1:31:46] [Debug] [Application] Service Initialize: Tripolygon.UModeler.Hub.HubService
[2025-12-01 오전 1:31:46] [Debug] [Application] Service Initialize: Tripolygon.UModeler.Hub.VSAttributionService
[2025-12-01 오전 1:31:46] [Debug] [Application] Service Initialize: Tripolygon.UModeler.Editor.UI.UnityEditorApplicationUtilityService
[2025-12-01 오전 1:31:46] [Debug] [Application] Service Initialize: Tripolygon.UModeler.Hub.Notifications.UpdateHubNotifier
[2025-12-01 오전 1:31:46] [Debug] [Application] Service Initialize: Tripolygon.UModeler.Hub.HubFlashService
[2025-12-01 오전 1:31:46] [Debug] [Application] Service Initialize: Tripolygon.UModeler.Hub.Notifications.UpdateProductNotifier
[2025-12-01 오전 1:31:46] [Debug] [HubAnalytics] PosthogClient.SetAutoFlush: Value Changed: True
[2025-12-01 오전 1:31:46] [Debug] [Application] Service Initialize: Tripolygon.UModeler.Hub.Views.SceneViews.HubSceneViewService
[2025-12-01 오전 1:31:46] [Debug] [Application] Service Initialize: Tripolygon.UModeler.Hub.HubAnalyticsService
[2025-12-01 오전 1:31:46] [Debug] [Application] Service Initialize: Tripolygon.UModeler.Hub.VSAttributionService
[2025-12-01 오전 1:31:46] [Debug] [Application] Service Initialize: Tripolygon.UModeler.Hub.Notifications.UpdateHubNotifier
[2025-12-01 오전 1:31:46] [Debug] [Application] Service Initialize: Tripolygon.UModeler.Hub.Notifications.UpdateProductNotifier
[2025-12-01 오전 1:31:46] [Debug] [Application] Service Initialize: Tripolygon.UModeler.Hub.Noticies.NoticeService
[2025-12-01 오전 1:31:46] [Debug] [Application] Service Initialize: Tripolygon.UModeler.Hub.Views.SceneViews.HubSceneViewService
[2025-12-01 오전 1:35:16] [Debug] [Application] Release: isReloading=True
[2025-12-01 오전 1:35:16] [Debug] [Application] Service Release: Tripolygon.UModeler.Hub.Views.SceneViews.HubSceneViewService
[2025-12-01 오전 1:35:16] [Debug] [Application] Service Release: Tripolygon.UModeler.Hub.Noticies.NoticeService
[2025-12-01 오전 1:35:16] [Debug] [Application] Service Release: Tripolygon.UModeler.Hub.Notifications.UpdateProductNotifier
[2025-12-01 오전 1:35:16] [Debug] [Application] Service Release: Tripolygon.UModeler.Hub.Notifications.UpdateHubNotifier
[2025-12-01 오전 1:35:16] [Debug] [Application] Service Release: Tripolygon.UModeler.Hub.VSAttributionService
[2025-12-01 오전 1:35:16] [Debug] [HubAnalytics] PosthogClient.SetAutoFlush: Value Changed: False
[2025-12-01 오전 1:35:16] [Debug] [Application] Service Release: Tripolygon.UModeler.Hub.HubAnalyticsService
[2025-12-01 오전 1:35:16] [Debug] [Application] Service Release: Tripolygon.UModeler.Hub.HubFlashService
[2025-12-01 오전 1:35:16] [Debug] [Application] Service Release: Tripolygon.UModeler.Editor.UI.UnityEditorApplicationUtilityService
[2025-12-01 오전 1:35:16] [Debug] [Application] Service Release: Tripolygon.UModeler.Hub.HubService
[2025-12-01 오전 1:35:16] [Debug] [Application] Service Release: Tripolygon.UModeler.Editor.UI.UnityEditorApplicationCache
[2025-12-01 오전 1:35:16] [Debug] [Application] Service Release: Tripolygon.UModeler.Hub.HubAuthentication
[2025-12-01 오전 1:35:20] [Debug] [Application] service: Tripolygon.UModeler.Hub.HubAuthentication = Tripolygon.UModeler.Hub.HubAuthentication
[2025-12-01 오전 1:35:20] [Debug] [Application] service: Tripolygon.UModeler.UI.IApplicationCache = Tripolygon.UModeler.Editor.UI.UnityEditorApplicationCache
[2025-12-01 오전 1:35:20] [Debug] ActualHost
[2025-12-01 오전 1:35:20] [Debug] [Application] service: Tripolygon.UModeler.Hub.IHubService = Tripolygon.UModeler.Hub.HubService
[2025-12-01 오전 1:35:20] [Debug] [Application] service: Tripolygon.UModeler.Authentication.IAuthenticationApiProvider = Tripolygon.UModeler.Editor.AuthenticationApiProviderService
[2025-12-01 오전 1:35:20] [Debug] [Application] service: Tripolygon.UModeler.UI.IObjectHierarchyService = Tripolygon.UModeler.Editor.UI.UnityEditorObjectHierarchyService
[2025-12-01 오전 1:35:20] [Debug] [Application] service: Tripolygon.UModeler.UI.IApplicationUtilityService = Tripolygon.UModeler.Editor.UI.UnityEditorApplicationUtilityService
[2025-12-01 오전 1:35:20] [Debug] [Application] service: Tripolygon.UModeler.Editor.UI.ApplicationSettings = Tripolygon.UModeler.Editor.UI.ApplicationSettings
[2025-12-01 오전 1:35:20] [Debug] [Application] service: Tripolygon.UModeler.UI.ITextureProvider = Tripolygon.UModeler.Editor.UI.UnityEditorTextureProvider
[2025-12-01 오전 1:35:20] [Debug] [Application] service: Tripolygon.UModeler.Hub.Resources.IResourcesApiProvider = Tripolygon.UModeler.Hub.ResourcesApiProviderService
[2025-12-01 오전 1:35:20] [Debug] [Application] service: Tripolygon.UModeler.Hub.HubFlashService = Tripolygon.UModeler.Hub.HubFlashService
[2025-12-01 오전 1:35:20] [Debug] [Application] service: Tripolygon.UModeler.Hub.IHubAnalyticsService = Tripolygon.UModeler.Hub.HubAnalyticsService
[2025-12-01 오전 1:35:20] [Debug] [Application] service: Tripolygon.UModeler.Hub.VSAttributionService = Tripolygon.UModeler.Hub.VSAttributionService
[2025-12-01 오전 1:35:20] [Debug] [Application] service: Tripolygon.UModeler.Hub.Notifications.UpdateHubNotifier = Tripolygon.UModeler.Hub.Notifications.UpdateHubNotifier
[2025-12-01 오전 1:35:20] [Debug] [Application] service: Tripolygon.UModeler.Hub.Notifications.UpdateProductNotifier = Tripolygon.UModeler.Hub.Notifications.UpdateProductNotifier
[2025-12-01 오전 1:35:20] [Debug] [Application] service: Tripolygon.UModeler.Hub.INoticeService = Tripolygon.UModeler.Hub.Noticies.NoticeService
[2025-12-01 오전 1:35:20] [Debug] [Application] service: Tripolygon.UModeler.Hub.Views.SceneViews.HubSceneViewService = Tripolygon.UModeler.Hub.Views.SceneViews.HubSceneViewService
[2025-12-01 오전 1:35:22] [Debug] [Application] Initialize: isReloading=True
[2025-12-01 오전 1:35:22] [Debug] [Application] Service Initialize: Tripolygon.UModeler.Hub.HubAuthentication
[2025-12-01 오전 1:35:22] [Debug] [Application] Service Initialize: Tripolygon.UModeler.Editor.UI.UnityEditorApplicationCache
[2025-12-01 오전 1:35:22] [Debug] [Application] Service Initialize: Tripolygon.UModeler.Hub.HubService
[2025-12-01 오전 1:35:22] [Debug] [Application] Service Initialize: Tripolygon.UModeler.Editor.UI.UnityEditorApplicationUtilityService
[2025-12-01 오전 1:35:22] [Debug] [Application] Service Initialize: Tripolygon.UModeler.Hub.HubFlashService
[2025-12-01 오전 1:35:22] [Debug] [HubAnalytics] PosthogClient.SetAutoFlush: Value Changed: True
[2025-12-01 오전 1:35:22] [Debug] [Application] Service Initialize: Tripolygon.UModeler.Hub.HubAnalyticsService
[2025-12-01 오전 1:35:22] [Debug] [Application] Service Initialize: Tripolygon.UModeler.Hub.VSAttributionService
[2025-12-01 오전 1:35:22] [Debug] [Application] Service Initialize: Tripolygon.UModeler.Hub.Notifications.UpdateHubNotifier
[2025-12-01 오전 1:35:22] [Debug] [Application] Service Initialize: Tripolygon.UModeler.Hub.Notifications.UpdateProductNotifier
[2025-12-01 오전 1:35:22] [Debug] [Application] Service Initialize: Tripolygon.UModeler.Hub.Noticies.NoticeService
[2025-12-01 오전 1:35:22] [Debug] [Application] Service Initialize: Tripolygon.UModeler.Hub.Views.SceneViews.HubSceneViewService
[2025-12-01 오전 1:35:23] [Debug] [Application] Release: isReloading=True
[2025-12-01 오전 1:35:23] [Debug] [Application] Release: isReloading=True
[2025-12-01 오전 1:35:23] [Debug] [Application] Service Release: Tripolygon.UModeler.Hub.Views.SceneViews.HubSceneViewService
[2025-12-01 오전 1:35:23] [Debug] [Application] Service Release: Tripolygon.UModeler.Hub.Views.SceneViews.HubSceneViewService
[2025-12-01 오전 1:35:23] [Debug] [Application] Service Release: Tripolygon.UModeler.Hub.Noticies.NoticeService
[2025-12-01 오전 1:35:23] [Debug] [Application] Service Release: Tripolygon.UModeler.Hub.Noticies.NoticeService
[2025-12-01 오전 1:35:23] [Debug] [Application] Service Release: Tripolygon.UModeler.Hub.Notifications.UpdateProductNotifier
[2025-12-01 오전 1:35:23] [Debug] [Application] Service Release: Tripolygon.UModeler.Hub.Notifications.UpdateProductNotifier
[2025-12-01 오전 1:35:23] [Debug] [Application] Service Release: Tripolygon.UModeler.Hub.Notifications.UpdateHubNotifier
[2025-12-01 오전 1:35:23] [Debug] [Application] Service Release: Tripolygon.UModeler.Hub.Notifications.UpdateHubNotifier
[2025-12-01 오전 1:35:23] [Debug] [Application] Service Release: Tripolygon.UModeler.Hub.VSAttributionService
[2025-12-01 오전 1:35:23] [Debug] [Application] Service Release: Tripolygon.UModeler.Hub.VSAttributionService
[2025-12-01 오전 1:35:26] [Debug] [Application] service: Tripolygon.UModeler.Hub.HubAuthentication = Tripolygon.UModeler.Hub.HubAuthentication
[2025-12-01 오전 1:35:26] [Debug] [Application] service: Tripolygon.UModeler.Hub.HubAuthentication = Tripolygon.UModeler.Hub.HubAuthentication
[2025-12-01 오전 1:35:26] [Debug] [Application] service: Tripolygon.UModeler.Hub.Resources.IResourcesApiProvider = Tripolygon.UModeler.Hub.ResourcesApiProviderService
[2025-12-01 오전 1:35:26] [Debug] [Application] service: Tripolygon.UModeler.Hub.HubFlashService = Tripolygon.UModeler.Hub.HubFlashService
[2025-12-01 오전 1:35:26] [Debug] ActualHost
[2025-12-01 오전 1:35:26] [Debug] [Application] service: Tripolygon.UModeler.Hub.VSAttributionService = Tripolygon.UModeler.Hub.VSAttributionService
[2025-12-01 오전 1:35:26] [Debug] [Application] service: Tripolygon.UModeler.Hub.IHubService = Tripolygon.UModeler.Hub.HubService
[2025-12-01 오전 1:35:26] [Debug] [Application] service: Tripolygon.UModeler.Authentication.IAuthenticationApiProvider = Tripolygon.UModeler.Editor.AuthenticationApiProviderService
[2025-12-01 오전 1:35:26] [Debug] [Application] service: Tripolygon.UModeler.UI.IObjectHierarchyService = Tripolygon.UModeler.Editor.UI.UnityEditorObjectHierarchyService
[2025-12-01 오전 1:35:27] [Debug] [Application] Service Initialize: Tripolygon.UModeler.Hub.HubService
[2025-12-01 오전 1:35:26] [Debug] [Application] service: Tripolygon.UModeler.Editor.UI.ApplicationSettings = Tripolygon.UModeler.Editor.UI.ApplicationSettings
[2025-12-01 오전 1:35:27] [Debug] [Application] Service Initialize: Tripolygon.UModeler.Editor.UI.UnityEditorApplicationUtilityService
[2025-12-01 오전 1:35:26] [Debug] [Application] service: Tripolygon.UModeler.Hub.Resources.IResourcesApiProvider = Tripolygon.UModeler.Hub.ResourcesApiProviderService
[2025-12-01 오전 1:35:27] [Debug] [Application] Service Initialize: Tripolygon.UModeler.Hub.HubFlashService
[2025-12-01 오전 1:35:26] [Debug] [Application] service: Tripolygon.UModeler.Hub.HubFlashService = Tripolygon.UModeler.Hub.HubFlashService
[2025-12-01 오전 1:35:26] [Debug] [Application] service: Tripolygon.UModeler.Hub.IHubAnalyticsService = Tripolygon.UModeler.Hub.HubAnalyticsService
[2025-12-01 오전 1:35:27] [Debug] [HubAnalytics] PosthogClient.SetAutoFlush: Value Changed: True
[2025-12-01 오전 1:35:26] [Debug] [Application] service: Tripolygon.UModeler.Hub.Notifications.UpdateHubNotifier = Tripolygon.UModeler.Hub.Notifications.UpdateHubNotifier
[2025-12-01 오전 1:35:26] [Debug] [Application] service: Tripolygon.UModeler.Hub.Notifications.UpdateProductNotifier = Tripolygon.UModeler.Hub.Notifications.UpdateProductNotifier
[2025-12-01 오전 1:35:26] [Debug] [Application] service: Tripolygon.UModeler.Hub.INoticeService = Tripolygon.UModeler.Hub.Noticies.NoticeService
[2025-12-01 오전 1:35:26] [Debug] [Application] service: Tripolygon.UModeler.Hub.Views.SceneViews.HubSceneViewService = Tripolygon.UModeler.Hub.Views.SceneViews.HubSceneViewService
[2025-12-01 오전 1:35:27] [Debug] [Application] Service Initialize: Tripolygon.UModeler.Hub.HubAnalyticsService
[2025-12-01 오전 1:35:27] [Debug] [Application] Service Initialize: Tripolygon.UModeler.Hub.HubAuthentication
[2025-12-01 오전 1:35:27] [Debug] [Application] Service Initialize: Tripolygon.UModeler.Hub.VSAttributionService
[2025-12-01 오전 1:35:27] [Debug] [Application] Service Initialize: Tripolygon.UModeler.Editor.UI.UnityEditorApplicationCache
[2025-12-01 오전 1:35:27] [Debug] [Application] Service Initialize: Tripolygon.UModeler.Hub.Notifications.UpdateHubNotifier
[2025-12-01 오전 1:35:27] [Debug] [Application] Service Initialize: Tripolygon.UModeler.Hub.HubService
[2025-12-01 오전 1:35:27] [Debug] [Application] Service Initialize: Tripolygon.UModeler.Hub.Notifications.UpdateProductNotifier
[2025-12-01 오전 1:35:27] [Debug] [Application] Service Initialize: Tripolygon.UModeler.Editor.UI.UnityEditorApplicationUtilityService
[2025-12-01 오전 1:35:27] [Debug] [Application] Service Initialize: Tripolygon.UModeler.Hub.Noticies.NoticeService
[2025-12-01 오전 1:35:27] [Debug] [Application] Service Initialize: Tripolygon.UModeler.Hub.Views.SceneViews.HubSceneViewService
[2025-12-01 오전 1:35:27] [Debug] [HubAnalytics] PosthogClient.SetAutoFlush: Value Changed: True
[2025-12-01 오전 1:35:27] [Debug] [Application] Service Initialize: Tripolygon.UModeler.Hub.HubAnalyticsService
[2025-12-01 오전 1:35:27] [Debug] [Application] Service Initialize: Tripolygon.UModeler.Hub.VSAttributionService
[2025-12-01 오전 1:35:27] [Debug] [Application] Service Initialize: Tripolygon.UModeler.Hub.Notifications.UpdateHubNotifier
[2025-12-01 오전 1:35:27] [Debug] [Application] Service Initialize: Tripolygon.UModeler.Hub.Notifications.UpdateProductNotifier
[2025-12-01 오전 1:35:27] [Debug] [Application] Service Initialize: Tripolygon.UModeler.Hub.Noticies.NoticeService
[2025-12-01 오전 1:35:27] [Debug] [Application] Service Initialize: Tripolygon.UModeler.Hub.Views.SceneViews.HubSceneViewService
[2025-12-01 오전 1:38:04] [Debug] [Application] Release: isReloading=True
[2025-12-01 오전 1:38:04] [Debug] [Application] Service Release: Tripolygon.UModeler.Hub.Views.SceneViews.HubSceneViewService
[2025-12-01 오전 1:38:04] [Debug] [Application] Service Release: Tripolygon.UModeler.Hub.Noticies.NoticeService
[2025-12-01 오전 1:38:04] [Debug] [Application] Service Release: Tripolygon.UModeler.Hub.Notifications.UpdateProductNotifier
[2025-12-01 오전 1:38:04] [Debug] [Application] Service Release: Tripolygon.UModeler.Hub.Notifications.UpdateHubNotifier
[2025-12-01 오전 1:38:04] [Debug] [Application] Service Release: Tripolygon.UModeler.Hub.VSAttributionService
[2025-12-01 오전 1:38:04] [Debug] [HubAnalytics] PosthogClient.SetAutoFlush: Value Changed: False
[2025-12-01 오전 1:38:04] [Debug] [Application] Service Release: Tripolygon.UModeler.Hub.HubAnalyticsService
[2025-12-01 오전 1:38:04] [Debug] [Application] Service Release: Tripolygon.UModeler.Hub.HubFlashService
[2025-12-01 오전 1:38:04] [Debug] [Application] Service Release: Tripolygon.UModeler.Editor.UI.UnityEditorApplicationUtilityService
[2025-12-01 오전 1:38:04] [Debug] [Application] Service Release: Tripolygon.UModeler.Hub.HubService
[2025-12-01 오전 1:38:04] [Debug] [Application] Service Release: Tripolygon.UModeler.Editor.UI.UnityEditorApplicationCache
[2025-12-01 오전 1:38:04] [Debug] [Application] Service Release: Tripolygon.UModeler.Hub.HubAuthentication
[2025-12-01 오전 1:38:07] [Debug] [Application] service: Tripolygon.UModeler.Hub.HubAuthentication = Tripolygon.UModeler.Hub.HubAuthentication
[2025-12-01 오전 1:38:07] [Debug] [Application] service: Tripolygon.UModeler.UI.IApplicationCache = Tripolygon.UModeler.Editor.UI.UnityEditorApplicationCache
[2025-12-01 오전 1:38:08] [Debug] ActualHost
[2025-12-01 오전 1:38:08] [Debug] [Application] service: Tripolygon.UModeler.Hub.IHubService = Tripolygon.UModeler.Hub.HubService
[2025-12-01 오전 1:38:08] [Debug] [Application] service: Tripolygon.UModeler.Authentication.IAuthenticationApiProvider = Tripolygon.UModeler.Editor.AuthenticationApiProviderService
[2025-12-01 오전 1:38:08] [Debug] [Application] service: Tripolygon.UModeler.UI.IObjectHierarchyService = Tripolygon.UModeler.Editor.UI.UnityEditorObjectHierarchyService
[2025-12-01 오전 1:38:08] [Debug] [Application] service: Tripolygon.UModeler.UI.IApplicationUtilityService = Tripolygon.UModeler.Editor.UI.UnityEditorApplicationUtilityService
[2025-12-01 오전 1:38:08] [Debug] [Application] service: Tripolygon.UModeler.Editor.UI.ApplicationSettings = Tripolygon.UModeler.Editor.UI.ApplicationSettings
[2025-12-01 오전 1:38:08] [Debug] [Application] service: Tripolygon.UModeler.UI.ITextureProvider = Tripolygon.UModeler.Editor.UI.UnityEditorTextureProvider
[2025-12-01 오전 1:38:08] [Debug] [Application] service: Tripolygon.UModeler.Hub.Resources.IResourcesApiProvider = Tripolygon.UModeler.Hub.ResourcesApiProviderService
[2025-12-01 오전 1:38:08] [Debug] [Application] service: Tripolygon.UModeler.Hub.HubFlashService = Tripolygon.UModeler.Hub.HubFlashService
[2025-12-01 오전 1:38:08] [Debug] [Application] service: Tripolygon.UModeler.Hub.IHubAnalyticsService = Tripolygon.UModeler.Hub.HubAnalyticsService
[2025-12-01 오전 1:38:08] [Debug] [Application] service: Tripolygon.UModeler.Hub.VSAttributionService = Tripolygon.UModeler.Hub.VSAttributionService
[2025-12-01 오전 1:38:08] [Debug] [Application] service: Tripolygon.UModeler.Hub.Notifications.UpdateHubNotifier = Tripolygon.UModeler.Hub.Notifications.UpdateHubNotifier
[2025-12-01 오전 1:38:08] [Debug] [Application] service: Tripolygon.UModeler.Hub.Notifications.UpdateProductNotifier = Tripolygon.UModeler.Hub.Notifications.UpdateProductNotifier
[2025-12-01 오전 1:38:08] [Debug] [Application] service: Tripolygon.UModeler.Hub.INoticeService = Tripolygon.UModeler.Hub.Noticies.NoticeService
[2025-12-01 오전 1:38:08] [Debug] [Application] service: Tripolygon.UModeler.Hub.Views.SceneViews.HubSceneViewService = Tripolygon.UModeler.Hub.Views.SceneViews.HubSceneViewService
[2025-12-01 오전 1:38:09] [Debug] [Application] Initialize: isReloading=True
[2025-12-01 오전 1:38:09] [Debug] [Application] Service Initialize: Tripolygon.UModeler.Hub.HubAuthentication
[2025-12-01 오전 1:38:09] [Debug] [Application] Service Initialize: Tripolygon.UModeler.Editor.UI.UnityEditorApplicationCache
[2025-12-01 오전 1:38:09] [Debug] [Application] Service Initialize: Tripolygon.UModeler.Hub.HubService
[2025-12-01 오전 1:38:09] [Debug] [Application] Service Initialize: Tripolygon.UModeler.Editor.UI.UnityEditorApplicationUtilityService
[2025-12-01 오전 1:38:09] [Debug] [Application] Service Initialize: Tripolygon.UModeler.Hub.HubFlashService
[2025-12-01 오전 1:38:09] [Debug] [HubAnalytics] PosthogClient.SetAutoFlush: Value Changed: True
[2025-12-01 오전 1:38:09] [Debug] [Application] Service Initialize: Tripolygon.UModeler.Hub.HubAnalyticsService
[2025-12-01 오전 1:38:09] [Debug] [Application] Service Initialize: Tripolygon.UModeler.Hub.VSAttributionService
[2025-12-01 오전 1:38:09] [Debug] [Application] Service Initialize: Tripolygon.UModeler.Hub.Notifications.UpdateHubNotifier
[2025-12-01 오전 1:38:09] [Debug] [Application] Service Initialize: Tripolygon.UModeler.Hub.Notifications.UpdateProductNotifier
[2025-12-01 오전 1:38:09] [Debug] [Application] Service Initialize: Tripolygon.UModeler.Hub.Noticies.NoticeService
[2025-12-01 오전 1:38:09] [Debug] [Application] Service Initialize: Tripolygon.UModeler.Hub.Views.SceneViews.HubSceneViewService
[2025-12-01 오전 1:38:10] [Debug] [Application] Release: isReloading=True
[2025-12-01 오전 1:38:10] [Debug] [Application] Release: isReloading=True
[2025-12-01 오전 1:38:10] [Debug] [Application] Service Release: Tripolygon.UModeler.Hub.Views.SceneViews.HubSceneViewService
[2025-12-01 오전 1:38:10] [Debug] [Application] Service Release: Tripolygon.UModeler.Hub.Views.SceneViews.HubSceneViewService
[2025-12-01 오전 1:38:10] [Debug] [Application] Service Release: Tripolygon.UModeler.Hub.Noticies.NoticeService
[2025-12-01 오전 1:38:10] [Debug] [Application] Service Release: Tripolygon.UModeler.Hub.Noticies.NoticeService
[2025-12-01 오전 1:38:10] [Debug] [Application] Service Release: Tripolygon.UModeler.Hub.Notifications.UpdateProductNotifier
[2025-12-01 오전 1:38:10] [Debug] [Application] Service Release: Tripolygon.UModeler.Hub.Notifications.UpdateProductNotifier
[2025-12-01 오전 1:38:10] [Debug] [Application] Service Release: Tripolygon.UModeler.Hub.Notifications.UpdateHubNotifier
[2025-12-01 오전 1:38:10] [Debug] [Application] Service Release: Tripolygon.UModeler.Hub.Notifications.UpdateHubNotifier
[2025-12-01 오전 1:38:10] [Debug] [Application] Service Release: Tripolygon.UModeler.Hub.VSAttributionService
[2025-12-01 오전 1:38:10] [Debug] [Application] Service Release: Tripolygon.UModeler.Hub.VSAttributionService
[2025-12-01 오전 1:38:13] [Debug] [Application] service: Tripolygon.UModeler.Hub.HubAuthentication = Tripolygon.UModeler.Hub.HubAuthentication
[2025-12-01 오전 1:38:13] [Debug] [Application] service: Tripolygon.UModeler.UI.IApplicationCache = Tripolygon.UModeler.Editor.UI.UnityEditorApplicationCache
[2025-12-01 오전 1:38:13] [Debug] ActualHost
[2025-12-01 오전 1:38:13] [Debug] [Application] service: Tripolygon.UModeler.Hub.HubAuthentication = Tripolygon.UModeler.Hub.HubAuthentication
[2025-12-01 오전 1:38:13] [Debug] [Application] service: Tripolygon.UModeler.Hub.IHubAnalyticsService = Tripolygon.UModeler.Hub.HubAnalyticsService
[2025-12-01 오전 1:38:13] [Debug] [Application] service: Tripolygon.UModeler.UI.IApplicationCache = Tripolygon.UModeler.Editor.UI.UnityEditorApplicationCache
[2025-12-01 오전 1:38:13] [Debug] [Application] service: Tripolygon.UModeler.Hub.VSAttributionService = Tripolygon.UModeler.Hub.VSAttributionService
[2025-12-01 오전 1:38:13] [Debug] ActualHost
[2025-12-01 오전 1:38:13] [Debug] [Application] service: Tripolygon.UModeler.Hub.Notifications.UpdateHubNotifier = Tripolygon.UModeler.Hub.Notifications.UpdateHubNotifier
[2025-12-01 오전 1:38:13] [Debug] [Application] service: Tripolygon.UModeler.Authentication.IAuthenticationApiProvider = Tripolygon.UModeler.Editor.AuthenticationApiProviderService
[2025-12-01 오전 1:38:13] [Debug] [Application] service: Tripolygon.UModeler.Hub.INoticeService = Tripolygon.UModeler.Hub.Noticies.NoticeService
[2025-12-01 오전 1:38:13] [Debug] [Application] service: Tripolygon.UModeler.UI.IObjectHierarchyService = Tripolygon.UModeler.Editor.UI.UnityEditorObjectHierarchyService
[2025-12-01 오전 1:38:13] [Debug] [Application] service: Tripolygon.UModeler.Hub.Views.SceneViews.HubSceneViewService = Tripolygon.UModeler.Hub.Views.SceneViews.HubSceneViewService
[2025-12-01 오전 1:38:13] [Debug] [Application] service: Tripolygon.UModeler.UI.IApplicationUtilityService = Tripolygon.UModeler.Editor.UI.UnityEditorApplicationUtilityService
[2025-12-01 오전 1:38:14] [Debug] [Application] Initialize: isReloading=True
[2025-12-01 오전 1:38:13] [Debug] [Application] service: Tripolygon.UModeler.UI.ITextureProvider = Tripolygon.UModeler.Editor.UI.UnityEditorTextureProvider
[2025-12-01 오전 1:38:14] [Debug] [Application] Service Initialize: Tripolygon.UModeler.Hub.HubAuthentication
[2025-12-01 오전 1:38:13] [Debug] [Application] service: Tripolygon.UModeler.Hub.HubFlashService = Tripolygon.UModeler.Hub.HubFlashService
[2025-12-01 오전 1:38:14] [Debug] [Application] Service Initialize: Tripolygon.UModeler.Editor.UI.UnityEditorApplicationCache
[2025-12-01 오전 1:38:13] [Debug] [Application] service: Tripolygon.UModeler.Hub.VSAttributionService = Tripolygon.UModeler.Hub.VSAttributionService
[2025-12-01 오전 1:38:13] [Debug] [Application] service: Tripolygon.UModeler.Hub.Notifications.UpdateHubNotifier = Tripolygon.UModeler.Hub.Notifications.UpdateHubNotifier
[2025-12-01 오전 1:38:14] [Debug] [Application] Service Initialize: Tripolygon.UModeler.Hub.HubService
[2025-12-01 오전 1:38:13] [Debug] [Application] service: Tripolygon.UModeler.Hub.INoticeService = Tripolygon.UModeler.Hub.Noticies.NoticeService
[2025-12-01 오전 1:38:15] [Debug] [Application] Service Initialize: Tripolygon.UModeler.Editor.UI.UnityEditorApplicationUtilityService
[2025-12-01 오전 1:38:13] [Debug] [Application] service: Tripolygon.UModeler.Hub.Views.SceneViews.HubSceneViewService = Tripolygon.UModeler.Hub.Views.SceneViews.HubSceneViewService
[2025-12-01 오전 1:38:15] [Debug] [Application] Service Initialize: Tripolygon.UModeler.Hub.HubFlashService
[2025-12-01 오전 1:38:15] [Debug] [Application] Service Initialize: Tripolygon.UModeler.Hub.HubAuthentication
[2025-12-01 오전 1:38:15] [Debug] [HubAnalytics] PosthogClient.SetAutoFlush: Value Changed: True
[2025-12-01 오전 1:38:15] [Debug] [Application] Service Initialize: Tripolygon.UModeler.Editor.UI.UnityEditorApplicationCache
[2025-12-01 오전 1:38:15] [Debug] [Application] Service Initialize: Tripolygon.UModeler.Hub.HubService
[2025-12-01 오전 1:38:15] [Debug] [Application] Service Initialize: Tripolygon.UModeler.Editor.UI.UnityEditorApplicationUtilityService
[2025-12-01 오전 1:38:15] [Debug] [Application] Service Initialize: Tripolygon.UModeler.Hub.HubAnalyticsService
[2025-12-01 오전 1:38:15] [Debug] [Application] Service Initialize: Tripolygon.UModeler.Hub.HubFlashService
[2025-12-01 오전 1:38:15] [Debug] [Application] Service Initialize: Tripolygon.UModeler.Hub.VSAttributionService
[2025-12-01 오전 1:38:15] [Debug] [HubAnalytics] PosthogClient.SetAutoFlush: Value Changed: True
[2025-12-01 오전 1:38:15] [Debug] [Application] Service Initialize: Tripolygon.UModeler.Hub.Notifications.UpdateHubNotifier
[2025-12-01 오전 1:38:15] [Debug] [Application] Service Initialize: Tripolygon.UModeler.Hub.Notifications.UpdateProductNotifier
[2025-12-01 오전 1:38:15] [Debug] [Application] Service Initialize: Tripolygon.UModeler.Hub.Noticies.NoticeService
[2025-12-01 오전 1:38:15] [Debug] [Application] Service Initialize: Tripolygon.UModeler.Hub.HubAnalyticsService
[2025-12-01 오전 1:38:15] [Debug] [Application] Service Initialize: Tripolygon.UModeler.Hub.Views.SceneViews.HubSceneViewService
[2025-12-01 오전 1:38:15] [Debug] [Application] Service Initialize: Tripolygon.UModeler.Hub.VSAttributionService
[2025-12-01 오전 1:38:15] [Debug] [Application] Service Initialize: Tripolygon.UModeler.Hub.Notifications.UpdateHubNotifier
[2025-12-01 오전 1:38:15] [Debug] [Application] Service Initialize: Tripolygon.UModeler.Hub.Notifications.UpdateProductNotifier
[2025-12-01 오전 1:38:15] [Debug] [Application] Service Initialize: Tripolygon.UModeler.Hub.Noticies.NoticeService
[2025-12-01 오전 1:38:15] [Debug] [Application] Service Initialize: Tripolygon.UModeler.Hub.Views.SceneViews.HubSceneViewService
[2025-12-01 오전 1:40:15] [Debug] [Application] Release: isReloading=True
[2025-12-01 오전 1:40:15] [Debug] [Application] Service Release: Tripolygon.UModeler.Hub.Views.SceneViews.HubSceneViewService
[2025-12-01 오전 1:40:15] [Debug] [Application] Service Release: Tripolygon.UModeler.Hub.Noticies.NoticeService
[2025-12-01 오전 1:40:15] [Debug] [Application] Service Release: Tripolygon.UModeler.Hub.Notifications.UpdateProductNotifier
[2025-12-01 오전 1:40:15] [Debug] [Application] Service Release: Tripolygon.UModeler.Hub.Notifications.UpdateHubNotifier
[2025-12-01 오전 1:40:15] [Debug] [Application] Service Release: Tripolygon.UModeler.Hub.VSAttributionService
[2025-12-01 오전 1:40:15] [Debug] [HubAnalytics] PosthogClient.SetAutoFlush: Value Changed: False
[2025-12-01 오전 1:40:15] [Debug] [Application] Service Release: Tripolygon.UModeler.Hub.HubAnalyticsService
[2025-12-01 오전 1:40:15] [Debug] [Application] Service Release: Tripolygon.UModeler.Hub.HubFlashService
[2025-12-01 오전 1:40:15] [Debug] [Application] Service Release: Tripolygon.UModeler.Editor.UI.UnityEditorApplicationUtilityService
[2025-12-01 오전 1:40:15] [Debug] [Application] Service Release: Tripolygon.UModeler.Hub.HubService
[2025-12-01 오전 1:40:15] [Debug] [Application] Service Release: Tripolygon.UModeler.Editor.UI.UnityEditorApplicationCache
[2025-12-01 오전 1:40:15] [Debug] [Application] Service Release: Tripolygon.UModeler.Hub.HubAuthentication
[2025-12-01 오전 1:40:18] [Debug] [Application] service: Tripolygon.UModeler.Hub.HubAuthentication = Tripolygon.UModeler.Hub.HubAuthentication
[2025-12-01 오전 1:40:18] [Debug] [Application] service: Tripolygon.UModeler.UI.IApplicationCache = Tripolygon.UModeler.Editor.UI.UnityEditorApplicationCache
[2025-12-01 오전 1:40:18] [Debug] ActualHost
[2025-12-01 오전 1:40:18] [Debug] [Application] service: Tripolygon.UModeler.Hub.IHubService = Tripolygon.UModeler.Hub.HubService
[2025-12-01 오전 1:40:18] [Debug] [Application] service: Tripolygon.UModeler.Authentication.IAuthenticationApiProvider = Tripolygon.UModeler.Editor.AuthenticationApiProviderService
[2025-12-01 오전 1:40:18] [Debug] [Application] service: Tripolygon.UModeler.UI.IObjectHierarchyService = Tripolygon.UModeler.Editor.UI.UnityEditorObjectHierarchyService
[2025-12-01 오전 1:40:18] [Debug] [Application] service: Tripolygon.UModeler.UI.IApplicationUtilityService = Tripolygon.UModeler.Editor.UI.UnityEditorApplicationUtilityService
[2025-12-01 오전 1:40:18] [Debug] [Application] service: Tripolygon.UModeler.Editor.UI.ApplicationSettings = Tripolygon.UModeler.Editor.UI.ApplicationSettings
[2025-12-01 오전 1:40:18] [Debug] [Application] service: Tripolygon.UModeler.UI.ITextureProvider = Tripolygon.UModeler.Editor.UI.UnityEditorTextureProvider
[2025-12-01 오전 1:40:18] [Debug] [Application] service: Tripolygon.UModeler.Hub.Resources.IResourcesApiProvider = Tripolygon.UModeler.Hub.ResourcesApiProviderService
[2025-12-01 오전 1:40:18] [Debug] [Application] service: Tripolygon.UModeler.Hub.HubFlashService = Tripolygon.UModeler.Hub.HubFlashService
[2025-12-01 오전 1:40:18] [Debug] [Application] service: Tripolygon.UModeler.Hub.IHubAnalyticsService = Tripolygon.UModeler.Hub.HubAnalyticsService
[2025-12-01 오전 1:40:18] [Debug] [Application] service: Tripolygon.UModeler.Hub.VSAttributionService = Tripolygon.UModeler.Hub.VSAttributionService
[2025-12-01 오전 1:40:18] [Debug] [Application] service: Tripolygon.UModeler.Hub.Notifications.UpdateHubNotifier = Tripolygon.UModeler.Hub.Notifications.UpdateHubNotifier
[2025-12-01 오전 1:40:18] [Debug] [Application] service: Tripolygon.UModeler.Hub.Notifications.UpdateProductNotifier = Tripolygon.UModeler.Hub.Notifications.UpdateProductNotifier
[2025-12-01 오전 1:40:18] [Debug] [Application] service: Tripolygon.UModeler.Hub.INoticeService = Tripolygon.UModeler.Hub.Noticies.NoticeService
[2025-12-01 오전 1:40:18] [Debug] [Application] service: Tripolygon.UModeler.Hub.Views.SceneViews.HubSceneViewService = Tripolygon.UModeler.Hub.Views.SceneViews.HubSceneViewService
[2025-12-01 오전 1:40:20] [Debug] [Application] Initialize: isReloading=True
[2025-12-01 오전 1:40:20] [Debug] [Application] Service Initialize: Tripolygon.UModeler.Hub.HubAuthentication
[2025-12-01 오전 1:40:20] [Debug] [Application] Service Initialize: Tripolygon.UModeler.Editor.UI.UnityEditorApplicationCache
[2025-12-01 오전 1:40:20] [Debug] [Application] Service Initialize: Tripolygon.UModeler.Hub.HubService
[2025-12-01 오전 1:40:20] [Debug] [Application] Service Initialize: Tripolygon.UModeler.Editor.UI.UnityEditorApplicationUtilityService
[2025-12-01 오전 1:40:20] [Debug] [Application] Service Initialize: Tripolygon.UModeler.Hub.HubFlashService
[2025-12-01 오전 1:40:20] [Debug] [HubAnalytics] PosthogClient.SetAutoFlush: Value Changed: True
[2025-12-01 오전 1:40:20] [Debug] [Application] Service Initialize: Tripolygon.UModeler.Hub.HubAnalyticsService
[2025-12-01 오전 1:40:20] [Debug] [Application] Service Initialize: Tripolygon.UModeler.Hub.VSAttributionService
[2025-12-01 오전 1:40:20] [Debug] [Application] Service Initialize: Tripolygon.UModeler.Hub.Notifications.UpdateHubNotifier
[2025-12-01 오전 1:40:20] [Debug] [Application] Service Initialize: Tripolygon.UModeler.Hub.Notifications.UpdateProductNotifier
[2025-12-01 오전 1:40:20] [Debug] [Application] Service Initialize: Tripolygon.UModeler.Hub.Noticies.NoticeService
[2025-12-01 오전 1:40:20] [Debug] [Application] Service Initialize: Tripolygon.UModeler.Hub.Views.SceneViews.HubSceneViewService
[2025-12-01 오전 1:40:21] [Debug] [Application] Release: isReloading=True
[2025-12-01 오전 1:40:21] [Debug] [Application] Release: isReloading=True
[2025-12-01 오전 1:40:21] [Debug] [Application] Service Release: Tripolygon.UModeler.Hub.Views.SceneViews.HubSceneViewService
[2025-12-01 오전 1:40:21] [Debug] [Application] Service Release: Tripolygon.UModeler.Hub.Views.SceneViews.HubSceneViewService
[2025-12-01 오전 1:40:21] [Debug] [Application] Service Release: Tripolygon.UModeler.Hub.Noticies.NoticeService
[2025-12-01 오전 1:40:21] [Debug] [Application] Service Release: Tripolygon.UModeler.Hub.Noticies.NoticeService
[2025-12-01 오전 1:40:21] [Debug] [Application] Service Release: Tripolygon.UModeler.Hub.Notifications.UpdateProductNotifier
[2025-12-01 오전 1:40:21] [Debug] [Application] Service Release: Tripolygon.UModeler.Hub.Notifications.UpdateProductNotifier
[2025-12-01 오전 1:40:21] [Debug] [Application] Service Release: Tripolygon.UModeler.Hub.Notifications.UpdateHubNotifier
[2025-12-01 오전 1:40:21] [Debug] [Application] Service Release: Tripolygon.UModeler.Hub.Notifications.UpdateHubNotifier
[2025-12-01 오전 1:40:21] [Debug] [Application] Service Release: Tripolygon.UModeler.Hub.VSAttributionService
[2025-12-01 오전 1:40:21] [Debug] [Application] Service Release: Tripolygon.UModeler.Hub.VSAttributionService
[2025-12-01 오전 1:40:23] [Debug] [Application] service: Tripolygon.UModeler.Hub.HubAuthentication = Tripolygon.UModeler.Hub.HubAuthentication
[2025-12-01 오전 1:40:23] [Debug] [Application] service: Tripolygon.UModeler.Hub.HubAuthentication = Tripolygon.UModeler.Hub.HubAuthentication
[2025-12-01 오전 1:40:23] [Debug] [Application] service: Tripolygon.UModeler.Hub.HubFlashService = Tripolygon.UModeler.Hub.HubFlashService
[2025-12-01 오전 1:40:23] [Debug] [Application] service: Tripolygon.UModeler.UI.IApplicationCache = Tripolygon.UModeler.Editor.UI.UnityEditorApplicationCache
[2025-12-01 오전 1:40:23] [Debug] [Application] service: Tripolygon.UModeler.Hub.IHubAnalyticsService = Tripolygon.UModeler.Hub.HubAnalyticsService
[2025-12-01 오전 1:40:23] [Debug] ActualHost
[2025-12-01 오전 1:40:23] [Debug] [Application] service: Tripolygon.UModeler.Hub.VSAttributionService = Tripolygon.UModeler.Hub.VSAttributionService
[2025-12-01 오전 1:40:23] [Debug] [Application] service: Tripolygon.UModeler.Hub.IHubService = Tripolygon.UModeler.Hub.HubService
[2025-12-01 오전 1:40:23] [Debug] [Application] service: Tripolygon.UModeler.Hub.Notifications.UpdateHubNotifier = Tripolygon.UModeler.Hub.Notifications.UpdateHubNotifier
[2025-12-01 오전 1:40:23] [Debug] [Application] service: Tripolygon.UModeler.Authentication.IAuthenticationApiProvider = Tripolygon.UModeler.Editor.AuthenticationApiProviderService
[2025-12-01 오전 1:40:23] [Debug] [Application] service: Tripolygon.UModeler.Hub.Notifications.UpdateProductNotifier = Tripolygon.UModeler.Hub.Notifications.UpdateProductNotifier
[2025-12-01 오전 1:40:23] [Debug] [Application] service: Tripolygon.UModeler.UI.IObjectHierarchyService = Tripolygon.UModeler.Editor.UI.UnityEditorObjectHierarchyService
[2025-12-01 오전 1:40:23] [Debug] [Application] service: Tripolygon.UModeler.Hub.Views.SceneViews.HubSceneViewService = Tripolygon.UModeler.Hub.Views.SceneViews.HubSceneViewService
[2025-12-01 오전 1:40:23] [Debug] [Application] service: Tripolygon.UModeler.Editor.UI.ApplicationSettings = Tripolygon.UModeler.Editor.UI.ApplicationSettings
[2025-12-01 오전 1:40:24] [Debug] [Application] Initialize: isReloading=True
[2025-12-01 오전 1:40:23] [Debug] [Application] service: Tripolygon.UModeler.UI.ITextureProvider = Tripolygon.UModeler.Editor.UI.UnityEditorTextureProvider
[2025-12-01 오전 1:40:24] [Debug] [Application] Service Initialize: Tripolygon.UModeler.Hub.HubAuthentication
[2025-12-01 오전 1:40:23] [Debug] [Application] service: Tripolygon.UModeler.Hub.HubFlashService = Tripolygon.UModeler.Hub.HubFlashService
[2025-12-01 오전 1:40:24] [Debug] [Application] Service Initialize: Tripolygon.UModeler.Editor.UI.UnityEditorApplicationCache
[2025-12-01 오전 1:40:23] [Debug] [Application] service: Tripolygon.UModeler.Hub.IHubAnalyticsService = Tripolygon.UModeler.Hub.HubAnalyticsService
[2025-12-01 오전 1:40:23] [Debug] [Application] service: Tripolygon.UModeler.Hub.VSAttributionService = Tripolygon.UModeler.Hub.VSAttributionService
[2025-12-01 오전 1:40:25] [Debug] [Application] Service Initialize: Tripolygon.UModeler.Hub.HubService
[2025-12-01 오전 1:40:23] [Debug] [Application] service: Tripolygon.UModeler.Hub.Notifications.UpdateHubNotifier = Tripolygon.UModeler.Hub.Notifications.UpdateHubNotifier
[2025-12-01 오전 1:40:25] [Debug] [Application] Service Initialize: Tripolygon.UModeler.Editor.UI.UnityEditorApplicationUtilityService
[2025-12-01 오전 1:40:23] [Debug] [Application] service: Tripolygon.UModeler.Hub.Notifications.UpdateProductNotifier = Tripolygon.UModeler.Hub.Notifications.UpdateProductNotifier
[2025-12-01 오전 1:40:25] [Debug] [Application] Service Initialize: Tripolygon.UModeler.Hub.HubFlashService
[2025-12-01 오전 1:40:23] [Debug] [Application] service: Tripolygon.UModeler.Hub.Views.SceneViews.HubSceneViewService = Tripolygon.UModeler.Hub.Views.SceneViews.HubSceneViewService
[2025-12-01 오전 1:40:24] [Debug] [Application] Initialize: isReloading=False
[2025-12-01 오전 1:40:25] [Debug] [HubAnalytics] PosthogClient.SetAutoFlush: Value Changed: True
[2025-12-01 오전 1:40:25] [Debug] [Application] Service Initialize: Tripolygon.UModeler.Hub.HubAuthentication
[2025-12-01 오전 1:40:25] [Debug] [Application] Service Initialize: Tripolygon.UModeler.Editor.UI.UnityEditorApplicationCache
[2025-12-01 오전 1:40:25] [Debug] [Application] Service Initialize: Tripolygon.UModeler.Hub.HubService
[2025-12-01 오전 1:40:25] [Debug] [Application] Service Initialize: Tripolygon.UModeler.Hub.HubAnalyticsService
[2025-12-01 오전 1:40:25] [Debug] [Application] Service Initialize: Tripolygon.UModeler.Hub.HubFlashService
[2025-12-01 오전 1:40:25] [Debug] [Application] Service Initialize: Tripolygon.UModeler.Hub.VSAttributionService
[2025-12-01 오전 1:40:25] [Debug] [Application] Service Initialize: Tripolygon.UModeler.Hub.Notifications.UpdateHubNotifier
[2025-12-01 오전 1:40:25] [Debug] [HubAnalytics] PosthogClient.SetAutoFlush: Value Changed: True
[2025-12-01 오전 1:40:25] [Debug] [Application] Service Initialize: Tripolygon.UModeler.Hub.Notifications.UpdateProductNotifier
[2025-12-01 오전 1:40:25] [Debug] [Application] Service Initialize: Tripolygon.UModeler.Hub.Noticies.NoticeService
[2025-12-01 오전 1:40:25] [Debug] [Application] Service Initialize: Tripolygon.UModeler.Hub.Views.SceneViews.HubSceneViewService
[2025-12-01 오전 1:40:25] [Debug] [Application] Service Initialize: Tripolygon.UModeler.Hub.HubAnalyticsService
[2025-12-01 오전 1:40:25] [Debug] [Application] Service Initialize: Tripolygon.UModeler.Hub.VSAttributionService
[2025-12-01 오전 1:40:25] [Debug] [Application] Service Initialize: Tripolygon.UModeler.Hub.Notifications.UpdateHubNotifier
[2025-12-01 오전 1:40:25] [Debug] [Application] Service Initialize: Tripolygon.UModeler.Hub.Notifications.UpdateProductNotifier
[2025-12-01 오전 1:40:25] [Debug] [Application] Service Initialize: Tripolygon.UModeler.Hub.Noticies.NoticeService
[2025-12-01 오전 1:40:25] [Debug] [Application] Service Initialize: Tripolygon.UModeler.Hub.Views.SceneViews.HubSceneViewService
[2025-12-01 오전 1:43:07] [Debug] [Application] Release: isReloading=True
[2025-12-01 오전 1:43:07] [Debug] [Application] Service Release: Tripolygon.UModeler.Hub.Views.SceneViews.HubSceneViewService
[2025-12-01 오전 1:43:07] [Debug] [Application] Service Release: Tripolygon.UModeler.Hub.Noticies.NoticeService
[2025-12-01 오전 1:43:07] [Debug] [Application] Service Release: Tripolygon.UModeler.Hub.Notifications.UpdateProductNotifier
[2025-12-01 오전 1:43:07] [Debug] [Application] Service Release: Tripolygon.UModeler.Hub.Notifications.UpdateHubNotifier
[2025-12-01 오전 1:43:07] [Debug] [Application] Service Release: Tripolygon.UModeler.Hub.VSAttributionService
[2025-12-01 오전 1:43:07] [Debug] [HubAnalytics] PosthogClient.SetAutoFlush: Value Changed: False
[2025-12-01 오전 1:43:07] [Debug] [Application] Service Release: Tripolygon.UModeler.Hub.HubAnalyticsService
[2025-12-01 오전 1:43:07] [Debug] [Application] Service Release: Tripolygon.UModeler.Hub.HubFlashService
[2025-12-01 오전 1:43:07] [Debug] [Application] Service Release: Tripolygon.UModeler.Editor.UI.UnityEditorApplicationUtilityService
[2025-12-01 오전 1:43:07] [Debug] [Application] Service Release: Tripolygon.UModeler.Hub.HubService
[2025-12-01 오전 1:43:07] [Debug] [Application] Service Release: Tripolygon.UModeler.Editor.UI.UnityEditorApplicationCache
[2025-12-01 오전 1:43:07] [Debug] [Application] Service Release: Tripolygon.UModeler.Hub.HubAuthentication
[2025-12-01 오전 1:43:10] [Debug] [Application] service: Tripolygon.UModeler.Hub.HubAuthentication = Tripolygon.UModeler.Hub.HubAuthentication
[2025-12-01 오전 1:43:10] [Debug] [Application] service: Tripolygon.UModeler.UI.IApplicationCache = Tripolygon.UModeler.Editor.UI.UnityEditorApplicationCache
[2025-12-01 오전 1:43:10] [Debug] ActualHost
[2025-12-01 오전 1:43:10] [Debug] [Application] service: Tripolygon.UModeler.Hub.IHubService = Tripolygon.UModeler.Hub.HubService
[2025-12-01 오전 1:43:10] [Debug] [Application] service: Tripolygon.UModeler.Authentication.IAuthenticationApiProvider = Tripolygon.UModeler.Editor.AuthenticationApiProviderService
[2025-12-01 오전 1:43:10] [Debug] [Application] service: Tripolygon.UModeler.UI.IObjectHierarchyService = Tripolygon.UModeler.Editor.UI.UnityEditorObjectHierarchyService
[2025-12-01 오전 1:43:10] [Debug] [Application] service: Tripolygon.UModeler.UI.IApplicationUtilityService = Tripolygon.UModeler.Editor.UI.UnityEditorApplicationUtilityService
[2025-12-01 오전 1:43:11] [Debug] [Application] service: Tripolygon.UModeler.Editor.UI.ApplicationSettings = Tripolygon.UModeler.Editor.UI.ApplicationSettings
[2025-12-01 오전 1:43:11] [Debug] [Application] service: Tripolygon.UModeler.UI.ITextureProvider = Tripolygon.UModeler.Editor.UI.UnityEditorTextureProvider
[2025-12-01 오전 1:43:11] [Debug] [Application] service: Tripolygon.UModeler.Hub.Resources.IResourcesApiProvider = Tripolygon.UModeler.Hub.ResourcesApiProviderService
[2025-12-01 오전 1:43:11] [Debug] [Application] service: Tripolygon.UModeler.Hub.HubFlashService = Tripolygon.UModeler.Hub.HubFlashService
[2025-12-01 오전 1:43:11] [Debug] [Application] service: Tripolygon.UModeler.Hub.IHubAnalyticsService = Tripolygon.UModeler.Hub.HubAnalyticsService
[2025-12-01 오전 1:43:11] [Debug] [Application] service: Tripolygon.UModeler.Hub.VSAttributionService = Tripolygon.UModeler.Hub.VSAttributionService
[2025-12-01 오전 1:43:11] [Debug] [Application] service: Tripolygon.UModeler.Hub.Notifications.UpdateHubNotifier = Tripolygon.UModeler.Hub.Notifications.UpdateHubNotifier
[2025-12-01 오전 1:43:11] [Debug] [Application] service: Tripolygon.UModeler.Hub.Notifications.UpdateProductNotifier = Tripolygon.UModeler.Hub.Notifications.UpdateProductNotifier
[2025-12-01 오전 1:43:11] [Debug] [Application] service: Tripolygon.UModeler.Hub.INoticeService = Tripolygon.UModeler.Hub.Noticies.NoticeService
[2025-12-01 오전 1:43:11] [Debug] [Application] service: Tripolygon.UModeler.Hub.Views.SceneViews.HubSceneViewService = Tripolygon.UModeler.Hub.Views.SceneViews.HubSceneViewService
[2025-12-01 오전 1:43:12] [Debug] [Application] Initialize: isReloading=True
[2025-12-01 오전 1:43:12] [Debug] [Application] Service Initialize: Tripolygon.UModeler.Hub.HubAuthentication
[2025-12-01 오전 1:43:12] [Debug] [Application] Service Initialize: Tripolygon.UModeler.Editor.UI.UnityEditorApplicationCache
[2025-12-01 오전 1:43:12] [Debug] [Application] Service Initialize: Tripolygon.UModeler.Hub.HubService
[2025-12-01 오전 1:43:12] [Debug] [Application] Service Initialize: Tripolygon.UModeler.Editor.UI.UnityEditorApplicationUtilityService
[2025-12-01 오전 1:43:12] [Debug] [Application] Service Initialize: Tripolygon.UModeler.Hub.HubFlashService
[2025-12-01 오전 1:43:12] [Debug] [HubAnalytics] PosthogClient.SetAutoFlush: Value Changed: True
[2025-12-01 오전 1:43:12] [Debug] [Application] Service Initialize: Tripolygon.UModeler.Hub.HubAnalyticsService
[2025-12-01 오전 1:43:12] [Debug] [Application] Service Initialize: Tripolygon.UModeler.Hub.VSAttributionService
[2025-12-01 오전 1:43:13] [Debug] [Application] Service Initialize: Tripolygon.UModeler.Hub.Notifications.UpdateHubNotifier
[2025-12-01 오전 1:43:13] [Debug] [Application] Service Initialize: Tripolygon.UModeler.Hub.Notifications.UpdateProductNotifier
[2025-12-01 오전 1:43:13] [Debug] [Application] Service Initialize: Tripolygon.UModeler.Hub.Noticies.NoticeService
[2025-12-01 오전 1:43:13] [Debug] [Application] Service Initialize: Tripolygon.UModeler.Hub.Views.SceneViews.HubSceneViewService
[2025-12-01 오전 1:43:13] [Debug] [Application] Release: isReloading=True
[2025-12-01 오전 1:43:13] [Debug] [Application] Release: isReloading=True
[2025-12-01 오전 1:43:13] [Debug] [Application] Service Release: Tripolygon.UModeler.Hub.Views.SceneViews.HubSceneViewService
[2025-12-01 오전 1:43:13] [Debug] [Application] Service Release: Tripolygon.UModeler.Hub.Views.SceneViews.HubSceneViewService
[2025-12-01 오전 1:43:13] [Debug] [Application] Service Release: Tripolygon.UModeler.Hub.Noticies.NoticeService
[2025-12-01 오전 1:43:13] [Debug] [Application] Service Release: Tripolygon.UModeler.Hub.Noticies.NoticeService
[2025-12-01 오전 1:43:13] [Debug] [Application] Service Release: Tripolygon.UModeler.Hub.Notifications.UpdateProductNotifier
[2025-12-01 오전 1:43:13] [Debug] [Application] Service Release: Tripolygon.UModeler.Hub.Notifications.UpdateProductNotifier
[2025-12-01 오전 1:43:13] [Debug] [Application] Service Release: Tripolygon.UModeler.Hub.Notifications.UpdateHubNotifier
[2025-12-01 오전 1:43:13] [Debug] [Application] Service Release: Tripolygon.UModeler.Hub.Notifications.UpdateHubNotifier
[2025-12-01 오전 1:43:13] [Debug] [Application] Service Release: Tripolygon.UModeler.Hub.VSAttributionService
[2025-12-01 오전 1:43:13] [Debug] [Application] Service Release: Tripolygon.UModeler.Hub.VSAttributionService
[2025-12-01 오전 1:43:16] [Debug] [Application] service: Tripolygon.UModeler.Hub.HubAuthentication = Tripolygon.UModeler.Hub.HubAuthentication
[2025-12-01 오전 1:43:16] [Debug] [Application] service: Tripolygon.UModeler.Hub.HubAuthentication = Tripolygon.UModeler.Hub.HubAuthentication
[2025-12-01 오전 1:43:16] [Debug] [Application] service: Tripolygon.UModeler.UI.ITextureProvider = Tripolygon.UModeler.Editor.UI.UnityEditorTextureProvider
[2025-12-01 오전 1:43:16] [Debug] ActualHost
[2025-12-01 오전 1:43:16] [Debug] [Application] service: Tripolygon.UModeler.Hub.Resources.IResourcesApiProvider = Tripolygon.UModeler.Hub.ResourcesApiProviderService
[2025-12-01 오전 1:43:16] [Debug] [Application] service: Tripolygon.UModeler.Hub.IHubService = Tripolygon.UModeler.Hub.HubService
[2025-12-01 오전 1:43:16] [Debug] [Application] service: Tripolygon.UModeler.Hub.HubFlashService = Tripolygon.UModeler.Hub.HubFlashService
[2025-12-01 오전 1:43:16] [Debug] [Application] service: Tripolygon.UModeler.Authentication.IAuthenticationApiProvider = Tripolygon.UModeler.Editor.AuthenticationApiProviderService
[2025-12-01 오전 1:43:16] [Debug] [Application] service: Tripolygon.UModeler.Hub.VSAttributionService = Tripolygon.UModeler.Hub.VSAttributionService
[2025-12-01 오전 1:43:16] [Debug] [Application] service: Tripolygon.UModeler.UI.IApplicationUtilityService = Tripolygon.UModeler.Editor.UI.UnityEditorApplicationUtilityService
[2025-12-01 오전 1:43:16] [Debug] [Application] service: Tripolygon.UModeler.Hub.Notifications.UpdateProductNotifier = Tripolygon.UModeler.Hub.Notifications.UpdateProductNotifier
[2025-12-01 오전 1:43:16] [Debug] [Application] service: Tripolygon.UModeler.UI.ITextureProvider = Tripolygon.UModeler.Editor.UI.UnityEditorTextureProvider
[2025-12-01 오전 1:43:16] [Debug] [Application] service: Tripolygon.UModeler.Hub.Views.SceneViews.HubSceneViewService = Tripolygon.UModeler.Hub.Views.SceneViews.HubSceneViewService
[2025-12-01 오전 1:43:16] [Debug] [Application] service: Tripolygon.UModeler.Hub.HubFlashService = Tripolygon.UModeler.Hub.HubFlashService
[2025-12-01 오전 1:43:17] [Debug] [Application] Service Initialize: Tripolygon.UModeler.Hub.HubAuthentication
[2025-12-01 오전 1:43:16] [Debug] [Application] service: Tripolygon.UModeler.Hub.VSAttributionService = Tripolygon.UModeler.Hub.VSAttributionService
[2025-12-01 오전 1:43:17] [Debug] [Application] Service Initialize: Tripolygon.UModeler.Editor.UI.UnityEditorApplicationCache
[2025-12-01 오전 1:43:16] [Debug] [Application] service: Tripolygon.UModeler.Hub.Notifications.UpdateProductNotifier = Tripolygon.UModeler.Hub.Notifications.UpdateProductNotifier
[2025-12-01 오전 1:43:16] [Debug] [Application] service: Tripolygon.UModeler.Hub.INoticeService = Tripolygon.UModeler.Hub.Noticies.NoticeService
[2025-12-01 오전 1:43:17] [Debug] [Application] Service Initialize: Tripolygon.UModeler.Hub.HubService
[2025-12-01 오전 1:43:17] [Debug] [Application] Initialize: isReloading=False
[2025-12-01 오전 1:43:18] [Debug] [Application] Service Initialize: Tripolygon.UModeler.Editor.UI.UnityEditorApplicationUtilityService
[2025-12-01 오전 1:43:18] [Debug] [Application] Service Initialize: Tripolygon.UModeler.Hub.HubAuthentication
[2025-12-01 오전 1:43:18] [Debug] [Application] Service Initialize: Tripolygon.UModeler.Hub.HubFlashService
[2025-12-01 오전 1:43:18] [Debug] [Application] Service Initialize: Tripolygon.UModeler.Editor.UI.UnityEditorApplicationCache
[2025-12-01 오전 1:43:18] [Debug] [HubAnalytics] PosthogClient.SetAutoFlush: Value Changed: True
[2025-12-01 오전 1:43:18] [Debug] [Application] Service Initialize: Tripolygon.UModeler.Hub.HubService
[2025-12-01 오전 1:43:18] [Debug] [Application] Service Initialize: Tripolygon.UModeler.Editor.UI.UnityEditorApplicationUtilityService
[2025-12-01 오전 1:43:18] [Debug] [Application] Service Initialize: Tripolygon.UModeler.Hub.HubFlashService
[2025-12-01 오전 1:43:18] [Debug] [Application] Service Initialize: Tripolygon.UModeler.Hub.HubAnalyticsService
[2025-12-01 오전 1:43:18] [Debug] [HubAnalytics] PosthogClient.SetAutoFlush: Value Changed: True
[2025-12-01 오전 1:43:18] [Debug] [Application] Service Initialize: Tripolygon.UModeler.Hub.VSAttributionService
[2025-12-01 오전 1:43:18] [Debug] [Application] Service Initialize: Tripolygon.UModeler.Hub.Notifications.UpdateHubNotifier
[2025-12-01 오전 1:43:18] [Debug] [Application] Service Initialize: Tripolygon.UModeler.Hub.Notifications.UpdateProductNotifier
[2025-12-01 오전 1:43:18] [Debug] [Application] Service Initialize: Tripolygon.UModeler.Hub.HubAnalyticsService
[2025-12-01 오전 1:43:18] [Debug] [Application] Service Initialize: Tripolygon.UModeler.Hub.Noticies.NoticeService
[2025-12-01 오전 1:43:18] [Debug] [Application] Service Initialize: Tripolygon.UModeler.Hub.VSAttributionService
[2025-12-01 오전 1:43:18] [Debug] [Application] Service Initialize: Tripolygon.UModeler.Hub.Views.SceneViews.HubSceneViewService
[2025-12-01 오전 1:43:18] [Debug] [Application] Service Initialize: Tripolygon.UModeler.Hub.Notifications.UpdateHubNotifier
[2025-12-01 오전 1:43:18] [Debug] [Application] Service Initialize: Tripolygon.UModeler.Hub.Notifications.UpdateProductNotifier
[2025-12-01 오전 1:43:18] [Debug] [Application] Service Initialize: Tripolygon.UModeler.Hub.Noticies.NoticeService
[2025-12-01 오전 1:43:18] [Debug] [Application] Service Initialize: Tripolygon.UModeler.Hub.Views.SceneViews.HubSceneViewService
[2025-12-01 오전 1:44:18] [Debug] [Application] Release: isReloading=False
[2025-12-01 오전 1:44:18] [Debug] [Application] Service Release: Tripolygon.UModeler.Hub.Views.SceneViews.HubSceneViewService
[2025-12-01 오전 1:44:18] [Debug] [Application] Service Release: Tripolygon.UModeler.Hub.Noticies.NoticeService
[2025-12-01 오전 1:44:18] [Debug] [Application] Service Release: Tripolygon.UModeler.Hub.Notifications.UpdateProductNotifier
[2025-12-01 오전 1:44:18] [Debug] [Application] Service Release: Tripolygon.UModeler.Hub.Notifications.UpdateHubNotifier
[2025-12-01 오전 1:44:18] [Debug] [Application] Service Release: Tripolygon.UModeler.Hub.VSAttributionService
[2025-12-01 오전 1:44:18] [Debug] [HubAnalytics] OnAppEnd
[2025-12-01 오전 1:44:18] [Debug] [HubAnalytics] PosthogClient.SetAutoFlush: Value Changed: False
[2025-12-01 오전 1:44:18] [Debug] [HubAnalytics] PosthogClient.BatchAsync: Sending Queue Items={"api_key":"phc_DQ6tsN03HRXTr9hNBfi3DierOY5Y0SisUxgxjuAmZG5","batch":[{"event":"app end","properties":{"$set":{"sdk_region_id":"ko-KR","sdk_region_name":"South Korea","sdk_language":"Korean","sdk_os_architecture":"X64","sdk_time_zone":"Korea Standard Time","product_version":"1.1.6"},"$os":"WINDOWS","$os_name":"WINDOWS","$session_id":"79e3ea84-6bab-4a1c-b12f-e6ab23009941_1f0011d0-2917-44a7-b8c6-5a13e4782822","distinct_id":"b436f785064ea140538673dd9b84f3f59c821871","product_name":"UModeler Hub","product_version":"1.1.6","platform_name":"Unity","platform_version":"6000.0.29f1","screen_width":1920,"screen_height":1080,"viewport_width":1091,"viewport_height":379,"unity_systeminfo_language":"Korean","unity_systeminfo_os":"Windows 10  (10.0.19045) 64bit","unity_systeminfo_graphicsDeviceType":"Direct3D11","unity_systeminfo_graphicsDeviceVendor":"NVIDIA","unity_systeminfo_graphicsDeviceName":"NVIDIA GeForce RTX 2060","unity_systeminfo_deviceType":"Desktop","unity_systeminfo_processorType":"Intel(R) Core(TM) i7-9700F CPU @ 3.00GHz"},"timestamp":"2025-11-30T16:44:18.4275575Z"}]}
[2025-12-01 오전 1:44:18] [Debug] [HubAnalytics] PosthogClient.BatchAsync: Sent 1 queue item(s).
[2025-12-01 오전 1:44:18] [Debug] [Application] Service Release: Tripolygon.UModeler.Hub.HubAnalyticsService
[2025-12-01 오전 1:44:18] [Debug] [Application] Service Release: Tripolygon.UModeler.Hub.HubFlashService
[2025-12-01 오전 1:44:19] [Debug] [Application] Service Release: Tripolygon.UModeler.Editor.UI.UnityEditorApplicationUtilityService
[2025-12-01 오전 1:44:19] [Debug] [Application] Service Release: Tripolygon.UModeler.Hub.HubService
[2025-12-01 오전 1:44:19] [Debug] [Application] Service Release: Tripolygon.UModeler.Editor.UI.UnityEditorApplicationCache
[2025-12-01 오전 1:44:19] [Debug] [Application] Service Release: Tripolygon.UModeler.Hub.HubAuthentication
