[2025-11-12 오후 8:35:38] [Debug] [Application] service: Tripolygon.UModeler.Hub.HubAuthentication = Tripolygon.UModeler.Hub.HubAuthentication
[2025-11-12 오후 8:35:38] [Debug] [Application] service: Tripolygon.UModeler.UI.IApplicationCache = Tripolygon.UModeler.Editor.UI.UnityEditorApplicationCache
[2025-11-12 오후 8:35:38] [Debug] ActualHost
[2025-11-12 오후 8:35:38] [Debug] [Application] service: Tripolygon.UModeler.Hub.IHubService = Tripolygon.UModeler.Hub.HubService
[2025-11-12 오후 8:35:38] [Debug] [Application] service: Tripolygon.UModeler.Authentication.IAuthenticationApiProvider = Tripolygon.UModeler.Editor.AuthenticationApiProviderService
[2025-11-12 오후 8:35:38] [Debug] [Application] service: Tripolygon.UModeler.UI.IObjectHierarchyService = Tripolygon.UModeler.Editor.UI.UnityEditorObjectHierarchyService
[2025-11-12 오후 8:35:38] [Debug] [Application] service: Tripolygon.UModeler.UI.IApplicationUtilityService = Tripolygon.UModeler.Editor.UI.UnityEditorApplicationUtilityService
[2025-11-12 오후 8:35:38] [Debug] [Application] service: Tripolygon.UModeler.Editor.UI.ApplicationSettings = Tripolygon.UModeler.Editor.UI.ApplicationSettings
[2025-11-12 오후 8:35:38] [Debug] [Application] service: Tripolygon.UModeler.UI.ITextureProvider = Tripolygon.UModeler.Editor.UI.UnityEditorTextureProvider
[2025-11-12 오후 8:35:38] [Debug] [Application] service: Tripolygon.UModeler.Hub.Resources.IResourcesApiProvider = Tripolygon.UModeler.Hub.ResourcesApiProviderService
[2025-11-12 오후 8:35:38] [Debug] [Application] service: Tripolygon.UModeler.Hub.HubFlashService = Tripolygon.UModeler.Hub.HubFlashService
[2025-11-12 오후 8:35:38] [Debug] [Application] service: Tripolygon.UModeler.Hub.IHubAnalyticsService = Tripolygon.UModeler.Hub.HubAnalyticsService
[2025-11-12 오후 8:35:38] [Debug] [Application] service: Tripolygon.UModeler.Hub.VSAttributionService = Tripolygon.UModeler.Hub.VSAttributionService
[2025-11-12 오후 8:35:38] [Debug] [Application] service: Tripolygon.UModeler.Hub.Notifications.UpdateHubNotifier = Tripolygon.UModeler.Hub.Notifications.UpdateHubNotifier
[2025-11-12 오후 8:35:38] [Debug] [Application] service: Tripolygon.UModeler.Hub.Notifications.UpdateProductNotifier = Tripolygon.UModeler.Hub.Notifications.UpdateProductNotifier
[2025-11-12 오후 8:35:38] [Debug] [Application] service: Tripolygon.UModeler.Hub.INoticeService = Tripolygon.UModeler.Hub.Noticies.NoticeService
[2025-11-12 오후 8:35:38] [Debug] [Application] service: Tripolygon.UModeler.Hub.Views.SceneViews.HubSceneViewService = Tripolygon.UModeler.Hub.Views.SceneViews.HubSceneViewService
[2025-11-12 오후 8:35:39] [Debug] [Application] Initialize: isReloading=False
[2025-11-12 오후 8:35:40] [Debug] [Application] Service Initialize: Tripolygon.UModeler.Hub.HubAuthentication
[2025-11-12 오후 8:35:40] [Debug] [Application] Service Initialize: Tripolygon.UModeler.Editor.UI.UnityEditorApplicationCache
[2025-11-12 오후 8:35:40] [Debug] [Application] Service Initialize: Tripolygon.UModeler.Hub.HubService
[2025-11-12 오후 8:35:40] [Debug] [Application] Service Initialize: Tripolygon.UModeler.Editor.UI.UnityEditorApplicationUtilityService
[2025-11-12 오후 8:35:40] [Debug] [Application] Service Initialize: Tripolygon.UModeler.Hub.HubFlashService
[2025-11-12 오후 8:35:40] [Debug] [HubAnalytics] PosthogClient.SetAutoFlush: Value Changed: True
[2025-11-12 오후 8:35:40] [Debug] [Application] Service Initialize: Tripolygon.UModeler.Hub.HubAnalyticsService
[2025-11-12 오후 8:35:40] [Debug] [Application] Service Initialize: Tripolygon.UModeler.Hub.VSAttributionService
[2025-11-12 오후 8:35:40] [Debug] [Application] Service Initialize: Tripolygon.UModeler.Hub.Notifications.UpdateHubNotifier
[2025-11-12 오후 8:35:40] [Debug] [Application] Service Initialize: Tripolygon.UModeler.Hub.Notifications.UpdateProductNotifier
[2025-11-12 오후 8:35:40] [Debug] [Application] Service Initialize: Tripolygon.UModeler.Hub.Noticies.NoticeService
[2025-11-12 오후 8:35:40] [Debug] [Application] Service Initialize: Tripolygon.UModeler.Hub.Views.SceneViews.HubSceneViewService
[2025-11-12 오후 8:38:50] [Debug] [HubAnalytics] OnAppStart
[2025-11-12 오후 8:38:50] [Debug] [HubAnalytics] PosthogClient.BatchAsync: Sending Queue Items={"api_key":"phc_DQ6tsN03HRXTr9hNBfi3DierOY5Y0SisUxgxjuAmZG5","batch":[{"event":"app start","properties":{"$set":{"sdk_region_id":"ko-KR","sdk_region_name":"South Korea","sdk_language":"Korean","sdk_os_architecture":"X64","sdk_time_zone":"Korea Standard Time","product_version":"1.1.6","platform_account_id":"anonymous","platform_account_name":"SF8gV0OAEAKwhz6CLESwR3qOAcBbznPM51pt1CGKwapiLE5Opa0DWgWqXNbzr6N5TLVEtzTpmVGEJo5MD/Z3jSsCyNBrknmNL2s6f9dXg4xwzOVa0v3rV+zEXKv0feWwk2qaxalcoxOsOZizVnUT86/BCi5kZYOsW5KNecN0rgzH9z1lrtbRXYnRBoyToTUju0j8K1pgC911DHb1+pO8wMMwreHm4kAQ2Eh2e9lCmGHczPZ4qtZKh15qH1qzxlJ69CqlZrrEXhSuoCn+QPfjs0HSJWf0TgN6V8a5xqspYJFp2j2SY+SPnZOcxIFUtQ/jUsQfxFovkJOrkxTdBbghsw=="},"$os":"WINDOWS","$os_name":"WINDOWS","$session_id":"80efc0cc-1eb9-48e6-b409-a575d3c84648_ced7f12c-27e6-4261-a800-057176e31506","distinct_id":"b436f785064ea140538673dd9b84f3f59c821871","product_name":"UModeler Hub","product_version":"1.1.6","platform_name":"Unity","platform_version":"6000.0.29f1","screen_width":1920,"screen_height":1080,"viewport_width":640,"viewport_height":480,"unity_systeminfo_language":"Korean","unity_systeminfo_os":"Windows 10  (10.0.19045) 64bit","unity_systeminfo_graphicsDeviceType":"Direct3D11","unity_systeminfo_graphicsDeviceVendor":"NVIDIA","unity_systeminfo_graphicsDeviceName":"NVIDIA GeForce RTX 2060","unity_systeminfo_deviceType":"Desktop","unity_systeminfo_processorType":"Intel(R) Core(TM) i7-9700F CPU @ 3.00GHz"},"timestamp":"2025-11-12T11:38:50.5744089Z"}]}
[2025-11-12 오후 8:38:51] [Debug] [HubAnalytics] PosthogClient.BatchAsync: Sent 1 queue item(s).
[2025-11-12 오후 8:39:01] [Debug] [Application] Release: isReloading=True
[2025-11-12 오후 8:39:01] [Debug] [Application] Service Release: Tripolygon.UModeler.Hub.Views.SceneViews.HubSceneViewService
[2025-11-12 오후 8:39:01] [Debug] [Application] Service Release: Tripolygon.UModeler.Hub.Noticies.NoticeService
[2025-11-12 오후 8:39:01] [Debug] [Application] Service Release: Tripolygon.UModeler.Hub.Notifications.UpdateProductNotifier
[2025-11-12 오후 8:39:01] [Debug] [Application] Service Release: Tripolygon.UModeler.Hub.Notifications.UpdateHubNotifier
[2025-11-12 오후 8:39:01] [Debug] [Application] Service Release: Tripolygon.UModeler.Hub.VSAttributionService
[2025-11-12 오후 8:39:01] [Debug] [HubAnalytics] PosthogClient.SetAutoFlush: Value Changed: False
[2025-11-12 오후 8:39:01] [Debug] [Application] Service Release: Tripolygon.UModeler.Hub.HubAnalyticsService
[2025-11-12 오후 8:39:01] [Debug] [Application] Service Release: Tripolygon.UModeler.Hub.HubFlashService
[2025-11-12 오후 8:39:01] [Debug] [Application] Service Release: Tripolygon.UModeler.Editor.UI.UnityEditorApplicationUtilityService
[2025-11-12 오후 8:39:01] [Debug] [Application] Service Release: Tripolygon.UModeler.Hub.HubService
[2025-11-12 오후 8:39:01] [Debug] [Application] Service Release: Tripolygon.UModeler.Editor.UI.UnityEditorApplicationCache
[2025-11-12 오후 8:39:01] [Debug] [Application] Service Release: Tripolygon.UModeler.Hub.HubAuthentication
[2025-11-12 오후 8:39:04] [Debug] [Application] service: Tripolygon.UModeler.Hub.HubAuthentication = Tripolygon.UModeler.Hub.HubAuthentication
[2025-11-12 오후 8:39:04] [Debug] [Application] service: Tripolygon.UModeler.UI.IApplicationCache = Tripolygon.UModeler.Editor.UI.UnityEditorApplicationCache
[2025-11-12 오후 8:39:04] [Debug] ActualHost
[2025-11-12 오후 8:39:04] [Debug] [Application] service: Tripolygon.UModeler.Hub.IHubService = Tripolygon.UModeler.Hub.HubService
[2025-11-12 오후 8:39:04] [Debug] [Application] service: Tripolygon.UModeler.Authentication.IAuthenticationApiProvider = Tripolygon.UModeler.Editor.AuthenticationApiProviderService
[2025-11-12 오후 8:39:04] [Debug] [Application] service: Tripolygon.UModeler.UI.IObjectHierarchyService = Tripolygon.UModeler.Editor.UI.UnityEditorObjectHierarchyService
[2025-11-12 오후 8:39:04] [Debug] [Application] service: Tripolygon.UModeler.UI.IApplicationUtilityService = Tripolygon.UModeler.Editor.UI.UnityEditorApplicationUtilityService
[2025-11-12 오후 8:39:05] [Debug] [Application] service: Tripolygon.UModeler.Editor.UI.ApplicationSettings = Tripolygon.UModeler.Editor.UI.ApplicationSettings
[2025-11-12 오후 8:39:05] [Debug] [Application] service: Tripolygon.UModeler.UI.ITextureProvider = Tripolygon.UModeler.Editor.UI.UnityEditorTextureProvider
[2025-11-12 오후 8:39:05] [Debug] [Application] service: Tripolygon.UModeler.Hub.Resources.IResourcesApiProvider = Tripolygon.UModeler.Hub.ResourcesApiProviderService
[2025-11-12 오후 8:39:05] [Debug] [Application] service: Tripolygon.UModeler.Hub.HubFlashService = Tripolygon.UModeler.Hub.HubFlashService
[2025-11-12 오후 8:39:05] [Debug] [Application] service: Tripolygon.UModeler.Hub.IHubAnalyticsService = Tripolygon.UModeler.Hub.HubAnalyticsService
[2025-11-12 오후 8:39:05] [Debug] [Application] service: Tripolygon.UModeler.Hub.VSAttributionService = Tripolygon.UModeler.Hub.VSAttributionService
[2025-11-12 오후 8:39:05] [Debug] [Application] service: Tripolygon.UModeler.Hub.Notifications.UpdateHubNotifier = Tripolygon.UModeler.Hub.Notifications.UpdateHubNotifier
[2025-11-12 오후 8:39:05] [Debug] [Application] service: Tripolygon.UModeler.Hub.Notifications.UpdateProductNotifier = Tripolygon.UModeler.Hub.Notifications.UpdateProductNotifier
[2025-11-12 오후 8:39:05] [Debug] [Application] service: Tripolygon.UModeler.Hub.INoticeService = Tripolygon.UModeler.Hub.Noticies.NoticeService
[2025-11-12 오후 8:39:05] [Debug] [Application] service: Tripolygon.UModeler.Hub.Views.SceneViews.HubSceneViewService = Tripolygon.UModeler.Hub.Views.SceneViews.HubSceneViewService
[2025-11-12 오후 8:39:06] [Debug] [Application] Initialize: isReloading=True
[2025-11-12 오후 8:39:06] [Debug] [Application] Service Initialize: Tripolygon.UModeler.Hub.HubAuthentication
[2025-11-12 오후 8:39:06] [Debug] [Application] Service Initialize: Tripolygon.UModeler.Editor.UI.UnityEditorApplicationCache
[2025-11-12 오후 8:39:06] [Debug] [Application] Service Initialize: Tripolygon.UModeler.Hub.HubService
[2025-11-12 오후 8:39:06] [Debug] [Application] Service Initialize: Tripolygon.UModeler.Editor.UI.UnityEditorApplicationUtilityService
[2025-11-12 오후 8:39:06] [Debug] [Application] Service Initialize: Tripolygon.UModeler.Hub.HubFlashService
[2025-11-12 오후 8:39:06] [Debug] [HubAnalytics] PosthogClient.SetAutoFlush: Value Changed: True
[2025-11-12 오후 8:39:06] [Debug] [Application] Service Initialize: Tripolygon.UModeler.Hub.HubAnalyticsService
[2025-11-12 오후 8:39:06] [Debug] [Application] Service Initialize: Tripolygon.UModeler.Hub.VSAttributionService
[2025-11-12 오후 8:39:06] [Debug] [Application] Service Initialize: Tripolygon.UModeler.Hub.Notifications.UpdateHubNotifier
[2025-11-12 오후 8:39:06] [Debug] [Application] Service Initialize: Tripolygon.UModeler.Hub.Notifications.UpdateProductNotifier
[2025-11-12 오후 8:39:06] [Debug] [Application] Service Initialize: Tripolygon.UModeler.Hub.Noticies.NoticeService
[2025-11-12 오후 8:39:06] [Debug] [Application] Service Initialize: Tripolygon.UModeler.Hub.Views.SceneViews.HubSceneViewService
[2025-11-12 오후 8:47:32] [Debug] [Application] service: Tripolygon.UModeler.Hub.HubAuthentication = Tripolygon.UModeler.Hub.HubAuthentication
[2025-11-12 오후 8:47:32] [Debug] [Application] service: Tripolygon.UModeler.UI.IApplicationCache = Tripolygon.UModeler.Editor.UI.UnityEditorApplicationCache
[2025-11-12 오후 8:47:32] [Debug] ActualHost
[2025-11-12 오후 8:47:32] [Debug] [Application] service: Tripolygon.UModeler.Hub.HubAuthentication = Tripolygon.UModeler.Hub.HubAuthentication
[2025-11-12 오후 8:47:32] [Debug] [Application] service: Tripolygon.UModeler.UI.IApplicationUtilityService = Tripolygon.UModeler.Editor.UI.UnityEditorApplicationUtilityService
[2025-11-12 오후 8:47:32] [Debug] ActualHost
[2025-11-12 오후 8:47:32] [Debug] [Application] service: Tripolygon.UModeler.UI.ITextureProvider = Tripolygon.UModeler.Editor.UI.UnityEditorTextureProvider
[2025-11-12 오후 8:47:32] [Debug] [Application] service: Tripolygon.UModeler.Hub.IHubService = Tripolygon.UModeler.Hub.HubService
[2025-11-12 오후 8:47:32] [Debug] [Application] service: Tripolygon.UModeler.Hub.HubFlashService = Tripolygon.UModeler.Hub.HubFlashService
[2025-11-12 오후 8:47:32] [Debug] [Application] service: Tripolygon.UModeler.Authentication.IAuthenticationApiProvider = Tripolygon.UModeler.Editor.AuthenticationApiProviderService
[2025-11-12 오후 8:47:32] [Debug] [Application] service: Tripolygon.UModeler.Hub.VSAttributionService = Tripolygon.UModeler.Hub.VSAttributionService
[2025-11-12 오후 8:47:32] [Debug] [Application] service: Tripolygon.UModeler.UI.IApplicationUtilityService = Tripolygon.UModeler.Editor.UI.UnityEditorApplicationUtilityService
[2025-11-12 오후 8:47:32] [Debug] [Application] service: Tripolygon.UModeler.Hub.Notifications.UpdateProductNotifier = Tripolygon.UModeler.Hub.Notifications.UpdateProductNotifier
[2025-11-12 오후 8:47:32] [Debug] [Application] service: Tripolygon.UModeler.Editor.UI.ApplicationSettings = Tripolygon.UModeler.Editor.UI.ApplicationSettings
[2025-11-12 오후 8:47:32] [Debug] [Application] service: Tripolygon.UModeler.Hub.Views.SceneViews.HubSceneViewService = Tripolygon.UModeler.Hub.Views.SceneViews.HubSceneViewService
[2025-11-12 오후 8:47:32] [Debug] [Application] service: Tripolygon.UModeler.UI.ITextureProvider = Tripolygon.UModeler.Editor.UI.UnityEditorTextureProvider
[2025-11-12 오후 8:47:33] [Debug] [Application] Service Initialize: Tripolygon.UModeler.Hub.HubAuthentication
[2025-11-12 오후 8:47:32] [Debug] [Application] service: Tripolygon.UModeler.Hub.Resources.IResourcesApiProvider = Tripolygon.UModeler.Hub.ResourcesApiProviderService
[2025-11-12 오후 8:47:33] [Debug] [Application] Service Initialize: Tripolygon.UModeler.Editor.UI.UnityEditorApplicationCache
[2025-11-12 오후 8:47:32] [Debug] [Application] service: Tripolygon.UModeler.Hub.HubFlashService = Tripolygon.UModeler.Hub.HubFlashService
[2025-11-12 오후 8:47:32] [Debug] [Application] service: Tripolygon.UModeler.Hub.IHubAnalyticsService = Tripolygon.UModeler.Hub.HubAnalyticsService
[2025-11-12 오후 8:47:33] [Debug] [Application] Service Initialize: Tripolygon.UModeler.Hub.HubService
[2025-11-12 오후 8:47:32] [Debug] [Application] service: Tripolygon.UModeler.Hub.VSAttributionService = Tripolygon.UModeler.Hub.VSAttributionService
[2025-11-12 오후 8:47:33] [Debug] [Application] Service Initialize: Tripolygon.UModeler.Editor.UI.UnityEditorApplicationUtilityService
[2025-11-12 오후 8:47:32] [Debug] [Application] service: Tripolygon.UModeler.Hub.Notifications.UpdateHubNotifier = Tripolygon.UModeler.Hub.Notifications.UpdateHubNotifier
[2025-11-12 오후 8:47:33] [Debug] [Application] Service Initialize: Tripolygon.UModeler.Hub.HubFlashService
[2025-11-12 오후 8:47:32] [Debug] [Application] service: Tripolygon.UModeler.Hub.INoticeService = Tripolygon.UModeler.Hub.Noticies.NoticeService
[2025-11-12 오후 8:47:32] [Debug] [Application] service: Tripolygon.UModeler.Hub.Views.SceneViews.HubSceneViewService = Tripolygon.UModeler.Hub.Views.SceneViews.HubSceneViewService
[2025-11-12 오후 8:47:33] [Debug] [Application] Initialize: isReloading=False
[2025-11-12 오후 8:47:33] [Debug] [Application] Service Initialize: Tripolygon.UModeler.Hub.HubAuthentication
[2025-11-12 오후 8:47:33] [Debug] [Application] Service Initialize: Tripolygon.UModeler.Editor.UI.UnityEditorApplicationCache
[2025-11-12 오후 8:47:33] [Debug] [HubAnalytics] PosthogClient.SetAutoFlush: Value Changed: True
[2025-11-12 오후 8:47:33] [Debug] [Application] Service Initialize: Tripolygon.UModeler.Hub.HubService
[2025-11-12 오후 8:47:33] [Debug] [Application] Service Initialize: Tripolygon.UModeler.Editor.UI.UnityEditorApplicationUtilityService
[2025-11-12 오후 8:47:33] [Debug] [Application] Service Initialize: Tripolygon.UModeler.Hub.HubFlashService
[2025-11-12 오후 8:47:33] [Debug] [Application] Service Initialize: Tripolygon.UModeler.Hub.HubAnalyticsService
[2025-11-12 오후 8:47:33] [Debug] [Application] Service Initialize: Tripolygon.UModeler.Hub.VSAttributionService
[2025-11-12 오후 8:47:33] [Debug] [Application] Service Initialize: Tripolygon.UModeler.Hub.Notifications.UpdateHubNotifier
[2025-11-12 오후 8:47:33] [Debug] [HubAnalytics] PosthogClient.SetAutoFlush: Value Changed: True
[2025-11-12 오후 8:47:33] [Debug] [Application] Service Initialize: Tripolygon.UModeler.Hub.Notifications.UpdateProductNotifier
[2025-11-12 오후 8:47:33] [Debug] [Application] Service Initialize: Tripolygon.UModeler.Hub.Noticies.NoticeService
[2025-11-12 오후 8:47:33] [Debug] [Application] Service Initialize: Tripolygon.UModeler.Hub.Views.SceneViews.HubSceneViewService
[2025-11-12 오후 8:47:34] [Debug] [Application] Service Initialize: Tripolygon.UModeler.Hub.HubAnalyticsService
[2025-11-12 오후 8:47:34] [Debug] [Application] Service Initialize: Tripolygon.UModeler.Hub.VSAttributionService
[2025-11-12 오후 8:47:34] [Debug] [Application] Service Initialize: Tripolygon.UModeler.Hub.Notifications.UpdateHubNotifier
[2025-11-12 오후 8:47:34] [Debug] [Application] Service Initialize: Tripolygon.UModeler.Hub.Notifications.UpdateProductNotifier
[2025-11-12 오후 8:47:34] [Debug] [Application] Service Initialize: Tripolygon.UModeler.Hub.Noticies.NoticeService
[2025-11-12 오후 8:47:34] [Debug] [Application] Service Initialize: Tripolygon.UModeler.Hub.Views.SceneViews.HubSceneViewService
[2025-11-12 오후 9:58:41] [Debug] [Application] Release: isReloading=True
[2025-11-12 오후 9:58:41] [Debug] [Application] Service Release: Tripolygon.UModeler.Hub.Views.SceneViews.HubSceneViewService
[2025-11-12 오후 9:58:41] [Debug] [Application] Service Release: Tripolygon.UModeler.Hub.Noticies.NoticeService
[2025-11-12 오후 9:58:41] [Debug] [Application] Service Release: Tripolygon.UModeler.Hub.Notifications.UpdateProductNotifier
[2025-11-12 오후 9:58:41] [Debug] [Application] Service Release: Tripolygon.UModeler.Hub.Notifications.UpdateHubNotifier
[2025-11-12 오후 9:58:41] [Debug] [Application] Service Release: Tripolygon.UModeler.Hub.VSAttributionService
[2025-11-12 오후 9:58:41] [Debug] [HubAnalytics] PosthogClient.SetAutoFlush: Value Changed: False
[2025-11-12 오후 9:58:41] [Debug] [Application] Service Release: Tripolygon.UModeler.Hub.HubAnalyticsService
[2025-11-12 오후 9:58:41] [Debug] [Application] Service Release: Tripolygon.UModeler.Hub.HubFlashService
[2025-11-12 오후 9:58:41] [Debug] [Application] Service Release: Tripolygon.UModeler.Editor.UI.UnityEditorApplicationUtilityService
[2025-11-12 오후 9:58:41] [Debug] [Application] Service Release: Tripolygon.UModeler.Hub.HubService
[2025-11-12 오후 9:58:41] [Debug] [Application] Service Release: Tripolygon.UModeler.Editor.UI.UnityEditorApplicationCache
[2025-11-12 오후 9:58:41] [Debug] [Application] Service Release: Tripolygon.UModeler.Hub.HubAuthentication
[2025-11-12 오후 9:58:45] [Debug] [Application] service: Tripolygon.UModeler.Hub.HubAuthentication = Tripolygon.UModeler.Hub.HubAuthentication
[2025-11-12 오후 9:58:45] [Debug] [Application] service: Tripolygon.UModeler.UI.IApplicationCache = Tripolygon.UModeler.Editor.UI.UnityEditorApplicationCache
[2025-11-12 오후 9:58:45] [Debug] ActualHost
[2025-11-12 오후 9:58:45] [Debug] [Application] service: Tripolygon.UModeler.Hub.IHubService = Tripolygon.UModeler.Hub.HubService
[2025-11-12 오후 9:58:45] [Debug] [Application] service: Tripolygon.UModeler.Authentication.IAuthenticationApiProvider = Tripolygon.UModeler.Editor.AuthenticationApiProviderService
[2025-11-12 오후 9:58:45] [Debug] [Application] service: Tripolygon.UModeler.UI.IObjectHierarchyService = Tripolygon.UModeler.Editor.UI.UnityEditorObjectHierarchyService
[2025-11-12 오후 9:58:45] [Debug] [Application] service: Tripolygon.UModeler.UI.IApplicationUtilityService = Tripolygon.UModeler.Editor.UI.UnityEditorApplicationUtilityService
[2025-11-12 오후 9:58:45] [Debug] [Application] service: Tripolygon.UModeler.Editor.UI.ApplicationSettings = Tripolygon.UModeler.Editor.UI.ApplicationSettings
[2025-11-12 오후 9:58:45] [Debug] [Application] service: Tripolygon.UModeler.UI.ITextureProvider = Tripolygon.UModeler.Editor.UI.UnityEditorTextureProvider
[2025-11-12 오후 9:58:45] [Debug] [Application] service: Tripolygon.UModeler.Hub.Resources.IResourcesApiProvider = Tripolygon.UModeler.Hub.ResourcesApiProviderService
[2025-11-12 오후 9:58:45] [Debug] [Application] service: Tripolygon.UModeler.Hub.HubFlashService = Tripolygon.UModeler.Hub.HubFlashService
[2025-11-12 오후 9:58:45] [Debug] [Application] service: Tripolygon.UModeler.Hub.IHubAnalyticsService = Tripolygon.UModeler.Hub.HubAnalyticsService
[2025-11-12 오후 9:58:45] [Debug] [Application] service: Tripolygon.UModeler.Hub.VSAttributionService = Tripolygon.UModeler.Hub.VSAttributionService
[2025-11-12 오후 9:58:45] [Debug] [Application] service: Tripolygon.UModeler.Hub.Notifications.UpdateHubNotifier = Tripolygon.UModeler.Hub.Notifications.UpdateHubNotifier
[2025-11-12 오후 9:58:45] [Debug] [Application] service: Tripolygon.UModeler.Hub.Notifications.UpdateProductNotifier = Tripolygon.UModeler.Hub.Notifications.UpdateProductNotifier
[2025-11-12 오후 9:58:45] [Debug] [Application] service: Tripolygon.UModeler.Hub.INoticeService = Tripolygon.UModeler.Hub.Noticies.NoticeService
[2025-11-12 오후 9:58:45] [Debug] [Application] service: Tripolygon.UModeler.Hub.Views.SceneViews.HubSceneViewService = Tripolygon.UModeler.Hub.Views.SceneViews.HubSceneViewService
[2025-11-12 오후 9:58:47] [Debug] [Application] Initialize: isReloading=True
[2025-11-12 오후 9:58:47] [Debug] [Application] Service Initialize: Tripolygon.UModeler.Hub.HubAuthentication
[2025-11-12 오후 9:58:47] [Debug] [Application] Service Initialize: Tripolygon.UModeler.Editor.UI.UnityEditorApplicationCache
[2025-11-12 오후 9:58:47] [Debug] [Application] Service Initialize: Tripolygon.UModeler.Hub.HubService
[2025-11-12 오후 9:58:47] [Debug] [Application] Service Initialize: Tripolygon.UModeler.Editor.UI.UnityEditorApplicationUtilityService
[2025-11-12 오후 9:58:47] [Debug] [Application] Service Initialize: Tripolygon.UModeler.Hub.HubFlashService
[2025-11-12 오후 9:58:47] [Debug] [HubAnalytics] PosthogClient.SetAutoFlush: Value Changed: True
[2025-11-12 오후 9:58:47] [Debug] [Application] Service Initialize: Tripolygon.UModeler.Hub.HubAnalyticsService
[2025-11-12 오후 9:58:47] [Debug] [Application] Service Initialize: Tripolygon.UModeler.Hub.VSAttributionService
[2025-11-12 오후 9:58:47] [Debug] [Application] Service Initialize: Tripolygon.UModeler.Hub.Notifications.UpdateHubNotifier
[2025-11-12 오후 9:58:47] [Debug] [Application] Service Initialize: Tripolygon.UModeler.Hub.Notifications.UpdateProductNotifier
[2025-11-12 오후 9:58:47] [Debug] [Application] Service Initialize: Tripolygon.UModeler.Hub.Noticies.NoticeService
[2025-11-12 오후 9:58:47] [Debug] [Application] Service Initialize: Tripolygon.UModeler.Hub.Views.SceneViews.HubSceneViewService
[2025-11-12 오후 9:58:48] [Debug] [Application] Release: isReloading=True
[2025-11-12 오후 9:58:48] [Debug] [Application] Release: isReloading=True
[2025-11-12 오후 9:58:48] [Debug] [Application] Service Release: Tripolygon.UModeler.Hub.Views.SceneViews.HubSceneViewService
[2025-11-12 오후 9:58:48] [Debug] [Application] Service Release: Tripolygon.UModeler.Hub.Views.SceneViews.HubSceneViewService
[2025-11-12 오후 9:58:48] [Debug] [Application] Service Release: Tripolygon.UModeler.Hub.Noticies.NoticeService
[2025-11-12 오후 9:58:48] [Debug] [Application] Service Release: Tripolygon.UModeler.Hub.Noticies.NoticeService
[2025-11-12 오후 9:58:48] [Debug] [Application] Service Release: Tripolygon.UModeler.Hub.Notifications.UpdateProductNotifier
[2025-11-12 오후 9:58:48] [Debug] [Application] Service Release: Tripolygon.UModeler.Hub.Notifications.UpdateProductNotifier
[2025-11-12 오후 9:58:48] [Debug] [Application] Service Release: Tripolygon.UModeler.Hub.Notifications.UpdateHubNotifier
[2025-11-12 오후 9:58:48] [Debug] [Application] Service Release: Tripolygon.UModeler.Hub.Notifications.UpdateHubNotifier
[2025-11-12 오후 9:58:48] [Debug] [Application] Service Release: Tripolygon.UModeler.Hub.VSAttributionService
[2025-11-12 오후 9:58:48] [Debug] [Application] Service Release: Tripolygon.UModeler.Hub.VSAttributionService
[2025-11-12 오후 9:58:51] [Debug] [Application] service: Tripolygon.UModeler.Hub.HubAuthentication = Tripolygon.UModeler.Hub.HubAuthentication
[2025-11-12 오후 9:58:51] [Debug] [Application] service: Tripolygon.UModeler.UI.IApplicationCache = Tripolygon.UModeler.Editor.UI.UnityEditorApplicationCache
[2025-11-12 오후 9:58:51] [Debug] [Application] service: Tripolygon.UModeler.UI.IApplicationCache = Tripolygon.UModeler.Editor.UI.UnityEditorApplicationCache
[2025-11-12 오후 9:58:51] [Debug] [Application] service: Tripolygon.UModeler.Hub.HubFlashService = Tripolygon.UModeler.Hub.HubFlashService
[2025-11-12 오후 9:58:51] [Debug] ActualHost
[2025-11-12 오후 9:58:51] [Debug] [Application] service: Tripolygon.UModeler.Hub.IHubAnalyticsService = Tripolygon.UModeler.Hub.HubAnalyticsService
[2025-11-12 오후 9:58:51] [Debug] [Application] service: Tripolygon.UModeler.Authentication.IAuthenticationApiProvider = Tripolygon.UModeler.Editor.AuthenticationApiProviderService
[2025-11-12 오후 9:58:51] [Debug] [Application] service: Tripolygon.UModeler.Hub.Notifications.UpdateHubNotifier = Tripolygon.UModeler.Hub.Notifications.UpdateHubNotifier
[2025-11-12 오후 9:58:51] [Debug] [Application] service: Tripolygon.UModeler.UI.IApplicationUtilityService = Tripolygon.UModeler.Editor.UI.UnityEditorApplicationUtilityService
[2025-11-12 오후 9:58:51] [Debug] [Application] service: Tripolygon.UModeler.Hub.INoticeService = Tripolygon.UModeler.Hub.Noticies.NoticeService
[2025-11-12 오후 9:58:51] [Debug] [Application] service: Tripolygon.UModeler.UI.ITextureProvider = Tripolygon.UModeler.Editor.UI.UnityEditorTextureProvider
[2025-11-12 오후 9:58:52] [Debug] [Application] Initialize: isReloading=True
[2025-11-12 오후 9:58:51] [Debug] [Application] service: Tripolygon.UModeler.Hub.HubFlashService = Tripolygon.UModeler.Hub.HubFlashService
[2025-11-12 오후 9:58:53] [Debug] [Application] Service Initialize: Tripolygon.UModeler.Hub.HubAuthentication
[2025-11-12 오후 9:58:51] [Debug] [Application] service: Tripolygon.UModeler.Hub.IHubAnalyticsService = Tripolygon.UModeler.Hub.HubAnalyticsService
[2025-11-12 오후 9:58:53] [Debug] [Application] Service Initialize: Tripolygon.UModeler.Editor.UI.UnityEditorApplicationCache
[2025-11-12 오후 9:58:51] [Debug] [Application] service: Tripolygon.UModeler.Hub.Notifications.UpdateHubNotifier = Tripolygon.UModeler.Hub.Notifications.UpdateHubNotifier
[2025-11-12 오후 9:58:51] [Debug] [Application] service: Tripolygon.UModeler.Hub.Notifications.UpdateProductNotifier = Tripolygon.UModeler.Hub.Notifications.UpdateProductNotifier
[2025-11-12 오후 9:58:53] [Debug] [Application] Service Initialize: Tripolygon.UModeler.Hub.HubService
[2025-11-12 오후 9:58:51] [Debug] [Application] service: Tripolygon.UModeler.Hub.INoticeService = Tripolygon.UModeler.Hub.Noticies.NoticeService
[2025-11-12 오후 9:58:51] [Debug] [Application] service: Tripolygon.UModeler.Hub.Views.SceneViews.HubSceneViewService = Tripolygon.UModeler.Hub.Views.SceneViews.HubSceneViewService
[2025-11-12 오후 9:58:53] [Debug] [Application] Service Initialize: Tripolygon.UModeler.Hub.HubFlashService
[2025-11-12 오후 9:58:52] [Debug] [Application] Initialize: isReloading=False
[2025-11-12 오후 9:58:53] [Debug] [Application] Service Initialize: Tripolygon.UModeler.Hub.HubAuthentication
[2025-11-12 오후 9:58:53] [Debug] [HubAnalytics] PosthogClient.SetAutoFlush: Value Changed: True
[2025-11-12 오후 9:58:53] [Debug] [Application] Service Initialize: Tripolygon.UModeler.Editor.UI.UnityEditorApplicationCache
[2025-11-12 오후 9:58:53] [Debug] [Application] Service Initialize: Tripolygon.UModeler.Hub.HubService
[2025-11-12 오후 9:58:53] [Debug] [Application] Service Initialize: Tripolygon.UModeler.Editor.UI.UnityEditorApplicationUtilityService
[2025-11-12 오후 9:58:53] [Debug] [Application] Service Initialize: Tripolygon.UModeler.Hub.HubAnalyticsService
[2025-11-12 오후 9:58:53] [Debug] [Application] Service Initialize: Tripolygon.UModeler.Hub.HubFlashService
[2025-11-12 오후 9:58:53] [Debug] [Application] Service Initialize: Tripolygon.UModeler.Hub.VSAttributionService
[2025-11-12 오후 9:58:53] [Debug] [Application] Service Initialize: Tripolygon.UModeler.Hub.Notifications.UpdateHubNotifier
[2025-11-12 오후 9:58:53] [Debug] [HubAnalytics] PosthogClient.SetAutoFlush: Value Changed: True
[2025-11-12 오후 9:58:53] [Debug] [Application] Service Initialize: Tripolygon.UModeler.Hub.Notifications.UpdateProductNotifier
[2025-11-12 오후 9:58:53] [Debug] [Application] Service Initialize: Tripolygon.UModeler.Hub.Noticies.NoticeService
[2025-11-12 오후 9:58:53] [Debug] [Application] Service Initialize: Tripolygon.UModeler.Hub.Views.SceneViews.HubSceneViewService
[2025-11-12 오후 9:58:53] [Debug] [Application] Service Initialize: Tripolygon.UModeler.Hub.HubAnalyticsService
[2025-11-12 오후 9:58:53] [Debug] [Application] Service Initialize: Tripolygon.UModeler.Hub.VSAttributionService
[2025-11-12 오후 9:58:53] [Debug] [Application] Service Initialize: Tripolygon.UModeler.Hub.Notifications.UpdateHubNotifier
[2025-11-12 오후 9:58:53] [Debug] [Application] Service Initialize: Tripolygon.UModeler.Hub.Notifications.UpdateProductNotifier
[2025-11-12 오후 9:58:53] [Debug] [Application] Service Initialize: Tripolygon.UModeler.Hub.Noticies.NoticeService
[2025-11-12 오후 9:58:53] [Debug] [Application] Service Initialize: Tripolygon.UModeler.Hub.Views.SceneViews.HubSceneViewService
[2025-11-12 오후 9:59:17] [Debug] [Application] Release: isReloading=True
[2025-11-12 오후 9:59:17] [Debug] [Application] Service Release: Tripolygon.UModeler.Hub.Views.SceneViews.HubSceneViewService
[2025-11-12 오후 9:59:17] [Debug] [Application] Service Release: Tripolygon.UModeler.Hub.Noticies.NoticeService
[2025-11-12 오후 9:59:17] [Debug] [Application] Service Release: Tripolygon.UModeler.Hub.Notifications.UpdateProductNotifier
[2025-11-12 오후 9:59:17] [Debug] [Application] Service Release: Tripolygon.UModeler.Hub.Notifications.UpdateHubNotifier
[2025-11-12 오후 9:59:17] [Debug] [Application] Service Release: Tripolygon.UModeler.Hub.VSAttributionService
[2025-11-12 오후 9:59:17] [Debug] [HubAnalytics] PosthogClient.SetAutoFlush: Value Changed: False
[2025-11-12 오후 9:59:17] [Debug] [Application] Service Release: Tripolygon.UModeler.Hub.HubAnalyticsService
[2025-11-12 오후 9:59:17] [Debug] [Application] Service Release: Tripolygon.UModeler.Hub.HubFlashService
[2025-11-12 오후 9:59:17] [Debug] [Application] Service Release: Tripolygon.UModeler.Editor.UI.UnityEditorApplicationUtilityService
[2025-11-12 오후 9:59:17] [Debug] [Application] Service Release: Tripolygon.UModeler.Hub.HubService
[2025-11-12 오후 9:59:17] [Debug] [Application] Service Release: Tripolygon.UModeler.Editor.UI.UnityEditorApplicationCache
[2025-11-12 오후 9:59:17] [Debug] [Application] Service Release: Tripolygon.UModeler.Hub.HubAuthentication
[2025-11-12 오후 9:59:20] [Debug] [Application] service: Tripolygon.UModeler.Hub.HubAuthentication = Tripolygon.UModeler.Hub.HubAuthentication
[2025-11-12 오후 9:59:20] [Debug] [Application] service: Tripolygon.UModeler.UI.IApplicationCache = Tripolygon.UModeler.Editor.UI.UnityEditorApplicationCache
[2025-11-12 오후 9:59:20] [Debug] ActualHost
[2025-11-12 오후 9:59:20] [Debug] [Application] service: Tripolygon.UModeler.Hub.IHubService = Tripolygon.UModeler.Hub.HubService
[2025-11-12 오후 9:59:20] [Debug] [Application] service: Tripolygon.UModeler.Authentication.IAuthenticationApiProvider = Tripolygon.UModeler.Editor.AuthenticationApiProviderService
[2025-11-12 오후 9:59:20] [Debug] [Application] service: Tripolygon.UModeler.UI.IObjectHierarchyService = Tripolygon.UModeler.Editor.UI.UnityEditorObjectHierarchyService
[2025-11-12 오후 9:59:20] [Debug] [Application] service: Tripolygon.UModeler.UI.IApplicationUtilityService = Tripolygon.UModeler.Editor.UI.UnityEditorApplicationUtilityService
[2025-11-12 오후 9:59:20] [Debug] [Application] service: Tripolygon.UModeler.Editor.UI.ApplicationSettings = Tripolygon.UModeler.Editor.UI.ApplicationSettings
[2025-11-12 오후 9:59:20] [Debug] [Application] service: Tripolygon.UModeler.UI.ITextureProvider = Tripolygon.UModeler.Editor.UI.UnityEditorTextureProvider
[2025-11-12 오후 9:59:20] [Debug] [Application] service: Tripolygon.UModeler.Hub.Resources.IResourcesApiProvider = Tripolygon.UModeler.Hub.ResourcesApiProviderService
[2025-11-12 오후 9:59:20] [Debug] [Application] service: Tripolygon.UModeler.Hub.HubFlashService = Tripolygon.UModeler.Hub.HubFlashService
[2025-11-12 오후 9:59:20] [Debug] [Application] service: Tripolygon.UModeler.Hub.IHubAnalyticsService = Tripolygon.UModeler.Hub.HubAnalyticsService
[2025-11-12 오후 9:59:20] [Debug] [Application] service: Tripolygon.UModeler.Hub.VSAttributionService = Tripolygon.UModeler.Hub.VSAttributionService
[2025-11-12 오후 9:59:20] [Debug] [Application] service: Tripolygon.UModeler.Hub.Notifications.UpdateHubNotifier = Tripolygon.UModeler.Hub.Notifications.UpdateHubNotifier
[2025-11-12 오후 9:59:20] [Debug] [Application] service: Tripolygon.UModeler.Hub.Notifications.UpdateProductNotifier = Tripolygon.UModeler.Hub.Notifications.UpdateProductNotifier
[2025-11-12 오후 9:59:20] [Debug] [Application] service: Tripolygon.UModeler.Hub.INoticeService = Tripolygon.UModeler.Hub.Noticies.NoticeService
[2025-11-12 오후 9:59:20] [Debug] [Application] service: Tripolygon.UModeler.Hub.Views.SceneViews.HubSceneViewService = Tripolygon.UModeler.Hub.Views.SceneViews.HubSceneViewService
[2025-11-12 오후 9:59:22] [Debug] [Application] Initialize: isReloading=True
[2025-11-12 오후 9:59:22] [Debug] [Application] Service Initialize: Tripolygon.UModeler.Hub.HubAuthentication
[2025-11-12 오후 9:59:22] [Debug] [Application] Service Initialize: Tripolygon.UModeler.Editor.UI.UnityEditorApplicationCache
[2025-11-12 오후 9:59:22] [Debug] [Application] Service Initialize: Tripolygon.UModeler.Hub.HubService
[2025-11-12 오후 9:59:22] [Debug] [Application] Service Initialize: Tripolygon.UModeler.Editor.UI.UnityEditorApplicationUtilityService
[2025-11-12 오후 9:59:22] [Debug] [Application] Service Initialize: Tripolygon.UModeler.Hub.HubFlashService
[2025-11-12 오후 9:59:22] [Debug] [HubAnalytics] PosthogClient.SetAutoFlush: Value Changed: True
[2025-11-12 오후 9:59:22] [Debug] [Application] Service Initialize: Tripolygon.UModeler.Hub.HubAnalyticsService
[2025-11-12 오후 9:59:22] [Debug] [Application] Service Initialize: Tripolygon.UModeler.Hub.VSAttributionService
[2025-11-12 오후 9:59:22] [Debug] [Application] Service Initialize: Tripolygon.UModeler.Hub.Notifications.UpdateHubNotifier
[2025-11-12 오후 9:59:22] [Debug] [Application] Service Initialize: Tripolygon.UModeler.Hub.Notifications.UpdateProductNotifier
[2025-11-12 오후 9:59:22] [Debug] [Application] Service Initialize: Tripolygon.UModeler.Hub.Noticies.NoticeService
[2025-11-12 오후 9:59:22] [Debug] [Application] Service Initialize: Tripolygon.UModeler.Hub.Views.SceneViews.HubSceneViewService
[2025-11-12 오후 9:59:23] [Debug] [Application] Release: isReloading=True
[2025-11-12 오후 9:59:23] [Debug] [Application] Release: isReloading=True
[2025-11-12 오후 9:59:23] [Debug] [Application] Service Release: Tripolygon.UModeler.Hub.Views.SceneViews.HubSceneViewService
[2025-11-12 오후 9:59:23] [Debug] [Application] Service Release: Tripolygon.UModeler.Hub.Views.SceneViews.HubSceneViewService
[2025-11-12 오후 9:59:23] [Debug] [Application] Service Release: Tripolygon.UModeler.Hub.Noticies.NoticeService
[2025-11-12 오후 9:59:23] [Debug] [Application] Service Release: Tripolygon.UModeler.Hub.Noticies.NoticeService
[2025-11-12 오후 9:59:23] [Debug] [Application] Service Release: Tripolygon.UModeler.Hub.Notifications.UpdateProductNotifier
[2025-11-12 오후 9:59:23] [Debug] [Application] Service Release: Tripolygon.UModeler.Hub.Notifications.UpdateProductNotifier
[2025-11-12 오후 9:59:23] [Debug] [Application] Service Release: Tripolygon.UModeler.Hub.Notifications.UpdateHubNotifier
[2025-11-12 오후 9:59:23] [Debug] [Application] Service Release: Tripolygon.UModeler.Hub.Notifications.UpdateHubNotifier
[2025-11-12 오후 9:59:23] [Debug] [Application] Service Release: Tripolygon.UModeler.Hub.VSAttributionService
[2025-11-12 오후 9:59:23] [Debug] [Application] Service Release: Tripolygon.UModeler.Hub.VSAttributionService
[2025-11-12 오후 9:59:26] [Debug] [Application] service: Tripolygon.UModeler.Hub.HubAuthentication = Tripolygon.UModeler.Hub.HubAuthentication
[2025-11-12 오후 9:59:26] [Debug] [Application] service: Tripolygon.UModeler.Hub.HubAuthentication = Tripolygon.UModeler.Hub.HubAuthentication
[2025-11-12 오후 9:59:26] [Debug] [Application] service: Tripolygon.UModeler.Authentication.IAuthenticationApiProvider = Tripolygon.UModeler.Editor.AuthenticationApiProviderService
[2025-11-12 오후 9:59:26] [Debug] ActualHost
[2025-11-12 오후 9:59:26] [Debug] [Application] service: Tripolygon.UModeler.UI.IApplicationUtilityService = Tripolygon.UModeler.Editor.UI.UnityEditorApplicationUtilityService
[2025-11-12 오후 9:59:26] [Debug] [Application] service: Tripolygon.UModeler.Authentication.IAuthenticationApiProvider = Tripolygon.UModeler.Editor.AuthenticationApiProviderService
[2025-11-12 오후 9:59:26] [Debug] [Application] service: Tripolygon.UModeler.Editor.UI.ApplicationSettings = Tripolygon.UModeler.Editor.UI.ApplicationSettings
[2025-11-12 오후 9:59:26] [Debug] [Application] service: Tripolygon.UModeler.UI.IApplicationUtilityService = Tripolygon.UModeler.Editor.UI.UnityEditorApplicationUtilityService
[2025-11-12 오후 9:59:26] [Debug] [Application] service: Tripolygon.UModeler.Editor.UI.ApplicationSettings = Tripolygon.UModeler.Editor.UI.ApplicationSettings
[2025-11-12 오후 9:59:26] [Debug] [Application] service: Tripolygon.UModeler.UI.ITextureProvider = Tripolygon.UModeler.Editor.UI.UnityEditorTextureProvider
[2025-11-12 오후 9:59:26] [Debug] [Application] service: Tripolygon.UModeler.UI.ITextureProvider = Tripolygon.UModeler.Editor.UI.UnityEditorTextureProvider
[2025-11-12 오후 9:59:26] [Debug] [Application] service: Tripolygon.UModeler.Hub.Resources.IResourcesApiProvider = Tripolygon.UModeler.Hub.ResourcesApiProviderService
[2025-11-12 오후 9:59:26] [Debug] [Application] service: Tripolygon.UModeler.Hub.Resources.IResourcesApiProvider = Tripolygon.UModeler.Hub.ResourcesApiProviderService
[2025-11-12 오후 9:59:26] [Debug] [Application] service: Tripolygon.UModeler.Hub.HubFlashService = Tripolygon.UModeler.Hub.HubFlashService
[2025-11-12 오후 9:59:26] [Debug] [Application] service: Tripolygon.UModeler.Hub.HubFlashService = Tripolygon.UModeler.Hub.HubFlashService
[2025-11-12 오후 9:59:26] [Debug] [Application] service: Tripolygon.UModeler.Hub.IHubAnalyticsService = Tripolygon.UModeler.Hub.HubAnalyticsService
[2025-11-12 오후 9:59:26] [Debug] [Application] service: Tripolygon.UModeler.Hub.VSAttributionService = Tripolygon.UModeler.Hub.VSAttributionService
[2025-11-12 오후 9:59:26] [Debug] [Application] service: Tripolygon.UModeler.Hub.Notifications.UpdateHubNotifier = Tripolygon.UModeler.Hub.Notifications.UpdateHubNotifier
[2025-11-12 오후 9:59:26] [Debug] [Application] service: Tripolygon.UModeler.Hub.Notifications.UpdateHubNotifier = Tripolygon.UModeler.Hub.Notifications.UpdateHubNotifier
[2025-11-12 오후 9:59:26] [Debug] [Application] service: Tripolygon.UModeler.Hub.INoticeService = Tripolygon.UModeler.Hub.Noticies.NoticeService
[2025-11-12 오후 9:59:26] [Debug] [Application] service: Tripolygon.UModeler.Hub.Notifications.UpdateProductNotifier = Tripolygon.UModeler.Hub.Notifications.UpdateProductNotifier
[2025-11-12 오후 9:59:27] [Debug] [Application] Initialize: isReloading=False
[2025-11-12 오후 9:59:26] [Debug] [Application] service: Tripolygon.UModeler.Hub.INoticeService = Tripolygon.UModeler.Hub.Noticies.NoticeService
[2025-11-12 오후 9:59:27] [Debug] [Application] Service Initialize: Tripolygon.UModeler.Hub.HubAuthentication
[2025-11-12 오후 9:59:27] [Debug] [Application] Initialize: isReloading=True
[2025-11-12 오후 9:59:27] [Debug] [Application] Service Initialize: Tripolygon.UModeler.Editor.UI.UnityEditorApplicationCache
[2025-11-12 오후 9:59:27] [Debug] [Application] Service Initialize: Tripolygon.UModeler.Hub.HubAuthentication
[2025-11-12 오후 9:59:27] [Debug] [Application] Service Initialize: Tripolygon.UModeler.Editor.UI.UnityEditorApplicationCache
[2025-11-12 오후 9:59:27] [Debug] [Application] Service Initialize: Tripolygon.UModeler.Editor.UI.UnityEditorApplicationUtilityService
[2025-11-12 오후 9:59:27] [Debug] [Application] Service Initialize: Tripolygon.UModeler.Hub.HubFlashService
[2025-11-12 오후 9:59:27] [Debug] [Application] Service Initialize: Tripolygon.UModeler.Hub.HubService
[2025-11-12 오후 9:59:27] [Debug] [Application] Service Initialize: Tripolygon.UModeler.Editor.UI.UnityEditorApplicationUtilityService
[2025-11-12 오후 9:59:27] [Debug] [HubAnalytics] PosthogClient.SetAutoFlush: Value Changed: True
[2025-11-12 오후 9:59:27] [Debug] [Application] Service Initialize: Tripolygon.UModeler.Hub.HubFlashService
[2025-11-12 오후 9:59:28] [Debug] [HubAnalytics] PosthogClient.SetAutoFlush: Value Changed: True
[2025-11-12 오후 9:59:28] [Debug] [Application] Service Initialize: Tripolygon.UModeler.Hub.HubAnalyticsService
[2025-11-12 오후 9:59:28] [Debug] [Application] Service Initialize: Tripolygon.UModeler.Hub.VSAttributionService
[2025-11-12 오후 9:59:28] [Debug] [Application] Service Initialize: Tripolygon.UModeler.Hub.Notifications.UpdateHubNotifier
[2025-11-12 오후 9:59:28] [Debug] [Application] Service Initialize: Tripolygon.UModeler.Hub.HubAnalyticsService
[2025-11-12 오후 9:59:28] [Debug] [Application] Service Initialize: Tripolygon.UModeler.Hub.Notifications.UpdateProductNotifier
[2025-11-12 오후 9:59:28] [Debug] [Application] Service Initialize: Tripolygon.UModeler.Hub.VSAttributionService
[2025-11-12 오후 9:59:28] [Debug] [Application] Service Initialize: Tripolygon.UModeler.Hub.Noticies.NoticeService
[2025-11-12 오후 9:59:28] [Debug] [Application] Service Initialize: Tripolygon.UModeler.Hub.Notifications.UpdateHubNotifier
[2025-11-12 오후 9:59:28] [Debug] [Application] Service Initialize: Tripolygon.UModeler.Hub.Views.SceneViews.HubSceneViewService
[2025-11-12 오후 9:59:28] [Debug] [Application] Service Initialize: Tripolygon.UModeler.Hub.Notifications.UpdateProductNotifier
[2025-11-12 오후 9:59:28] [Debug] [Application] Service Initialize: Tripolygon.UModeler.Hub.Noticies.NoticeService
[2025-11-12 오후 9:59:28] [Debug] [Application] Service Initialize: Tripolygon.UModeler.Hub.Views.SceneViews.HubSceneViewService
[2025-11-12 오후 10:03:00] [Debug] [Application] Release: isReloading=True
[2025-11-12 오후 10:03:00] [Debug] [Application] Service Release: Tripolygon.UModeler.Hub.Views.SceneViews.HubSceneViewService
[2025-11-12 오후 10:03:00] [Debug] [Application] Service Release: Tripolygon.UModeler.Hub.Noticies.NoticeService
[2025-11-12 오후 10:03:00] [Debug] [Application] Service Release: Tripolygon.UModeler.Hub.Notifications.UpdateProductNotifier
[2025-11-12 오후 10:03:00] [Debug] [Application] Service Release: Tripolygon.UModeler.Hub.Notifications.UpdateHubNotifier
[2025-11-12 오후 10:03:00] [Debug] [Application] Service Release: Tripolygon.UModeler.Hub.VSAttributionService
[2025-11-12 오후 10:03:00] [Debug] [HubAnalytics] PosthogClient.SetAutoFlush: Value Changed: False
[2025-11-12 오후 10:03:00] [Debug] [Application] Service Release: Tripolygon.UModeler.Hub.HubAnalyticsService
[2025-11-12 오후 10:03:00] [Debug] [Application] Service Release: Tripolygon.UModeler.Hub.HubFlashService
[2025-11-12 오후 10:03:00] [Debug] [Application] Service Release: Tripolygon.UModeler.Editor.UI.UnityEditorApplicationUtilityService
[2025-11-12 오후 10:03:00] [Debug] [Application] Service Release: Tripolygon.UModeler.Hub.HubService
[2025-11-12 오후 10:03:00] [Debug] [Application] Service Release: Tripolygon.UModeler.Editor.UI.UnityEditorApplicationCache
[2025-11-12 오후 10:03:00] [Debug] [Application] Service Release: Tripolygon.UModeler.Hub.HubAuthentication
[2025-11-12 오후 10:03:04] [Debug] [Application] service: Tripolygon.UModeler.Hub.HubAuthentication = Tripolygon.UModeler.Hub.HubAuthentication
[2025-11-12 오후 10:03:04] [Debug] [Application] service: Tripolygon.UModeler.UI.IApplicationCache = Tripolygon.UModeler.Editor.UI.UnityEditorApplicationCache
[2025-11-12 오후 10:03:04] [Debug] ActualHost
[2025-11-12 오후 10:03:04] [Debug] [Application] service: Tripolygon.UModeler.Hub.IHubService = Tripolygon.UModeler.Hub.HubService
[2025-11-12 오후 10:03:04] [Debug] [Application] service: Tripolygon.UModeler.Authentication.IAuthenticationApiProvider = Tripolygon.UModeler.Editor.AuthenticationApiProviderService
[2025-11-12 오후 10:03:04] [Debug] [Application] service: Tripolygon.UModeler.UI.IObjectHierarchyService = Tripolygon.UModeler.Editor.UI.UnityEditorObjectHierarchyService
[2025-11-12 오후 10:03:04] [Debug] [Application] service: Tripolygon.UModeler.UI.IApplicationUtilityService = Tripolygon.UModeler.Editor.UI.UnityEditorApplicationUtilityService
[2025-11-12 오후 10:03:04] [Debug] [Application] service: Tripolygon.UModeler.Editor.UI.ApplicationSettings = Tripolygon.UModeler.Editor.UI.ApplicationSettings
[2025-11-12 오후 10:03:04] [Debug] [Application] service: Tripolygon.UModeler.UI.ITextureProvider = Tripolygon.UModeler.Editor.UI.UnityEditorTextureProvider
[2025-11-12 오후 10:03:04] [Debug] [Application] service: Tripolygon.UModeler.Hub.Resources.IResourcesApiProvider = Tripolygon.UModeler.Hub.ResourcesApiProviderService
[2025-11-12 오후 10:03:04] [Debug] [Application] service: Tripolygon.UModeler.Hub.HubFlashService = Tripolygon.UModeler.Hub.HubFlashService
[2025-11-12 오후 10:03:04] [Debug] [Application] service: Tripolygon.UModeler.Hub.IHubAnalyticsService = Tripolygon.UModeler.Hub.HubAnalyticsService
[2025-11-12 오후 10:03:04] [Debug] [Application] service: Tripolygon.UModeler.Hub.VSAttributionService = Tripolygon.UModeler.Hub.VSAttributionService
[2025-11-12 오후 10:03:04] [Debug] [Application] service: Tripolygon.UModeler.Hub.Notifications.UpdateHubNotifier = Tripolygon.UModeler.Hub.Notifications.UpdateHubNotifier
[2025-11-12 오후 10:03:04] [Debug] [Application] service: Tripolygon.UModeler.Hub.Notifications.UpdateProductNotifier = Tripolygon.UModeler.Hub.Notifications.UpdateProductNotifier
[2025-11-12 오후 10:03:04] [Debug] [Application] service: Tripolygon.UModeler.Hub.INoticeService = Tripolygon.UModeler.Hub.Noticies.NoticeService
[2025-11-12 오후 10:03:04] [Debug] [Application] service: Tripolygon.UModeler.Hub.Views.SceneViews.HubSceneViewService = Tripolygon.UModeler.Hub.Views.SceneViews.HubSceneViewService
[2025-11-12 오후 10:03:06] [Debug] [Application] Initialize: isReloading=True
[2025-11-12 오후 10:03:06] [Debug] [Application] Service Initialize: Tripolygon.UModeler.Hub.HubAuthentication
[2025-11-12 오후 10:03:06] [Debug] [Application] Service Initialize: Tripolygon.UModeler.Editor.UI.UnityEditorApplicationCache
[2025-11-12 오후 10:03:06] [Debug] [Application] Service Initialize: Tripolygon.UModeler.Hub.HubService
[2025-11-12 오후 10:03:06] [Debug] [Application] Service Initialize: Tripolygon.UModeler.Editor.UI.UnityEditorApplicationUtilityService
[2025-11-12 오후 10:03:06] [Debug] [Application] Service Initialize: Tripolygon.UModeler.Hub.HubFlashService
[2025-11-12 오후 10:03:06] [Debug] [HubAnalytics] PosthogClient.SetAutoFlush: Value Changed: True
[2025-11-12 오후 10:03:06] [Debug] [Application] Service Initialize: Tripolygon.UModeler.Hub.HubAnalyticsService
[2025-11-12 오후 10:03:06] [Debug] [Application] Service Initialize: Tripolygon.UModeler.Hub.VSAttributionService
[2025-11-12 오후 10:03:06] [Debug] [Application] Service Initialize: Tripolygon.UModeler.Hub.Notifications.UpdateHubNotifier
[2025-11-12 오후 10:03:06] [Debug] [Application] Service Initialize: Tripolygon.UModeler.Hub.Notifications.UpdateProductNotifier
[2025-11-12 오후 10:03:06] [Debug] [Application] Service Initialize: Tripolygon.UModeler.Hub.Noticies.NoticeService
[2025-11-12 오후 10:03:06] [Debug] [Application] Service Initialize: Tripolygon.UModeler.Hub.Views.SceneViews.HubSceneViewService
[2025-11-12 오후 10:03:07] [Debug] [Application] Release: isReloading=True
[2025-11-12 오후 10:03:07] [Debug] [Application] Release: isReloading=True
[2025-11-12 오후 10:03:07] [Debug] [Application] Service Release: Tripolygon.UModeler.Hub.Views.SceneViews.HubSceneViewService
[2025-11-12 오후 10:03:07] [Debug] [Application] Service Release: Tripolygon.UModeler.Hub.Views.SceneViews.HubSceneViewService
[2025-11-12 오후 10:03:07] [Debug] [Application] Service Release: Tripolygon.UModeler.Hub.Noticies.NoticeService
[2025-11-12 오후 10:03:07] [Debug] [Application] Service Release: Tripolygon.UModeler.Hub.Noticies.NoticeService
[2025-11-12 오후 10:03:07] [Debug] [Application] Service Release: Tripolygon.UModeler.Hub.Notifications.UpdateProductNotifier
[2025-11-12 오후 10:03:07] [Debug] [Application] Service Release: Tripolygon.UModeler.Hub.Notifications.UpdateProductNotifier
[2025-11-12 오후 10:03:07] [Debug] [Application] Service Release: Tripolygon.UModeler.Hub.Notifications.UpdateHubNotifier
[2025-11-12 오후 10:03:07] [Debug] [Application] Service Release: Tripolygon.UModeler.Hub.Notifications.UpdateHubNotifier
[2025-11-12 오후 10:03:07] [Debug] [Application] Service Release: Tripolygon.UModeler.Hub.VSAttributionService
[2025-11-12 오후 10:03:07] [Debug] [Application] Service Release: Tripolygon.UModeler.Hub.VSAttributionService
[2025-11-12 오후 10:03:10] [Debug] [Application] service: Tripolygon.UModeler.Hub.HubAuthentication = Tripolygon.UModeler.Hub.HubAuthentication
[2025-11-12 오후 10:03:10] [Debug] [Application] service: Tripolygon.UModeler.UI.IApplicationCache = Tripolygon.UModeler.Editor.UI.UnityEditorApplicationCache
[2025-11-12 오후 10:03:10] [Debug] ActualHost
[2025-11-12 오후 10:03:10] [Debug] [Application] service: Tripolygon.UModeler.Hub.HubAuthentication = Tripolygon.UModeler.Hub.HubAuthentication
[2025-11-12 오후 10:03:10] [Debug] [Application] service: Tripolygon.UModeler.Hub.VSAttributionService = Tripolygon.UModeler.Hub.VSAttributionService
[2025-11-12 오후 10:03:10] [Debug] ActualHost
[2025-11-12 오후 10:03:10] [Debug] [Application] service: Tripolygon.UModeler.Hub.Notifications.UpdateProductNotifier = Tripolygon.UModeler.Hub.Notifications.UpdateProductNotifier
[2025-11-12 오후 10:03:10] [Debug] [Application] service: Tripolygon.UModeler.Authentication.IAuthenticationApiProvider = Tripolygon.UModeler.Editor.AuthenticationApiProviderService
[2025-11-12 오후 10:03:10] [Debug] [Application] service: Tripolygon.UModeler.Hub.Views.SceneViews.HubSceneViewService = Tripolygon.UModeler.Hub.Views.SceneViews.HubSceneViewService
[2025-11-12 오후 10:03:10] [Debug] [Application] service: Tripolygon.UModeler.UI.IApplicationUtilityService = Tripolygon.UModeler.Editor.UI.UnityEditorApplicationUtilityService
[2025-11-12 오후 10:03:11] [Debug] [Application] Service Initialize: Tripolygon.UModeler.Hub.HubAuthentication
[2025-11-12 오후 10:03:10] [Debug] [Application] service: Tripolygon.UModeler.UI.ITextureProvider = Tripolygon.UModeler.Editor.UI.UnityEditorTextureProvider
[2025-11-12 오후 10:03:10] [Debug] [Application] service: Tripolygon.UModeler.Hub.Resources.IResourcesApiProvider = Tripolygon.UModeler.Hub.ResourcesApiProviderService
[2025-11-12 오후 10:03:10] [Debug] [Application] service: Tripolygon.UModeler.Hub.HubFlashService = Tripolygon.UModeler.Hub.HubFlashService
[2025-11-12 오후 10:03:10] [Debug] [Application] service: Tripolygon.UModeler.Hub.IHubAnalyticsService = Tripolygon.UModeler.Hub.HubAnalyticsService
[2025-11-12 오후 10:03:11] [Debug] [Application] Service Initialize: Tripolygon.UModeler.Hub.HubService
[2025-11-12 오후 10:03:10] [Debug] [Application] service: Tripolygon.UModeler.Hub.Notifications.UpdateHubNotifier = Tripolygon.UModeler.Hub.Notifications.UpdateHubNotifier
[2025-11-12 오후 10:03:11] [Debug] [Application] Service Initialize: Tripolygon.UModeler.Editor.UI.UnityEditorApplicationUtilityService
[2025-11-12 오후 10:03:10] [Debug] [Application] service: Tripolygon.UModeler.Hub.Notifications.UpdateProductNotifier = Tripolygon.UModeler.Hub.Notifications.UpdateProductNotifier
[2025-11-12 오후 10:03:11] [Debug] [Application] Service Initialize: Tripolygon.UModeler.Hub.HubFlashService
[2025-11-12 오후 10:03:10] [Debug] [Application] service: Tripolygon.UModeler.Hub.INoticeService = Tripolygon.UModeler.Hub.Noticies.NoticeService
[2025-11-12 오후 10:03:10] [Debug] [Application] service: Tripolygon.UModeler.Hub.Views.SceneViews.HubSceneViewService = Tripolygon.UModeler.Hub.Views.SceneViews.HubSceneViewService
[2025-11-12 오후 10:03:11] [Debug] [HubAnalytics] PosthogClient.SetAutoFlush: Value Changed: True
[2025-11-12 오후 10:03:11] [Debug] [Application] Initialize: isReloading=False
[2025-11-12 오후 10:03:11] [Debug] [Application] Service Initialize: Tripolygon.UModeler.Hub.HubAuthentication
[2025-11-12 오후 10:03:11] [Debug] [Application] Service Initialize: Tripolygon.UModeler.Editor.UI.UnityEditorApplicationCache
[2025-11-12 오후 10:03:11] [Debug] [Application] Service Initialize: Tripolygon.UModeler.Hub.HubAnalyticsService
[2025-11-12 오후 10:03:11] [Debug] [Application] Service Initialize: Tripolygon.UModeler.Hub.HubService
[2025-11-12 오후 10:03:11] [Debug] [Application] Service Initialize: Tripolygon.UModeler.Hub.VSAttributionService
[2025-11-12 오후 10:03:11] [Debug] [Application] Service Initialize: Tripolygon.UModeler.Editor.UI.UnityEditorApplicationUtilityService
[2025-11-12 오후 10:03:11] [Debug] [Application] Service Initialize: Tripolygon.UModeler.Hub.Notifications.UpdateHubNotifier
[2025-11-12 오후 10:03:11] [Debug] [Application] Service Initialize: Tripolygon.UModeler.Hub.HubFlashService
[2025-11-12 오후 10:03:11] [Debug] [Application] Service Initialize: Tripolygon.UModeler.Hub.Notifications.UpdateProductNotifier
[2025-11-12 오후 10:03:11] [Debug] [HubAnalytics] PosthogClient.SetAutoFlush: Value Changed: True
[2025-11-12 오후 10:03:11] [Debug] [Application] Service Initialize: Tripolygon.UModeler.Hub.Noticies.NoticeService
[2025-11-12 오후 10:03:11] [Debug] [Application] Service Initialize: Tripolygon.UModeler.Hub.Views.SceneViews.HubSceneViewService
[2025-11-12 오후 10:03:11] [Debug] [Application] Service Initialize: Tripolygon.UModeler.Hub.HubAnalyticsService
[2025-11-12 오후 10:03:11] [Debug] [Application] Service Initialize: Tripolygon.UModeler.Hub.VSAttributionService
[2025-11-12 오후 10:03:11] [Debug] [Application] Service Initialize: Tripolygon.UModeler.Hub.Notifications.UpdateHubNotifier
[2025-11-12 오후 10:03:11] [Debug] [Application] Service Initialize: Tripolygon.UModeler.Hub.Notifications.UpdateProductNotifier
[2025-11-12 오후 10:03:11] [Debug] [Application] Service Initialize: Tripolygon.UModeler.Hub.Noticies.NoticeService
[2025-11-12 오후 10:03:11] [Debug] [Application] Service Initialize: Tripolygon.UModeler.Hub.Views.SceneViews.HubSceneViewService
[2025-11-12 오후 10:03:51] [Debug] [Application] Release: isReloading=True
[2025-11-12 오후 10:03:51] [Debug] [Application] Service Release: Tripolygon.UModeler.Hub.Views.SceneViews.HubSceneViewService
[2025-11-12 오후 10:03:51] [Debug] [Application] Service Release: Tripolygon.UModeler.Hub.Noticies.NoticeService
[2025-11-12 오후 10:03:51] [Debug] [Application] Service Release: Tripolygon.UModeler.Hub.Notifications.UpdateProductNotifier
[2025-11-12 오후 10:03:51] [Debug] [Application] Service Release: Tripolygon.UModeler.Hub.Notifications.UpdateHubNotifier
[2025-11-12 오후 10:03:51] [Debug] [Application] Service Release: Tripolygon.UModeler.Hub.VSAttributionService
[2025-11-12 오후 10:03:51] [Debug] [HubAnalytics] PosthogClient.SetAutoFlush: Value Changed: False
[2025-11-12 오후 10:03:51] [Debug] [Application] Service Release: Tripolygon.UModeler.Hub.HubAnalyticsService
[2025-11-12 오후 10:03:51] [Debug] [Application] Service Release: Tripolygon.UModeler.Hub.HubFlashService
[2025-11-12 오후 10:03:51] [Debug] [Application] Service Release: Tripolygon.UModeler.Editor.UI.UnityEditorApplicationUtilityService
[2025-11-12 오후 10:03:51] [Debug] [Application] Service Release: Tripolygon.UModeler.Hub.HubService
[2025-11-12 오후 10:03:51] [Debug] [Application] Service Release: Tripolygon.UModeler.Editor.UI.UnityEditorApplicationCache
[2025-11-12 오후 10:03:51] [Debug] [Application] Service Release: Tripolygon.UModeler.Hub.HubAuthentication
[2025-11-12 오후 10:03:54] [Debug] [Application] service: Tripolygon.UModeler.Hub.HubAuthentication = Tripolygon.UModeler.Hub.HubAuthentication
[2025-11-12 오후 10:03:54] [Debug] [Application] service: Tripolygon.UModeler.UI.IApplicationCache = Tripolygon.UModeler.Editor.UI.UnityEditorApplicationCache
[2025-11-12 오후 10:03:54] [Debug] ActualHost
[2025-11-12 오후 10:03:54] [Debug] [Application] service: Tripolygon.UModeler.Hub.IHubService = Tripolygon.UModeler.Hub.HubService
[2025-11-12 오후 10:03:54] [Debug] [Application] service: Tripolygon.UModeler.Authentication.IAuthenticationApiProvider = Tripolygon.UModeler.Editor.AuthenticationApiProviderService
[2025-11-12 오후 10:03:54] [Debug] [Application] service: Tripolygon.UModeler.UI.IObjectHierarchyService = Tripolygon.UModeler.Editor.UI.UnityEditorObjectHierarchyService
[2025-11-12 오후 10:03:54] [Debug] [Application] service: Tripolygon.UModeler.UI.IApplicationUtilityService = Tripolygon.UModeler.Editor.UI.UnityEditorApplicationUtilityService
[2025-11-12 오후 10:03:54] [Debug] [Application] service: Tripolygon.UModeler.Editor.UI.ApplicationSettings = Tripolygon.UModeler.Editor.UI.ApplicationSettings
[2025-11-12 오후 10:03:54] [Debug] [Application] service: Tripolygon.UModeler.UI.ITextureProvider = Tripolygon.UModeler.Editor.UI.UnityEditorTextureProvider
[2025-11-12 오후 10:03:54] [Debug] [Application] service: Tripolygon.UModeler.Hub.Resources.IResourcesApiProvider = Tripolygon.UModeler.Hub.ResourcesApiProviderService
[2025-11-12 오후 10:03:54] [Debug] [Application] service: Tripolygon.UModeler.Hub.HubFlashService = Tripolygon.UModeler.Hub.HubFlashService
[2025-11-12 오후 10:03:54] [Debug] [Application] service: Tripolygon.UModeler.Hub.IHubAnalyticsService = Tripolygon.UModeler.Hub.HubAnalyticsService
[2025-11-12 오후 10:03:54] [Debug] [Application] service: Tripolygon.UModeler.Hub.VSAttributionService = Tripolygon.UModeler.Hub.VSAttributionService
[2025-11-12 오후 10:03:54] [Debug] [Application] service: Tripolygon.UModeler.Hub.Notifications.UpdateHubNotifier = Tripolygon.UModeler.Hub.Notifications.UpdateHubNotifier
[2025-11-12 오후 10:03:54] [Debug] [Application] service: Tripolygon.UModeler.Hub.Notifications.UpdateProductNotifier = Tripolygon.UModeler.Hub.Notifications.UpdateProductNotifier
[2025-11-12 오후 10:03:54] [Debug] [Application] service: Tripolygon.UModeler.Hub.INoticeService = Tripolygon.UModeler.Hub.Noticies.NoticeService
[2025-11-12 오후 10:03:54] [Debug] [Application] service: Tripolygon.UModeler.Hub.Views.SceneViews.HubSceneViewService = Tripolygon.UModeler.Hub.Views.SceneViews.HubSceneViewService
[2025-11-12 오후 10:03:56] [Debug] [Application] Initialize: isReloading=True
[2025-11-12 오후 10:03:56] [Debug] [Application] Service Initialize: Tripolygon.UModeler.Hub.HubAuthentication
[2025-11-12 오후 10:03:56] [Debug] [Application] Service Initialize: Tripolygon.UModeler.Editor.UI.UnityEditorApplicationCache
[2025-11-12 오후 10:03:56] [Debug] [Application] Service Initialize: Tripolygon.UModeler.Hub.HubService
[2025-11-12 오후 10:03:56] [Debug] [Application] Service Initialize: Tripolygon.UModeler.Editor.UI.UnityEditorApplicationUtilityService
[2025-11-12 오후 10:03:56] [Debug] [Application] Service Initialize: Tripolygon.UModeler.Hub.HubFlashService
[2025-11-12 오후 10:03:56] [Debug] [HubAnalytics] PosthogClient.SetAutoFlush: Value Changed: True
[2025-11-12 오후 10:03:56] [Debug] [Application] Service Initialize: Tripolygon.UModeler.Hub.HubAnalyticsService
[2025-11-12 오후 10:03:56] [Debug] [Application] Service Initialize: Tripolygon.UModeler.Hub.VSAttributionService
[2025-11-12 오후 10:03:56] [Debug] [Application] Service Initialize: Tripolygon.UModeler.Hub.Notifications.UpdateHubNotifier
[2025-11-12 오후 10:03:56] [Debug] [Application] Service Initialize: Tripolygon.UModeler.Hub.Notifications.UpdateProductNotifier
[2025-11-12 오후 10:03:56] [Debug] [Application] Service Initialize: Tripolygon.UModeler.Hub.Noticies.NoticeService
[2025-11-12 오후 10:03:56] [Debug] [Application] Service Initialize: Tripolygon.UModeler.Hub.Views.SceneViews.HubSceneViewService
[2025-11-12 오후 10:03:57] [Debug] [Application] Release: isReloading=True
[2025-11-12 오후 10:03:57] [Debug] [Application] Release: isReloading=True
[2025-11-12 오후 10:03:57] [Debug] [Application] Service Release: Tripolygon.UModeler.Hub.Views.SceneViews.HubSceneViewService
[2025-11-12 오후 10:03:57] [Debug] [Application] Service Release: Tripolygon.UModeler.Hub.Views.SceneViews.HubSceneViewService
[2025-11-12 오후 10:03:57] [Debug] [Application] Service Release: Tripolygon.UModeler.Hub.Noticies.NoticeService
[2025-11-12 오후 10:03:57] [Debug] [Application] Service Release: Tripolygon.UModeler.Hub.Noticies.NoticeService
[2025-11-12 오후 10:03:57] [Debug] [Application] Service Release: Tripolygon.UModeler.Hub.Notifications.UpdateProductNotifier
[2025-11-12 오후 10:03:57] [Debug] [Application] Service Release: Tripolygon.UModeler.Hub.Notifications.UpdateProductNotifier
[2025-11-12 오후 10:03:57] [Debug] [Application] Service Release: Tripolygon.UModeler.Hub.Notifications.UpdateHubNotifier
[2025-11-12 오후 10:03:57] [Debug] [Application] Service Release: Tripolygon.UModeler.Hub.Notifications.UpdateHubNotifier
[2025-11-12 오후 10:03:57] [Debug] [Application] Service Release: Tripolygon.UModeler.Hub.VSAttributionService
[2025-11-12 오후 10:03:57] [Debug] [Application] Service Release: Tripolygon.UModeler.Hub.VSAttributionService
[2025-11-12 오후 10:04:00] [Debug] [Application] service: Tripolygon.UModeler.Hub.HubAuthentication = Tripolygon.UModeler.Hub.HubAuthentication
[2025-11-12 오후 10:04:00] [Debug] [Application] service: Tripolygon.UModeler.Hub.HubAuthentication = Tripolygon.UModeler.Hub.HubAuthentication
[2025-11-12 오후 10:04:00] [Debug] [Application] service: Tripolygon.UModeler.Authentication.IAuthenticationApiProvider = Tripolygon.UModeler.Editor.AuthenticationApiProviderService
[2025-11-12 오후 10:04:00] [Debug] ActualHost
[2025-11-12 오후 10:04:00] [Debug] [Application] service: Tripolygon.UModeler.UI.IApplicationUtilityService = Tripolygon.UModeler.Editor.UI.UnityEditorApplicationUtilityService
[2025-11-12 오후 10:04:00] [Debug] [Application] service: Tripolygon.UModeler.Authentication.IAuthenticationApiProvider = Tripolygon.UModeler.Editor.AuthenticationApiProviderService
[2025-11-12 오후 10:04:00] [Debug] [Application] service: Tripolygon.UModeler.Editor.UI.ApplicationSettings = Tripolygon.UModeler.Editor.UI.ApplicationSettings
[2025-11-12 오후 10:04:00] [Debug] [Application] service: Tripolygon.UModeler.UI.IObjectHierarchyService = Tripolygon.UModeler.Editor.UI.UnityEditorObjectHierarchyService
[2025-11-12 오후 10:04:00] [Debug] [Application] service: Tripolygon.UModeler.UI.ITextureProvider = Tripolygon.UModeler.Editor.UI.UnityEditorTextureProvider
[2025-11-12 오후 10:04:00] [Debug] [Application] service: Tripolygon.UModeler.UI.IApplicationUtilityService = Tripolygon.UModeler.Editor.UI.UnityEditorApplicationUtilityService
[2025-11-12 오후 10:04:00] [Debug] [Application] service: Tripolygon.UModeler.Hub.Resources.IResourcesApiProvider = Tripolygon.UModeler.Hub.ResourcesApiProviderService
[2025-11-12 오후 10:04:00] [Debug] [Application] service: Tripolygon.UModeler.Editor.UI.ApplicationSettings = Tripolygon.UModeler.Editor.UI.ApplicationSettings
[2025-11-12 오후 10:04:00] [Debug] [Application] service: Tripolygon.UModeler.Hub.IHubAnalyticsService = Tripolygon.UModeler.Hub.HubAnalyticsService
[2025-11-12 오후 10:04:00] [Debug] [Application] service: Tripolygon.UModeler.UI.ITextureProvider = Tripolygon.UModeler.Editor.UI.UnityEditorTextureProvider
[2025-11-12 오후 10:04:00] [Debug] [Application] service: Tripolygon.UModeler.Hub.VSAttributionService = Tripolygon.UModeler.Hub.VSAttributionService
[2025-11-12 오후 10:04:00] [Debug] [Application] service: Tripolygon.UModeler.Hub.Resources.IResourcesApiProvider = Tripolygon.UModeler.Hub.ResourcesApiProviderService
[2025-11-12 오후 10:04:00] [Debug] [Application] service: Tripolygon.UModeler.Hub.Notifications.UpdateHubNotifier = Tripolygon.UModeler.Hub.Notifications.UpdateHubNotifier
[2025-11-12 오후 10:04:00] [Debug] [Application] service: Tripolygon.UModeler.Hub.HubFlashService = Tripolygon.UModeler.Hub.HubFlashService
[2025-11-12 오후 10:04:00] [Debug] [Application] service: Tripolygon.UModeler.Hub.Notifications.UpdateProductNotifier = Tripolygon.UModeler.Hub.Notifications.UpdateProductNotifier
[2025-11-12 오후 10:04:00] [Debug] [Application] service: Tripolygon.UModeler.Hub.IHubAnalyticsService = Tripolygon.UModeler.Hub.HubAnalyticsService
[2025-11-12 오후 10:04:00] [Debug] [Application] service: Tripolygon.UModeler.Hub.Views.SceneViews.HubSceneViewService = Tripolygon.UModeler.Hub.Views.SceneViews.HubSceneViewService
[2025-11-12 오후 10:04:00] [Debug] [Application] service: Tripolygon.UModeler.Hub.Notifications.UpdateHubNotifier = Tripolygon.UModeler.Hub.Notifications.UpdateHubNotifier
[2025-11-12 오후 10:04:01] [Debug] [Application] Initialize: isReloading=True
[2025-11-12 오후 10:04:00] [Debug] [Application] service: Tripolygon.UModeler.Hub.Notifications.UpdateProductNotifier = Tripolygon.UModeler.Hub.Notifications.UpdateProductNotifier
[2025-11-12 오후 10:04:01] [Debug] [Application] Service Initialize: Tripolygon.UModeler.Hub.HubAuthentication
[2025-11-12 오후 10:04:00] [Debug] [Application] service: Tripolygon.UModeler.Hub.Views.SceneViews.HubSceneViewService = Tripolygon.UModeler.Hub.Views.SceneViews.HubSceneViewService
[2025-11-12 오후 10:04:01] [Debug] [Application] Service Initialize: Tripolygon.UModeler.Editor.UI.UnityEditorApplicationCache
[2025-11-12 오후 10:04:01] [Debug] [Application] Initialize: isReloading=False
[2025-11-12 오후 10:04:01] [Debug] [Application] Service Initialize: Tripolygon.UModeler.Hub.HubAuthentication
[2025-11-12 오후 10:04:01] [Debug] [Application] Service Initialize: Tripolygon.UModeler.Hub.HubService
[2025-11-12 오후 10:04:01] [Debug] [Application] Service Initialize: Tripolygon.UModeler.Editor.UI.UnityEditorApplicationCache
[2025-11-12 오후 10:04:01] [Debug] [Application] Service Initialize: Tripolygon.UModeler.Hub.HubFlashService
[2025-11-12 오후 10:04:01] [Debug] [Application] Service Initialize: Tripolygon.UModeler.Hub.HubService
[2025-11-12 오후 10:04:01] [Debug] [HubAnalytics] PosthogClient.SetAutoFlush: Value Changed: True
[2025-11-12 오후 10:04:01] [Debug] [Application] Service Initialize: Tripolygon.UModeler.Editor.UI.UnityEditorApplicationUtilityService
[2025-11-12 오후 10:04:01] [Debug] [Application] Service Initialize: Tripolygon.UModeler.Hub.HubFlashService
[2025-11-12 오후 10:04:01] [Debug] [HubAnalytics] PosthogClient.SetAutoFlush: Value Changed: True
[2025-11-12 오후 10:04:01] [Debug] [Application] Service Initialize: Tripolygon.UModeler.Hub.HubAnalyticsService
[2025-11-12 오후 10:04:01] [Debug] [Application] Service Initialize: Tripolygon.UModeler.Hub.VSAttributionService
[2025-11-12 오후 10:04:02] [Debug] [Application] Service Initialize: Tripolygon.UModeler.Hub.Notifications.UpdateHubNotifier
[2025-11-12 오후 10:04:02] [Debug] [Application] Service Initialize: Tripolygon.UModeler.Hub.HubAnalyticsService
[2025-11-12 오후 10:04:02] [Debug] [Application] Service Initialize: Tripolygon.UModeler.Hub.Notifications.UpdateProductNotifier
[2025-11-12 오후 10:04:02] [Debug] [Application] Service Initialize: Tripolygon.UModeler.Hub.VSAttributionService
[2025-11-12 오후 10:04:02] [Debug] [Application] Service Initialize: Tripolygon.UModeler.Hub.Noticies.NoticeService
[2025-11-12 오후 10:04:02] [Debug] [Application] Service Initialize: Tripolygon.UModeler.Hub.Notifications.UpdateHubNotifier
[2025-11-12 오후 10:04:02] [Debug] [Application] Service Initialize: Tripolygon.UModeler.Hub.Views.SceneViews.HubSceneViewService
[2025-11-12 오후 10:04:02] [Debug] [Application] Service Initialize: Tripolygon.UModeler.Hub.Notifications.UpdateProductNotifier
[2025-11-12 오후 10:04:02] [Debug] [Application] Service Initialize: Tripolygon.UModeler.Hub.Noticies.NoticeService
[2025-11-12 오후 10:04:02] [Debug] [Application] Service Initialize: Tripolygon.UModeler.Hub.Views.SceneViews.HubSceneViewService
[2025-11-12 오후 10:04:22] [Debug] [Application] Release: isReloading=True
[2025-11-12 오후 10:04:22] [Debug] [Application] Service Release: Tripolygon.UModeler.Hub.Views.SceneViews.HubSceneViewService
[2025-11-12 오후 10:04:22] [Debug] [Application] Service Release: Tripolygon.UModeler.Hub.Noticies.NoticeService
[2025-11-12 오후 10:04:22] [Debug] [Application] Service Release: Tripolygon.UModeler.Hub.Notifications.UpdateProductNotifier
[2025-11-12 오후 10:04:22] [Debug] [Application] Service Release: Tripolygon.UModeler.Hub.Notifications.UpdateHubNotifier
[2025-11-12 오후 10:04:22] [Debug] [Application] Service Release: Tripolygon.UModeler.Hub.VSAttributionService
[2025-11-12 오후 10:04:22] [Debug] [HubAnalytics] PosthogClient.SetAutoFlush: Value Changed: False
[2025-11-12 오후 10:04:22] [Debug] [Application] Service Release: Tripolygon.UModeler.Hub.HubAnalyticsService
[2025-11-12 오후 10:04:22] [Debug] [Application] Service Release: Tripolygon.UModeler.Hub.HubFlashService
[2025-11-12 오후 10:04:22] [Debug] [Application] Service Release: Tripolygon.UModeler.Editor.UI.UnityEditorApplicationUtilityService
[2025-11-12 오후 10:04:22] [Debug] [Application] Service Release: Tripolygon.UModeler.Hub.HubService
[2025-11-12 오후 10:04:22] [Debug] [Application] Service Release: Tripolygon.UModeler.Editor.UI.UnityEditorApplicationCache
[2025-11-12 오후 10:04:22] [Debug] [Application] Service Release: Tripolygon.UModeler.Hub.HubAuthentication
[2025-11-12 오후 10:04:26] [Debug] [Application] service: Tripolygon.UModeler.Hub.HubAuthentication = Tripolygon.UModeler.Hub.HubAuthentication
[2025-11-12 오후 10:04:26] [Debug] [Application] service: Tripolygon.UModeler.UI.IApplicationCache = Tripolygon.UModeler.Editor.UI.UnityEditorApplicationCache
[2025-11-12 오후 10:04:26] [Debug] ActualHost
[2025-11-12 오후 10:04:26] [Debug] [Application] service: Tripolygon.UModeler.Hub.IHubService = Tripolygon.UModeler.Hub.HubService
[2025-11-12 오후 10:04:26] [Debug] [Application] service: Tripolygon.UModeler.Authentication.IAuthenticationApiProvider = Tripolygon.UModeler.Editor.AuthenticationApiProviderService
[2025-11-12 오후 10:04:26] [Debug] [Application] service: Tripolygon.UModeler.UI.IObjectHierarchyService = Tripolygon.UModeler.Editor.UI.UnityEditorObjectHierarchyService
[2025-11-12 오후 10:04:26] [Debug] [Application] service: Tripolygon.UModeler.UI.IApplicationUtilityService = Tripolygon.UModeler.Editor.UI.UnityEditorApplicationUtilityService
[2025-11-12 오후 10:04:26] [Debug] [Application] service: Tripolygon.UModeler.Editor.UI.ApplicationSettings = Tripolygon.UModeler.Editor.UI.ApplicationSettings
[2025-11-12 오후 10:04:26] [Debug] [Application] service: Tripolygon.UModeler.UI.ITextureProvider = Tripolygon.UModeler.Editor.UI.UnityEditorTextureProvider
[2025-11-12 오후 10:04:26] [Debug] [Application] service: Tripolygon.UModeler.Hub.Resources.IResourcesApiProvider = Tripolygon.UModeler.Hub.ResourcesApiProviderService
[2025-11-12 오후 10:04:26] [Debug] [Application] service: Tripolygon.UModeler.Hub.HubFlashService = Tripolygon.UModeler.Hub.HubFlashService
[2025-11-12 오후 10:04:26] [Debug] [Application] service: Tripolygon.UModeler.Hub.IHubAnalyticsService = Tripolygon.UModeler.Hub.HubAnalyticsService
[2025-11-12 오후 10:04:26] [Debug] [Application] service: Tripolygon.UModeler.Hub.VSAttributionService = Tripolygon.UModeler.Hub.VSAttributionService
[2025-11-12 오후 10:04:26] [Debug] [Application] service: Tripolygon.UModeler.Hub.Notifications.UpdateHubNotifier = Tripolygon.UModeler.Hub.Notifications.UpdateHubNotifier
[2025-11-12 오후 10:04:26] [Debug] [Application] service: Tripolygon.UModeler.Hub.Notifications.UpdateProductNotifier = Tripolygon.UModeler.Hub.Notifications.UpdateProductNotifier
[2025-11-12 오후 10:04:26] [Debug] [Application] service: Tripolygon.UModeler.Hub.INoticeService = Tripolygon.UModeler.Hub.Noticies.NoticeService
[2025-11-12 오후 10:04:26] [Debug] [Application] service: Tripolygon.UModeler.Hub.Views.SceneViews.HubSceneViewService = Tripolygon.UModeler.Hub.Views.SceneViews.HubSceneViewService
[2025-11-12 오후 10:04:27] [Debug] [Application] Initialize: isReloading=True
[2025-11-12 오후 10:04:28] [Debug] [Application] Service Initialize: Tripolygon.UModeler.Hub.HubAuthentication
[2025-11-12 오후 10:04:28] [Debug] [Application] Service Initialize: Tripolygon.UModeler.Editor.UI.UnityEditorApplicationCache
[2025-11-12 오후 10:04:28] [Debug] [Application] Service Initialize: Tripolygon.UModeler.Hub.HubService
[2025-11-12 오후 10:04:28] [Debug] [Application] Service Initialize: Tripolygon.UModeler.Editor.UI.UnityEditorApplicationUtilityService
[2025-11-12 오후 10:04:28] [Debug] [Application] Service Initialize: Tripolygon.UModeler.Hub.HubFlashService
[2025-11-12 오후 10:04:28] [Debug] [HubAnalytics] PosthogClient.SetAutoFlush: Value Changed: True
[2025-11-12 오후 10:04:28] [Debug] [Application] Service Initialize: Tripolygon.UModeler.Hub.HubAnalyticsService
[2025-11-12 오후 10:04:28] [Debug] [Application] Service Initialize: Tripolygon.UModeler.Hub.VSAttributionService
[2025-11-12 오후 10:04:28] [Debug] [Application] Service Initialize: Tripolygon.UModeler.Hub.Notifications.UpdateHubNotifier
[2025-11-12 오후 10:04:28] [Debug] [Application] Service Initialize: Tripolygon.UModeler.Hub.Notifications.UpdateProductNotifier
[2025-11-12 오후 10:04:28] [Debug] [Application] Service Initialize: Tripolygon.UModeler.Hub.Noticies.NoticeService
[2025-11-12 오후 10:04:28] [Debug] [Application] Service Initialize: Tripolygon.UModeler.Hub.Views.SceneViews.HubSceneViewService
[2025-11-12 오후 10:04:28] [Debug] [Application] Release: isReloading=True
[2025-11-12 오후 10:04:28] [Debug] [Application] Release: isReloading=True
[2025-11-12 오후 10:04:28] [Debug] [Application] Service Release: Tripolygon.UModeler.Hub.Views.SceneViews.HubSceneViewService
[2025-11-12 오후 10:04:28] [Debug] [Application] Service Release: Tripolygon.UModeler.Hub.Views.SceneViews.HubSceneViewService
[2025-11-12 오후 10:04:28] [Debug] [Application] Service Release: Tripolygon.UModeler.Hub.Noticies.NoticeService
[2025-11-12 오후 10:04:28] [Debug] [Application] Service Release: Tripolygon.UModeler.Hub.Noticies.NoticeService
[2025-11-12 오후 10:04:28] [Debug] [Application] Service Release: Tripolygon.UModeler.Hub.Notifications.UpdateProductNotifier
[2025-11-12 오후 10:04:28] [Debug] [Application] Service Release: Tripolygon.UModeler.Hub.Notifications.UpdateProductNotifier
[2025-11-12 오후 10:04:28] [Debug] [Application] Service Release: Tripolygon.UModeler.Hub.Notifications.UpdateHubNotifier
[2025-11-12 오후 10:04:28] [Debug] [Application] Service Release: Tripolygon.UModeler.Hub.Notifications.UpdateHubNotifier
[2025-11-12 오후 10:04:29] [Debug] [Application] Service Release: Tripolygon.UModeler.Hub.VSAttributionService
[2025-11-12 오후 10:04:29] [Debug] [Application] Service Release: Tripolygon.UModeler.Hub.VSAttributionService
[2025-11-12 오후 10:04:31] [Debug] [Application] service: Tripolygon.UModeler.Hub.HubAuthentication = Tripolygon.UModeler.Hub.HubAuthentication
[2025-11-12 오후 10:04:31] [Debug] [Application] service: Tripolygon.UModeler.UI.IApplicationCache = Tripolygon.UModeler.Editor.UI.UnityEditorApplicationCache
[2025-11-12 오후 10:04:31] [Debug] ActualHost
[2025-11-12 오후 10:04:31] [Debug] [Application] service: Tripolygon.UModeler.Hub.HubAuthentication = Tripolygon.UModeler.Hub.HubAuthentication
[2025-11-12 오후 10:04:31] [Debug] [Application] service: Tripolygon.UModeler.Hub.VSAttributionService = Tripolygon.UModeler.Hub.VSAttributionService
[2025-11-12 오후 10:04:31] [Debug] ActualHost
[2025-11-12 오후 10:04:31] [Debug] [Application] service: Tripolygon.UModeler.Hub.Notifications.UpdateProductNotifier = Tripolygon.UModeler.Hub.Notifications.UpdateProductNotifier
[2025-11-12 오후 10:04:31] [Debug] [Application] service: Tripolygon.UModeler.Authentication.IAuthenticationApiProvider = Tripolygon.UModeler.Editor.AuthenticationApiProviderService
[2025-11-12 오후 10:04:31] [Debug] [Application] service: Tripolygon.UModeler.UI.IObjectHierarchyService = Tripolygon.UModeler.Editor.UI.UnityEditorObjectHierarchyService
[2025-11-12 오후 10:04:32] [Debug] [Application] Initialize: isReloading=True
[2025-11-12 오후 10:04:31] [Debug] [Application] service: Tripolygon.UModeler.Editor.UI.ApplicationSettings = Tripolygon.UModeler.Editor.UI.ApplicationSettings
[2025-11-12 오후 10:04:33] [Debug] [Application] Service Initialize: Tripolygon.UModeler.Hub.HubAuthentication
[2025-11-12 오후 10:04:31] [Debug] [Application] service: Tripolygon.UModeler.Hub.Resources.IResourcesApiProvider = Tripolygon.UModeler.Hub.ResourcesApiProviderService
[2025-11-12 오후 10:04:33] [Debug] [Application] Service Initialize: Tripolygon.UModeler.Editor.UI.UnityEditorApplicationCache
[2025-11-12 오후 10:04:31] [Debug] [Application] service: Tripolygon.UModeler.Hub.IHubAnalyticsService = Tripolygon.UModeler.Hub.HubAnalyticsService
[2025-11-12 오후 10:04:31] [Debug] [Application] service: Tripolygon.UModeler.Hub.VSAttributionService = Tripolygon.UModeler.Hub.VSAttributionService
[2025-11-12 오후 10:04:33] [Debug] [Application] Service Initialize: Tripolygon.UModeler.Hub.HubService
[2025-11-12 오후 10:04:31] [Debug] [Application] service: Tripolygon.UModeler.Hub.Notifications.UpdateProductNotifier = Tripolygon.UModeler.Hub.Notifications.UpdateProductNotifier
[2025-11-12 오후 10:04:33] [Debug] [Application] Service Initialize: Tripolygon.UModeler.Editor.UI.UnityEditorApplicationUtilityService
[2025-11-12 오후 10:04:31] [Debug] [Application] service: Tripolygon.UModeler.Hub.INoticeService = Tripolygon.UModeler.Hub.Noticies.NoticeService
[2025-11-12 오후 10:04:33] [Debug] [Application] Service Initialize: Tripolygon.UModeler.Hub.HubFlashService
[2025-11-12 오후 10:04:32] [Debug] [Application] Initialize: isReloading=False
[2025-11-12 오후 10:04:33] [Debug] [Application] Service Initialize: Tripolygon.UModeler.Hub.HubAuthentication
[2025-11-12 오후 10:04:33] [Debug] [HubAnalytics] PosthogClient.SetAutoFlush: Value Changed: True
[2025-11-12 오후 10:04:33] [Debug] [Application] Service Initialize: Tripolygon.UModeler.Editor.UI.UnityEditorApplicationCache
[2025-11-12 오후 10:04:33] [Debug] [Application] Service Initialize: Tripolygon.UModeler.Hub.HubService
[2025-11-12 오후 10:04:33] [Debug] [Application] Service Initialize: Tripolygon.UModeler.Editor.UI.UnityEditorApplicationUtilityService
[2025-11-12 오후 10:04:33] [Debug] [Application] Service Initialize: Tripolygon.UModeler.Hub.HubFlashService
[2025-11-12 오후 10:04:33] [Debug] [Application] Service Initialize: Tripolygon.UModeler.Hub.HubAnalyticsService
[2025-11-12 오후 10:04:33] [Debug] [HubAnalytics] PosthogClient.SetAutoFlush: Value Changed: True
[2025-11-12 오후 10:04:33] [Debug] [Application] Service Initialize: Tripolygon.UModeler.Hub.VSAttributionService
[2025-11-12 오후 10:04:33] [Debug] [Application] Service Initialize: Tripolygon.UModeler.Hub.Notifications.UpdateHubNotifier
[2025-11-12 오후 10:04:33] [Debug] [Application] Service Initialize: Tripolygon.UModeler.Hub.Notifications.UpdateProductNotifier
[2025-11-12 오후 10:04:33] [Debug] [Application] Service Initialize: Tripolygon.UModeler.Hub.HubAnalyticsService
[2025-11-12 오후 10:04:33] [Debug] [Application] Service Initialize: Tripolygon.UModeler.Hub.Noticies.NoticeService
[2025-11-12 오후 10:04:33] [Debug] [Application] Service Initialize: Tripolygon.UModeler.Hub.VSAttributionService
[2025-11-12 오후 10:04:33] [Debug] [Application] Service Initialize: Tripolygon.UModeler.Hub.Views.SceneViews.HubSceneViewService
[2025-11-12 오후 10:04:33] [Debug] [Application] Service Initialize: Tripolygon.UModeler.Hub.Notifications.UpdateHubNotifier
[2025-11-12 오후 10:04:33] [Debug] [Application] Service Initialize: Tripolygon.UModeler.Hub.Notifications.UpdateProductNotifier
[2025-11-12 오후 10:04:33] [Debug] [Application] Service Initialize: Tripolygon.UModeler.Hub.Noticies.NoticeService
[2025-11-12 오후 10:04:33] [Debug] [Application] Service Initialize: Tripolygon.UModeler.Hub.Views.SceneViews.HubSceneViewService
[2025-11-12 오후 10:06:41] [Debug] [Application] Release: isReloading=True
[2025-11-12 오후 10:06:41] [Debug] [Application] Service Release: Tripolygon.UModeler.Hub.Views.SceneViews.HubSceneViewService
[2025-11-12 오후 10:06:41] [Debug] [Application] Service Release: Tripolygon.UModeler.Hub.Noticies.NoticeService
[2025-11-12 오후 10:06:41] [Debug] [Application] Service Release: Tripolygon.UModeler.Hub.Notifications.UpdateProductNotifier
[2025-11-12 오후 10:06:41] [Debug] [Application] Service Release: Tripolygon.UModeler.Hub.Notifications.UpdateHubNotifier
[2025-11-12 오후 10:06:41] [Debug] [Application] Service Release: Tripolygon.UModeler.Hub.VSAttributionService
[2025-11-12 오후 10:06:41] [Debug] [HubAnalytics] PosthogClient.SetAutoFlush: Value Changed: False
[2025-11-12 오후 10:06:41] [Debug] [Application] Service Release: Tripolygon.UModeler.Hub.HubAnalyticsService
[2025-11-12 오후 10:06:42] [Debug] [Application] Service Release: Tripolygon.UModeler.Hub.HubFlashService
[2025-11-12 오후 10:06:42] [Debug] [Application] Service Release: Tripolygon.UModeler.Editor.UI.UnityEditorApplicationUtilityService
[2025-11-12 오후 10:06:42] [Debug] [Application] Service Release: Tripolygon.UModeler.Hub.HubService
[2025-11-12 오후 10:06:42] [Debug] [Application] Service Release: Tripolygon.UModeler.Editor.UI.UnityEditorApplicationCache
[2025-11-12 오후 10:06:42] [Debug] [Application] Service Release: Tripolygon.UModeler.Hub.HubAuthentication
[2025-11-12 오후 10:06:45] [Debug] [Application] service: Tripolygon.UModeler.Hub.HubAuthentication = Tripolygon.UModeler.Hub.HubAuthentication
[2025-11-12 오후 10:06:45] [Debug] [Application] service: Tripolygon.UModeler.UI.IApplicationCache = Tripolygon.UModeler.Editor.UI.UnityEditorApplicationCache
[2025-11-12 오후 10:06:45] [Debug] ActualHost
[2025-11-12 오후 10:06:45] [Debug] [Application] service: Tripolygon.UModeler.Hub.IHubService = Tripolygon.UModeler.Hub.HubService
[2025-11-12 오후 10:06:45] [Debug] [Application] service: Tripolygon.UModeler.Authentication.IAuthenticationApiProvider = Tripolygon.UModeler.Editor.AuthenticationApiProviderService
[2025-11-12 오후 10:06:45] [Debug] [Application] service: Tripolygon.UModeler.UI.IObjectHierarchyService = Tripolygon.UModeler.Editor.UI.UnityEditorObjectHierarchyService
[2025-11-12 오후 10:06:45] [Debug] [Application] service: Tripolygon.UModeler.UI.IApplicationUtilityService = Tripolygon.UModeler.Editor.UI.UnityEditorApplicationUtilityService
[2025-11-12 오후 10:06:45] [Debug] [Application] service: Tripolygon.UModeler.Editor.UI.ApplicationSettings = Tripolygon.UModeler.Editor.UI.ApplicationSettings
[2025-11-12 오후 10:06:45] [Debug] [Application] service: Tripolygon.UModeler.UI.ITextureProvider = Tripolygon.UModeler.Editor.UI.UnityEditorTextureProvider
[2025-11-12 오후 10:06:45] [Debug] [Application] service: Tripolygon.UModeler.Hub.Resources.IResourcesApiProvider = Tripolygon.UModeler.Hub.ResourcesApiProviderService
[2025-11-12 오후 10:06:45] [Debug] [Application] service: Tripolygon.UModeler.Hub.HubFlashService = Tripolygon.UModeler.Hub.HubFlashService
[2025-11-12 오후 10:06:45] [Debug] [Application] service: Tripolygon.UModeler.Hub.IHubAnalyticsService = Tripolygon.UModeler.Hub.HubAnalyticsService
[2025-11-12 오후 10:06:45] [Debug] [Application] service: Tripolygon.UModeler.Hub.VSAttributionService = Tripolygon.UModeler.Hub.VSAttributionService
[2025-11-12 오후 10:06:45] [Debug] [Application] service: Tripolygon.UModeler.Hub.Notifications.UpdateHubNotifier = Tripolygon.UModeler.Hub.Notifications.UpdateHubNotifier
[2025-11-12 오후 10:06:45] [Debug] [Application] service: Tripolygon.UModeler.Hub.Notifications.UpdateProductNotifier = Tripolygon.UModeler.Hub.Notifications.UpdateProductNotifier
[2025-11-12 오후 10:06:45] [Debug] [Application] service: Tripolygon.UModeler.Hub.INoticeService = Tripolygon.UModeler.Hub.Noticies.NoticeService
[2025-11-12 오후 10:06:45] [Debug] [Application] service: Tripolygon.UModeler.Hub.Views.SceneViews.HubSceneViewService = Tripolygon.UModeler.Hub.Views.SceneViews.HubSceneViewService
[2025-11-12 오후 10:06:47] [Debug] [Application] Initialize: isReloading=True
[2025-11-12 오후 10:06:47] [Debug] [Application] Service Initialize: Tripolygon.UModeler.Hub.HubAuthentication
[2025-11-12 오후 10:06:47] [Debug] [Application] Service Initialize: Tripolygon.UModeler.Editor.UI.UnityEditorApplicationCache
[2025-11-12 오후 10:06:47] [Debug] [Application] Service Initialize: Tripolygon.UModeler.Hub.HubService
[2025-11-12 오후 10:06:47] [Debug] [Application] Service Initialize: Tripolygon.UModeler.Editor.UI.UnityEditorApplicationUtilityService
[2025-11-12 오후 10:06:47] [Debug] [Application] Service Initialize: Tripolygon.UModeler.Hub.HubFlashService
[2025-11-12 오후 10:06:47] [Debug] [HubAnalytics] PosthogClient.SetAutoFlush: Value Changed: True
[2025-11-12 오후 10:06:47] [Debug] [Application] Service Initialize: Tripolygon.UModeler.Hub.HubAnalyticsService
[2025-11-12 오후 10:06:47] [Debug] [Application] Service Initialize: Tripolygon.UModeler.Hub.VSAttributionService
[2025-11-12 오후 10:06:47] [Debug] [Application] Service Initialize: Tripolygon.UModeler.Hub.Notifications.UpdateHubNotifier
[2025-11-12 오후 10:06:47] [Debug] [Application] Service Initialize: Tripolygon.UModeler.Hub.Notifications.UpdateProductNotifier
[2025-11-12 오후 10:06:47] [Debug] [Application] Service Initialize: Tripolygon.UModeler.Hub.Noticies.NoticeService
[2025-11-12 오후 10:06:47] [Debug] [Application] Service Initialize: Tripolygon.UModeler.Hub.Views.SceneViews.HubSceneViewService
[2025-11-12 오후 10:06:48] [Debug] [Application] Release: isReloading=True
[2025-11-12 오후 10:06:48] [Debug] [Application] Release: isReloading=True
[2025-11-12 오후 10:06:48] [Debug] [Application] Service Release: Tripolygon.UModeler.Hub.Views.SceneViews.HubSceneViewService
[2025-11-12 오후 10:06:48] [Debug] [Application] Service Release: Tripolygon.UModeler.Hub.Views.SceneViews.HubSceneViewService
[2025-11-12 오후 10:06:48] [Debug] [Application] Service Release: Tripolygon.UModeler.Hub.Noticies.NoticeService
[2025-11-12 오후 10:06:48] [Debug] [Application] Service Release: Tripolygon.UModeler.Hub.Noticies.NoticeService
[2025-11-12 오후 10:06:48] [Debug] [Application] Service Release: Tripolygon.UModeler.Hub.Notifications.UpdateProductNotifier
[2025-11-12 오후 10:06:48] [Debug] [Application] Service Release: Tripolygon.UModeler.Hub.Notifications.UpdateProductNotifier
[2025-11-12 오후 10:06:48] [Debug] [Application] Service Release: Tripolygon.UModeler.Hub.Notifications.UpdateHubNotifier
[2025-11-12 오후 10:06:48] [Debug] [Application] Service Release: Tripolygon.UModeler.Hub.Notifications.UpdateHubNotifier
[2025-11-12 오후 10:06:48] [Debug] [Application] Service Release: Tripolygon.UModeler.Hub.VSAttributionService
[2025-11-12 오후 10:06:48] [Debug] [Application] Service Release: Tripolygon.UModeler.Hub.VSAttributionService
[2025-11-12 오후 10:06:51] [Debug] [Application] service: Tripolygon.UModeler.Hub.HubAuthentication = Tripolygon.UModeler.Hub.HubAuthentication
[2025-11-12 오후 10:06:51] [Debug] [Application] service: Tripolygon.UModeler.Editor.UI.ApplicationSettings = Tripolygon.UModeler.Editor.UI.ApplicationSettings
[2025-11-12 오후 10:06:51] [Debug] [Application] service: Tripolygon.UModeler.Hub.HubFlashService = Tripolygon.UModeler.Hub.HubFlashService
[2025-11-12 오후 10:06:51] [Debug] [Application] service: Tripolygon.UModeler.UI.ITextureProvider = Tripolygon.UModeler.Editor.UI.UnityEditorTextureProvider
[2025-11-12 오후 10:06:51] [Debug] [Application] service: Tripolygon.UModeler.Hub.VSAttributionService = Tripolygon.UModeler.Hub.VSAttributionService
[2025-11-12 오후 10:06:51] [Debug] [Application] service: Tripolygon.UModeler.Hub.HubFlashService = Tripolygon.UModeler.Hub.HubFlashService
[2025-11-12 오후 10:06:51] [Debug] [Application] service: Tripolygon.UModeler.Hub.Notifications.UpdateProductNotifier = Tripolygon.UModeler.Hub.Notifications.UpdateProductNotifier
[2025-11-12 오후 10:06:51] [Debug] [Application] service: Tripolygon.UModeler.Hub.INoticeService = Tripolygon.UModeler.Hub.Noticies.NoticeService
[2025-11-12 오후 10:06:51] [Debug] [Application] service: Tripolygon.UModeler.Hub.VSAttributionService = Tripolygon.UModeler.Hub.VSAttributionService
[2025-11-12 오후 10:06:52] [Debug] [Application] Initialize: isReloading=True
[2025-11-12 오후 10:06:51] [Debug] [Application] service: Tripolygon.UModeler.Hub.Notifications.UpdateHubNotifier = Tripolygon.UModeler.Hub.Notifications.UpdateHubNotifier
[2025-11-12 오후 10:06:51] [Debug] [Application] service: Tripolygon.UModeler.Hub.Notifications.UpdateProductNotifier = Tripolygon.UModeler.Hub.Notifications.UpdateProductNotifier
[2025-11-12 오후 10:06:52] [Debug] [Application] Service Initialize: Tripolygon.UModeler.Editor.UI.UnityEditorApplicationCache
[2025-11-12 오후 10:06:51] [Debug] [Application] service: Tripolygon.UModeler.Hub.Views.SceneViews.HubSceneViewService = Tripolygon.UModeler.Hub.Views.SceneViews.HubSceneViewService
[2025-11-12 오후 10:06:52] [Debug] [Application] Initialize: isReloading=False
[2025-11-12 오후 10:06:52] [Debug] [Application] Service Initialize: Tripolygon.UModeler.Hub.HubService
[2025-11-12 오후 10:06:52] [Debug] [Application] Service Initialize: Tripolygon.UModeler.Hub.HubAuthentication
[2025-11-12 오후 10:06:52] [Debug] [Application] Service Initialize: Tripolygon.UModeler.Hub.HubFlashService
[2025-11-12 오후 10:06:52] [Debug] [Application] Service Initialize: Tripolygon.UModeler.Editor.UI.UnityEditorApplicationCache
[2025-11-12 오후 10:06:52] [Debug] [HubAnalytics] PosthogClient.SetAutoFlush: Value Changed: True
[2025-11-12 오후 10:06:52] [Debug] [Application] Service Initialize: Tripolygon.UModeler.Hub.HubService
[2025-11-12 오후 10:06:52] [Debug] [Application] Service Initialize: Tripolygon.UModeler.Editor.UI.UnityEditorApplicationUtilityService
[2025-11-12 오후 10:06:52] [Debug] [Application] Service Initialize: Tripolygon.UModeler.Hub.HubFlashService
[2025-11-12 오후 10:06:52] [Debug] [Application] Service Initialize: Tripolygon.UModeler.Hub.HubAnalyticsService
[2025-11-12 오후 10:06:52] [Debug] [Application] Service Initialize: Tripolygon.UModeler.Hub.VSAttributionService
[2025-11-12 오후 10:06:52] [Debug] [HubAnalytics] PosthogClient.SetAutoFlush: Value Changed: True
[2025-11-12 오후 10:06:52] [Debug] [Application] Service Initialize: Tripolygon.UModeler.Hub.Notifications.UpdateHubNotifier
[2025-11-12 오후 10:06:52] [Debug] [Application] Service Initialize: Tripolygon.UModeler.Hub.Notifications.UpdateProductNotifier
[2025-11-12 오후 10:06:52] [Debug] [Application] Service Initialize: Tripolygon.UModeler.Hub.Noticies.NoticeService
[2025-11-12 오후 10:06:52] [Debug] [Application] Service Initialize: Tripolygon.UModeler.Hub.HubAnalyticsService
[2025-11-12 오후 10:06:52] [Debug] [Application] Service Initialize: Tripolygon.UModeler.Hub.Views.SceneViews.HubSceneViewService
[2025-11-12 오후 10:06:52] [Debug] [Application] Service Initialize: Tripolygon.UModeler.Hub.VSAttributionService
[2025-11-12 오후 10:06:52] [Debug] [Application] Service Initialize: Tripolygon.UModeler.Hub.Notifications.UpdateHubNotifier
[2025-11-12 오후 10:06:52] [Debug] [Application] Service Initialize: Tripolygon.UModeler.Hub.Notifications.UpdateProductNotifier
[2025-11-12 오후 10:06:52] [Debug] [Application] Service Initialize: Tripolygon.UModeler.Hub.Noticies.NoticeService
[2025-11-12 오후 10:06:52] [Debug] [Application] Service Initialize: Tripolygon.UModeler.Hub.Views.SceneViews.HubSceneViewService
[2025-11-12 오후 10:08:20] [Debug] [Application] Release: isReloading=True
[2025-11-12 오후 10:08:20] [Debug] [Application] Service Release: Tripolygon.UModeler.Hub.Views.SceneViews.HubSceneViewService
[2025-11-12 오후 10:08:20] [Debug] [Application] Service Release: Tripolygon.UModeler.Hub.Noticies.NoticeService
[2025-11-12 오후 10:08:20] [Debug] [Application] Service Release: Tripolygon.UModeler.Hub.Notifications.UpdateProductNotifier
[2025-11-12 오후 10:08:20] [Debug] [Application] Service Release: Tripolygon.UModeler.Hub.Notifications.UpdateHubNotifier
[2025-11-12 오후 10:08:20] [Debug] [Application] Service Release: Tripolygon.UModeler.Hub.VSAttributionService
[2025-11-12 오후 10:08:20] [Debug] [HubAnalytics] PosthogClient.SetAutoFlush: Value Changed: False
[2025-11-12 오후 10:08:20] [Debug] [Application] Service Release: Tripolygon.UModeler.Hub.HubAnalyticsService
[2025-11-12 오후 10:08:20] [Debug] [Application] Service Release: Tripolygon.UModeler.Hub.HubFlashService
[2025-11-12 오후 10:08:20] [Debug] [Application] Service Release: Tripolygon.UModeler.Editor.UI.UnityEditorApplicationUtilityService
[2025-11-12 오후 10:08:20] [Debug] [Application] Service Release: Tripolygon.UModeler.Hub.HubService
[2025-11-12 오후 10:08:20] [Debug] [Application] Service Release: Tripolygon.UModeler.Editor.UI.UnityEditorApplicationCache
[2025-11-12 오후 10:08:20] [Debug] [Application] Service Release: Tripolygon.UModeler.Hub.HubAuthentication
[2025-11-12 오후 10:08:23] [Debug] [Application] service: Tripolygon.UModeler.Hub.HubAuthentication = Tripolygon.UModeler.Hub.HubAuthentication
[2025-11-12 오후 10:08:23] [Debug] [Application] service: Tripolygon.UModeler.UI.IApplicationCache = Tripolygon.UModeler.Editor.UI.UnityEditorApplicationCache
[2025-11-12 오후 10:08:23] [Debug] ActualHost
[2025-11-12 오후 10:08:23] [Debug] [Application] service: Tripolygon.UModeler.Hub.IHubService = Tripolygon.UModeler.Hub.HubService
[2025-11-12 오후 10:08:23] [Debug] [Application] service: Tripolygon.UModeler.Authentication.IAuthenticationApiProvider = Tripolygon.UModeler.Editor.AuthenticationApiProviderService
[2025-11-12 오후 10:08:23] [Debug] [Application] service: Tripolygon.UModeler.UI.IObjectHierarchyService = Tripolygon.UModeler.Editor.UI.UnityEditorObjectHierarchyService
[2025-11-12 오후 10:08:23] [Debug] [Application] service: Tripolygon.UModeler.UI.IApplicationUtilityService = Tripolygon.UModeler.Editor.UI.UnityEditorApplicationUtilityService
[2025-11-12 오후 10:08:23] [Debug] [Application] service: Tripolygon.UModeler.Editor.UI.ApplicationSettings = Tripolygon.UModeler.Editor.UI.ApplicationSettings
[2025-11-12 오후 10:08:23] [Debug] [Application] service: Tripolygon.UModeler.UI.ITextureProvider = Tripolygon.UModeler.Editor.UI.UnityEditorTextureProvider
[2025-11-12 오후 10:08:23] [Debug] [Application] service: Tripolygon.UModeler.Hub.Resources.IResourcesApiProvider = Tripolygon.UModeler.Hub.ResourcesApiProviderService
[2025-11-12 오후 10:08:23] [Debug] [Application] service: Tripolygon.UModeler.Hub.HubFlashService = Tripolygon.UModeler.Hub.HubFlashService
[2025-11-12 오후 10:08:24] [Debug] [Application] service: Tripolygon.UModeler.Hub.IHubAnalyticsService = Tripolygon.UModeler.Hub.HubAnalyticsService
[2025-11-12 오후 10:08:24] [Debug] [Application] service: Tripolygon.UModeler.Hub.VSAttributionService = Tripolygon.UModeler.Hub.VSAttributionService
[2025-11-12 오후 10:08:24] [Debug] [Application] service: Tripolygon.UModeler.Hub.Notifications.UpdateHubNotifier = Tripolygon.UModeler.Hub.Notifications.UpdateHubNotifier
[2025-11-12 오후 10:08:24] [Debug] [Application] service: Tripolygon.UModeler.Hub.Notifications.UpdateProductNotifier = Tripolygon.UModeler.Hub.Notifications.UpdateProductNotifier
[2025-11-12 오후 10:08:24] [Debug] [Application] service: Tripolygon.UModeler.Hub.INoticeService = Tripolygon.UModeler.Hub.Noticies.NoticeService
[2025-11-12 오후 10:08:24] [Debug] [Application] service: Tripolygon.UModeler.Hub.Views.SceneViews.HubSceneViewService = Tripolygon.UModeler.Hub.Views.SceneViews.HubSceneViewService
[2025-11-12 오후 10:08:25] [Debug] [Application] Initialize: isReloading=True
[2025-11-12 오후 10:08:25] [Debug] [Application] Service Initialize: Tripolygon.UModeler.Hub.HubAuthentication
[2025-11-12 오후 10:08:25] [Debug] [Application] Service Initialize: Tripolygon.UModeler.Editor.UI.UnityEditorApplicationCache
[2025-11-12 오후 10:08:25] [Debug] [Application] Service Initialize: Tripolygon.UModeler.Hub.HubService
[2025-11-12 오후 10:08:25] [Debug] [Application] Service Initialize: Tripolygon.UModeler.Editor.UI.UnityEditorApplicationUtilityService
[2025-11-12 오후 10:08:25] [Debug] [Application] Service Initialize: Tripolygon.UModeler.Hub.HubFlashService
[2025-11-12 오후 10:08:25] [Debug] [HubAnalytics] PosthogClient.SetAutoFlush: Value Changed: True
[2025-11-12 오후 10:08:25] [Debug] [Application] Service Initialize: Tripolygon.UModeler.Hub.HubAnalyticsService
[2025-11-12 오후 10:08:25] [Debug] [Application] Service Initialize: Tripolygon.UModeler.Hub.VSAttributionService
[2025-11-12 오후 10:08:26] [Debug] [Application] Service Initialize: Tripolygon.UModeler.Hub.Notifications.UpdateHubNotifier
[2025-11-12 오후 10:08:26] [Debug] [Application] Service Initialize: Tripolygon.UModeler.Hub.Notifications.UpdateProductNotifier
[2025-11-12 오후 10:08:26] [Debug] [Application] Service Initialize: Tripolygon.UModeler.Hub.Noticies.NoticeService
[2025-11-12 오후 10:08:26] [Debug] [Application] Service Initialize: Tripolygon.UModeler.Hub.Views.SceneViews.HubSceneViewService
[2025-11-12 오후 10:08:26] [Debug] [Application] Release: isReloading=True
[2025-11-12 오후 10:08:26] [Debug] [Application] Release: isReloading=True
[2025-11-12 오후 10:08:26] [Debug] [Application] Service Release: Tripolygon.UModeler.Hub.Views.SceneViews.HubSceneViewService
[2025-11-12 오후 10:08:26] [Debug] [Application] Service Release: Tripolygon.UModeler.Hub.Views.SceneViews.HubSceneViewService
[2025-11-12 오후 10:08:26] [Debug] [Application] Service Release: Tripolygon.UModeler.Hub.Noticies.NoticeService
[2025-11-12 오후 10:08:26] [Debug] [Application] Service Release: Tripolygon.UModeler.Hub.Noticies.NoticeService
[2025-11-12 오후 10:08:26] [Debug] [Application] Service Release: Tripolygon.UModeler.Hub.Notifications.UpdateProductNotifier
[2025-11-12 오후 10:08:26] [Debug] [Application] Service Release: Tripolygon.UModeler.Hub.Notifications.UpdateProductNotifier
[2025-11-12 오후 10:08:26] [Debug] [Application] Service Release: Tripolygon.UModeler.Hub.Notifications.UpdateHubNotifier
[2025-11-12 오후 10:08:26] [Debug] [Application] Service Release: Tripolygon.UModeler.Hub.Notifications.UpdateHubNotifier
[2025-11-12 오후 10:08:26] [Debug] [Application] Service Release: Tripolygon.UModeler.Hub.VSAttributionService
[2025-11-12 오후 10:08:26] [Debug] [Application] Service Release: Tripolygon.UModeler.Hub.VSAttributionService
[2025-11-12 오후 10:08:29] [Debug] [Application] service: Tripolygon.UModeler.Hub.HubAuthentication = Tripolygon.UModeler.Hub.HubAuthentication
[2025-11-12 오후 10:08:29] [Debug] [Application] service: Tripolygon.UModeler.UI.IApplicationCache = Tripolygon.UModeler.Editor.UI.UnityEditorApplicationCache
[2025-11-12 오후 10:08:29] [Debug] [Application] service: Tripolygon.UModeler.UI.IApplicationCache = Tripolygon.UModeler.Editor.UI.UnityEditorApplicationCache
[2025-11-12 오후 10:08:29] [Debug] [Application] service: Tripolygon.UModeler.Hub.IHubAnalyticsService = Tripolygon.UModeler.Hub.HubAnalyticsService
[2025-11-12 오후 10:08:29] [Debug] ActualHost
[2025-11-12 오후 10:08:29] [Debug] [Application] service: Tripolygon.UModeler.Hub.Notifications.UpdateHubNotifier = Tripolygon.UModeler.Hub.Notifications.UpdateHubNotifier
[2025-11-12 오후 10:08:29] [Debug] [Application] service: Tripolygon.UModeler.Hub.IHubService = Tripolygon.UModeler.Hub.HubService
[2025-11-12 오후 10:08:29] [Debug] [Application] service: Tripolygon.UModeler.Hub.INoticeService = Tripolygon.UModeler.Hub.Noticies.NoticeService
[2025-11-12 오후 10:08:29] [Debug] [Application] service: Tripolygon.UModeler.Authentication.IAuthenticationApiProvider = Tripolygon.UModeler.Editor.AuthenticationApiProviderService
[2025-11-12 오후 10:08:30] [Debug] [Application] Initialize: isReloading=True
[2025-11-12 오후 10:08:29] [Debug] [Application] service: Tripolygon.UModeler.UI.IObjectHierarchyService = Tripolygon.UModeler.Editor.UI.UnityEditorObjectHierarchyService
[2025-11-12 오후 10:08:30] [Debug] [Application] Service Initialize: Tripolygon.UModeler.Hub.HubAuthentication
[2025-11-12 오후 10:08:29] [Debug] [Application] service: Tripolygon.UModeler.UI.IApplicationUtilityService = Tripolygon.UModeler.Editor.UI.UnityEditorApplicationUtilityService
[2025-11-12 오후 10:08:31] [Debug] [Application] Service Initialize: Tripolygon.UModeler.Editor.UI.UnityEditorApplicationCache
[2025-11-12 오후 10:08:29] [Debug] [Application] service: Tripolygon.UModeler.Editor.UI.ApplicationSettings = Tripolygon.UModeler.Editor.UI.ApplicationSettings
[2025-11-12 오후 10:08:29] [Debug] [Application] service: Tripolygon.UModeler.UI.ITextureProvider = Tripolygon.UModeler.Editor.UI.UnityEditorTextureProvider
[2025-11-12 오후 10:08:31] [Debug] [Application] Service Initialize: Tripolygon.UModeler.Hub.HubService
[2025-11-12 오후 10:08:29] [Debug] [Application] service: Tripolygon.UModeler.Hub.HubFlashService = Tripolygon.UModeler.Hub.HubFlashService
[2025-11-12 오후 10:08:31] [Debug] [Application] Service Initialize: Tripolygon.UModeler.Hub.HubFlashService
[2025-11-12 오후 10:08:29] [Debug] [Application] service: Tripolygon.UModeler.Hub.IHubAnalyticsService = Tripolygon.UModeler.Hub.HubAnalyticsService
[2025-11-12 오후 10:08:29] [Debug] [Application] service: Tripolygon.UModeler.Hub.VSAttributionService = Tripolygon.UModeler.Hub.VSAttributionService
[2025-11-12 오후 10:08:31] [Debug] [HubAnalytics] PosthogClient.SetAutoFlush: Value Changed: True
[2025-11-12 오후 10:08:29] [Debug] [Application] service: Tripolygon.UModeler.Hub.Notifications.UpdateProductNotifier = Tripolygon.UModeler.Hub.Notifications.UpdateProductNotifier
[2025-11-12 오후 10:08:29] [Debug] [Application] service: Tripolygon.UModeler.Hub.INoticeService = Tripolygon.UModeler.Hub.Noticies.NoticeService
[2025-11-12 오후 10:08:29] [Debug] [Application] service: Tripolygon.UModeler.Hub.Views.SceneViews.HubSceneViewService = Tripolygon.UModeler.Hub.Views.SceneViews.HubSceneViewService
[2025-11-12 오후 10:08:30] [Debug] [Application] Initialize: isReloading=False
[2025-11-12 오후 10:08:31] [Debug] [Application] Service Initialize: Tripolygon.UModeler.Hub.HubAnalyticsService
[2025-11-12 오후 10:08:31] [Debug] [Application] Service Initialize: Tripolygon.UModeler.Hub.HubAuthentication
[2025-11-12 오후 10:08:31] [Debug] [Application] Service Initialize: Tripolygon.UModeler.Hub.VSAttributionService
[2025-11-12 오후 10:08:31] [Debug] [Application] Service Initialize: Tripolygon.UModeler.Editor.UI.UnityEditorApplicationCache
[2025-11-12 오후 10:08:31] [Debug] [Application] Service Initialize: Tripolygon.UModeler.Hub.Notifications.UpdateHubNotifier
[2025-11-12 오후 10:08:31] [Debug] [Application] Service Initialize: Tripolygon.UModeler.Hub.HubService
[2025-11-12 오후 10:08:31] [Debug] [Application] Service Initialize: Tripolygon.UModeler.Hub.Notifications.UpdateProductNotifier
[2025-11-12 오후 10:08:31] [Debug] [Application] Service Initialize: Tripolygon.UModeler.Editor.UI.UnityEditorApplicationUtilityService
[2025-11-12 오후 10:08:31] [Debug] [Application] Service Initialize: Tripolygon.UModeler.Hub.Noticies.NoticeService
[2025-11-12 오후 10:08:31] [Debug] [Application] Service Initialize: Tripolygon.UModeler.Hub.HubFlashService
[2025-11-12 오후 10:08:31] [Debug] [Application] Service Initialize: Tripolygon.UModeler.Hub.Views.SceneViews.HubSceneViewService
[2025-11-12 오후 10:08:31] [Debug] [HubAnalytics] PosthogClient.SetAutoFlush: Value Changed: True
[2025-11-12 오후 10:08:31] [Debug] [Application] Service Initialize: Tripolygon.UModeler.Hub.HubAnalyticsService
[2025-11-12 오후 10:08:31] [Debug] [Application] Service Initialize: Tripolygon.UModeler.Hub.VSAttributionService
[2025-11-12 오후 10:08:31] [Debug] [Application] Service Initialize: Tripolygon.UModeler.Hub.Notifications.UpdateHubNotifier
[2025-11-12 오후 10:08:31] [Debug] [Application] Service Initialize: Tripolygon.UModeler.Hub.Notifications.UpdateProductNotifier
[2025-11-12 오후 10:08:31] [Debug] [Application] Service Initialize: Tripolygon.UModeler.Hub.Noticies.NoticeService
[2025-11-12 오후 10:08:31] [Debug] [Application] Service Initialize: Tripolygon.UModeler.Hub.Views.SceneViews.HubSceneViewService
[2025-11-12 오후 10:09:05] [Debug] [Application] Release: isReloading=True
[2025-11-12 오후 10:09:05] [Debug] [Application] Service Release: Tripolygon.UModeler.Hub.Views.SceneViews.HubSceneViewService
[2025-11-12 오후 10:09:05] [Debug] [Application] Service Release: Tripolygon.UModeler.Hub.Noticies.NoticeService
[2025-11-12 오후 10:09:05] [Debug] [Application] Service Release: Tripolygon.UModeler.Hub.Notifications.UpdateProductNotifier
[2025-11-12 오후 10:09:05] [Debug] [Application] Service Release: Tripolygon.UModeler.Hub.Notifications.UpdateHubNotifier
[2025-11-12 오후 10:09:05] [Debug] [Application] Service Release: Tripolygon.UModeler.Hub.VSAttributionService
[2025-11-12 오후 10:09:05] [Debug] [HubAnalytics] PosthogClient.SetAutoFlush: Value Changed: False
[2025-11-12 오후 10:09:05] [Debug] [Application] Service Release: Tripolygon.UModeler.Hub.HubAnalyticsService
[2025-11-12 오후 10:09:05] [Debug] [Application] Service Release: Tripolygon.UModeler.Hub.HubFlashService
[2025-11-12 오후 10:09:05] [Debug] [Application] Service Release: Tripolygon.UModeler.Editor.UI.UnityEditorApplicationUtilityService
[2025-11-12 오후 10:09:05] [Debug] [Application] Service Release: Tripolygon.UModeler.Hub.HubService
[2025-11-12 오후 10:09:05] [Debug] [Application] Service Release: Tripolygon.UModeler.Editor.UI.UnityEditorApplicationCache
[2025-11-12 오후 10:09:05] [Debug] [Application] Service Release: Tripolygon.UModeler.Hub.HubAuthentication
[2025-11-12 오후 10:09:08] [Debug] [Application] service: Tripolygon.UModeler.Hub.HubAuthentication = Tripolygon.UModeler.Hub.HubAuthentication
[2025-11-12 오후 10:09:08] [Debug] [Application] service: Tripolygon.UModeler.UI.IApplicationCache = Tripolygon.UModeler.Editor.UI.UnityEditorApplicationCache
[2025-11-12 오후 10:09:08] [Debug] ActualHost
[2025-11-12 오후 10:09:08] [Debug] [Application] service: Tripolygon.UModeler.Hub.IHubService = Tripolygon.UModeler.Hub.HubService
[2025-11-12 오후 10:09:08] [Debug] [Application] service: Tripolygon.UModeler.Authentication.IAuthenticationApiProvider = Tripolygon.UModeler.Editor.AuthenticationApiProviderService
[2025-11-12 오후 10:09:08] [Debug] [Application] service: Tripolygon.UModeler.UI.IObjectHierarchyService = Tripolygon.UModeler.Editor.UI.UnityEditorObjectHierarchyService
[2025-11-12 오후 10:09:08] [Debug] [Application] service: Tripolygon.UModeler.UI.IApplicationUtilityService = Tripolygon.UModeler.Editor.UI.UnityEditorApplicationUtilityService
[2025-11-12 오후 10:09:08] [Debug] [Application] service: Tripolygon.UModeler.Editor.UI.ApplicationSettings = Tripolygon.UModeler.Editor.UI.ApplicationSettings
[2025-11-12 오후 10:09:08] [Debug] [Application] service: Tripolygon.UModeler.UI.ITextureProvider = Tripolygon.UModeler.Editor.UI.UnityEditorTextureProvider
[2025-11-12 오후 10:09:08] [Debug] [Application] service: Tripolygon.UModeler.Hub.Resources.IResourcesApiProvider = Tripolygon.UModeler.Hub.ResourcesApiProviderService
[2025-11-12 오후 10:09:08] [Debug] [Application] service: Tripolygon.UModeler.Hub.HubFlashService = Tripolygon.UModeler.Hub.HubFlashService
[2025-11-12 오후 10:09:08] [Debug] [Application] service: Tripolygon.UModeler.Hub.IHubAnalyticsService = Tripolygon.UModeler.Hub.HubAnalyticsService
[2025-11-12 오후 10:09:08] [Debug] [Application] service: Tripolygon.UModeler.Hub.VSAttributionService = Tripolygon.UModeler.Hub.VSAttributionService
[2025-11-12 오후 10:09:08] [Debug] [Application] service: Tripolygon.UModeler.Hub.Notifications.UpdateHubNotifier = Tripolygon.UModeler.Hub.Notifications.UpdateHubNotifier
[2025-11-12 오후 10:09:08] [Debug] [Application] service: Tripolygon.UModeler.Hub.Notifications.UpdateProductNotifier = Tripolygon.UModeler.Hub.Notifications.UpdateProductNotifier
[2025-11-12 오후 10:09:08] [Debug] [Application] service: Tripolygon.UModeler.Hub.INoticeService = Tripolygon.UModeler.Hub.Noticies.NoticeService
[2025-11-12 오후 10:09:08] [Debug] [Application] service: Tripolygon.UModeler.Hub.Views.SceneViews.HubSceneViewService = Tripolygon.UModeler.Hub.Views.SceneViews.HubSceneViewService
[2025-11-12 오후 10:09:10] [Debug] [Application] Initialize: isReloading=True
[2025-11-12 오후 10:09:10] [Debug] [Application] Service Initialize: Tripolygon.UModeler.Hub.HubAuthentication
[2025-11-12 오후 10:09:10] [Debug] [Application] Service Initialize: Tripolygon.UModeler.Editor.UI.UnityEditorApplicationCache
[2025-11-12 오후 10:09:10] [Debug] [Application] Service Initialize: Tripolygon.UModeler.Hub.HubService
[2025-11-12 오후 10:09:10] [Debug] [Application] Service Initialize: Tripolygon.UModeler.Editor.UI.UnityEditorApplicationUtilityService
[2025-11-12 오후 10:09:10] [Debug] [Application] Service Initialize: Tripolygon.UModeler.Hub.HubFlashService
[2025-11-12 오후 10:09:10] [Debug] [HubAnalytics] PosthogClient.SetAutoFlush: Value Changed: True
[2025-11-12 오후 10:09:10] [Debug] [Application] Service Initialize: Tripolygon.UModeler.Hub.HubAnalyticsService
[2025-11-12 오후 10:09:10] [Debug] [Application] Service Initialize: Tripolygon.UModeler.Hub.VSAttributionService
[2025-11-12 오후 10:09:10] [Debug] [Application] Service Initialize: Tripolygon.UModeler.Hub.Notifications.UpdateHubNotifier
[2025-11-12 오후 10:09:10] [Debug] [Application] Service Initialize: Tripolygon.UModeler.Hub.Notifications.UpdateProductNotifier
[2025-11-12 오후 10:09:10] [Debug] [Application] Service Initialize: Tripolygon.UModeler.Hub.Noticies.NoticeService
[2025-11-12 오후 10:09:10] [Debug] [Application] Service Initialize: Tripolygon.UModeler.Hub.Views.SceneViews.HubSceneViewService
[2025-11-12 오후 10:09:11] [Debug] [Application] Release: isReloading=True
[2025-11-12 오후 10:09:11] [Debug] [Application] Release: isReloading=True
[2025-11-12 오후 10:09:11] [Debug] [Application] Service Release: Tripolygon.UModeler.Hub.Views.SceneViews.HubSceneViewService
[2025-11-12 오후 10:09:11] [Debug] [Application] Service Release: Tripolygon.UModeler.Hub.Views.SceneViews.HubSceneViewService
[2025-11-12 오후 10:09:11] [Debug] [Application] Service Release: Tripolygon.UModeler.Hub.Noticies.NoticeService
[2025-11-12 오후 10:09:11] [Debug] [Application] Service Release: Tripolygon.UModeler.Hub.Noticies.NoticeService
[2025-11-12 오후 10:09:11] [Debug] [Application] Service Release: Tripolygon.UModeler.Hub.Notifications.UpdateProductNotifier
[2025-11-12 오후 10:09:11] [Debug] [Application] Service Release: Tripolygon.UModeler.Hub.Notifications.UpdateProductNotifier
[2025-11-12 오후 10:09:11] [Debug] [Application] Service Release: Tripolygon.UModeler.Hub.Notifications.UpdateHubNotifier
[2025-11-12 오후 10:09:11] [Debug] [Application] Service Release: Tripolygon.UModeler.Hub.Notifications.UpdateHubNotifier
[2025-11-12 오후 10:09:11] [Debug] [Application] Service Release: Tripolygon.UModeler.Hub.VSAttributionService
[2025-11-12 오후 10:09:11] [Debug] [Application] Service Release: Tripolygon.UModeler.Hub.VSAttributionService
[2025-11-12 오후 10:09:14] [Debug] [Application] service: Tripolygon.UModeler.Hub.HubAuthentication = Tripolygon.UModeler.Hub.HubAuthentication
[2025-11-12 오후 10:09:14] [Debug] ActualHost
[2025-11-12 오후 10:09:14] [Debug] [Application] service: Tripolygon.UModeler.Hub.Resources.IResourcesApiProvider = Tripolygon.UModeler.Hub.ResourcesApiProviderService
[2025-11-12 오후 10:09:14] [Debug] [Application] service: Tripolygon.UModeler.Hub.IHubService = Tripolygon.UModeler.Hub.HubService
[2025-11-12 오후 10:09:14] [Debug] [Application] service: Tripolygon.UModeler.Hub.IHubAnalyticsService = Tripolygon.UModeler.Hub.HubAnalyticsService
[2025-11-12 오후 10:09:14] [Debug] [Application] service: Tripolygon.UModeler.UI.IObjectHierarchyService = Tripolygon.UModeler.Editor.UI.UnityEditorObjectHierarchyService
[2025-11-12 오후 10:09:14] [Debug] [Application] service: Tripolygon.UModeler.Hub.VSAttributionService = Tripolygon.UModeler.Hub.VSAttributionService
[2025-11-12 오후 10:09:14] [Debug] [Application] service: Tripolygon.UModeler.UI.IApplicationUtilityService = Tripolygon.UModeler.Editor.UI.UnityEditorApplicationUtilityService
[2025-11-12 오후 10:09:14] [Debug] [Application] service: Tripolygon.UModeler.Hub.Notifications.UpdateHubNotifier = Tripolygon.UModeler.Hub.Notifications.UpdateHubNotifier
[2025-11-12 오후 10:09:14] [Debug] [Application] service: Tripolygon.UModeler.Editor.UI.ApplicationSettings = Tripolygon.UModeler.Editor.UI.ApplicationSettings
[2025-11-12 오후 10:09:14] [Debug] [Application] service: Tripolygon.UModeler.Hub.Notifications.UpdateProductNotifier = Tripolygon.UModeler.Hub.Notifications.UpdateProductNotifier
[2025-11-12 오후 10:09:14] [Debug] [Application] service: Tripolygon.UModeler.UI.ITextureProvider = Tripolygon.UModeler.Editor.UI.UnityEditorTextureProvider
[2025-11-12 오후 10:09:14] [Debug] [Application] service: Tripolygon.UModeler.Hub.INoticeService = Tripolygon.UModeler.Hub.Noticies.NoticeService
[2025-11-12 오후 10:09:14] [Debug] [Application] service: Tripolygon.UModeler.Hub.Resources.IResourcesApiProvider = Tripolygon.UModeler.Hub.ResourcesApiProviderService
[2025-11-12 오후 10:09:15] [Debug] [Application] Initialize: isReloading=True
[2025-11-12 오후 10:09:14] [Debug] [Application] service: Tripolygon.UModeler.Hub.IHubAnalyticsService = Tripolygon.UModeler.Hub.HubAnalyticsService
[2025-11-12 오후 10:09:15] [Debug] [Application] Service Initialize: Tripolygon.UModeler.Hub.HubAuthentication
[2025-11-12 오후 10:09:14] [Debug] [Application] service: Tripolygon.UModeler.Hub.Notifications.UpdateHubNotifier = Tripolygon.UModeler.Hub.Notifications.UpdateHubNotifier
[2025-11-12 오후 10:09:15] [Debug] [Application] Service Initialize: Tripolygon.UModeler.Editor.UI.UnityEditorApplicationCache
[2025-11-12 오후 10:09:14] [Debug] [Application] service: Tripolygon.UModeler.Hub.INoticeService = Tripolygon.UModeler.Hub.Noticies.NoticeService
[2025-11-12 오후 10:09:14] [Debug] [Application] service: Tripolygon.UModeler.Hub.Views.SceneViews.HubSceneViewService = Tripolygon.UModeler.Hub.Views.SceneViews.HubSceneViewService
[2025-11-12 오후 10:09:15] [Debug] [Application] Service Initialize: Tripolygon.UModeler.Hub.HubService
[2025-11-12 오후 10:09:15] [Debug] [Application] Initialize: isReloading=False
[2025-11-12 오후 10:09:15] [Debug] [Application] Service Initialize: Tripolygon.UModeler.Editor.UI.UnityEditorApplicationUtilityService
[2025-11-12 오후 10:09:15] [Debug] [Application] Service Initialize: Tripolygon.UModeler.Hub.HubAuthentication
[2025-11-12 오후 10:09:15] [Debug] [Application] Service Initialize: Tripolygon.UModeler.Hub.HubFlashService
[2025-11-12 오후 10:09:15] [Debug] [Application] Service Initialize: Tripolygon.UModeler.Editor.UI.UnityEditorApplicationCache
[2025-11-12 오후 10:09:15] [Debug] [HubAnalytics] PosthogClient.SetAutoFlush: Value Changed: True
[2025-11-12 오후 10:09:15] [Debug] [Application] Service Initialize: Tripolygon.UModeler.Hub.HubService
[2025-11-12 오후 10:09:15] [Debug] [Application] Service Initialize: Tripolygon.UModeler.Editor.UI.UnityEditorApplicationUtilityService
[2025-11-12 오후 10:09:15] [Debug] [Application] Service Initialize: Tripolygon.UModeler.Hub.HubFlashService
[2025-11-12 오후 10:09:15] [Debug] [Application] Service Initialize: Tripolygon.UModeler.Hub.HubAnalyticsService
[2025-11-12 오후 10:09:15] [Debug] [HubAnalytics] PosthogClient.SetAutoFlush: Value Changed: True
[2025-11-12 오후 10:09:16] [Debug] [Application] Service Initialize: Tripolygon.UModeler.Hub.VSAttributionService
[2025-11-12 오후 10:09:16] [Debug] [Application] Service Initialize: Tripolygon.UModeler.Hub.Notifications.UpdateHubNotifier
[2025-11-12 오후 10:09:16] [Debug] [Application] Service Initialize: Tripolygon.UModeler.Hub.Notifications.UpdateProductNotifier
[2025-11-12 오후 10:09:16] [Debug] [Application] Service Initialize: Tripolygon.UModeler.Hub.HubAnalyticsService
[2025-11-12 오후 10:09:16] [Debug] [Application] Service Initialize: Tripolygon.UModeler.Hub.Noticies.NoticeService
[2025-11-12 오후 10:09:16] [Debug] [Application] Service Initialize: Tripolygon.UModeler.Hub.VSAttributionService
[2025-11-12 오후 10:09:16] [Debug] [Application] Service Initialize: Tripolygon.UModeler.Hub.Views.SceneViews.HubSceneViewService
[2025-11-12 오후 10:09:16] [Debug] [Application] Service Initialize: Tripolygon.UModeler.Hub.Notifications.UpdateHubNotifier
[2025-11-12 오후 10:09:16] [Debug] [Application] Service Initialize: Tripolygon.UModeler.Hub.Notifications.UpdateProductNotifier
[2025-11-12 오후 10:09:16] [Debug] [Application] Service Initialize: Tripolygon.UModeler.Hub.Noticies.NoticeService
[2025-11-12 오후 10:09:16] [Debug] [Application] Service Initialize: Tripolygon.UModeler.Hub.Views.SceneViews.HubSceneViewService
[2025-11-12 오후 10:10:18] [Debug] [Application] Release: isReloading=True
[2025-11-12 오후 10:10:18] [Debug] [Application] Service Release: Tripolygon.UModeler.Hub.Views.SceneViews.HubSceneViewService
[2025-11-12 오후 10:10:18] [Debug] [Application] Service Release: Tripolygon.UModeler.Hub.Noticies.NoticeService
[2025-11-12 오후 10:10:18] [Debug] [Application] Service Release: Tripolygon.UModeler.Hub.Notifications.UpdateProductNotifier
[2025-11-12 오후 10:10:18] [Debug] [Application] Service Release: Tripolygon.UModeler.Hub.Notifications.UpdateHubNotifier
[2025-11-12 오후 10:10:18] [Debug] [Application] Service Release: Tripolygon.UModeler.Hub.VSAttributionService
[2025-11-12 오후 10:10:18] [Debug] [HubAnalytics] PosthogClient.SetAutoFlush: Value Changed: False
[2025-11-12 오후 10:10:18] [Debug] [Application] Service Release: Tripolygon.UModeler.Hub.HubAnalyticsService
[2025-11-12 오후 10:10:18] [Debug] [Application] Service Release: Tripolygon.UModeler.Hub.HubFlashService
[2025-11-12 오후 10:10:18] [Debug] [Application] Service Release: Tripolygon.UModeler.Editor.UI.UnityEditorApplicationUtilityService
[2025-11-12 오후 10:10:18] [Debug] [Application] Service Release: Tripolygon.UModeler.Hub.HubService
[2025-11-12 오후 10:10:18] [Debug] [Application] Service Release: Tripolygon.UModeler.Editor.UI.UnityEditorApplicationCache
[2025-11-12 오후 10:10:18] [Debug] [Application] Service Release: Tripolygon.UModeler.Hub.HubAuthentication
[2025-11-12 오후 10:10:21] [Debug] [Application] service: Tripolygon.UModeler.Hub.HubAuthentication = Tripolygon.UModeler.Hub.HubAuthentication
[2025-11-12 오후 10:10:21] [Debug] [Application] service: Tripolygon.UModeler.UI.IApplicationCache = Tripolygon.UModeler.Editor.UI.UnityEditorApplicationCache
[2025-11-12 오후 10:10:21] [Debug] ActualHost
[2025-11-12 오후 10:10:21] [Debug] [Application] service: Tripolygon.UModeler.Hub.IHubService = Tripolygon.UModeler.Hub.HubService
[2025-11-12 오후 10:10:21] [Debug] [Application] service: Tripolygon.UModeler.Authentication.IAuthenticationApiProvider = Tripolygon.UModeler.Editor.AuthenticationApiProviderService
[2025-11-12 오후 10:10:21] [Debug] [Application] service: Tripolygon.UModeler.UI.IObjectHierarchyService = Tripolygon.UModeler.Editor.UI.UnityEditorObjectHierarchyService
[2025-11-12 오후 10:10:21] [Debug] [Application] service: Tripolygon.UModeler.UI.IApplicationUtilityService = Tripolygon.UModeler.Editor.UI.UnityEditorApplicationUtilityService
[2025-11-12 오후 10:10:21] [Debug] [Application] service: Tripolygon.UModeler.Editor.UI.ApplicationSettings = Tripolygon.UModeler.Editor.UI.ApplicationSettings
[2025-11-12 오후 10:10:21] [Debug] [Application] service: Tripolygon.UModeler.UI.ITextureProvider = Tripolygon.UModeler.Editor.UI.UnityEditorTextureProvider
[2025-11-12 오후 10:10:21] [Debug] [Application] service: Tripolygon.UModeler.Hub.Resources.IResourcesApiProvider = Tripolygon.UModeler.Hub.ResourcesApiProviderService
[2025-11-12 오후 10:10:21] [Debug] [Application] service: Tripolygon.UModeler.Hub.HubFlashService = Tripolygon.UModeler.Hub.HubFlashService
[2025-11-12 오후 10:10:21] [Debug] [Application] service: Tripolygon.UModeler.Hub.IHubAnalyticsService = Tripolygon.UModeler.Hub.HubAnalyticsService
[2025-11-12 오후 10:10:21] [Debug] [Application] service: Tripolygon.UModeler.Hub.VSAttributionService = Tripolygon.UModeler.Hub.VSAttributionService
[2025-11-12 오후 10:10:21] [Debug] [Application] service: Tripolygon.UModeler.Hub.Notifications.UpdateHubNotifier = Tripolygon.UModeler.Hub.Notifications.UpdateHubNotifier
[2025-11-12 오후 10:10:21] [Debug] [Application] service: Tripolygon.UModeler.Hub.Notifications.UpdateProductNotifier = Tripolygon.UModeler.Hub.Notifications.UpdateProductNotifier
[2025-11-12 오후 10:10:21] [Debug] [Application] service: Tripolygon.UModeler.Hub.INoticeService = Tripolygon.UModeler.Hub.Noticies.NoticeService
[2025-11-12 오후 10:10:21] [Debug] [Application] service: Tripolygon.UModeler.Hub.Views.SceneViews.HubSceneViewService = Tripolygon.UModeler.Hub.Views.SceneViews.HubSceneViewService
[2025-11-12 오후 10:10:23] [Debug] [Application] Initialize: isReloading=True
[2025-11-12 오후 10:10:23] [Debug] [Application] Service Initialize: Tripolygon.UModeler.Hub.HubAuthentication
[2025-11-12 오후 10:10:23] [Debug] [Application] Service Initialize: Tripolygon.UModeler.Editor.UI.UnityEditorApplicationCache
[2025-11-12 오후 10:10:23] [Debug] [Application] Service Initialize: Tripolygon.UModeler.Hub.HubService
[2025-11-12 오후 10:10:23] [Debug] [Application] Service Initialize: Tripolygon.UModeler.Editor.UI.UnityEditorApplicationUtilityService
[2025-11-12 오후 10:10:23] [Debug] [Application] Service Initialize: Tripolygon.UModeler.Hub.HubFlashService
[2025-11-12 오후 10:10:23] [Debug] [HubAnalytics] PosthogClient.SetAutoFlush: Value Changed: True
[2025-11-12 오후 10:10:23] [Debug] [Application] Service Initialize: Tripolygon.UModeler.Hub.HubAnalyticsService
[2025-11-12 오후 10:10:23] [Debug] [Application] Service Initialize: Tripolygon.UModeler.Hub.VSAttributionService
[2025-11-12 오후 10:10:23] [Debug] [Application] Service Initialize: Tripolygon.UModeler.Hub.Notifications.UpdateHubNotifier
[2025-11-12 오후 10:10:23] [Debug] [Application] Service Initialize: Tripolygon.UModeler.Hub.Notifications.UpdateProductNotifier
[2025-11-12 오후 10:10:23] [Debug] [Application] Service Initialize: Tripolygon.UModeler.Hub.Noticies.NoticeService
[2025-11-12 오후 10:10:23] [Debug] [Application] Service Initialize: Tripolygon.UModeler.Hub.Views.SceneViews.HubSceneViewService
[2025-11-12 오후 10:10:24] [Debug] [Application] Release: isReloading=True
[2025-11-12 오후 10:10:24] [Debug] [Application] Release: isReloading=True
[2025-11-12 오후 10:10:24] [Debug] [Application] Service Release: Tripolygon.UModeler.Hub.Views.SceneViews.HubSceneViewService
[2025-11-12 오후 10:10:24] [Debug] [Application] Service Release: Tripolygon.UModeler.Hub.Views.SceneViews.HubSceneViewService
[2025-11-12 오후 10:10:24] [Debug] [Application] Service Release: Tripolygon.UModeler.Hub.Noticies.NoticeService
[2025-11-12 오후 10:10:24] [Debug] [Application] Service Release: Tripolygon.UModeler.Hub.Noticies.NoticeService
[2025-11-12 오후 10:10:24] [Debug] [Application] Service Release: Tripolygon.UModeler.Hub.Notifications.UpdateProductNotifier
[2025-11-12 오후 10:10:24] [Debug] [Application] Service Release: Tripolygon.UModeler.Hub.Notifications.UpdateProductNotifier
[2025-11-12 오후 10:10:24] [Debug] [Application] Service Release: Tripolygon.UModeler.Hub.Notifications.UpdateHubNotifier
[2025-11-12 오후 10:10:24] [Debug] [Application] Service Release: Tripolygon.UModeler.Hub.Notifications.UpdateHubNotifier
[2025-11-12 오후 10:10:24] [Debug] [Application] Service Release: Tripolygon.UModeler.Hub.VSAttributionService
[2025-11-12 오후 10:10:24] [Debug] [Application] Service Release: Tripolygon.UModeler.Hub.VSAttributionService
[2025-11-12 오후 10:10:27] [Debug] [Application] service: Tripolygon.UModeler.Hub.HubAuthentication = Tripolygon.UModeler.Hub.HubAuthentication
[2025-11-12 오후 10:10:27] [Debug] [Application] service: Tripolygon.UModeler.Hub.HubAuthentication = Tripolygon.UModeler.Hub.HubAuthentication
[2025-11-12 오후 10:10:27] [Debug] [Application] service: Tripolygon.UModeler.Hub.HubFlashService = Tripolygon.UModeler.Hub.HubFlashService
[2025-11-12 오후 10:10:27] [Debug] [Application] service: Tripolygon.UModeler.UI.IApplicationCache = Tripolygon.UModeler.Editor.UI.UnityEditorApplicationCache
[2025-11-12 오후 10:10:27] [Debug] [Application] service: Tripolygon.UModeler.Hub.VSAttributionService = Tripolygon.UModeler.Hub.VSAttributionService
[2025-11-12 오후 10:10:27] [Debug] [Application] service: Tripolygon.UModeler.Hub.IHubService = Tripolygon.UModeler.Hub.HubService
[2025-11-12 오후 10:10:27] [Debug] [Application] service: Tripolygon.UModeler.Hub.Notifications.UpdateProductNotifier = Tripolygon.UModeler.Hub.Notifications.UpdateProductNotifier
[2025-11-12 오후 10:10:27] [Debug] [Application] service: Tripolygon.UModeler.UI.IObjectHierarchyService = Tripolygon.UModeler.Editor.UI.UnityEditorObjectHierarchyService
[2025-11-12 오후 10:10:27] [Debug] [Application] service: Tripolygon.UModeler.Hub.Views.SceneViews.HubSceneViewService = Tripolygon.UModeler.Hub.Views.SceneViews.HubSceneViewService
[2025-11-12 오후 10:10:27] [Debug] [Application] service: Tripolygon.UModeler.Editor.UI.ApplicationSettings = Tripolygon.UModeler.Editor.UI.ApplicationSettings
[2025-11-12 오후 10:10:28] [Debug] [Application] Initialize: isReloading=True
[2025-11-12 오후 10:10:27] [Debug] [Application] service: Tripolygon.UModeler.UI.ITextureProvider = Tripolygon.UModeler.Editor.UI.UnityEditorTextureProvider
[2025-11-12 오후 10:10:28] [Debug] [Application] Service Initialize: Tripolygon.UModeler.Hub.HubAuthentication
[2025-11-12 오후 10:10:27] [Debug] [Application] service: Tripolygon.UModeler.Hub.HubFlashService = Tripolygon.UModeler.Hub.HubFlashService
[2025-11-12 오후 10:10:28] [Debug] [Application] Service Initialize: Tripolygon.UModeler.Editor.UI.UnityEditorApplicationCache
[2025-11-12 오후 10:10:27] [Debug] [Application] service: Tripolygon.UModeler.Hub.IHubAnalyticsService = Tripolygon.UModeler.Hub.HubAnalyticsService
[2025-11-12 오후 10:10:27] [Debug] [Application] service: Tripolygon.UModeler.Hub.VSAttributionService = Tripolygon.UModeler.Hub.VSAttributionService
[2025-11-12 오후 10:10:28] [Debug] [Application] Service Initialize: Tripolygon.UModeler.Hub.HubService
[2025-11-12 오후 10:10:27] [Debug] [Application] service: Tripolygon.UModeler.Hub.Notifications.UpdateHubNotifier = Tripolygon.UModeler.Hub.Notifications.UpdateHubNotifier
[2025-11-12 오후 10:10:28] [Debug] [Application] Service Initialize: Tripolygon.UModeler.Editor.UI.UnityEditorApplicationUtilityService
[2025-11-12 오후 10:10:27] [Debug] [Application] service: Tripolygon.UModeler.Hub.INoticeService = Tripolygon.UModeler.Hub.Noticies.NoticeService
[2025-11-12 오후 10:10:28] [Debug] [Application] Service Initialize: Tripolygon.UModeler.Hub.HubFlashService
[2025-11-12 오후 10:10:28] [Debug] [Application] Initialize: isReloading=False
[2025-11-12 오후 10:10:29] [Debug] [HubAnalytics] PosthogClient.SetAutoFlush: Value Changed: True
[2025-11-12 오후 10:10:29] [Debug] [Application] Service Initialize: Tripolygon.UModeler.Hub.HubAuthentication
[2025-11-12 오후 10:10:29] [Debug] [Application] Service Initialize: Tripolygon.UModeler.Editor.UI.UnityEditorApplicationCache
[2025-11-12 오후 10:10:29] [Debug] [Application] Service Initialize: Tripolygon.UModeler.Hub.HubService
[2025-11-12 오후 10:10:29] [Debug] [Application] Service Initialize: Tripolygon.UModeler.Hub.HubAnalyticsService
[2025-11-12 오후 10:10:29] [Debug] [Application] Service Initialize: Tripolygon.UModeler.Editor.UI.UnityEditorApplicationUtilityService
[2025-11-12 오후 10:10:29] [Debug] [Application] Service Initialize: Tripolygon.UModeler.Hub.VSAttributionService
[2025-11-12 오후 10:10:29] [Debug] [Application] Service Initialize: Tripolygon.UModeler.Hub.HubFlashService
[2025-11-12 오후 10:10:29] [Debug] [Application] Service Initialize: Tripolygon.UModeler.Hub.Notifications.UpdateHubNotifier
[2025-11-12 오후 10:10:29] [Debug] [HubAnalytics] PosthogClient.SetAutoFlush: Value Changed: True
[2025-11-12 오후 10:10:29] [Debug] [Application] Service Initialize: Tripolygon.UModeler.Hub.Notifications.UpdateProductNotifier
[2025-11-12 오후 10:10:29] [Debug] [Application] Service Initialize: Tripolygon.UModeler.Hub.Noticies.NoticeService
[2025-11-12 오후 10:10:29] [Debug] [Application] Service Initialize: Tripolygon.UModeler.Hub.Views.SceneViews.HubSceneViewService
[2025-11-12 오후 10:10:29] [Debug] [Application] Service Initialize: Tripolygon.UModeler.Hub.HubAnalyticsService
[2025-11-12 오후 10:10:29] [Debug] [Application] Service Initialize: Tripolygon.UModeler.Hub.VSAttributionService
[2025-11-12 오후 10:10:29] [Debug] [Application] Service Initialize: Tripolygon.UModeler.Hub.Notifications.UpdateHubNotifier
[2025-11-12 오후 10:10:29] [Debug] [Application] Service Initialize: Tripolygon.UModeler.Hub.Notifications.UpdateProductNotifier
[2025-11-12 오후 10:10:29] [Debug] [Application] Service Initialize: Tripolygon.UModeler.Hub.Noticies.NoticeService
[2025-11-12 오후 10:10:29] [Debug] [Application] Service Initialize: Tripolygon.UModeler.Hub.Views.SceneViews.HubSceneViewService
[2025-11-12 오후 10:11:33] [Debug] [Application] Release: isReloading=True
[2025-11-12 오후 10:11:33] [Debug] [Application] Service Release: Tripolygon.UModeler.Hub.Views.SceneViews.HubSceneViewService
[2025-11-12 오후 10:11:33] [Debug] [Application] Service Release: Tripolygon.UModeler.Hub.Noticies.NoticeService
[2025-11-12 오후 10:11:33] [Debug] [Application] Service Release: Tripolygon.UModeler.Hub.Notifications.UpdateProductNotifier
[2025-11-12 오후 10:11:33] [Debug] [Application] Service Release: Tripolygon.UModeler.Hub.Notifications.UpdateHubNotifier
[2025-11-12 오후 10:11:33] [Debug] [Application] Service Release: Tripolygon.UModeler.Hub.VSAttributionService
[2025-11-12 오후 10:11:33] [Debug] [HubAnalytics] PosthogClient.SetAutoFlush: Value Changed: False
[2025-11-12 오후 10:11:33] [Debug] [Application] Service Release: Tripolygon.UModeler.Hub.HubAnalyticsService
[2025-11-12 오후 10:11:33] [Debug] [Application] Service Release: Tripolygon.UModeler.Hub.HubFlashService
[2025-11-12 오후 10:11:33] [Debug] [Application] Service Release: Tripolygon.UModeler.Editor.UI.UnityEditorApplicationUtilityService
[2025-11-12 오후 10:11:33] [Debug] [Application] Service Release: Tripolygon.UModeler.Hub.HubService
[2025-11-12 오후 10:11:33] [Debug] [Application] Service Release: Tripolygon.UModeler.Editor.UI.UnityEditorApplicationCache
[2025-11-12 오후 10:11:33] [Debug] [Application] Service Release: Tripolygon.UModeler.Hub.HubAuthentication
[2025-11-12 오후 10:11:37] [Debug] [Application] service: Tripolygon.UModeler.Hub.HubAuthentication = Tripolygon.UModeler.Hub.HubAuthentication
[2025-11-12 오후 10:11:37] [Debug] [Application] service: Tripolygon.UModeler.UI.IApplicationCache = Tripolygon.UModeler.Editor.UI.UnityEditorApplicationCache
[2025-11-12 오후 10:11:37] [Debug] ActualHost
[2025-11-12 오후 10:11:37] [Debug] [Application] service: Tripolygon.UModeler.Hub.IHubService = Tripolygon.UModeler.Hub.HubService
[2025-11-12 오후 10:11:37] [Debug] [Application] service: Tripolygon.UModeler.Authentication.IAuthenticationApiProvider = Tripolygon.UModeler.Editor.AuthenticationApiProviderService
[2025-11-12 오후 10:11:37] [Debug] [Application] service: Tripolygon.UModeler.UI.IObjectHierarchyService = Tripolygon.UModeler.Editor.UI.UnityEditorObjectHierarchyService
[2025-11-12 오후 10:11:37] [Debug] [Application] service: Tripolygon.UModeler.UI.IApplicationUtilityService = Tripolygon.UModeler.Editor.UI.UnityEditorApplicationUtilityService
[2025-11-12 오후 10:11:37] [Debug] [Application] service: Tripolygon.UModeler.Editor.UI.ApplicationSettings = Tripolygon.UModeler.Editor.UI.ApplicationSettings
[2025-11-12 오후 10:11:37] [Debug] [Application] service: Tripolygon.UModeler.UI.ITextureProvider = Tripolygon.UModeler.Editor.UI.UnityEditorTextureProvider
[2025-11-12 오후 10:11:37] [Debug] [Application] service: Tripolygon.UModeler.Hub.Resources.IResourcesApiProvider = Tripolygon.UModeler.Hub.ResourcesApiProviderService
[2025-11-12 오후 10:11:37] [Debug] [Application] service: Tripolygon.UModeler.Hub.HubFlashService = Tripolygon.UModeler.Hub.HubFlashService
[2025-11-12 오후 10:11:37] [Debug] [Application] service: Tripolygon.UModeler.Hub.IHubAnalyticsService = Tripolygon.UModeler.Hub.HubAnalyticsService
[2025-11-12 오후 10:11:37] [Debug] [Application] service: Tripolygon.UModeler.Hub.VSAttributionService = Tripolygon.UModeler.Hub.VSAttributionService
[2025-11-12 오후 10:11:37] [Debug] [Application] service: Tripolygon.UModeler.Hub.Notifications.UpdateHubNotifier = Tripolygon.UModeler.Hub.Notifications.UpdateHubNotifier
[2025-11-12 오후 10:11:37] [Debug] [Application] service: Tripolygon.UModeler.Hub.Notifications.UpdateProductNotifier = Tripolygon.UModeler.Hub.Notifications.UpdateProductNotifier
[2025-11-12 오후 10:11:37] [Debug] [Application] service: Tripolygon.UModeler.Hub.INoticeService = Tripolygon.UModeler.Hub.Noticies.NoticeService
[2025-11-12 오후 10:11:37] [Debug] [Application] service: Tripolygon.UModeler.Hub.Views.SceneViews.HubSceneViewService = Tripolygon.UModeler.Hub.Views.SceneViews.HubSceneViewService
[2025-11-12 오후 10:11:38] [Debug] [Application] Initialize: isReloading=True
[2025-11-12 오후 10:11:39] [Debug] [Application] Service Initialize: Tripolygon.UModeler.Hub.HubAuthentication
[2025-11-12 오후 10:11:39] [Debug] [Application] Service Initialize: Tripolygon.UModeler.Editor.UI.UnityEditorApplicationCache
[2025-11-12 오후 10:11:39] [Debug] [Application] Service Initialize: Tripolygon.UModeler.Hub.HubService
[2025-11-12 오후 10:11:39] [Debug] [Application] Service Initialize: Tripolygon.UModeler.Editor.UI.UnityEditorApplicationUtilityService
[2025-11-12 오후 10:11:39] [Debug] [Application] Service Initialize: Tripolygon.UModeler.Hub.HubFlashService
[2025-11-12 오후 10:11:39] [Debug] [HubAnalytics] PosthogClient.SetAutoFlush: Value Changed: True
[2025-11-12 오후 10:11:39] [Debug] [Application] Service Initialize: Tripolygon.UModeler.Hub.HubAnalyticsService
[2025-11-12 오후 10:11:39] [Debug] [Application] Service Initialize: Tripolygon.UModeler.Hub.VSAttributionService
[2025-11-12 오후 10:11:39] [Debug] [Application] Service Initialize: Tripolygon.UModeler.Hub.Notifications.UpdateHubNotifier
[2025-11-12 오후 10:11:39] [Debug] [Application] Service Initialize: Tripolygon.UModeler.Hub.Notifications.UpdateProductNotifier
[2025-11-12 오후 10:11:39] [Debug] [Application] Service Initialize: Tripolygon.UModeler.Hub.Noticies.NoticeService
[2025-11-12 오후 10:11:39] [Debug] [Application] Service Initialize: Tripolygon.UModeler.Hub.Views.SceneViews.HubSceneViewService
[2025-11-12 오후 10:11:40] [Debug] [Application] Release: isReloading=True
[2025-11-12 오후 10:11:40] [Debug] [Application] Release: isReloading=True
[2025-11-12 오후 10:11:40] [Debug] [Application] Service Release: Tripolygon.UModeler.Hub.Views.SceneViews.HubSceneViewService
[2025-11-12 오후 10:11:40] [Debug] [Application] Service Release: Tripolygon.UModeler.Hub.Views.SceneViews.HubSceneViewService
[2025-11-12 오후 10:11:40] [Debug] [Application] Service Release: Tripolygon.UModeler.Hub.Noticies.NoticeService
[2025-11-12 오후 10:11:40] [Debug] [Application] Service Release: Tripolygon.UModeler.Hub.Noticies.NoticeService
[2025-11-12 오후 10:11:40] [Debug] [Application] Service Release: Tripolygon.UModeler.Hub.Notifications.UpdateProductNotifier
[2025-11-12 오후 10:11:40] [Debug] [Application] Service Release: Tripolygon.UModeler.Hub.Notifications.UpdateProductNotifier
[2025-11-12 오후 10:11:40] [Debug] [Application] Service Release: Tripolygon.UModeler.Hub.Notifications.UpdateHubNotifier
[2025-11-12 오후 10:11:40] [Debug] [Application] Service Release: Tripolygon.UModeler.Hub.Notifications.UpdateHubNotifier
[2025-11-12 오후 10:11:40] [Debug] [Application] Service Release: Tripolygon.UModeler.Hub.VSAttributionService
[2025-11-12 오후 10:11:40] [Debug] [Application] Service Release: Tripolygon.UModeler.Hub.VSAttributionService
[2025-11-12 오후 10:11:42] [Debug] [Application] service: Tripolygon.UModeler.Hub.HubAuthentication = Tripolygon.UModeler.Hub.HubAuthentication
[2025-11-12 오후 10:11:42] [Debug] [Application] service: Tripolygon.UModeler.UI.IApplicationCache = Tripolygon.UModeler.Editor.UI.UnityEditorApplicationCache
[2025-11-12 오후 10:11:43] [Debug] [Application] service: Tripolygon.UModeler.Hub.HubAuthentication = Tripolygon.UModeler.Hub.HubAuthentication
[2025-11-12 오후 10:11:43] [Debug] [Application] service: Tripolygon.UModeler.Hub.HubFlashService = Tripolygon.UModeler.Hub.HubFlashService
[2025-11-12 오후 10:11:43] [Debug] ActualHost
[2025-11-12 오후 10:11:43] [Debug] [Application] service: Tripolygon.UModeler.Hub.VSAttributionService = Tripolygon.UModeler.Hub.VSAttributionService
[2025-11-12 오후 10:11:43] [Debug] [Application] service: Tripolygon.UModeler.Hub.IHubService = Tripolygon.UModeler.Hub.HubService
[2025-11-12 오후 10:11:43] [Debug] [Application] service: Tripolygon.UModeler.Hub.Notifications.UpdateHubNotifier = Tripolygon.UModeler.Hub.Notifications.UpdateHubNotifier
[2025-11-12 오후 10:11:43] [Debug] [Application] service: Tripolygon.UModeler.UI.IObjectHierarchyService = Tripolygon.UModeler.Editor.UI.UnityEditorObjectHierarchyService
[2025-11-12 오후 10:11:43] [Debug] [Application] service: Tripolygon.UModeler.Hub.INoticeService = Tripolygon.UModeler.Hub.Noticies.NoticeService
[2025-11-12 오후 10:11:43] [Debug] [Application] service: Tripolygon.UModeler.Editor.UI.ApplicationSettings = Tripolygon.UModeler.Editor.UI.ApplicationSettings
[2025-11-12 오후 10:11:44] [Debug] [Application] Initialize: isReloading=True
[2025-11-12 오후 10:11:43] [Debug] [Application] service: Tripolygon.UModeler.UI.ITextureProvider = Tripolygon.UModeler.Editor.UI.UnityEditorTextureProvider
[2025-11-12 오후 10:11:44] [Debug] [Application] Service Initialize: Tripolygon.UModeler.Hub.HubAuthentication
[2025-11-12 오후 10:11:43] [Debug] [Application] service: Tripolygon.UModeler.Hub.HubFlashService = Tripolygon.UModeler.Hub.HubFlashService
[2025-11-12 오후 10:11:44] [Debug] [Application] Service Initialize: Tripolygon.UModeler.Editor.UI.UnityEditorApplicationCache
[2025-11-12 오후 10:11:43] [Debug] [Application] service: Tripolygon.UModeler.Hub.VSAttributionService = Tripolygon.UModeler.Hub.VSAttributionService
[2025-11-12 오후 10:11:43] [Debug] [Application] service: Tripolygon.UModeler.Hub.Notifications.UpdateHubNotifier = Tripolygon.UModeler.Hub.Notifications.UpdateHubNotifier
[2025-11-12 오후 10:11:44] [Debug] [Application] Service Initialize: Tripolygon.UModeler.Hub.HubService
[2025-11-12 오후 10:11:43] [Debug] [Application] service: Tripolygon.UModeler.Hub.INoticeService = Tripolygon.UModeler.Hub.Noticies.NoticeService
[2025-11-12 오후 10:11:44] [Debug] [Application] Service Initialize: Tripolygon.UModeler.Editor.UI.UnityEditorApplicationUtilityService
[2025-11-12 오후 10:11:43] [Debug] [Application] service: Tripolygon.UModeler.Hub.Views.SceneViews.HubSceneViewService = Tripolygon.UModeler.Hub.Views.SceneViews.HubSceneViewService
[2025-11-12 오후 10:11:44] [Debug] [Application] Service Initialize: Tripolygon.UModeler.Hub.HubFlashService
[2025-11-12 오후 10:11:44] [Debug] [Application] Initialize: isReloading=False
[2025-11-12 오후 10:11:44] [Debug] [Application] Service Initialize: Tripolygon.UModeler.Hub.HubAuthentication
[2025-11-12 오후 10:11:44] [Debug] [HubAnalytics] PosthogClient.SetAutoFlush: Value Changed: True
[2025-11-12 오후 10:11:44] [Debug] [Application] Service Initialize: Tripolygon.UModeler.Editor.UI.UnityEditorApplicationCache
[2025-11-12 오후 10:11:44] [Debug] [Application] Service Initialize: Tripolygon.UModeler.Hub.HubService
[2025-11-12 오후 10:11:44] [Debug] [Application] Service Initialize: Tripolygon.UModeler.Editor.UI.UnityEditorApplicationUtilityService
[2025-11-12 오후 10:11:44] [Debug] [Application] Service Initialize: Tripolygon.UModeler.Hub.HubAnalyticsService
[2025-11-12 오후 10:11:44] [Debug] [Application] Service Initialize: Tripolygon.UModeler.Hub.HubFlashService
[2025-11-12 오후 10:11:44] [Debug] [Application] Service Initialize: Tripolygon.UModeler.Hub.VSAttributionService
[2025-11-12 오후 10:11:44] [Debug] [Application] Service Initialize: Tripolygon.UModeler.Hub.Notifications.UpdateHubNotifier
[2025-11-12 오후 10:11:44] [Debug] [HubAnalytics] PosthogClient.SetAutoFlush: Value Changed: True
[2025-11-12 오후 10:11:44] [Debug] [Application] Service Initialize: Tripolygon.UModeler.Hub.Notifications.UpdateProductNotifier
[2025-11-12 오후 10:11:44] [Debug] [Application] Service Initialize: Tripolygon.UModeler.Hub.Noticies.NoticeService
[2025-11-12 오후 10:11:44] [Debug] [Application] Service Initialize: Tripolygon.UModeler.Hub.Views.SceneViews.HubSceneViewService
[2025-11-12 오후 10:11:44] [Debug] [Application] Service Initialize: Tripolygon.UModeler.Hub.HubAnalyticsService
[2025-11-12 오후 10:11:44] [Debug] [Application] Service Initialize: Tripolygon.UModeler.Hub.VSAttributionService
[2025-11-12 오후 10:11:44] [Debug] [Application] Service Initialize: Tripolygon.UModeler.Hub.Notifications.UpdateHubNotifier
[2025-11-12 오후 10:11:44] [Debug] [Application] Service Initialize: Tripolygon.UModeler.Hub.Notifications.UpdateProductNotifier
[2025-11-12 오후 10:11:44] [Debug] [Application] Service Initialize: Tripolygon.UModeler.Hub.Noticies.NoticeService
[2025-11-12 오후 10:11:44] [Debug] [Application] Service Initialize: Tripolygon.UModeler.Hub.Views.SceneViews.HubSceneViewService
[2025-11-12 오후 10:12:04] [Debug] [Application] Release: isReloading=True
[2025-11-12 오후 10:12:04] [Debug] [Application] Service Release: Tripolygon.UModeler.Hub.Views.SceneViews.HubSceneViewService
[2025-11-12 오후 10:12:04] [Debug] [Application] Service Release: Tripolygon.UModeler.Hub.Noticies.NoticeService
[2025-11-12 오후 10:12:04] [Debug] [Application] Service Release: Tripolygon.UModeler.Hub.Notifications.UpdateProductNotifier
[2025-11-12 오후 10:12:05] [Debug] [Application] Service Release: Tripolygon.UModeler.Hub.Notifications.UpdateHubNotifier
[2025-11-12 오후 10:12:05] [Debug] [Application] Service Release: Tripolygon.UModeler.Hub.VSAttributionService
[2025-11-12 오후 10:12:05] [Debug] [HubAnalytics] PosthogClient.SetAutoFlush: Value Changed: False
[2025-11-12 오후 10:12:05] [Debug] [Application] Service Release: Tripolygon.UModeler.Hub.HubAnalyticsService
[2025-11-12 오후 10:12:05] [Debug] [Application] Service Release: Tripolygon.UModeler.Hub.HubFlashService
[2025-11-12 오후 10:12:05] [Debug] [Application] Service Release: Tripolygon.UModeler.Editor.UI.UnityEditorApplicationUtilityService
[2025-11-12 오후 10:12:05] [Debug] [Application] Service Release: Tripolygon.UModeler.Hub.HubService
[2025-11-12 오후 10:12:05] [Debug] [Application] Service Release: Tripolygon.UModeler.Editor.UI.UnityEditorApplicationCache
[2025-11-12 오후 10:12:05] [Debug] [Application] Service Release: Tripolygon.UModeler.Hub.HubAuthentication
[2025-11-12 오후 10:12:08] [Debug] [Application] service: Tripolygon.UModeler.Hub.HubAuthentication = Tripolygon.UModeler.Hub.HubAuthentication
[2025-11-12 오후 10:12:08] [Debug] [Application] service: Tripolygon.UModeler.UI.IApplicationCache = Tripolygon.UModeler.Editor.UI.UnityEditorApplicationCache
[2025-11-12 오후 10:12:08] [Debug] ActualHost
[2025-11-12 오후 10:12:08] [Debug] [Application] service: Tripolygon.UModeler.Hub.IHubService = Tripolygon.UModeler.Hub.HubService
[2025-11-12 오후 10:12:08] [Debug] [Application] service: Tripolygon.UModeler.Authentication.IAuthenticationApiProvider = Tripolygon.UModeler.Editor.AuthenticationApiProviderService
[2025-11-12 오후 10:12:08] [Debug] [Application] service: Tripolygon.UModeler.UI.IObjectHierarchyService = Tripolygon.UModeler.Editor.UI.UnityEditorObjectHierarchyService
[2025-11-12 오후 10:12:08] [Debug] [Application] service: Tripolygon.UModeler.UI.IApplicationUtilityService = Tripolygon.UModeler.Editor.UI.UnityEditorApplicationUtilityService
[2025-11-12 오후 10:12:08] [Debug] [Application] service: Tripolygon.UModeler.Editor.UI.ApplicationSettings = Tripolygon.UModeler.Editor.UI.ApplicationSettings
[2025-11-12 오후 10:12:08] [Debug] [Application] service: Tripolygon.UModeler.UI.ITextureProvider = Tripolygon.UModeler.Editor.UI.UnityEditorTextureProvider
[2025-11-12 오후 10:12:08] [Debug] [Application] service: Tripolygon.UModeler.Hub.Resources.IResourcesApiProvider = Tripolygon.UModeler.Hub.ResourcesApiProviderService
[2025-11-12 오후 10:12:08] [Debug] [Application] service: Tripolygon.UModeler.Hub.HubFlashService = Tripolygon.UModeler.Hub.HubFlashService
[2025-11-12 오후 10:12:08] [Debug] [Application] service: Tripolygon.UModeler.Hub.IHubAnalyticsService = Tripolygon.UModeler.Hub.HubAnalyticsService
[2025-11-12 오후 10:12:08] [Debug] [Application] service: Tripolygon.UModeler.Hub.VSAttributionService = Tripolygon.UModeler.Hub.VSAttributionService
[2025-11-12 오후 10:12:08] [Debug] [Application] service: Tripolygon.UModeler.Hub.Notifications.UpdateHubNotifier = Tripolygon.UModeler.Hub.Notifications.UpdateHubNotifier
[2025-11-12 오후 10:12:08] [Debug] [Application] service: Tripolygon.UModeler.Hub.Notifications.UpdateProductNotifier = Tripolygon.UModeler.Hub.Notifications.UpdateProductNotifier
[2025-11-12 오후 10:12:08] [Debug] [Application] service: Tripolygon.UModeler.Hub.INoticeService = Tripolygon.UModeler.Hub.Noticies.NoticeService
[2025-11-12 오후 10:12:08] [Debug] [Application] service: Tripolygon.UModeler.Hub.Views.SceneViews.HubSceneViewService = Tripolygon.UModeler.Hub.Views.SceneViews.HubSceneViewService
[2025-11-12 오후 10:12:10] [Debug] [Application] Initialize: isReloading=True
[2025-11-12 오후 10:12:10] [Debug] [Application] Service Initialize: Tripolygon.UModeler.Hub.HubAuthentication
[2025-11-12 오후 10:12:10] [Debug] [Application] Service Initialize: Tripolygon.UModeler.Editor.UI.UnityEditorApplicationCache
[2025-11-12 오후 10:12:10] [Debug] [Application] Service Initialize: Tripolygon.UModeler.Hub.HubService
[2025-11-12 오후 10:12:10] [Debug] [Application] Service Initialize: Tripolygon.UModeler.Editor.UI.UnityEditorApplicationUtilityService
[2025-11-12 오후 10:12:10] [Debug] [Application] Service Initialize: Tripolygon.UModeler.Hub.HubFlashService
[2025-11-12 오후 10:12:10] [Debug] [HubAnalytics] PosthogClient.SetAutoFlush: Value Changed: True
[2025-11-12 오후 10:12:10] [Debug] [Application] Service Initialize: Tripolygon.UModeler.Hub.HubAnalyticsService
[2025-11-12 오후 10:12:10] [Debug] [Application] Service Initialize: Tripolygon.UModeler.Hub.VSAttributionService
[2025-11-12 오후 10:12:10] [Debug] [Application] Service Initialize: Tripolygon.UModeler.Hub.Notifications.UpdateHubNotifier
[2025-11-12 오후 10:12:10] [Debug] [Application] Service Initialize: Tripolygon.UModeler.Hub.Notifications.UpdateProductNotifier
[2025-11-12 오후 10:12:10] [Debug] [Application] Service Initialize: Tripolygon.UModeler.Hub.Noticies.NoticeService
[2025-11-12 오후 10:12:10] [Debug] [Application] Service Initialize: Tripolygon.UModeler.Hub.Views.SceneViews.HubSceneViewService
[2025-11-12 오후 10:12:11] [Debug] [Application] Release: isReloading=True
[2025-11-12 오후 10:12:11] [Debug] [Application] Release: isReloading=True
[2025-11-12 오후 10:12:11] [Debug] [Application] Service Release: Tripolygon.UModeler.Hub.Views.SceneViews.HubSceneViewService
[2025-11-12 오후 10:12:11] [Debug] [Application] Service Release: Tripolygon.UModeler.Hub.Views.SceneViews.HubSceneViewService
[2025-11-12 오후 10:12:11] [Debug] [Application] Service Release: Tripolygon.UModeler.Hub.Noticies.NoticeService
[2025-11-12 오후 10:12:11] [Debug] [Application] Service Release: Tripolygon.UModeler.Hub.Noticies.NoticeService
[2025-11-12 오후 10:12:11] [Debug] [Application] Service Release: Tripolygon.UModeler.Hub.Notifications.UpdateProductNotifier
[2025-11-12 오후 10:12:11] [Debug] [Application] Service Release: Tripolygon.UModeler.Hub.Notifications.UpdateProductNotifier
[2025-11-12 오후 10:12:11] [Debug] [Application] Service Release: Tripolygon.UModeler.Hub.Notifications.UpdateHubNotifier
[2025-11-12 오후 10:12:11] [Debug] [Application] Service Release: Tripolygon.UModeler.Hub.Notifications.UpdateHubNotifier
[2025-11-12 오후 10:12:11] [Debug] [Application] Service Release: Tripolygon.UModeler.Hub.VSAttributionService
[2025-11-12 오후 10:12:11] [Debug] [Application] Service Release: Tripolygon.UModeler.Hub.VSAttributionService
[2025-11-12 오후 10:12:14] [Debug] [Application] service: Tripolygon.UModeler.Hub.HubAuthentication = Tripolygon.UModeler.Hub.HubAuthentication
[2025-11-12 오후 10:12:14] [Debug] [Application] service: Tripolygon.UModeler.UI.IApplicationCache = Tripolygon.UModeler.Editor.UI.UnityEditorApplicationCache
[2025-11-12 오후 10:12:14] [Debug] ActualHost
[2025-11-12 오후 10:12:14] [Debug] [Application] service: Tripolygon.UModeler.Hub.IHubService = Tripolygon.UModeler.Hub.HubService
[2025-11-12 오후 10:12:14] [Debug] [Application] service: Tripolygon.UModeler.Hub.HubAuthentication = Tripolygon.UModeler.Hub.HubAuthentication
[2025-11-12 오후 10:12:14] [Debug] [Application] service: Tripolygon.UModeler.Hub.VSAttributionService = Tripolygon.UModeler.Hub.VSAttributionService
[2025-11-12 오후 10:12:14] [Debug] [Application] service: Tripolygon.UModeler.UI.IApplicationCache = Tripolygon.UModeler.Editor.UI.UnityEditorApplicationCache
[2025-11-12 오후 10:12:14] [Debug] [Application] service: Tripolygon.UModeler.Hub.Notifications.UpdateProductNotifier = Tripolygon.UModeler.Hub.Notifications.UpdateProductNotifier
[2025-11-12 오후 10:12:14] [Debug] ActualHost
[2025-11-12 오후 10:12:14] [Debug] [Application] service: Tripolygon.UModeler.Hub.Views.SceneViews.HubSceneViewService = Tripolygon.UModeler.Hub.Views.SceneViews.HubSceneViewService
[2025-11-12 오후 10:12:14] [Debug] [Application] service: Tripolygon.UModeler.Authentication.IAuthenticationApiProvider = Tripolygon.UModeler.Editor.AuthenticationApiProviderService
[2025-11-12 오후 10:12:15] [Debug] [Application] Initialize: isReloading=True
[2025-11-12 오후 10:12:14] [Debug] [Application] service: Tripolygon.UModeler.UI.IObjectHierarchyService = Tripolygon.UModeler.Editor.UI.UnityEditorObjectHierarchyService
[2025-11-12 오후 10:12:15] [Debug] [Application] Service Initialize: Tripolygon.UModeler.Hub.HubAuthentication
[2025-11-12 오후 10:12:14] [Debug] [Application] service: Tripolygon.UModeler.UI.IApplicationUtilityService = Tripolygon.UModeler.Editor.UI.UnityEditorApplicationUtilityService
[2025-11-12 오후 10:12:15] [Debug] [Application] Service Initialize: Tripolygon.UModeler.Editor.UI.UnityEditorApplicationCache
[2025-11-12 오후 10:12:14] [Debug] [Application] service: Tripolygon.UModeler.UI.ITextureProvider = Tripolygon.UModeler.Editor.UI.UnityEditorTextureProvider
[2025-11-12 오후 10:12:14] [Debug] [Application] service: Tripolygon.UModeler.Hub.Resources.IResourcesApiProvider = Tripolygon.UModeler.Hub.ResourcesApiProviderService
[2025-11-12 오후 10:12:15] [Debug] [Application] Service Initialize: Tripolygon.UModeler.Hub.HubService
[2025-11-12 오후 10:12:14] [Debug] [Application] service: Tripolygon.UModeler.Hub.IHubAnalyticsService = Tripolygon.UModeler.Hub.HubAnalyticsService
[2025-11-12 오후 10:12:15] [Debug] [Application] Service Initialize: Tripolygon.UModeler.Editor.UI.UnityEditorApplicationUtilityService
[2025-11-12 오후 10:12:14] [Debug] [Application] service: Tripolygon.UModeler.Hub.VSAttributionService = Tripolygon.UModeler.Hub.VSAttributionService
[2025-11-12 오후 10:12:15] [Debug] [Application] Service Initialize: Tripolygon.UModeler.Hub.HubFlashService
[2025-11-12 오후 10:12:14] [Debug] [Application] service: Tripolygon.UModeler.Hub.Notifications.UpdateProductNotifier = Tripolygon.UModeler.Hub.Notifications.UpdateProductNotifier
[2025-11-12 오후 10:12:14] [Debug] [Application] service: Tripolygon.UModeler.Hub.INoticeService = Tripolygon.UModeler.Hub.Noticies.NoticeService
[2025-11-12 오후 10:12:15] [Debug] [HubAnalytics] PosthogClient.SetAutoFlush: Value Changed: True
[2025-11-12 오후 10:12:14] [Debug] [Application] service: Tripolygon.UModeler.Hub.Views.SceneViews.HubSceneViewService = Tripolygon.UModeler.Hub.Views.SceneViews.HubSceneViewService
[2025-11-12 오후 10:12:15] [Debug] [Application] Initialize: isReloading=False
[2025-11-12 오후 10:12:15] [Debug] [Application] Service Initialize: Tripolygon.UModeler.Hub.HubAuthentication
[2025-11-12 오후 10:12:15] [Debug] [Application] Service Initialize: Tripolygon.UModeler.Editor.UI.UnityEditorApplicationCache
[2025-11-12 오후 10:12:15] [Debug] [Application] Service Initialize: Tripolygon.UModeler.Hub.HubAnalyticsService
[2025-11-12 오후 10:12:15] [Debug] [Application] Service Initialize: Tripolygon.UModeler.Hub.VSAttributionService
[2025-11-12 오후 10:12:15] [Debug] [Application] Service Initialize: Tripolygon.UModeler.Hub.HubService
[2025-11-12 오후 10:12:15] [Debug] [Application] Service Initialize: Tripolygon.UModeler.Hub.Notifications.UpdateHubNotifier
[2025-11-12 오후 10:12:15] [Debug] [Application] Service Initialize: Tripolygon.UModeler.Editor.UI.UnityEditorApplicationUtilityService
[2025-11-12 오후 10:12:15] [Debug] [Application] Service Initialize: Tripolygon.UModeler.Hub.Notifications.UpdateProductNotifier
[2025-11-12 오후 10:12:15] [Debug] [Application] Service Initialize: Tripolygon.UModeler.Hub.HubFlashService
[2025-11-12 오후 10:12:15] [Debug] [Application] Service Initialize: Tripolygon.UModeler.Hub.Noticies.NoticeService
[2025-11-12 오후 10:12:15] [Debug] [HubAnalytics] PosthogClient.SetAutoFlush: Value Changed: True
[2025-11-12 오후 10:12:15] [Debug] [Application] Service Initialize: Tripolygon.UModeler.Hub.Views.SceneViews.HubSceneViewService
[2025-11-12 오후 10:12:15] [Debug] [Application] Service Initialize: Tripolygon.UModeler.Hub.HubAnalyticsService
[2025-11-12 오후 10:12:15] [Debug] [Application] Service Initialize: Tripolygon.UModeler.Hub.VSAttributionService
[2025-11-12 오후 10:12:15] [Debug] [Application] Service Initialize: Tripolygon.UModeler.Hub.Notifications.UpdateHubNotifier
[2025-11-12 오후 10:12:15] [Debug] [Application] Service Initialize: Tripolygon.UModeler.Hub.Notifications.UpdateProductNotifier
[2025-11-12 오후 10:12:15] [Debug] [Application] Service Initialize: Tripolygon.UModeler.Hub.Noticies.NoticeService
[2025-11-12 오후 10:12:15] [Debug] [Application] Service Initialize: Tripolygon.UModeler.Hub.Views.SceneViews.HubSceneViewService
[2025-11-12 오후 10:13:31] [Debug] [Application] Release: isReloading=True
[2025-11-12 오후 10:13:31] [Debug] [Application] Service Release: Tripolygon.UModeler.Hub.Views.SceneViews.HubSceneViewService
[2025-11-12 오후 10:13:31] [Debug] [Application] Service Release: Tripolygon.UModeler.Hub.Noticies.NoticeService
[2025-11-12 오후 10:13:31] [Debug] [Application] Service Release: Tripolygon.UModeler.Hub.Notifications.UpdateProductNotifier
[2025-11-12 오후 10:13:31] [Debug] [Application] Service Release: Tripolygon.UModeler.Hub.Notifications.UpdateHubNotifier
[2025-11-12 오후 10:13:31] [Debug] [Application] Service Release: Tripolygon.UModeler.Hub.VSAttributionService
[2025-11-12 오후 10:13:31] [Debug] [HubAnalytics] PosthogClient.SetAutoFlush: Value Changed: False
[2025-11-12 오후 10:13:31] [Debug] [Application] Service Release: Tripolygon.UModeler.Hub.HubAnalyticsService
[2025-11-12 오후 10:13:31] [Debug] [Application] Service Release: Tripolygon.UModeler.Hub.HubFlashService
[2025-11-12 오후 10:13:31] [Debug] [Application] Service Release: Tripolygon.UModeler.Editor.UI.UnityEditorApplicationUtilityService
[2025-11-12 오후 10:13:31] [Debug] [Application] Service Release: Tripolygon.UModeler.Hub.HubService
[2025-11-12 오후 10:13:31] [Debug] [Application] Service Release: Tripolygon.UModeler.Editor.UI.UnityEditorApplicationCache
[2025-11-12 오후 10:13:31] [Debug] [Application] Service Release: Tripolygon.UModeler.Hub.HubAuthentication
[2025-11-12 오후 10:13:35] [Debug] [Application] service: Tripolygon.UModeler.Hub.HubAuthentication = Tripolygon.UModeler.Hub.HubAuthentication
[2025-11-12 오후 10:13:35] [Debug] [Application] service: Tripolygon.UModeler.UI.IApplicationCache = Tripolygon.UModeler.Editor.UI.UnityEditorApplicationCache
[2025-11-12 오후 10:13:35] [Debug] ActualHost
[2025-11-12 오후 10:13:35] [Debug] [Application] service: Tripolygon.UModeler.Hub.IHubService = Tripolygon.UModeler.Hub.HubService
[2025-11-12 오후 10:13:35] [Debug] [Application] service: Tripolygon.UModeler.Authentication.IAuthenticationApiProvider = Tripolygon.UModeler.Editor.AuthenticationApiProviderService
[2025-11-12 오후 10:13:35] [Debug] [Application] service: Tripolygon.UModeler.UI.IObjectHierarchyService = Tripolygon.UModeler.Editor.UI.UnityEditorObjectHierarchyService
[2025-11-12 오후 10:13:35] [Debug] [Application] service: Tripolygon.UModeler.UI.IApplicationUtilityService = Tripolygon.UModeler.Editor.UI.UnityEditorApplicationUtilityService
[2025-11-12 오후 10:13:35] [Debug] [Application] service: Tripolygon.UModeler.Editor.UI.ApplicationSettings = Tripolygon.UModeler.Editor.UI.ApplicationSettings
[2025-11-12 오후 10:13:35] [Debug] [Application] service: Tripolygon.UModeler.UI.ITextureProvider = Tripolygon.UModeler.Editor.UI.UnityEditorTextureProvider
[2025-11-12 오후 10:13:35] [Debug] [Application] service: Tripolygon.UModeler.Hub.Resources.IResourcesApiProvider = Tripolygon.UModeler.Hub.ResourcesApiProviderService
[2025-11-12 오후 10:13:35] [Debug] [Application] service: Tripolygon.UModeler.Hub.HubFlashService = Tripolygon.UModeler.Hub.HubFlashService
[2025-11-12 오후 10:13:35] [Debug] [Application] service: Tripolygon.UModeler.Hub.IHubAnalyticsService = Tripolygon.UModeler.Hub.HubAnalyticsService
[2025-11-12 오후 10:13:35] [Debug] [Application] service: Tripolygon.UModeler.Hub.VSAttributionService = Tripolygon.UModeler.Hub.VSAttributionService
[2025-11-12 오후 10:13:35] [Debug] [Application] service: Tripolygon.UModeler.Hub.Notifications.UpdateHubNotifier = Tripolygon.UModeler.Hub.Notifications.UpdateHubNotifier
[2025-11-12 오후 10:13:35] [Debug] [Application] service: Tripolygon.UModeler.Hub.Notifications.UpdateProductNotifier = Tripolygon.UModeler.Hub.Notifications.UpdateProductNotifier
[2025-11-12 오후 10:13:35] [Debug] [Application] service: Tripolygon.UModeler.Hub.INoticeService = Tripolygon.UModeler.Hub.Noticies.NoticeService
[2025-11-12 오후 10:13:35] [Debug] [Application] service: Tripolygon.UModeler.Hub.Views.SceneViews.HubSceneViewService = Tripolygon.UModeler.Hub.Views.SceneViews.HubSceneViewService
[2025-11-12 오후 10:13:36] [Debug] [Application] Initialize: isReloading=True
[2025-11-12 오후 10:13:37] [Debug] [Application] Service Initialize: Tripolygon.UModeler.Hub.HubAuthentication
[2025-11-12 오후 10:13:37] [Debug] [Application] Service Initialize: Tripolygon.UModeler.Editor.UI.UnityEditorApplicationCache
[2025-11-12 오후 10:13:37] [Debug] [Application] Service Initialize: Tripolygon.UModeler.Hub.HubService
[2025-11-12 오후 10:13:37] [Debug] [Application] Service Initialize: Tripolygon.UModeler.Editor.UI.UnityEditorApplicationUtilityService
[2025-11-12 오후 10:13:37] [Debug] [Application] Service Initialize: Tripolygon.UModeler.Hub.HubFlashService
[2025-11-12 오후 10:13:37] [Debug] [HubAnalytics] PosthogClient.SetAutoFlush: Value Changed: True
[2025-11-12 오후 10:13:37] [Debug] [Application] Service Initialize: Tripolygon.UModeler.Hub.HubAnalyticsService
[2025-11-12 오후 10:13:37] [Debug] [Application] Service Initialize: Tripolygon.UModeler.Hub.VSAttributionService
[2025-11-12 오후 10:13:37] [Debug] [Application] Service Initialize: Tripolygon.UModeler.Hub.Notifications.UpdateHubNotifier
[2025-11-12 오후 10:13:37] [Debug] [Application] Service Initialize: Tripolygon.UModeler.Hub.Notifications.UpdateProductNotifier
[2025-11-12 오후 10:13:37] [Debug] [Application] Service Initialize: Tripolygon.UModeler.Hub.Noticies.NoticeService
[2025-11-12 오후 10:13:37] [Debug] [Application] Service Initialize: Tripolygon.UModeler.Hub.Views.SceneViews.HubSceneViewService
[2025-11-12 오후 10:13:37] [Debug] [Application] Release: isReloading=True
[2025-11-12 오후 10:13:37] [Debug] [Application] Release: isReloading=True
[2025-11-12 오후 10:13:37] [Debug] [Application] Service Release: Tripolygon.UModeler.Hub.Views.SceneViews.HubSceneViewService
[2025-11-12 오후 10:13:37] [Debug] [Application] Service Release: Tripolygon.UModeler.Hub.Views.SceneViews.HubSceneViewService
[2025-11-12 오후 10:13:38] [Debug] [Application] Service Release: Tripolygon.UModeler.Hub.Noticies.NoticeService
[2025-11-12 오후 10:13:38] [Debug] [Application] Service Release: Tripolygon.UModeler.Hub.Noticies.NoticeService
[2025-11-12 오후 10:13:38] [Debug] [Application] Service Release: Tripolygon.UModeler.Hub.Notifications.UpdateProductNotifier
[2025-11-12 오후 10:13:38] [Debug] [Application] Service Release: Tripolygon.UModeler.Hub.Notifications.UpdateProductNotifier
[2025-11-12 오후 10:13:38] [Debug] [Application] Service Release: Tripolygon.UModeler.Hub.Notifications.UpdateHubNotifier
[2025-11-12 오후 10:13:38] [Debug] [Application] Service Release: Tripolygon.UModeler.Hub.Notifications.UpdateHubNotifier
[2025-11-12 오후 10:13:38] [Debug] [Application] Service Release: Tripolygon.UModeler.Hub.VSAttributionService
[2025-11-12 오후 10:13:38] [Debug] [Application] Service Release: Tripolygon.UModeler.Hub.VSAttributionService
[2025-11-12 오후 10:13:40] [Debug] [Application] service: Tripolygon.UModeler.Hub.HubAuthentication = Tripolygon.UModeler.Hub.HubAuthentication
[2025-11-12 오후 10:13:40] [Debug] [Application] service: Tripolygon.UModeler.UI.IApplicationCache = Tripolygon.UModeler.Editor.UI.UnityEditorApplicationCache
[2025-11-12 오후 10:13:40] [Debug] [Application] service: Tripolygon.UModeler.Hub.HubAuthentication = Tripolygon.UModeler.Hub.HubAuthentication
[2025-11-12 오후 10:13:40] [Debug] [Application] service: Tripolygon.UModeler.Hub.HubFlashService = Tripolygon.UModeler.Hub.HubFlashService
[2025-11-12 오후 10:13:40] [Debug] [Application] service: Tripolygon.UModeler.UI.IApplicationCache = Tripolygon.UModeler.Editor.UI.UnityEditorApplicationCache
[2025-11-12 오후 10:13:41] [Debug] [Application] service: Tripolygon.UModeler.Hub.IHubAnalyticsService = Tripolygon.UModeler.Hub.HubAnalyticsService
[2025-11-12 오후 10:13:40] [Debug] ActualHost
[2025-11-12 오후 10:13:41] [Debug] [Application] service: Tripolygon.UModeler.Hub.VSAttributionService = Tripolygon.UModeler.Hub.VSAttributionService
[2025-11-12 오후 10:13:40] [Debug] [Application] service: Tripolygon.UModeler.Hub.IHubService = Tripolygon.UModeler.Hub.HubService
[2025-11-12 오후 10:13:41] [Debug] [Application] service: Tripolygon.UModeler.Hub.Notifications.UpdateHubNotifier = Tripolygon.UModeler.Hub.Notifications.UpdateHubNotifier
[2025-11-12 오후 10:13:40] [Debug] [Application] service: Tripolygon.UModeler.UI.IObjectHierarchyService = Tripolygon.UModeler.Editor.UI.UnityEditorObjectHierarchyService
[2025-11-12 오후 10:13:41] [Debug] [Application] service: Tripolygon.UModeler.Hub.INoticeService = Tripolygon.UModeler.Hub.Noticies.NoticeService
[2025-11-12 오후 10:13:41] [Debug] [Application] service: Tripolygon.UModeler.Editor.UI.ApplicationSettings = Tripolygon.UModeler.Editor.UI.ApplicationSettings
[2025-11-12 오후 10:13:42] [Debug] [Application] Initialize: isReloading=True
[2025-11-12 오후 10:13:41] [Debug] [Application] service: Tripolygon.UModeler.Hub.Resources.IResourcesApiProvider = Tripolygon.UModeler.Hub.ResourcesApiProviderService
[2025-11-12 오후 10:13:42] [Debug] [Application] Service Initialize: Tripolygon.UModeler.Hub.HubAuthentication
[2025-11-12 오후 10:13:41] [Debug] [Application] service: Tripolygon.UModeler.Hub.HubFlashService = Tripolygon.UModeler.Hub.HubFlashService
[2025-11-12 오후 10:13:42] [Debug] [Application] Service Initialize: Tripolygon.UModeler.Editor.UI.UnityEditorApplicationCache
[2025-11-12 오후 10:13:41] [Debug] [Application] service: Tripolygon.UModeler.Hub.VSAttributionService = Tripolygon.UModeler.Hub.VSAttributionService
[2025-11-12 오후 10:13:41] [Debug] [Application] service: Tripolygon.UModeler.Hub.Notifications.UpdateHubNotifier = Tripolygon.UModeler.Hub.Notifications.UpdateHubNotifier
[2025-11-12 오후 10:13:42] [Debug] [Application] Service Initialize: Tripolygon.UModeler.Hub.HubService
[2025-11-12 오후 10:13:41] [Debug] [Application] service: Tripolygon.UModeler.Hub.INoticeService = Tripolygon.UModeler.Hub.Noticies.NoticeService
[2025-11-12 오후 10:13:42] [Debug] [Application] Service Initialize: Tripolygon.UModeler.Editor.UI.UnityEditorApplicationUtilityService
[2025-11-12 오후 10:13:42] [Debug] [Application] Initialize: isReloading=False
[2025-11-12 오후 10:13:42] [Debug] [Application] Service Initialize: Tripolygon.UModeler.Hub.HubFlashService
[2025-11-12 오후 10:13:42] [Debug] [Application] Service Initialize: Tripolygon.UModeler.Hub.HubAuthentication
[2025-11-12 오후 10:13:42] [Debug] [Application] Service Initialize: Tripolygon.UModeler.Editor.UI.UnityEditorApplicationCache
[2025-11-12 오후 10:13:42] [Debug] [HubAnalytics] PosthogClient.SetAutoFlush: Value Changed: True
[2025-11-12 오후 10:13:42] [Debug] [Application] Service Initialize: Tripolygon.UModeler.Hub.HubService
[2025-11-12 오후 10:13:42] [Debug] [Application] Service Initialize: Tripolygon.UModeler.Editor.UI.UnityEditorApplicationUtilityService
[2025-11-12 오후 10:13:42] [Debug] [Application] Service Initialize: Tripolygon.UModeler.Hub.HubFlashService
[2025-11-12 오후 10:13:42] [Debug] [Application] Service Initialize: Tripolygon.UModeler.Hub.HubAnalyticsService
[2025-11-12 오후 10:13:42] [Debug] [HubAnalytics] PosthogClient.SetAutoFlush: Value Changed: True
[2025-11-12 오후 10:13:42] [Debug] [Application] Service Initialize: Tripolygon.UModeler.Hub.VSAttributionService
[2025-11-12 오후 10:13:42] [Debug] [Application] Service Initialize: Tripolygon.UModeler.Hub.Notifications.UpdateHubNotifier
[2025-11-12 오후 10:13:42] [Debug] [Application] Service Initialize: Tripolygon.UModeler.Hub.Notifications.UpdateProductNotifier
[2025-11-12 오후 10:13:42] [Debug] [Application] Service Initialize: Tripolygon.UModeler.Hub.HubAnalyticsService
[2025-11-12 오후 10:13:42] [Debug] [Application] Service Initialize: Tripolygon.UModeler.Hub.Noticies.NoticeService
[2025-11-12 오후 10:13:42] [Debug] [Application] Service Initialize: Tripolygon.UModeler.Hub.VSAttributionService
[2025-11-12 오후 10:13:42] [Debug] [Application] Service Initialize: Tripolygon.UModeler.Hub.Views.SceneViews.HubSceneViewService
[2025-11-12 오후 10:13:42] [Debug] [Application] Service Initialize: Tripolygon.UModeler.Hub.Notifications.UpdateHubNotifier
[2025-11-12 오후 10:13:42] [Debug] [Application] Service Initialize: Tripolygon.UModeler.Hub.Notifications.UpdateProductNotifier
[2025-11-12 오후 10:13:42] [Debug] [Application] Service Initialize: Tripolygon.UModeler.Hub.Noticies.NoticeService
[2025-11-12 오후 10:13:42] [Debug] [Application] Service Initialize: Tripolygon.UModeler.Hub.Views.SceneViews.HubSceneViewService
[2025-11-12 오후 10:14:26] [Debug] [Application] Release: isReloading=True
[2025-11-12 오후 10:14:26] [Debug] [Application] Service Release: Tripolygon.UModeler.Hub.Views.SceneViews.HubSceneViewService
[2025-11-12 오후 10:14:26] [Debug] [Application] Service Release: Tripolygon.UModeler.Hub.Noticies.NoticeService
[2025-11-12 오후 10:14:26] [Debug] [Application] Service Release: Tripolygon.UModeler.Hub.Notifications.UpdateProductNotifier
[2025-11-12 오후 10:14:26] [Debug] [Application] Service Release: Tripolygon.UModeler.Hub.Notifications.UpdateHubNotifier
[2025-11-12 오후 10:14:26] [Debug] [Application] Service Release: Tripolygon.UModeler.Hub.VSAttributionService
[2025-11-12 오후 10:14:26] [Debug] [HubAnalytics] PosthogClient.SetAutoFlush: Value Changed: False
[2025-11-12 오후 10:14:26] [Debug] [Application] Service Release: Tripolygon.UModeler.Hub.HubAnalyticsService
[2025-11-12 오후 10:14:26] [Debug] [Application] Service Release: Tripolygon.UModeler.Hub.HubFlashService
[2025-11-12 오후 10:14:27] [Debug] [Application] Service Release: Tripolygon.UModeler.Editor.UI.UnityEditorApplicationUtilityService
[2025-11-12 오후 10:14:27] [Debug] [Application] Service Release: Tripolygon.UModeler.Hub.HubService
[2025-11-12 오후 10:14:27] [Debug] [Application] Service Release: Tripolygon.UModeler.Editor.UI.UnityEditorApplicationCache
[2025-11-12 오후 10:14:27] [Debug] [Application] Service Release: Tripolygon.UModeler.Hub.HubAuthentication
[2025-11-12 오후 10:14:30] [Debug] [Application] service: Tripolygon.UModeler.Hub.HubAuthentication = Tripolygon.UModeler.Hub.HubAuthentication
[2025-11-12 오후 10:14:30] [Debug] [Application] service: Tripolygon.UModeler.UI.IApplicationCache = Tripolygon.UModeler.Editor.UI.UnityEditorApplicationCache
[2025-11-12 오후 10:14:30] [Debug] ActualHost
[2025-11-12 오후 10:14:30] [Debug] [Application] service: Tripolygon.UModeler.Hub.IHubService = Tripolygon.UModeler.Hub.HubService
[2025-11-12 오후 10:14:30] [Debug] [Application] service: Tripolygon.UModeler.Authentication.IAuthenticationApiProvider = Tripolygon.UModeler.Editor.AuthenticationApiProviderService
[2025-11-12 오후 10:14:30] [Debug] [Application] service: Tripolygon.UModeler.UI.IObjectHierarchyService = Tripolygon.UModeler.Editor.UI.UnityEditorObjectHierarchyService
[2025-11-12 오후 10:14:30] [Debug] [Application] service: Tripolygon.UModeler.UI.IApplicationUtilityService = Tripolygon.UModeler.Editor.UI.UnityEditorApplicationUtilityService
[2025-11-12 오후 10:14:30] [Debug] [Application] service: Tripolygon.UModeler.Editor.UI.ApplicationSettings = Tripolygon.UModeler.Editor.UI.ApplicationSettings
[2025-11-12 오후 10:14:30] [Debug] [Application] service: Tripolygon.UModeler.UI.ITextureProvider = Tripolygon.UModeler.Editor.UI.UnityEditorTextureProvider
[2025-11-12 오후 10:14:30] [Debug] [Application] service: Tripolygon.UModeler.Hub.Resources.IResourcesApiProvider = Tripolygon.UModeler.Hub.ResourcesApiProviderService
[2025-11-12 오후 10:14:30] [Debug] [Application] service: Tripolygon.UModeler.Hub.HubFlashService = Tripolygon.UModeler.Hub.HubFlashService
[2025-11-12 오후 10:14:30] [Debug] [Application] service: Tripolygon.UModeler.Hub.IHubAnalyticsService = Tripolygon.UModeler.Hub.HubAnalyticsService
[2025-11-12 오후 10:14:30] [Debug] [Application] service: Tripolygon.UModeler.Hub.VSAttributionService = Tripolygon.UModeler.Hub.VSAttributionService
[2025-11-12 오후 10:14:30] [Debug] [Application] service: Tripolygon.UModeler.Hub.Notifications.UpdateHubNotifier = Tripolygon.UModeler.Hub.Notifications.UpdateHubNotifier
[2025-11-12 오후 10:14:30] [Debug] [Application] service: Tripolygon.UModeler.Hub.Notifications.UpdateProductNotifier = Tripolygon.UModeler.Hub.Notifications.UpdateProductNotifier
[2025-11-12 오후 10:14:30] [Debug] [Application] service: Tripolygon.UModeler.Hub.INoticeService = Tripolygon.UModeler.Hub.Noticies.NoticeService
[2025-11-12 오후 10:14:30] [Debug] [Application] service: Tripolygon.UModeler.Hub.Views.SceneViews.HubSceneViewService = Tripolygon.UModeler.Hub.Views.SceneViews.HubSceneViewService
[2025-11-12 오후 10:14:32] [Debug] [Application] Initialize: isReloading=True
[2025-11-12 오후 10:14:32] [Debug] [Application] Service Initialize: Tripolygon.UModeler.Hub.HubAuthentication
[2025-11-12 오후 10:14:32] [Debug] [Application] Service Initialize: Tripolygon.UModeler.Editor.UI.UnityEditorApplicationCache
[2025-11-12 오후 10:14:32] [Debug] [Application] Service Initialize: Tripolygon.UModeler.Hub.HubService
[2025-11-12 오후 10:14:32] [Debug] [Application] Service Initialize: Tripolygon.UModeler.Editor.UI.UnityEditorApplicationUtilityService
[2025-11-12 오후 10:14:32] [Debug] [Application] Service Initialize: Tripolygon.UModeler.Hub.HubFlashService
[2025-11-12 오후 10:14:32] [Debug] [HubAnalytics] PosthogClient.SetAutoFlush: Value Changed: True
[2025-11-12 오후 10:14:32] [Debug] [Application] Service Initialize: Tripolygon.UModeler.Hub.HubAnalyticsService
[2025-11-12 오후 10:14:32] [Debug] [Application] Service Initialize: Tripolygon.UModeler.Hub.VSAttributionService
[2025-11-12 오후 10:14:32] [Debug] [Application] Service Initialize: Tripolygon.UModeler.Hub.Notifications.UpdateHubNotifier
[2025-11-12 오후 10:14:32] [Debug] [Application] Service Initialize: Tripolygon.UModeler.Hub.Notifications.UpdateProductNotifier
[2025-11-12 오후 10:14:32] [Debug] [Application] Service Initialize: Tripolygon.UModeler.Hub.Noticies.NoticeService
[2025-11-12 오후 10:14:32] [Debug] [Application] Service Initialize: Tripolygon.UModeler.Hub.Views.SceneViews.HubSceneViewService
[2025-11-12 오후 10:14:33] [Debug] [Application] Release: isReloading=True
[2025-11-12 오후 10:14:33] [Debug] [Application] Release: isReloading=True
[2025-11-12 오후 10:14:33] [Debug] [Application] Service Release: Tripolygon.UModeler.Hub.Views.SceneViews.HubSceneViewService
[2025-11-12 오후 10:14:33] [Debug] [Application] Service Release: Tripolygon.UModeler.Hub.Views.SceneViews.HubSceneViewService
[2025-11-12 오후 10:14:33] [Debug] [Application] Service Release: Tripolygon.UModeler.Hub.Noticies.NoticeService
[2025-11-12 오후 10:14:33] [Debug] [Application] Service Release: Tripolygon.UModeler.Hub.Noticies.NoticeService
[2025-11-12 오후 10:14:33] [Debug] [Application] Service Release: Tripolygon.UModeler.Hub.Notifications.UpdateProductNotifier
[2025-11-12 오후 10:14:33] [Debug] [Application] Service Release: Tripolygon.UModeler.Hub.Notifications.UpdateProductNotifier
[2025-11-12 오후 10:14:33] [Debug] [Application] Service Release: Tripolygon.UModeler.Hub.Notifications.UpdateHubNotifier
[2025-11-12 오후 10:14:33] [Debug] [Application] Service Release: Tripolygon.UModeler.Hub.Notifications.UpdateHubNotifier
[2025-11-12 오후 10:14:33] [Debug] [Application] Service Release: Tripolygon.UModeler.Hub.VSAttributionService
[2025-11-12 오후 10:14:33] [Debug] [Application] Service Release: Tripolygon.UModeler.Hub.VSAttributionService
[2025-11-12 오후 10:14:36] [Debug] [Application] service: Tripolygon.UModeler.Hub.HubAuthentication = Tripolygon.UModeler.Hub.HubAuthentication
[2025-11-12 오후 10:14:36] [Debug] [Application] service: Tripolygon.UModeler.Hub.HubAuthentication = Tripolygon.UModeler.Hub.HubAuthentication
[2025-11-12 오후 10:14:36] [Debug] [Application] service: Tripolygon.UModeler.Hub.HubFlashService = Tripolygon.UModeler.Hub.HubFlashService
[2025-11-12 오후 10:14:36] [Debug] ActualHost
[2025-11-12 오후 10:14:36] [Debug] [Application] service: Tripolygon.UModeler.Hub.VSAttributionService = Tripolygon.UModeler.Hub.VSAttributionService
[2025-11-12 오후 10:14:36] [Debug] [Application] service: Tripolygon.UModeler.Authentication.IAuthenticationApiProvider = Tripolygon.UModeler.Editor.AuthenticationApiProviderService
[2025-11-12 오후 10:14:36] [Debug] [Application] service: Tripolygon.UModeler.Hub.Notifications.UpdateProductNotifier = Tripolygon.UModeler.Hub.Notifications.UpdateProductNotifier
[2025-11-12 오후 10:14:36] [Debug] [Application] service: Tripolygon.UModeler.UI.IApplicationUtilityService = Tripolygon.UModeler.Editor.UI.UnityEditorApplicationUtilityService
[2025-11-12 오후 10:14:36] [Debug] [Application] service: Tripolygon.UModeler.Hub.Views.SceneViews.HubSceneViewService = Tripolygon.UModeler.Hub.Views.SceneViews.HubSceneViewService
[2025-11-12 오후 10:14:36] [Debug] [Application] service: Tripolygon.UModeler.Editor.UI.ApplicationSettings = Tripolygon.UModeler.Editor.UI.ApplicationSettings
[2025-11-12 오후 10:14:37] [Debug] [Application] Service Initialize: Tripolygon.UModeler.Hub.HubAuthentication
[2025-11-12 오후 10:14:36] [Debug] [Application] service: Tripolygon.UModeler.UI.ITextureProvider = Tripolygon.UModeler.Editor.UI.UnityEditorTextureProvider
[2025-11-12 오후 10:14:37] [Debug] [Application] Service Initialize: Tripolygon.UModeler.Editor.UI.UnityEditorApplicationCache
[2025-11-12 오후 10:14:36] [Debug] [Application] service: Tripolygon.UModeler.Hub.HubFlashService = Tripolygon.UModeler.Hub.HubFlashService
[2025-11-12 오후 10:14:36] [Debug] [Application] service: Tripolygon.UModeler.Hub.IHubAnalyticsService = Tripolygon.UModeler.Hub.HubAnalyticsService
[2025-11-12 오후 10:14:37] [Debug] [Application] Service Initialize: Tripolygon.UModeler.Hub.HubService
[2025-11-12 오후 10:14:36] [Debug] [Application] service: Tripolygon.UModeler.Hub.Notifications.UpdateHubNotifier = Tripolygon.UModeler.Hub.Notifications.UpdateHubNotifier
[2025-11-12 오후 10:14:37] [Debug] [Application] Service Initialize: Tripolygon.UModeler.Editor.UI.UnityEditorApplicationUtilityService
[2025-11-12 오후 10:14:36] [Debug] [Application] service: Tripolygon.UModeler.Hub.Notifications.UpdateProductNotifier = Tripolygon.UModeler.Hub.Notifications.UpdateProductNotifier
[2025-11-12 오후 10:14:37] [Debug] [Application] Service Initialize: Tripolygon.UModeler.Hub.HubFlashService
[2025-11-12 오후 10:14:36] [Debug] [Application] service: Tripolygon.UModeler.Hub.INoticeService = Tripolygon.UModeler.Hub.Noticies.NoticeService
[2025-11-12 오후 10:14:36] [Debug] [Application] service: Tripolygon.UModeler.Hub.Views.SceneViews.HubSceneViewService = Tripolygon.UModeler.Hub.Views.SceneViews.HubSceneViewService
[2025-11-12 오후 10:14:37] [Debug] [HubAnalytics] PosthogClient.SetAutoFlush: Value Changed: True
[2025-11-12 오후 10:14:37] [Debug] [Application] Service Initialize: Tripolygon.UModeler.Hub.HubAuthentication
[2025-11-12 오후 10:14:37] [Debug] [Application] Service Initialize: Tripolygon.UModeler.Editor.UI.UnityEditorApplicationCache
[2025-11-12 오후 10:14:37] [Debug] [Application] Service Initialize: Tripolygon.UModeler.Hub.HubService
[2025-11-12 오후 10:14:37] [Debug] [Application] Service Initialize: Tripolygon.UModeler.Hub.HubAnalyticsService
[2025-11-12 오후 10:14:37] [Debug] [Application] Service Initialize: Tripolygon.UModeler.Editor.UI.UnityEditorApplicationUtilityService
[2025-11-12 오후 10:14:37] [Debug] [Application] Service Initialize: Tripolygon.UModeler.Hub.VSAttributionService
[2025-11-12 오후 10:14:37] [Debug] [Application] Service Initialize: Tripolygon.UModeler.Hub.HubFlashService
[2025-11-12 오후 10:14:37] [Debug] [Application] Service Initialize: Tripolygon.UModeler.Hub.Notifications.UpdateHubNotifier
[2025-11-12 오후 10:14:37] [Debug] [HubAnalytics] PosthogClient.SetAutoFlush: Value Changed: True
[2025-11-12 오후 10:14:37] [Debug] [Application] Service Initialize: Tripolygon.UModeler.Hub.Notifications.UpdateProductNotifier
[2025-11-12 오후 10:14:37] [Debug] [Application] Service Initialize: Tripolygon.UModeler.Hub.Noticies.NoticeService
[2025-11-12 오후 10:14:37] [Debug] [Application] Service Initialize: Tripolygon.UModeler.Hub.Views.SceneViews.HubSceneViewService
[2025-11-12 오후 10:14:37] [Debug] [Application] Service Initialize: Tripolygon.UModeler.Hub.HubAnalyticsService
[2025-11-12 오후 10:14:37] [Debug] [Application] Service Initialize: Tripolygon.UModeler.Hub.VSAttributionService
[2025-11-12 오후 10:14:37] [Debug] [Application] Service Initialize: Tripolygon.UModeler.Hub.Notifications.UpdateHubNotifier
[2025-11-12 오후 10:14:37] [Debug] [Application] Service Initialize: Tripolygon.UModeler.Hub.Notifications.UpdateProductNotifier
[2025-11-12 오후 10:14:38] [Debug] [Application] Service Initialize: Tripolygon.UModeler.Hub.Noticies.NoticeService
[2025-11-12 오후 10:14:38] [Debug] [Application] Service Initialize: Tripolygon.UModeler.Hub.Views.SceneViews.HubSceneViewService
[2025-11-12 오후 10:16:56] [Debug] [Application] Release: isReloading=True
[2025-11-12 오후 10:16:56] [Debug] [Application] Service Release: Tripolygon.UModeler.Hub.Views.SceneViews.HubSceneViewService
[2025-11-12 오후 10:16:56] [Debug] [Application] Service Release: Tripolygon.UModeler.Hub.Noticies.NoticeService
[2025-11-12 오후 10:16:56] [Debug] [Application] Service Release: Tripolygon.UModeler.Hub.Notifications.UpdateProductNotifier
[2025-11-12 오후 10:16:56] [Debug] [Application] Service Release: Tripolygon.UModeler.Hub.Notifications.UpdateHubNotifier
[2025-11-12 오후 10:16:56] [Debug] [Application] Service Release: Tripolygon.UModeler.Hub.VSAttributionService
[2025-11-12 오후 10:16:56] [Debug] [HubAnalytics] PosthogClient.SetAutoFlush: Value Changed: False
[2025-11-12 오후 10:16:56] [Debug] [Application] Service Release: Tripolygon.UModeler.Hub.HubAnalyticsService
[2025-11-12 오후 10:16:56] [Debug] [Application] Service Release: Tripolygon.UModeler.Hub.HubFlashService
[2025-11-12 오후 10:16:56] [Debug] [Application] Service Release: Tripolygon.UModeler.Editor.UI.UnityEditorApplicationUtilityService
[2025-11-12 오후 10:16:57] [Debug] [Application] Service Release: Tripolygon.UModeler.Hub.HubService
[2025-11-12 오후 10:16:57] [Debug] [Application] Service Release: Tripolygon.UModeler.Editor.UI.UnityEditorApplicationCache
[2025-11-12 오후 10:16:57] [Debug] [Application] Service Release: Tripolygon.UModeler.Hub.HubAuthentication
[2025-11-12 오후 10:17:00] [Debug] [Application] service: Tripolygon.UModeler.Hub.HubAuthentication = Tripolygon.UModeler.Hub.HubAuthentication
[2025-11-12 오후 10:17:00] [Debug] [Application] service: Tripolygon.UModeler.UI.IApplicationCache = Tripolygon.UModeler.Editor.UI.UnityEditorApplicationCache
[2025-11-12 오후 10:17:00] [Debug] ActualHost
[2025-11-12 오후 10:17:00] [Debug] [Application] service: Tripolygon.UModeler.Hub.IHubService = Tripolygon.UModeler.Hub.HubService
[2025-11-12 오후 10:17:00] [Debug] [Application] service: Tripolygon.UModeler.Authentication.IAuthenticationApiProvider = Tripolygon.UModeler.Editor.AuthenticationApiProviderService
[2025-11-12 오후 10:17:00] [Debug] [Application] service: Tripolygon.UModeler.UI.IObjectHierarchyService = Tripolygon.UModeler.Editor.UI.UnityEditorObjectHierarchyService
[2025-11-12 오후 10:17:00] [Debug] [Application] service: Tripolygon.UModeler.UI.IApplicationUtilityService = Tripolygon.UModeler.Editor.UI.UnityEditorApplicationUtilityService
[2025-11-12 오후 10:17:00] [Debug] [Application] service: Tripolygon.UModeler.Editor.UI.ApplicationSettings = Tripolygon.UModeler.Editor.UI.ApplicationSettings
[2025-11-12 오후 10:17:00] [Debug] [Application] service: Tripolygon.UModeler.UI.ITextureProvider = Tripolygon.UModeler.Editor.UI.UnityEditorTextureProvider
[2025-11-12 오후 10:17:00] [Debug] [Application] service: Tripolygon.UModeler.Hub.Resources.IResourcesApiProvider = Tripolygon.UModeler.Hub.ResourcesApiProviderService
[2025-11-12 오후 10:17:00] [Debug] [Application] service: Tripolygon.UModeler.Hub.HubFlashService = Tripolygon.UModeler.Hub.HubFlashService
[2025-11-12 오후 10:17:00] [Debug] [Application] service: Tripolygon.UModeler.Hub.IHubAnalyticsService = Tripolygon.UModeler.Hub.HubAnalyticsService
[2025-11-12 오후 10:17:00] [Debug] [Application] service: Tripolygon.UModeler.Hub.VSAttributionService = Tripolygon.UModeler.Hub.VSAttributionService
[2025-11-12 오후 10:17:00] [Debug] [Application] service: Tripolygon.UModeler.Hub.Notifications.UpdateHubNotifier = Tripolygon.UModeler.Hub.Notifications.UpdateHubNotifier
[2025-11-12 오후 10:17:00] [Debug] [Application] service: Tripolygon.UModeler.Hub.Notifications.UpdateProductNotifier = Tripolygon.UModeler.Hub.Notifications.UpdateProductNotifier
[2025-11-12 오후 10:17:00] [Debug] [Application] service: Tripolygon.UModeler.Hub.INoticeService = Tripolygon.UModeler.Hub.Noticies.NoticeService
[2025-11-12 오후 10:17:00] [Debug] [Application] service: Tripolygon.UModeler.Hub.Views.SceneViews.HubSceneViewService = Tripolygon.UModeler.Hub.Views.SceneViews.HubSceneViewService
[2025-11-12 오후 10:17:01] [Debug] [Application] Initialize: isReloading=True
[2025-11-12 오후 10:17:02] [Debug] [Application] Service Initialize: Tripolygon.UModeler.Hub.HubAuthentication
[2025-11-12 오후 10:17:02] [Debug] [Application] Service Initialize: Tripolygon.UModeler.Editor.UI.UnityEditorApplicationCache
[2025-11-12 오후 10:17:02] [Debug] [Application] Service Initialize: Tripolygon.UModeler.Hub.HubService
[2025-11-12 오후 10:17:02] [Debug] [Application] Service Initialize: Tripolygon.UModeler.Editor.UI.UnityEditorApplicationUtilityService
[2025-11-12 오후 10:17:02] [Debug] [Application] Service Initialize: Tripolygon.UModeler.Hub.HubFlashService
[2025-11-12 오후 10:17:02] [Debug] [HubAnalytics] PosthogClient.SetAutoFlush: Value Changed: True
[2025-11-12 오후 10:17:02] [Debug] [Application] Service Initialize: Tripolygon.UModeler.Hub.HubAnalyticsService
[2025-11-12 오후 10:17:02] [Debug] [Application] Service Initialize: Tripolygon.UModeler.Hub.VSAttributionService
[2025-11-12 오후 10:17:02] [Debug] [Application] Service Initialize: Tripolygon.UModeler.Hub.Notifications.UpdateHubNotifier
[2025-11-12 오후 10:17:02] [Debug] [Application] Service Initialize: Tripolygon.UModeler.Hub.Notifications.UpdateProductNotifier
[2025-11-12 오후 10:17:02] [Debug] [Application] Service Initialize: Tripolygon.UModeler.Hub.Noticies.NoticeService
[2025-11-12 오후 10:17:02] [Debug] [Application] Service Initialize: Tripolygon.UModeler.Hub.Views.SceneViews.HubSceneViewService
[2025-11-12 오후 10:17:02] [Debug] [Application] Release: isReloading=True
[2025-11-12 오후 10:17:02] [Debug] [Application] Release: isReloading=True
[2025-11-12 오후 10:17:02] [Debug] [Application] Service Release: Tripolygon.UModeler.Hub.Views.SceneViews.HubSceneViewService
[2025-11-12 오후 10:17:03] [Debug] [Application] Service Release: Tripolygon.UModeler.Hub.Views.SceneViews.HubSceneViewService
[2025-11-12 오후 10:17:03] [Debug] [Application] Service Release: Tripolygon.UModeler.Hub.Noticies.NoticeService
[2025-11-12 오후 10:17:03] [Debug] [Application] Service Release: Tripolygon.UModeler.Hub.Noticies.NoticeService
[2025-11-12 오후 10:17:03] [Debug] [Application] Service Release: Tripolygon.UModeler.Hub.Notifications.UpdateProductNotifier
[2025-11-12 오후 10:17:03] [Debug] [Application] Service Release: Tripolygon.UModeler.Hub.Notifications.UpdateProductNotifier
[2025-11-12 오후 10:17:03] [Debug] [Application] Service Release: Tripolygon.UModeler.Hub.Notifications.UpdateHubNotifier
[2025-11-12 오후 10:17:03] [Debug] [Application] Service Release: Tripolygon.UModeler.Hub.Notifications.UpdateHubNotifier
[2025-11-12 오후 10:17:03] [Debug] [Application] Service Release: Tripolygon.UModeler.Hub.VSAttributionService
[2025-11-12 오후 10:17:03] [Debug] [Application] Service Release: Tripolygon.UModeler.Hub.VSAttributionService
[2025-11-12 오후 10:17:05] [Debug] [Application] service: Tripolygon.UModeler.Hub.HubAuthentication = Tripolygon.UModeler.Hub.HubAuthentication
[2025-11-12 오후 10:17:05] [Debug] [Application] service: Tripolygon.UModeler.UI.IApplicationCache = Tripolygon.UModeler.Editor.UI.UnityEditorApplicationCache
[2025-11-12 오후 10:17:05] [Debug] [Application] service: Tripolygon.UModeler.Hub.HubAuthentication = Tripolygon.UModeler.Hub.HubAuthentication
[2025-11-12 오후 10:17:06] [Debug] [Application] service: Tripolygon.UModeler.Hub.VSAttributionService = Tripolygon.UModeler.Hub.VSAttributionService
[2025-11-12 오후 10:17:05] [Debug] [Application] service: Tripolygon.UModeler.UI.IApplicationCache = Tripolygon.UModeler.Editor.UI.UnityEditorApplicationCache
[2025-11-12 오후 10:17:06] [Debug] [Application] service: Tripolygon.UModeler.Hub.Notifications.UpdateHubNotifier = Tripolygon.UModeler.Hub.Notifications.UpdateHubNotifier
[2025-11-12 오후 10:17:05] [Debug] ActualHost
[2025-11-12 오후 10:17:06] [Debug] [Application] service: Tripolygon.UModeler.Hub.INoticeService = Tripolygon.UModeler.Hub.Noticies.NoticeService
[2025-11-12 오후 10:17:05] [Debug] [Application] service: Tripolygon.UModeler.Authentication.IAuthenticationApiProvider = Tripolygon.UModeler.Editor.AuthenticationApiProviderService
[2025-11-12 오후 10:17:07] [Debug] [Application] Initialize: isReloading=True
[2025-11-12 오후 10:17:05] [Debug] [Application] service: Tripolygon.UModeler.UI.IApplicationUtilityService = Tripolygon.UModeler.Editor.UI.UnityEditorApplicationUtilityService
[2025-11-12 오후 10:17:07] [Debug] [Application] Service Initialize: Tripolygon.UModeler.Hub.HubAuthentication
[2025-11-12 오후 10:17:06] [Debug] [Application] service: Tripolygon.UModeler.Editor.UI.ApplicationSettings = Tripolygon.UModeler.Editor.UI.ApplicationSettings
[2025-11-12 오후 10:17:07] [Debug] [Application] Service Initialize: Tripolygon.UModeler.Editor.UI.UnityEditorApplicationCache
[2025-11-12 오후 10:17:06] [Debug] [Application] service: Tripolygon.UModeler.UI.ITextureProvider = Tripolygon.UModeler.Editor.UI.UnityEditorTextureProvider
[2025-11-12 오후 10:17:06] [Debug] [Application] service: Tripolygon.UModeler.Hub.Resources.IResourcesApiProvider = Tripolygon.UModeler.Hub.ResourcesApiProviderService
[2025-11-12 오후 10:17:07] [Debug] [Application] Service Initialize: Tripolygon.UModeler.Hub.HubService
[2025-11-12 오후 10:17:06] [Debug] [Application] service: Tripolygon.UModeler.Hub.IHubAnalyticsService = Tripolygon.UModeler.Hub.HubAnalyticsService
[2025-11-12 오후 10:17:07] [Debug] [Application] Service Initialize: Tripolygon.UModeler.Editor.UI.UnityEditorApplicationUtilityService
[2025-11-12 오후 10:17:06] [Debug] [Application] service: Tripolygon.UModeler.Hub.VSAttributionService = Tripolygon.UModeler.Hub.VSAttributionService
[2025-11-12 오후 10:17:07] [Debug] [Application] Service Initialize: Tripolygon.UModeler.Hub.HubFlashService
[2025-11-12 오후 10:17:06] [Debug] [Application] service: Tripolygon.UModeler.Hub.Notifications.UpdateProductNotifier = Tripolygon.UModeler.Hub.Notifications.UpdateProductNotifier
[2025-11-12 오후 10:17:06] [Debug] [Application] service: Tripolygon.UModeler.Hub.INoticeService = Tripolygon.UModeler.Hub.Noticies.NoticeService
[2025-11-12 오후 10:17:07] [Debug] [HubAnalytics] PosthogClient.SetAutoFlush: Value Changed: True
[2025-11-12 오후 10:17:07] [Debug] [Application] Initialize: isReloading=False
[2025-11-12 오후 10:17:07] [Debug] [Application] Service Initialize: Tripolygon.UModeler.Hub.HubAuthentication
[2025-11-12 오후 10:17:07] [Debug] [Application] Service Initialize: Tripolygon.UModeler.Editor.UI.UnityEditorApplicationCache
[2025-11-12 오후 10:17:07] [Debug] [Application] Service Initialize: Tripolygon.UModeler.Hub.HubAnalyticsService
[2025-11-12 오후 10:17:07] [Debug] [Application] Service Initialize: Tripolygon.UModeler.Hub.HubService
[2025-11-12 오후 10:17:07] [Debug] [Application] Service Initialize: Tripolygon.UModeler.Hub.VSAttributionService
[2025-11-12 오후 10:17:07] [Debug] [Application] Service Initialize: Tripolygon.UModeler.Editor.UI.UnityEditorApplicationUtilityService
[2025-11-12 오후 10:17:07] [Debug] [Application] Service Initialize: Tripolygon.UModeler.Hub.Notifications.UpdateHubNotifier
[2025-11-12 오후 10:17:07] [Debug] [Application] Service Initialize: Tripolygon.UModeler.Hub.HubFlashService
[2025-11-12 오후 10:17:07] [Debug] [Application] Service Initialize: Tripolygon.UModeler.Hub.Notifications.UpdateProductNotifier
[2025-11-12 오후 10:17:07] [Debug] [Application] Service Initialize: Tripolygon.UModeler.Hub.Noticies.NoticeService
[2025-11-12 오후 10:17:07] [Debug] [HubAnalytics] PosthogClient.SetAutoFlush: Value Changed: True
[2025-11-12 오후 10:17:07] [Debug] [Application] Service Initialize: Tripolygon.UModeler.Hub.Views.SceneViews.HubSceneViewService
[2025-11-12 오후 10:17:07] [Debug] [Application] Service Initialize: Tripolygon.UModeler.Hub.HubAnalyticsService
[2025-11-12 오후 10:17:07] [Debug] [Application] Service Initialize: Tripolygon.UModeler.Hub.VSAttributionService
[2025-11-12 오후 10:17:07] [Debug] [Application] Service Initialize: Tripolygon.UModeler.Hub.Notifications.UpdateHubNotifier
[2025-11-12 오후 10:17:07] [Debug] [Application] Service Initialize: Tripolygon.UModeler.Hub.Notifications.UpdateProductNotifier
[2025-11-12 오후 10:17:07] [Debug] [Application] Service Initialize: Tripolygon.UModeler.Hub.Noticies.NoticeService
[2025-11-12 오후 10:17:07] [Debug] [Application] Service Initialize: Tripolygon.UModeler.Hub.Views.SceneViews.HubSceneViewService
[2025-11-12 오후 10:19:52] [Debug] [Application] Release: isReloading=True
[2025-11-12 오후 10:19:52] [Debug] [Application] Service Release: Tripolygon.UModeler.Hub.Views.SceneViews.HubSceneViewService
[2025-11-12 오후 10:19:52] [Debug] [Application] Service Release: Tripolygon.UModeler.Hub.Noticies.NoticeService
[2025-11-12 오후 10:19:52] [Debug] [Application] Service Release: Tripolygon.UModeler.Hub.Notifications.UpdateProductNotifier
[2025-11-12 오후 10:19:52] [Debug] [Application] Service Release: Tripolygon.UModeler.Hub.Notifications.UpdateHubNotifier
[2025-11-12 오후 10:19:52] [Debug] [Application] Service Release: Tripolygon.UModeler.Hub.VSAttributionService
[2025-11-12 오후 10:19:52] [Debug] [HubAnalytics] PosthogClient.SetAutoFlush: Value Changed: False
[2025-11-12 오후 10:19:52] [Debug] [Application] Service Release: Tripolygon.UModeler.Hub.HubAnalyticsService
[2025-11-12 오후 10:19:52] [Debug] [Application] Service Release: Tripolygon.UModeler.Hub.HubFlashService
[2025-11-12 오후 10:19:52] [Debug] [Application] Service Release: Tripolygon.UModeler.Editor.UI.UnityEditorApplicationUtilityService
[2025-11-12 오후 10:19:52] [Debug] [Application] Service Release: Tripolygon.UModeler.Hub.HubService
[2025-11-12 오후 10:19:52] [Debug] [Application] Service Release: Tripolygon.UModeler.Editor.UI.UnityEditorApplicationCache
[2025-11-12 오후 10:19:52] [Debug] [Application] Service Release: Tripolygon.UModeler.Hub.HubAuthentication
[2025-11-12 오후 10:19:56] [Debug] [Application] service: Tripolygon.UModeler.Hub.HubAuthentication = Tripolygon.UModeler.Hub.HubAuthentication
[2025-11-12 오후 10:19:56] [Debug] [Application] service: Tripolygon.UModeler.UI.IApplicationCache = Tripolygon.UModeler.Editor.UI.UnityEditorApplicationCache
[2025-11-12 오후 10:19:56] [Debug] ActualHost
[2025-11-12 오후 10:19:56] [Debug] [Application] service: Tripolygon.UModeler.Hub.IHubService = Tripolygon.UModeler.Hub.HubService
[2025-11-12 오후 10:19:56] [Debug] [Application] service: Tripolygon.UModeler.Authentication.IAuthenticationApiProvider = Tripolygon.UModeler.Editor.AuthenticationApiProviderService
[2025-11-12 오후 10:19:56] [Debug] [Application] service: Tripolygon.UModeler.UI.IObjectHierarchyService = Tripolygon.UModeler.Editor.UI.UnityEditorObjectHierarchyService
[2025-11-12 오후 10:19:56] [Debug] [Application] service: Tripolygon.UModeler.UI.IApplicationUtilityService = Tripolygon.UModeler.Editor.UI.UnityEditorApplicationUtilityService
[2025-11-12 오후 10:19:56] [Debug] [Application] service: Tripolygon.UModeler.Editor.UI.ApplicationSettings = Tripolygon.UModeler.Editor.UI.ApplicationSettings
[2025-11-12 오후 10:19:56] [Debug] [Application] service: Tripolygon.UModeler.UI.ITextureProvider = Tripolygon.UModeler.Editor.UI.UnityEditorTextureProvider
[2025-11-12 오후 10:19:56] [Debug] [Application] service: Tripolygon.UModeler.Hub.Resources.IResourcesApiProvider = Tripolygon.UModeler.Hub.ResourcesApiProviderService
[2025-11-12 오후 10:19:56] [Debug] [Application] service: Tripolygon.UModeler.Hub.HubFlashService = Tripolygon.UModeler.Hub.HubFlashService
[2025-11-12 오후 10:19:56] [Debug] [Application] service: Tripolygon.UModeler.Hub.IHubAnalyticsService = Tripolygon.UModeler.Hub.HubAnalyticsService
[2025-11-12 오후 10:19:56] [Debug] [Application] service: Tripolygon.UModeler.Hub.VSAttributionService = Tripolygon.UModeler.Hub.VSAttributionService
[2025-11-12 오후 10:19:56] [Debug] [Application] service: Tripolygon.UModeler.Hub.Notifications.UpdateHubNotifier = Tripolygon.UModeler.Hub.Notifications.UpdateHubNotifier
[2025-11-12 오후 10:19:56] [Debug] [Application] service: Tripolygon.UModeler.Hub.Notifications.UpdateProductNotifier = Tripolygon.UModeler.Hub.Notifications.UpdateProductNotifier
[2025-11-12 오후 10:19:56] [Debug] [Application] service: Tripolygon.UModeler.Hub.INoticeService = Tripolygon.UModeler.Hub.Noticies.NoticeService
[2025-11-12 오후 10:19:56] [Debug] [Application] service: Tripolygon.UModeler.Hub.Views.SceneViews.HubSceneViewService = Tripolygon.UModeler.Hub.Views.SceneViews.HubSceneViewService
[2025-11-12 오후 10:19:58] [Debug] [Application] Initialize: isReloading=True
[2025-11-12 오후 10:19:58] [Debug] [Application] Service Initialize: Tripolygon.UModeler.Hub.HubAuthentication
[2025-11-12 오후 10:19:58] [Debug] [Application] Service Initialize: Tripolygon.UModeler.Editor.UI.UnityEditorApplicationCache
[2025-11-12 오후 10:19:58] [Debug] [Application] Service Initialize: Tripolygon.UModeler.Hub.HubService
[2025-11-12 오후 10:19:58] [Debug] [Application] Service Initialize: Tripolygon.UModeler.Editor.UI.UnityEditorApplicationUtilityService
[2025-11-12 오후 10:19:58] [Debug] [Application] Service Initialize: Tripolygon.UModeler.Hub.HubFlashService
[2025-11-12 오후 10:19:58] [Debug] [HubAnalytics] PosthogClient.SetAutoFlush: Value Changed: True
[2025-11-12 오후 10:19:58] [Debug] [Application] Service Initialize: Tripolygon.UModeler.Hub.HubAnalyticsService
[2025-11-12 오후 10:19:58] [Debug] [Application] Service Initialize: Tripolygon.UModeler.Hub.VSAttributionService
[2025-11-12 오후 10:19:58] [Debug] [Application] Service Initialize: Tripolygon.UModeler.Hub.Notifications.UpdateHubNotifier
[2025-11-12 오후 10:19:58] [Debug] [Application] Service Initialize: Tripolygon.UModeler.Hub.Notifications.UpdateProductNotifier
[2025-11-12 오후 10:19:58] [Debug] [Application] Service Initialize: Tripolygon.UModeler.Hub.Noticies.NoticeService
[2025-11-12 오후 10:19:58] [Debug] [Application] Service Initialize: Tripolygon.UModeler.Hub.Views.SceneViews.HubSceneViewService
[2025-11-12 오후 10:19:59] [Debug] [Application] Release: isReloading=True
[2025-11-12 오후 10:19:59] [Debug] [Application] Release: isReloading=True
[2025-11-12 오후 10:19:59] [Debug] [Application] Service Release: Tripolygon.UModeler.Hub.Views.SceneViews.HubSceneViewService
[2025-11-12 오후 10:19:59] [Debug] [Application] Service Release: Tripolygon.UModeler.Hub.Views.SceneViews.HubSceneViewService
[2025-11-12 오후 10:19:59] [Debug] [Application] Service Release: Tripolygon.UModeler.Hub.Noticies.NoticeService
[2025-11-12 오후 10:19:59] [Debug] [Application] Service Release: Tripolygon.UModeler.Hub.Noticies.NoticeService
[2025-11-12 오후 10:19:59] [Debug] [Application] Service Release: Tripolygon.UModeler.Hub.Notifications.UpdateProductNotifier
[2025-11-12 오후 10:19:59] [Debug] [Application] Service Release: Tripolygon.UModeler.Hub.Notifications.UpdateProductNotifier
[2025-11-12 오후 10:19:59] [Debug] [Application] Service Release: Tripolygon.UModeler.Hub.Notifications.UpdateHubNotifier
[2025-11-12 오후 10:19:59] [Debug] [Application] Service Release: Tripolygon.UModeler.Hub.Notifications.UpdateHubNotifier
[2025-11-12 오후 10:19:59] [Debug] [Application] Service Release: Tripolygon.UModeler.Hub.VSAttributionService
[2025-11-12 오후 10:19:59] [Debug] [Application] Service Release: Tripolygon.UModeler.Hub.VSAttributionService
[2025-11-12 오후 10:20:02] [Debug] [Application] service: Tripolygon.UModeler.Hub.HubAuthentication = Tripolygon.UModeler.Hub.HubAuthentication
[2025-11-12 오후 10:20:02] [Debug] [Application] service: Tripolygon.UModeler.Hub.HubAuthentication = Tripolygon.UModeler.Hub.HubAuthentication
[2025-11-12 오후 10:20:02] [Debug] [Application] service: Tripolygon.UModeler.Editor.UI.ApplicationSettings = Tripolygon.UModeler.Editor.UI.ApplicationSettings
[2025-11-12 오후 10:20:02] [Debug] [Application] service: Tripolygon.UModeler.UI.ITextureProvider = Tripolygon.UModeler.Editor.UI.UnityEditorTextureProvider
[2025-11-12 오후 10:20:02] [Debug] [Application] service: Tripolygon.UModeler.Hub.IHubService = Tripolygon.UModeler.Hub.HubService
[2025-11-12 오후 10:20:02] [Debug] [Application] service: Tripolygon.UModeler.Hub.HubFlashService = Tripolygon.UModeler.Hub.HubFlashService
[2025-11-12 오후 10:20:02] [Debug] [Application] service: Tripolygon.UModeler.UI.IObjectHierarchyService = Tripolygon.UModeler.Editor.UI.UnityEditorObjectHierarchyService
[2025-11-12 오후 10:20:02] [Debug] [Application] service: Tripolygon.UModeler.Hub.VSAttributionService = Tripolygon.UModeler.Hub.VSAttributionService
[2025-11-12 오후 10:20:02] [Debug] [Application] service: Tripolygon.UModeler.Editor.UI.ApplicationSettings = Tripolygon.UModeler.Editor.UI.ApplicationSettings
[2025-11-12 오후 10:20:02] [Debug] [Application] service: Tripolygon.UModeler.Hub.Notifications.UpdateHubNotifier = Tripolygon.UModeler.Hub.Notifications.UpdateHubNotifier
[2025-11-12 오후 10:20:02] [Debug] [Application] service: Tripolygon.UModeler.UI.ITextureProvider = Tripolygon.UModeler.Editor.UI.UnityEditorTextureProvider
[2025-11-12 오후 10:20:02] [Debug] [Application] service: Tripolygon.UModeler.Hub.Notifications.UpdateProductNotifier = Tripolygon.UModeler.Hub.Notifications.UpdateProductNotifier
[2025-11-12 오후 10:20:02] [Debug] [Application] service: Tripolygon.UModeler.Hub.INoticeService = Tripolygon.UModeler.Hub.Noticies.NoticeService
[2025-11-12 오후 10:20:02] [Debug] [Application] service: Tripolygon.UModeler.Hub.IHubAnalyticsService = Tripolygon.UModeler.Hub.HubAnalyticsService
[2025-11-12 오후 10:20:03] [Debug] [Application] Initialize: isReloading=True
[2025-11-12 오후 10:20:02] [Debug] [Application] service: Tripolygon.UModeler.Hub.Notifications.UpdateHubNotifier = Tripolygon.UModeler.Hub.Notifications.UpdateHubNotifier
[2025-11-12 오후 10:20:03] [Debug] [Application] Service Initialize: Tripolygon.UModeler.Hub.HubAuthentication
[2025-11-12 오후 10:20:02] [Debug] [Application] service: Tripolygon.UModeler.Hub.INoticeService = Tripolygon.UModeler.Hub.Noticies.NoticeService
[2025-11-12 오후 10:20:03] [Debug] [Application] Service Initialize: Tripolygon.UModeler.Editor.UI.UnityEditorApplicationCache
[2025-11-12 오후 10:20:02] [Debug] [Application] service: Tripolygon.UModeler.Hub.Views.SceneViews.HubSceneViewService = Tripolygon.UModeler.Hub.Views.SceneViews.HubSceneViewService
[2025-11-12 오후 10:20:03] [Debug] [Application] Initialize: isReloading=False
[2025-11-12 오후 10:20:03] [Debug] [Application] Service Initialize: Tripolygon.UModeler.Hub.HubService
[2025-11-12 오후 10:20:03] [Debug] [Application] Service Initialize: Tripolygon.UModeler.Hub.HubAuthentication
[2025-11-12 오후 10:20:03] [Debug] [Application] Service Initialize: Tripolygon.UModeler.Editor.UI.UnityEditorApplicationUtilityService
[2025-11-12 오후 10:20:03] [Debug] [Application] Service Initialize: Tripolygon.UModeler.Editor.UI.UnityEditorApplicationCache
[2025-11-12 오후 10:20:03] [Debug] [Application] Service Initialize: Tripolygon.UModeler.Hub.HubFlashService
[2025-11-12 오후 10:20:03] [Debug] [Application] Service Initialize: Tripolygon.UModeler.Hub.HubService
[2025-11-12 오후 10:20:03] [Debug] [Application] Service Initialize: Tripolygon.UModeler.Editor.UI.UnityEditorApplicationUtilityService
[2025-11-12 오후 10:20:03] [Debug] [HubAnalytics] PosthogClient.SetAutoFlush: Value Changed: True
[2025-11-12 오후 10:20:03] [Debug] [HubAnalytics] PosthogClient.SetAutoFlush: Value Changed: True
[2025-11-12 오후 10:20:03] [Debug] [Application] Service Initialize: Tripolygon.UModeler.Hub.HubAnalyticsService
[2025-11-12 오후 10:20:03] [Debug] [Application] Service Initialize: Tripolygon.UModeler.Hub.VSAttributionService
[2025-11-12 오후 10:20:03] [Debug] [Application] Service Initialize: Tripolygon.UModeler.Hub.HubAnalyticsService
[2025-11-12 오후 10:20:03] [Debug] [Application] Service Initialize: Tripolygon.UModeler.Hub.Notifications.UpdateHubNotifier
[2025-11-12 오후 10:20:03] [Debug] [Application] Service Initialize: Tripolygon.UModeler.Hub.VSAttributionService
[2025-11-12 오후 10:20:03] [Debug] [Application] Service Initialize: Tripolygon.UModeler.Hub.Notifications.UpdateProductNotifier
[2025-11-12 오후 10:20:03] [Debug] [Application] Service Initialize: Tripolygon.UModeler.Hub.Notifications.UpdateProductNotifier
[2025-11-12 오후 10:20:03] [Debug] [Application] Service Initialize: Tripolygon.UModeler.Hub.Noticies.NoticeService
[2025-11-12 오후 10:20:03] [Debug] [Application] Service Initialize: Tripolygon.UModeler.Hub.Noticies.NoticeService
[2025-11-12 오후 10:20:03] [Debug] [Application] Service Initialize: Tripolygon.UModeler.Hub.Views.SceneViews.HubSceneViewService
[2025-11-12 오후 10:20:03] [Debug] [Application] Service Initialize: Tripolygon.UModeler.Hub.Views.SceneViews.HubSceneViewService
[2025-11-12 오후 10:22:47] [Debug] [Application] Release: isReloading=True
[2025-11-12 오후 10:22:47] [Debug] [Application] Service Release: Tripolygon.UModeler.Hub.Views.SceneViews.HubSceneViewService
[2025-11-12 오후 10:22:47] [Debug] [Application] Service Release: Tripolygon.UModeler.Hub.Noticies.NoticeService
[2025-11-12 오후 10:22:47] [Debug] [Application] Service Release: Tripolygon.UModeler.Hub.Notifications.UpdateProductNotifier
[2025-11-12 오후 10:22:47] [Debug] [Application] Service Release: Tripolygon.UModeler.Hub.Notifications.UpdateHubNotifier
[2025-11-12 오후 10:22:47] [Debug] [Application] Service Release: Tripolygon.UModeler.Hub.VSAttributionService
[2025-11-12 오후 10:22:47] [Debug] [HubAnalytics] PosthogClient.SetAutoFlush: Value Changed: False
[2025-11-12 오후 10:22:47] [Debug] [Application] Service Release: Tripolygon.UModeler.Hub.HubAnalyticsService
[2025-11-12 오후 10:22:47] [Debug] [Application] Service Release: Tripolygon.UModeler.Hub.HubFlashService
[2025-11-12 오후 10:22:48] [Debug] [Application] Service Release: Tripolygon.UModeler.Editor.UI.UnityEditorApplicationUtilityService
[2025-11-12 오후 10:22:48] [Debug] [Application] Service Release: Tripolygon.UModeler.Hub.HubService
[2025-11-12 오후 10:22:48] [Debug] [Application] Service Release: Tripolygon.UModeler.Editor.UI.UnityEditorApplicationCache
[2025-11-12 오후 10:22:48] [Debug] [Application] Service Release: Tripolygon.UModeler.Hub.HubAuthentication
[2025-11-12 오후 10:22:51] [Debug] [Application] service: Tripolygon.UModeler.Hub.HubAuthentication = Tripolygon.UModeler.Hub.HubAuthentication
[2025-11-12 오후 10:22:51] [Debug] [Application] service: Tripolygon.UModeler.UI.IApplicationCache = Tripolygon.UModeler.Editor.UI.UnityEditorApplicationCache
[2025-11-12 오후 10:22:51] [Debug] ActualHost
[2025-11-12 오후 10:22:51] [Debug] [Application] service: Tripolygon.UModeler.Hub.IHubService = Tripolygon.UModeler.Hub.HubService
[2025-11-12 오후 10:22:51] [Debug] [Application] service: Tripolygon.UModeler.Authentication.IAuthenticationApiProvider = Tripolygon.UModeler.Editor.AuthenticationApiProviderService
[2025-11-12 오후 10:22:51] [Debug] [Application] service: Tripolygon.UModeler.UI.IObjectHierarchyService = Tripolygon.UModeler.Editor.UI.UnityEditorObjectHierarchyService
[2025-11-12 오후 10:22:51] [Debug] [Application] service: Tripolygon.UModeler.UI.IApplicationUtilityService = Tripolygon.UModeler.Editor.UI.UnityEditorApplicationUtilityService
[2025-11-12 오후 10:22:51] [Debug] [Application] service: Tripolygon.UModeler.Editor.UI.ApplicationSettings = Tripolygon.UModeler.Editor.UI.ApplicationSettings
[2025-11-12 오후 10:22:51] [Debug] [Application] service: Tripolygon.UModeler.UI.ITextureProvider = Tripolygon.UModeler.Editor.UI.UnityEditorTextureProvider
[2025-11-12 오후 10:22:51] [Debug] [Application] service: Tripolygon.UModeler.Hub.Resources.IResourcesApiProvider = Tripolygon.UModeler.Hub.ResourcesApiProviderService
[2025-11-12 오후 10:22:51] [Debug] [Application] service: Tripolygon.UModeler.Hub.HubFlashService = Tripolygon.UModeler.Hub.HubFlashService
[2025-11-12 오후 10:22:51] [Debug] [Application] service: Tripolygon.UModeler.Hub.IHubAnalyticsService = Tripolygon.UModeler.Hub.HubAnalyticsService
[2025-11-12 오후 10:22:51] [Debug] [Application] service: Tripolygon.UModeler.Hub.VSAttributionService = Tripolygon.UModeler.Hub.VSAttributionService
[2025-11-12 오후 10:22:51] [Debug] [Application] service: Tripolygon.UModeler.Hub.Notifications.UpdateHubNotifier = Tripolygon.UModeler.Hub.Notifications.UpdateHubNotifier
[2025-11-12 오후 10:22:51] [Debug] [Application] service: Tripolygon.UModeler.Hub.Notifications.UpdateProductNotifier = Tripolygon.UModeler.Hub.Notifications.UpdateProductNotifier
[2025-11-12 오후 10:22:51] [Debug] [Application] service: Tripolygon.UModeler.Hub.INoticeService = Tripolygon.UModeler.Hub.Noticies.NoticeService
[2025-11-12 오후 10:22:51] [Debug] [Application] service: Tripolygon.UModeler.Hub.Views.SceneViews.HubSceneViewService = Tripolygon.UModeler.Hub.Views.SceneViews.HubSceneViewService
[2025-11-12 오후 10:22:53] [Debug] [Application] Initialize: isReloading=True
[2025-11-12 오후 10:22:53] [Debug] [Application] Service Initialize: Tripolygon.UModeler.Hub.HubAuthentication
[2025-11-12 오후 10:22:53] [Debug] [Application] Service Initialize: Tripolygon.UModeler.Editor.UI.UnityEditorApplicationCache
[2025-11-12 오후 10:22:53] [Debug] [Application] Service Initialize: Tripolygon.UModeler.Hub.HubService
[2025-11-12 오후 10:22:53] [Debug] [Application] Service Initialize: Tripolygon.UModeler.Editor.UI.UnityEditorApplicationUtilityService
[2025-11-12 오후 10:22:53] [Debug] [Application] Service Initialize: Tripolygon.UModeler.Hub.HubFlashService
[2025-11-12 오후 10:22:53] [Debug] [HubAnalytics] PosthogClient.SetAutoFlush: Value Changed: True
[2025-11-12 오후 10:22:53] [Debug] [Application] Service Initialize: Tripolygon.UModeler.Hub.HubAnalyticsService
[2025-11-12 오후 10:22:53] [Debug] [Application] Service Initialize: Tripolygon.UModeler.Hub.VSAttributionService
[2025-11-12 오후 10:22:53] [Debug] [Application] Service Initialize: Tripolygon.UModeler.Hub.Notifications.UpdateHubNotifier
[2025-11-12 오후 10:22:53] [Debug] [Application] Service Initialize: Tripolygon.UModeler.Hub.Notifications.UpdateProductNotifier
[2025-11-12 오후 10:22:53] [Debug] [Application] Service Initialize: Tripolygon.UModeler.Hub.Noticies.NoticeService
[2025-11-12 오후 10:22:53] [Debug] [Application] Service Initialize: Tripolygon.UModeler.Hub.Views.SceneViews.HubSceneViewService
[2025-11-12 오후 10:22:54] [Debug] [Application] Release: isReloading=True
[2025-11-12 오후 10:22:54] [Debug] [Application] Release: isReloading=True
[2025-11-12 오후 10:22:54] [Debug] [Application] Service Release: Tripolygon.UModeler.Hub.Views.SceneViews.HubSceneViewService
[2025-11-12 오후 10:22:54] [Debug] [Application] Service Release: Tripolygon.UModeler.Hub.Views.SceneViews.HubSceneViewService
[2025-11-12 오후 10:22:54] [Debug] [Application] Service Release: Tripolygon.UModeler.Hub.Noticies.NoticeService
[2025-11-12 오후 10:22:54] [Debug] [Application] Service Release: Tripolygon.UModeler.Hub.Noticies.NoticeService
[2025-11-12 오후 10:22:54] [Debug] [Application] Service Release: Tripolygon.UModeler.Hub.Notifications.UpdateProductNotifier
[2025-11-12 오후 10:22:54] [Debug] [Application] Service Release: Tripolygon.UModeler.Hub.Notifications.UpdateProductNotifier
[2025-11-12 오후 10:22:54] [Debug] [Application] Service Release: Tripolygon.UModeler.Hub.Notifications.UpdateHubNotifier
[2025-11-12 오후 10:22:54] [Debug] [Application] Service Release: Tripolygon.UModeler.Hub.Notifications.UpdateHubNotifier
[2025-11-12 오후 10:22:54] [Debug] [Application] Service Release: Tripolygon.UModeler.Hub.VSAttributionService
[2025-11-12 오후 10:22:54] [Debug] [Application] Service Release: Tripolygon.UModeler.Hub.VSAttributionService
[2025-11-12 오후 10:22:57] [Debug] [Application] service: Tripolygon.UModeler.Hub.HubAuthentication = Tripolygon.UModeler.Hub.HubAuthentication
[2025-11-12 오후 10:22:57] [Debug] [Application] service: Tripolygon.UModeler.UI.IApplicationCache = Tripolygon.UModeler.Editor.UI.UnityEditorApplicationCache
[2025-11-12 오후 10:22:57] [Debug] ActualHost
[2025-11-12 오후 10:22:57] [Debug] [Application] service: Tripolygon.UModeler.Hub.HubAuthentication = Tripolygon.UModeler.Hub.HubAuthentication
[2025-11-12 오후 10:22:57] [Debug] [Application] service: Tripolygon.UModeler.Hub.HubFlashService = Tripolygon.UModeler.Hub.HubFlashService
[2025-11-12 오후 10:22:57] [Debug] [Application] service: Tripolygon.UModeler.UI.IApplicationCache = Tripolygon.UModeler.Editor.UI.UnityEditorApplicationCache
[2025-11-12 오후 10:22:57] [Debug] [Application] service: Tripolygon.UModeler.Hub.VSAttributionService = Tripolygon.UModeler.Hub.VSAttributionService
[2025-11-12 오후 10:22:57] [Debug] [Application] service: Tripolygon.UModeler.Hub.IHubService = Tripolygon.UModeler.Hub.HubService
[2025-11-12 오후 10:22:57] [Debug] [Application] service: Tripolygon.UModeler.Hub.Notifications.UpdateProductNotifier = Tripolygon.UModeler.Hub.Notifications.UpdateProductNotifier
[2025-11-12 오후 10:22:57] [Debug] [Application] service: Tripolygon.UModeler.UI.IObjectHierarchyService = Tripolygon.UModeler.Editor.UI.UnityEditorObjectHierarchyService
[2025-11-12 오후 10:22:57] [Debug] [Application] service: Tripolygon.UModeler.Hub.Views.SceneViews.HubSceneViewService = Tripolygon.UModeler.Hub.Views.SceneViews.HubSceneViewService
[2025-11-12 오후 10:22:57] [Debug] [Application] service: Tripolygon.UModeler.Editor.UI.ApplicationSettings = Tripolygon.UModeler.Editor.UI.ApplicationSettings
[2025-11-12 오후 10:22:58] [Debug] [Application] Service Initialize: Tripolygon.UModeler.Hub.HubAuthentication
[2025-11-12 오후 10:22:57] [Debug] [Application] service: Tripolygon.UModeler.Hub.Resources.IResourcesApiProvider = Tripolygon.UModeler.Hub.ResourcesApiProviderService
[2025-11-12 오후 10:22:58] [Debug] [Application] Service Initialize: Tripolygon.UModeler.Editor.UI.UnityEditorApplicationCache
[2025-11-12 오후 10:22:57] [Debug] [Application] service: Tripolygon.UModeler.Hub.HubFlashService = Tripolygon.UModeler.Hub.HubFlashService
[2025-11-12 오후 10:22:57] [Debug] [Application] service: Tripolygon.UModeler.Hub.IHubAnalyticsService = Tripolygon.UModeler.Hub.HubAnalyticsService
[2025-11-12 오후 10:22:58] [Debug] [Application] Service Initialize: Tripolygon.UModeler.Hub.HubService
[2025-11-12 오후 10:22:57] [Debug] [Application] service: Tripolygon.UModeler.Hub.Notifications.UpdateHubNotifier = Tripolygon.UModeler.Hub.Notifications.UpdateHubNotifier
[2025-11-12 오후 10:22:57] [Debug] [Application] service: Tripolygon.UModeler.Hub.Notifications.UpdateProductNotifier = Tripolygon.UModeler.Hub.Notifications.UpdateProductNotifier
[2025-11-12 오후 10:22:58] [Debug] [Application] Service Initialize: Tripolygon.UModeler.Editor.UI.UnityEditorApplicationUtilityService
[2025-11-12 오후 10:22:57] [Debug] [Application] service: Tripolygon.UModeler.Hub.INoticeService = Tripolygon.UModeler.Hub.Noticies.NoticeService
[2025-11-12 오후 10:22:58] [Debug] [Application] Service Initialize: Tripolygon.UModeler.Hub.HubFlashService
[2025-11-12 오후 10:22:57] [Debug] [Application] service: Tripolygon.UModeler.Hub.Views.SceneViews.HubSceneViewService = Tripolygon.UModeler.Hub.Views.SceneViews.HubSceneViewService
[2025-11-12 오후 10:22:58] [Debug] [Application] Initialize: isReloading=False
[2025-11-12 오후 10:22:58] [Debug] [HubAnalytics] PosthogClient.SetAutoFlush: Value Changed: True
[2025-11-12 오후 10:22:58] [Debug] [Application] Service Initialize: Tripolygon.UModeler.Hub.HubAuthentication
[2025-11-12 오후 10:22:59] [Debug] [Application] Service Initialize: Tripolygon.UModeler.Editor.UI.UnityEditorApplicationCache
[2025-11-12 오후 10:22:59] [Debug] [Application] Service Initialize: Tripolygon.UModeler.Hub.HubService
[2025-11-12 오후 10:22:59] [Debug] [Application] Service Initialize: Tripolygon.UModeler.Hub.HubAnalyticsService
[2025-11-12 오후 10:22:59] [Debug] [Application] Service Initialize: Tripolygon.UModeler.Editor.UI.UnityEditorApplicationUtilityService
[2025-11-12 오후 10:22:59] [Debug] [Application] Service Initialize: Tripolygon.UModeler.Hub.VSAttributionService
[2025-11-12 오후 10:22:59] [Debug] [Application] Service Initialize: Tripolygon.UModeler.Hub.HubFlashService
[2025-11-12 오후 10:22:59] [Debug] [Application] Service Initialize: Tripolygon.UModeler.Hub.Notifications.UpdateHubNotifier
[2025-11-12 오후 10:22:59] [Debug] [HubAnalytics] PosthogClient.SetAutoFlush: Value Changed: True
[2025-11-12 오후 10:22:59] [Debug] [Application] Service Initialize: Tripolygon.UModeler.Hub.Notifications.UpdateProductNotifier
[2025-11-12 오후 10:22:59] [Debug] [Application] Service Initialize: Tripolygon.UModeler.Hub.Noticies.NoticeService
[2025-11-12 오후 10:22:59] [Debug] [Application] Service Initialize: Tripolygon.UModeler.Hub.Views.SceneViews.HubSceneViewService
[2025-11-12 오후 10:22:59] [Debug] [Application] Service Initialize: Tripolygon.UModeler.Hub.HubAnalyticsService
[2025-11-12 오후 10:22:59] [Debug] [Application] Service Initialize: Tripolygon.UModeler.Hub.VSAttributionService
[2025-11-12 오후 10:22:59] [Debug] [Application] Service Initialize: Tripolygon.UModeler.Hub.Notifications.UpdateHubNotifier
[2025-11-12 오후 10:22:59] [Debug] [Application] Service Initialize: Tripolygon.UModeler.Hub.Notifications.UpdateProductNotifier
[2025-11-12 오후 10:22:59] [Debug] [Application] Service Initialize: Tripolygon.UModeler.Hub.Noticies.NoticeService
[2025-11-12 오후 10:22:59] [Debug] [Application] Service Initialize: Tripolygon.UModeler.Hub.Views.SceneViews.HubSceneViewService
[2025-11-12 오후 10:23:19] [Debug] [Application] Release: isReloading=True
[2025-11-12 오후 10:23:19] [Debug] [Application] Service Release: Tripolygon.UModeler.Hub.Views.SceneViews.HubSceneViewService
[2025-11-12 오후 10:23:19] [Debug] [Application] Service Release: Tripolygon.UModeler.Hub.Noticies.NoticeService
[2025-11-12 오후 10:23:19] [Debug] [Application] Service Release: Tripolygon.UModeler.Hub.Notifications.UpdateProductNotifier
[2025-11-12 오후 10:23:19] [Debug] [Application] Service Release: Tripolygon.UModeler.Hub.Notifications.UpdateHubNotifier
[2025-11-12 오후 10:23:19] [Debug] [Application] Service Release: Tripolygon.UModeler.Hub.VSAttributionService
[2025-11-12 오후 10:23:19] [Debug] [HubAnalytics] PosthogClient.SetAutoFlush: Value Changed: False
[2025-11-12 오후 10:23:19] [Debug] [Application] Service Release: Tripolygon.UModeler.Hub.HubAnalyticsService
[2025-11-12 오후 10:23:19] [Debug] [Application] Service Release: Tripolygon.UModeler.Hub.HubFlashService
[2025-11-12 오후 10:23:19] [Debug] [Application] Service Release: Tripolygon.UModeler.Editor.UI.UnityEditorApplicationUtilityService
[2025-11-12 오후 10:23:19] [Debug] [Application] Service Release: Tripolygon.UModeler.Hub.HubService
[2025-11-12 오후 10:23:19] [Debug] [Application] Service Release: Tripolygon.UModeler.Editor.UI.UnityEditorApplicationCache
[2025-11-12 오후 10:23:19] [Debug] [Application] Service Release: Tripolygon.UModeler.Hub.HubAuthentication
[2025-11-12 오후 10:23:22] [Debug] [Application] service: Tripolygon.UModeler.Hub.HubAuthentication = Tripolygon.UModeler.Hub.HubAuthentication
[2025-11-12 오후 10:23:22] [Debug] [Application] service: Tripolygon.UModeler.UI.IApplicationCache = Tripolygon.UModeler.Editor.UI.UnityEditorApplicationCache
[2025-11-12 오후 10:23:22] [Debug] ActualHost
[2025-11-12 오후 10:23:22] [Debug] [Application] service: Tripolygon.UModeler.Hub.IHubService = Tripolygon.UModeler.Hub.HubService
[2025-11-12 오후 10:23:22] [Debug] [Application] service: Tripolygon.UModeler.Authentication.IAuthenticationApiProvider = Tripolygon.UModeler.Editor.AuthenticationApiProviderService
[2025-11-12 오후 10:23:22] [Debug] [Application] service: Tripolygon.UModeler.UI.IObjectHierarchyService = Tripolygon.UModeler.Editor.UI.UnityEditorObjectHierarchyService
[2025-11-12 오후 10:23:22] [Debug] [Application] service: Tripolygon.UModeler.UI.IApplicationUtilityService = Tripolygon.UModeler.Editor.UI.UnityEditorApplicationUtilityService
[2025-11-12 오후 10:23:23] [Debug] [Application] service: Tripolygon.UModeler.Editor.UI.ApplicationSettings = Tripolygon.UModeler.Editor.UI.ApplicationSettings
[2025-11-12 오후 10:23:23] [Debug] [Application] service: Tripolygon.UModeler.UI.ITextureProvider = Tripolygon.UModeler.Editor.UI.UnityEditorTextureProvider
[2025-11-12 오후 10:23:23] [Debug] [Application] service: Tripolygon.UModeler.Hub.Resources.IResourcesApiProvider = Tripolygon.UModeler.Hub.ResourcesApiProviderService
[2025-11-12 오후 10:23:23] [Debug] [Application] service: Tripolygon.UModeler.Hub.HubFlashService = Tripolygon.UModeler.Hub.HubFlashService
[2025-11-12 오후 10:23:23] [Debug] [Application] service: Tripolygon.UModeler.Hub.IHubAnalyticsService = Tripolygon.UModeler.Hub.HubAnalyticsService
[2025-11-12 오후 10:23:23] [Debug] [Application] service: Tripolygon.UModeler.Hub.VSAttributionService = Tripolygon.UModeler.Hub.VSAttributionService
[2025-11-12 오후 10:23:23] [Debug] [Application] service: Tripolygon.UModeler.Hub.Notifications.UpdateHubNotifier = Tripolygon.UModeler.Hub.Notifications.UpdateHubNotifier
[2025-11-12 오후 10:23:23] [Debug] [Application] service: Tripolygon.UModeler.Hub.Notifications.UpdateProductNotifier = Tripolygon.UModeler.Hub.Notifications.UpdateProductNotifier
[2025-11-12 오후 10:23:23] [Debug] [Application] service: Tripolygon.UModeler.Hub.INoticeService = Tripolygon.UModeler.Hub.Noticies.NoticeService
[2025-11-12 오후 10:23:23] [Debug] [Application] service: Tripolygon.UModeler.Hub.Views.SceneViews.HubSceneViewService = Tripolygon.UModeler.Hub.Views.SceneViews.HubSceneViewService
[2025-11-12 오후 10:23:24] [Debug] [Application] Initialize: isReloading=True
[2025-11-12 오후 10:23:24] [Debug] [Application] Service Initialize: Tripolygon.UModeler.Hub.HubAuthentication
[2025-11-12 오후 10:23:24] [Debug] [Application] Service Initialize: Tripolygon.UModeler.Editor.UI.UnityEditorApplicationCache
[2025-11-12 오후 10:23:24] [Debug] [Application] Service Initialize: Tripolygon.UModeler.Hub.HubService
[2025-11-12 오후 10:23:24] [Debug] [Application] Service Initialize: Tripolygon.UModeler.Editor.UI.UnityEditorApplicationUtilityService
[2025-11-12 오후 10:23:24] [Debug] [Application] Service Initialize: Tripolygon.UModeler.Hub.HubFlashService
[2025-11-12 오후 10:23:24] [Debug] [HubAnalytics] PosthogClient.SetAutoFlush: Value Changed: True
[2025-11-12 오후 10:23:25] [Debug] [Application] Service Initialize: Tripolygon.UModeler.Hub.HubAnalyticsService
[2025-11-12 오후 10:23:25] [Debug] [Application] Service Initialize: Tripolygon.UModeler.Hub.VSAttributionService
[2025-11-12 오후 10:23:25] [Debug] [Application] Service Initialize: Tripolygon.UModeler.Hub.Notifications.UpdateHubNotifier
[2025-11-12 오후 10:23:25] [Debug] [Application] Service Initialize: Tripolygon.UModeler.Hub.Notifications.UpdateProductNotifier
[2025-11-12 오후 10:23:25] [Debug] [Application] Service Initialize: Tripolygon.UModeler.Hub.Noticies.NoticeService
[2025-11-12 오후 10:23:25] [Debug] [Application] Service Initialize: Tripolygon.UModeler.Hub.Views.SceneViews.HubSceneViewService
[2025-11-12 오후 10:23:25] [Debug] [Application] Release: isReloading=True
[2025-11-12 오후 10:23:25] [Debug] [Application] Release: isReloading=True
[2025-11-12 오후 10:23:25] [Debug] [Application] Service Release: Tripolygon.UModeler.Hub.Views.SceneViews.HubSceneViewService
[2025-11-12 오후 10:23:25] [Debug] [Application] Service Release: Tripolygon.UModeler.Hub.Views.SceneViews.HubSceneViewService
[2025-11-12 오후 10:23:25] [Debug] [Application] Service Release: Tripolygon.UModeler.Hub.Noticies.NoticeService
[2025-11-12 오후 10:23:25] [Debug] [Application] Service Release: Tripolygon.UModeler.Hub.Noticies.NoticeService
[2025-11-12 오후 10:23:25] [Debug] [Application] Service Release: Tripolygon.UModeler.Hub.Notifications.UpdateProductNotifier
[2025-11-12 오후 10:23:25] [Debug] [Application] Service Release: Tripolygon.UModeler.Hub.Notifications.UpdateProductNotifier
[2025-11-12 오후 10:23:25] [Debug] [Application] Service Release: Tripolygon.UModeler.Hub.Notifications.UpdateHubNotifier
[2025-11-12 오후 10:23:25] [Debug] [Application] Service Release: Tripolygon.UModeler.Hub.Notifications.UpdateHubNotifier
[2025-11-12 오후 10:23:25] [Debug] [Application] Service Release: Tripolygon.UModeler.Hub.VSAttributionService
[2025-11-12 오후 10:23:25] [Debug] [Application] Service Release: Tripolygon.UModeler.Hub.VSAttributionService
[2025-11-12 오후 10:23:28] [Debug] [Application] service: Tripolygon.UModeler.Hub.HubAuthentication = Tripolygon.UModeler.Hub.HubAuthentication
[2025-11-12 오후 10:23:28] [Debug] [Application] service: Tripolygon.UModeler.UI.IApplicationCache = Tripolygon.UModeler.Editor.UI.UnityEditorApplicationCache
[2025-11-12 오후 10:23:28] [Debug] [Application] service: Tripolygon.UModeler.Hub.HubAuthentication = Tripolygon.UModeler.Hub.HubAuthentication
[2025-11-12 오후 10:23:28] [Debug] [Application] service: Tripolygon.UModeler.Hub.HubFlashService = Tripolygon.UModeler.Hub.HubFlashService
[2025-11-12 오후 10:23:28] [Debug] [Application] service: Tripolygon.UModeler.UI.IApplicationCache = Tripolygon.UModeler.Editor.UI.UnityEditorApplicationCache
[2025-11-12 오후 10:23:28] [Debug] [Application] service: Tripolygon.UModeler.Hub.VSAttributionService = Tripolygon.UModeler.Hub.VSAttributionService
[2025-11-12 오후 10:23:28] [Debug] ActualHost
[2025-11-12 오후 10:23:28] [Debug] [Application] service: Tripolygon.UModeler.Hub.Notifications.UpdateHubNotifier = Tripolygon.UModeler.Hub.Notifications.UpdateHubNotifier
[2025-11-12 오후 10:23:28] [Debug] [Application] service: Tripolygon.UModeler.Hub.IHubService = Tripolygon.UModeler.Hub.HubService
[2025-11-12 오후 10:23:28] [Debug] [Application] service: Tripolygon.UModeler.Hub.INoticeService = Tripolygon.UModeler.Hub.Noticies.NoticeService
[2025-11-12 오후 10:23:28] [Debug] [Application] service: Tripolygon.UModeler.Hub.Views.SceneViews.HubSceneViewService = Tripolygon.UModeler.Hub.Views.SceneViews.HubSceneViewService
[2025-11-12 오후 10:23:28] [Debug] [Application] service: Tripolygon.UModeler.UI.IApplicationUtilityService = Tripolygon.UModeler.Editor.UI.UnityEditorApplicationUtilityService
[2025-11-12 오후 10:23:29] [Debug] [Application] Initialize: isReloading=True
[2025-11-12 오후 10:23:28] [Debug] [Application] service: Tripolygon.UModeler.Editor.UI.ApplicationSettings = Tripolygon.UModeler.Editor.UI.ApplicationSettings
[2025-11-12 오후 10:23:30] [Debug] [Application] Service Initialize: Tripolygon.UModeler.Hub.HubAuthentication
[2025-11-12 오후 10:23:28] [Debug] [Application] service: Tripolygon.UModeler.Hub.Resources.IResourcesApiProvider = Tripolygon.UModeler.Hub.ResourcesApiProviderService
[2025-11-12 오후 10:23:30] [Debug] [Application] Service Initialize: Tripolygon.UModeler.Editor.UI.UnityEditorApplicationCache
[2025-11-12 오후 10:23:28] [Debug] [Application] service: Tripolygon.UModeler.Hub.IHubAnalyticsService = Tripolygon.UModeler.Hub.HubAnalyticsService
[2025-11-12 오후 10:23:28] [Debug] [Application] service: Tripolygon.UModeler.Hub.VSAttributionService = Tripolygon.UModeler.Hub.VSAttributionService
[2025-11-12 오후 10:23:30] [Debug] [Application] Service Initialize: Tripolygon.UModeler.Hub.HubService
[2025-11-12 오후 10:23:28] [Debug] [Application] service: Tripolygon.UModeler.Hub.Notifications.UpdateProductNotifier = Tripolygon.UModeler.Hub.Notifications.UpdateProductNotifier
[2025-11-12 오후 10:23:30] [Debug] [Application] Service Initialize: Tripolygon.UModeler.Hub.HubFlashService
[2025-11-12 오후 10:23:28] [Debug] [Application] service: Tripolygon.UModeler.Hub.Views.SceneViews.HubSceneViewService = Tripolygon.UModeler.Hub.Views.SceneViews.HubSceneViewService
[2025-11-12 오후 10:23:29] [Debug] [Application] Initialize: isReloading=False
[2025-11-12 오후 10:23:30] [Debug] [HubAnalytics] PosthogClient.SetAutoFlush: Value Changed: True
[2025-11-12 오후 10:23:30] [Debug] [Application] Service Initialize: Tripolygon.UModeler.Hub.HubAuthentication
[2025-11-12 오후 10:23:30] [Debug] [Application] Service Initialize: Tripolygon.UModeler.Editor.UI.UnityEditorApplicationCache
[2025-11-12 오후 10:23:30] [Debug] [Application] Service Initialize: Tripolygon.UModeler.Hub.HubService
[2025-11-12 오후 10:23:30] [Debug] [Application] Service Initialize: Tripolygon.UModeler.Hub.HubAnalyticsService
[2025-11-12 오후 10:23:30] [Debug] [Application] Service Initialize: Tripolygon.UModeler.Editor.UI.UnityEditorApplicationUtilityService
[2025-11-12 오후 10:23:30] [Debug] [Application] Service Initialize: Tripolygon.UModeler.Hub.VSAttributionService
[2025-11-12 오후 10:23:30] [Debug] [Application] Service Initialize: Tripolygon.UModeler.Hub.HubFlashService
[2025-11-12 오후 10:23:30] [Debug] [Application] Service Initialize: Tripolygon.UModeler.Hub.Notifications.UpdateHubNotifier
[2025-11-12 오후 10:23:30] [Debug] [HubAnalytics] PosthogClient.SetAutoFlush: Value Changed: True
[2025-11-12 오후 10:23:30] [Debug] [Application] Service Initialize: Tripolygon.UModeler.Hub.Notifications.UpdateProductNotifier
[2025-11-12 오후 10:23:30] [Debug] [Application] Service Initialize: Tripolygon.UModeler.Hub.Noticies.NoticeService
[2025-11-12 오후 10:23:30] [Debug] [Application] Service Initialize: Tripolygon.UModeler.Hub.Views.SceneViews.HubSceneViewService
[2025-11-12 오후 10:23:30] [Debug] [Application] Service Initialize: Tripolygon.UModeler.Hub.HubAnalyticsService
[2025-11-12 오후 10:23:30] [Debug] [Application] Service Initialize: Tripolygon.UModeler.Hub.VSAttributionService
[2025-11-12 오후 10:23:30] [Debug] [Application] Service Initialize: Tripolygon.UModeler.Hub.Notifications.UpdateHubNotifier
[2025-11-12 오후 10:23:30] [Debug] [Application] Service Initialize: Tripolygon.UModeler.Hub.Notifications.UpdateProductNotifier
[2025-11-12 오후 10:23:30] [Debug] [Application] Service Initialize: Tripolygon.UModeler.Hub.Noticies.NoticeService
[2025-11-12 오후 10:23:30] [Debug] [Application] Service Initialize: Tripolygon.UModeler.Hub.Views.SceneViews.HubSceneViewService
[2025-11-12 오후 10:24:22] [Debug] [Application] Release: isReloading=True
[2025-11-12 오후 10:24:22] [Debug] [Application] Service Release: Tripolygon.UModeler.Hub.Views.SceneViews.HubSceneViewService
[2025-11-12 오후 10:24:22] [Debug] [Application] Service Release: Tripolygon.UModeler.Hub.Noticies.NoticeService
[2025-11-12 오후 10:24:22] [Debug] [Application] Service Release: Tripolygon.UModeler.Hub.Notifications.UpdateProductNotifier
[2025-11-12 오후 10:24:22] [Debug] [Application] Service Release: Tripolygon.UModeler.Hub.Notifications.UpdateHubNotifier
[2025-11-12 오후 10:24:22] [Debug] [Application] Service Release: Tripolygon.UModeler.Hub.VSAttributionService
[2025-11-12 오후 10:24:22] [Debug] [HubAnalytics] PosthogClient.SetAutoFlush: Value Changed: False
[2025-11-12 오후 10:24:22] [Debug] [Application] Service Release: Tripolygon.UModeler.Hub.HubAnalyticsService
[2025-11-12 오후 10:24:22] [Debug] [Application] Service Release: Tripolygon.UModeler.Hub.HubFlashService
[2025-11-12 오후 10:24:22] [Debug] [Application] Service Release: Tripolygon.UModeler.Editor.UI.UnityEditorApplicationUtilityService
[2025-11-12 오후 10:24:22] [Debug] [Application] Service Release: Tripolygon.UModeler.Hub.HubService
[2025-11-12 오후 10:24:22] [Debug] [Application] Service Release: Tripolygon.UModeler.Editor.UI.UnityEditorApplicationCache
[2025-11-12 오후 10:24:22] [Debug] [Application] Service Release: Tripolygon.UModeler.Hub.HubAuthentication
[2025-11-12 오후 10:24:26] [Debug] [Application] service: Tripolygon.UModeler.Hub.HubAuthentication = Tripolygon.UModeler.Hub.HubAuthentication
[2025-11-12 오후 10:24:26] [Debug] [Application] service: Tripolygon.UModeler.UI.IApplicationCache = Tripolygon.UModeler.Editor.UI.UnityEditorApplicationCache
[2025-11-12 오후 10:24:26] [Debug] ActualHost
[2025-11-12 오후 10:24:26] [Debug] [Application] service: Tripolygon.UModeler.Hub.IHubService = Tripolygon.UModeler.Hub.HubService
[2025-11-12 오후 10:24:26] [Debug] [Application] service: Tripolygon.UModeler.Authentication.IAuthenticationApiProvider = Tripolygon.UModeler.Editor.AuthenticationApiProviderService
[2025-11-12 오후 10:24:26] [Debug] [Application] service: Tripolygon.UModeler.UI.IObjectHierarchyService = Tripolygon.UModeler.Editor.UI.UnityEditorObjectHierarchyService
[2025-11-12 오후 10:24:26] [Debug] [Application] service: Tripolygon.UModeler.UI.IApplicationUtilityService = Tripolygon.UModeler.Editor.UI.UnityEditorApplicationUtilityService
[2025-11-12 오후 10:24:26] [Debug] [Application] service: Tripolygon.UModeler.Editor.UI.ApplicationSettings = Tripolygon.UModeler.Editor.UI.ApplicationSettings
[2025-11-12 오후 10:24:26] [Debug] [Application] service: Tripolygon.UModeler.UI.ITextureProvider = Tripolygon.UModeler.Editor.UI.UnityEditorTextureProvider
[2025-11-12 오후 10:24:26] [Debug] [Application] service: Tripolygon.UModeler.Hub.Resources.IResourcesApiProvider = Tripolygon.UModeler.Hub.ResourcesApiProviderService
[2025-11-12 오후 10:24:26] [Debug] [Application] service: Tripolygon.UModeler.Hub.HubFlashService = Tripolygon.UModeler.Hub.HubFlashService
[2025-11-12 오후 10:24:26] [Debug] [Application] service: Tripolygon.UModeler.Hub.IHubAnalyticsService = Tripolygon.UModeler.Hub.HubAnalyticsService
[2025-11-12 오후 10:24:26] [Debug] [Application] service: Tripolygon.UModeler.Hub.VSAttributionService = Tripolygon.UModeler.Hub.VSAttributionService
[2025-11-12 오후 10:24:26] [Debug] [Application] service: Tripolygon.UModeler.Hub.Notifications.UpdateHubNotifier = Tripolygon.UModeler.Hub.Notifications.UpdateHubNotifier
[2025-11-12 오후 10:24:26] [Debug] [Application] service: Tripolygon.UModeler.Hub.Notifications.UpdateProductNotifier = Tripolygon.UModeler.Hub.Notifications.UpdateProductNotifier
[2025-11-12 오후 10:24:26] [Debug] [Application] service: Tripolygon.UModeler.Hub.INoticeService = Tripolygon.UModeler.Hub.Noticies.NoticeService
[2025-11-12 오후 10:24:26] [Debug] [Application] service: Tripolygon.UModeler.Hub.Views.SceneViews.HubSceneViewService = Tripolygon.UModeler.Hub.Views.SceneViews.HubSceneViewService
[2025-11-12 오후 10:24:27] [Debug] [Application] Initialize: isReloading=True
[2025-11-12 오후 10:24:28] [Debug] [Application] Service Initialize: Tripolygon.UModeler.Hub.HubAuthentication
[2025-11-12 오후 10:24:28] [Debug] [Application] Service Initialize: Tripolygon.UModeler.Editor.UI.UnityEditorApplicationCache
[2025-11-12 오후 10:24:28] [Debug] [Application] Service Initialize: Tripolygon.UModeler.Hub.HubService
[2025-11-12 오후 10:24:28] [Debug] [Application] Service Initialize: Tripolygon.UModeler.Editor.UI.UnityEditorApplicationUtilityService
[2025-11-12 오후 10:24:28] [Debug] [Application] Service Initialize: Tripolygon.UModeler.Hub.HubFlashService
[2025-11-12 오후 10:24:28] [Debug] [HubAnalytics] PosthogClient.SetAutoFlush: Value Changed: True
[2025-11-12 오후 10:24:28] [Debug] [Application] Service Initialize: Tripolygon.UModeler.Hub.HubAnalyticsService
[2025-11-12 오후 10:24:28] [Debug] [Application] Service Initialize: Tripolygon.UModeler.Hub.VSAttributionService
[2025-11-12 오후 10:24:28] [Debug] [Application] Service Initialize: Tripolygon.UModeler.Hub.Notifications.UpdateHubNotifier
[2025-11-12 오후 10:24:28] [Debug] [Application] Service Initialize: Tripolygon.UModeler.Hub.Notifications.UpdateProductNotifier
[2025-11-12 오후 10:24:28] [Debug] [Application] Service Initialize: Tripolygon.UModeler.Hub.Noticies.NoticeService
[2025-11-12 오후 10:24:28] [Debug] [Application] Service Initialize: Tripolygon.UModeler.Hub.Views.SceneViews.HubSceneViewService
[2025-11-12 오후 10:24:28] [Debug] [Application] Release: isReloading=True
[2025-11-12 오후 10:24:28] [Debug] [Application] Release: isReloading=True
[2025-11-12 오후 10:24:28] [Debug] [Application] Service Release: Tripolygon.UModeler.Hub.Views.SceneViews.HubSceneViewService
[2025-11-12 오후 10:24:28] [Debug] [Application] Service Release: Tripolygon.UModeler.Hub.Views.SceneViews.HubSceneViewService
[2025-11-12 오후 10:24:28] [Debug] [Application] Service Release: Tripolygon.UModeler.Hub.Noticies.NoticeService
[2025-11-12 오후 10:24:28] [Debug] [Application] Service Release: Tripolygon.UModeler.Hub.Noticies.NoticeService
[2025-11-12 오후 10:24:28] [Debug] [Application] Service Release: Tripolygon.UModeler.Hub.Notifications.UpdateProductNotifier
[2025-11-12 오후 10:24:28] [Debug] [Application] Service Release: Tripolygon.UModeler.Hub.Notifications.UpdateProductNotifier
[2025-11-12 오후 10:24:28] [Debug] [Application] Service Release: Tripolygon.UModeler.Hub.Notifications.UpdateHubNotifier
[2025-11-12 오후 10:24:29] [Debug] [Application] Service Release: Tripolygon.UModeler.Hub.Notifications.UpdateHubNotifier
[2025-11-12 오후 10:24:29] [Debug] [Application] Service Release: Tripolygon.UModeler.Hub.VSAttributionService
[2025-11-12 오후 10:24:29] [Debug] [Application] Service Release: Tripolygon.UModeler.Hub.VSAttributionService
[2025-11-12 오후 10:24:31] [Debug] [Application] service: Tripolygon.UModeler.Hub.HubAuthentication = Tripolygon.UModeler.Hub.HubAuthentication
[2025-11-12 오후 10:24:31] [Debug] [Application] service: Tripolygon.UModeler.UI.IApplicationCache = Tripolygon.UModeler.Editor.UI.UnityEditorApplicationCache
[2025-11-12 오후 10:24:31] [Debug] [Application] service: Tripolygon.UModeler.Hub.HubAuthentication = Tripolygon.UModeler.Hub.HubAuthentication
[2025-11-12 오후 10:24:31] [Debug] [Application] service: Tripolygon.UModeler.Hub.HubFlashService = Tripolygon.UModeler.Hub.HubFlashService
[2025-11-12 오후 10:24:31] [Debug] [Application] service: Tripolygon.UModeler.UI.IApplicationCache = Tripolygon.UModeler.Editor.UI.UnityEditorApplicationCache
[2025-11-12 오후 10:24:31] [Debug] [Application] service: Tripolygon.UModeler.Hub.VSAttributionService = Tripolygon.UModeler.Hub.VSAttributionService
[2025-11-12 오후 10:24:31] [Debug] [Application] service: Tripolygon.UModeler.Hub.IHubService = Tripolygon.UModeler.Hub.HubService
[2025-11-12 오후 10:24:31] [Debug] [Application] service: Tripolygon.UModeler.Hub.Notifications.UpdateProductNotifier = Tripolygon.UModeler.Hub.Notifications.UpdateProductNotifier
[2025-11-12 오후 10:24:31] [Debug] [Application] service: Tripolygon.UModeler.Authentication.IAuthenticationApiProvider = Tripolygon.UModeler.Editor.AuthenticationApiProviderService
[2025-11-12 오후 10:24:31] [Debug] [Application] service: Tripolygon.UModeler.Hub.Views.SceneViews.HubSceneViewService = Tripolygon.UModeler.Hub.Views.SceneViews.HubSceneViewService
[2025-11-12 오후 10:24:31] [Debug] [Application] service: Tripolygon.UModeler.UI.IObjectHierarchyService = Tripolygon.UModeler.Editor.UI.UnityEditorObjectHierarchyService
[2025-11-12 오후 10:24:33] [Debug] [Application] Service Initialize: Tripolygon.UModeler.Hub.HubAuthentication
[2025-11-12 오후 10:24:31] [Debug] [Application] service: Tripolygon.UModeler.UI.IApplicationUtilityService = Tripolygon.UModeler.Editor.UI.UnityEditorApplicationUtilityService
[2025-11-12 오후 10:24:33] [Debug] [Application] Service Initialize: Tripolygon.UModeler.Editor.UI.UnityEditorApplicationCache
[2025-11-12 오후 10:24:31] [Debug] [Application] service: Tripolygon.UModeler.UI.ITextureProvider = Tripolygon.UModeler.Editor.UI.UnityEditorTextureProvider
[2025-11-12 오후 10:24:31] [Debug] [Application] service: Tripolygon.UModeler.Hub.Resources.IResourcesApiProvider = Tripolygon.UModeler.Hub.ResourcesApiProviderService
[2025-11-12 오후 10:24:33] [Debug] [Application] Service Initialize: Tripolygon.UModeler.Hub.HubService
[2025-11-12 오후 10:24:31] [Debug] [Application] service: Tripolygon.UModeler.Hub.IHubAnalyticsService = Tripolygon.UModeler.Hub.HubAnalyticsService
[2025-11-12 오후 10:24:33] [Debug] [Application] Service Initialize: Tripolygon.UModeler.Editor.UI.UnityEditorApplicationUtilityService
[2025-11-12 오후 10:24:31] [Debug] [Application] service: Tripolygon.UModeler.Hub.VSAttributionService = Tripolygon.UModeler.Hub.VSAttributionService
[2025-11-12 오후 10:24:33] [Debug] [Application] Service Initialize: Tripolygon.UModeler.Hub.HubFlashService
[2025-11-12 오후 10:24:31] [Debug] [Application] service: Tripolygon.UModeler.Hub.Notifications.UpdateProductNotifier = Tripolygon.UModeler.Hub.Notifications.UpdateProductNotifier
[2025-11-12 오후 10:24:31] [Debug] [Application] service: Tripolygon.UModeler.Hub.INoticeService = Tripolygon.UModeler.Hub.Noticies.NoticeService
[2025-11-12 오후 10:24:33] [Debug] [HubAnalytics] PosthogClient.SetAutoFlush: Value Changed: True
[2025-11-12 오후 10:24:33] [Debug] [Application] Initialize: isReloading=False
[2025-11-12 오후 10:24:33] [Debug] [Application] Service Initialize: Tripolygon.UModeler.Hub.HubAuthentication
[2025-11-12 오후 10:24:33] [Debug] [Application] Service Initialize: Tripolygon.UModeler.Editor.UI.UnityEditorApplicationCache
[2025-11-12 오후 10:24:33] [Debug] [Application] Service Initialize: Tripolygon.UModeler.Hub.HubAnalyticsService
[2025-11-12 오후 10:24:33] [Debug] [Application] Service Initialize: Tripolygon.UModeler.Hub.HubService
[2025-11-12 오후 10:24:33] [Debug] [Application] Service Initialize: Tripolygon.UModeler.Hub.VSAttributionService
[2025-11-12 오후 10:24:33] [Debug] [Application] Service Initialize: Tripolygon.UModeler.Editor.UI.UnityEditorApplicationUtilityService
[2025-11-12 오후 10:24:33] [Debug] [Application] Service Initialize: Tripolygon.UModeler.Hub.Notifications.UpdateHubNotifier
[2025-11-12 오후 10:24:33] [Debug] [Application] Service Initialize: Tripolygon.UModeler.Hub.HubFlashService
[2025-11-12 오후 10:24:33] [Debug] [Application] Service Initialize: Tripolygon.UModeler.Hub.Notifications.UpdateProductNotifier
[2025-11-12 오후 10:24:33] [Debug] [Application] Service Initialize: Tripolygon.UModeler.Hub.Noticies.NoticeService
[2025-11-12 오후 10:24:33] [Debug] [HubAnalytics] PosthogClient.SetAutoFlush: Value Changed: True
[2025-11-12 오후 10:24:33] [Debug] [Application] Service Initialize: Tripolygon.UModeler.Hub.Views.SceneViews.HubSceneViewService
[2025-11-12 오후 10:24:33] [Debug] [Application] Service Initialize: Tripolygon.UModeler.Hub.HubAnalyticsService
[2025-11-12 오후 10:24:33] [Debug] [Application] Service Initialize: Tripolygon.UModeler.Hub.VSAttributionService
[2025-11-12 오후 10:24:33] [Debug] [Application] Service Initialize: Tripolygon.UModeler.Hub.Notifications.UpdateHubNotifier
[2025-11-12 오후 10:24:33] [Debug] [Application] Service Initialize: Tripolygon.UModeler.Hub.Notifications.UpdateProductNotifier
[2025-11-12 오후 10:24:33] [Debug] [Application] Service Initialize: Tripolygon.UModeler.Hub.Noticies.NoticeService
[2025-11-12 오후 10:24:33] [Debug] [Application] Service Initialize: Tripolygon.UModeler.Hub.Views.SceneViews.HubSceneViewService
[2025-11-12 오후 10:25:32] [Debug] [Application] Release: isReloading=True
[2025-11-12 오후 10:25:32] [Debug] [Application] Service Release: Tripolygon.UModeler.Hub.Views.SceneViews.HubSceneViewService
[2025-11-12 오후 10:25:32] [Debug] [Application] Service Release: Tripolygon.UModeler.Hub.Noticies.NoticeService
[2025-11-12 오후 10:25:32] [Debug] [Application] Service Release: Tripolygon.UModeler.Hub.Notifications.UpdateProductNotifier
[2025-11-12 오후 10:25:32] [Debug] [Application] Service Release: Tripolygon.UModeler.Hub.Notifications.UpdateHubNotifier
[2025-11-12 오후 10:25:32] [Debug] [Application] Service Release: Tripolygon.UModeler.Hub.VSAttributionService
[2025-11-12 오후 10:25:32] [Debug] [HubAnalytics] PosthogClient.SetAutoFlush: Value Changed: False
[2025-11-12 오후 10:25:32] [Debug] [Application] Service Release: Tripolygon.UModeler.Hub.HubAnalyticsService
[2025-11-12 오후 10:25:32] [Debug] [Application] Service Release: Tripolygon.UModeler.Hub.HubFlashService
[2025-11-12 오후 10:25:32] [Debug] [Application] Service Release: Tripolygon.UModeler.Editor.UI.UnityEditorApplicationUtilityService
[2025-11-12 오후 10:25:32] [Debug] [Application] Service Release: Tripolygon.UModeler.Hub.HubService
[2025-11-12 오후 10:25:32] [Debug] [Application] Service Release: Tripolygon.UModeler.Editor.UI.UnityEditorApplicationCache
[2025-11-12 오후 10:25:32] [Debug] [Application] Service Release: Tripolygon.UModeler.Hub.HubAuthentication
[2025-11-12 오후 10:25:36] [Debug] [Application] service: Tripolygon.UModeler.Hub.HubAuthentication = Tripolygon.UModeler.Hub.HubAuthentication
[2025-11-12 오후 10:25:36] [Debug] [Application] service: Tripolygon.UModeler.UI.IApplicationCache = Tripolygon.UModeler.Editor.UI.UnityEditorApplicationCache
[2025-11-12 오후 10:25:36] [Debug] ActualHost
[2025-11-12 오후 10:25:36] [Debug] [Application] service: Tripolygon.UModeler.Hub.IHubService = Tripolygon.UModeler.Hub.HubService
[2025-11-12 오후 10:25:36] [Debug] [Application] service: Tripolygon.UModeler.Authentication.IAuthenticationApiProvider = Tripolygon.UModeler.Editor.AuthenticationApiProviderService
[2025-11-12 오후 10:25:36] [Debug] [Application] service: Tripolygon.UModeler.UI.IObjectHierarchyService = Tripolygon.UModeler.Editor.UI.UnityEditorObjectHierarchyService
[2025-11-12 오후 10:25:36] [Debug] [Application] service: Tripolygon.UModeler.UI.IApplicationUtilityService = Tripolygon.UModeler.Editor.UI.UnityEditorApplicationUtilityService
[2025-11-12 오후 10:25:36] [Debug] [Application] service: Tripolygon.UModeler.Editor.UI.ApplicationSettings = Tripolygon.UModeler.Editor.UI.ApplicationSettings
[2025-11-12 오후 10:25:36] [Debug] [Application] service: Tripolygon.UModeler.UI.ITextureProvider = Tripolygon.UModeler.Editor.UI.UnityEditorTextureProvider
[2025-11-12 오후 10:25:36] [Debug] [Application] service: Tripolygon.UModeler.Hub.Resources.IResourcesApiProvider = Tripolygon.UModeler.Hub.ResourcesApiProviderService
[2025-11-12 오후 10:25:36] [Debug] [Application] service: Tripolygon.UModeler.Hub.HubFlashService = Tripolygon.UModeler.Hub.HubFlashService
[2025-11-12 오후 10:25:36] [Debug] [Application] service: Tripolygon.UModeler.Hub.IHubAnalyticsService = Tripolygon.UModeler.Hub.HubAnalyticsService
[2025-11-12 오후 10:25:36] [Debug] [Application] service: Tripolygon.UModeler.Hub.VSAttributionService = Tripolygon.UModeler.Hub.VSAttributionService
[2025-11-12 오후 10:25:36] [Debug] [Application] service: Tripolygon.UModeler.Hub.Notifications.UpdateHubNotifier = Tripolygon.UModeler.Hub.Notifications.UpdateHubNotifier
[2025-11-12 오후 10:25:36] [Debug] [Application] service: Tripolygon.UModeler.Hub.Notifications.UpdateProductNotifier = Tripolygon.UModeler.Hub.Notifications.UpdateProductNotifier
[2025-11-12 오후 10:25:36] [Debug] [Application] service: Tripolygon.UModeler.Hub.INoticeService = Tripolygon.UModeler.Hub.Noticies.NoticeService
[2025-11-12 오후 10:25:36] [Debug] [Application] service: Tripolygon.UModeler.Hub.Views.SceneViews.HubSceneViewService = Tripolygon.UModeler.Hub.Views.SceneViews.HubSceneViewService
[2025-11-12 오후 10:25:38] [Debug] [Application] Initialize: isReloading=True
[2025-11-12 오후 10:25:38] [Debug] [Application] Service Initialize: Tripolygon.UModeler.Hub.HubAuthentication
[2025-11-12 오후 10:25:38] [Debug] [Application] Service Initialize: Tripolygon.UModeler.Editor.UI.UnityEditorApplicationCache
[2025-11-12 오후 10:25:38] [Debug] [Application] Service Initialize: Tripolygon.UModeler.Hub.HubService
[2025-11-12 오후 10:25:38] [Debug] [Application] Service Initialize: Tripolygon.UModeler.Editor.UI.UnityEditorApplicationUtilityService
[2025-11-12 오후 10:25:38] [Debug] [Application] Service Initialize: Tripolygon.UModeler.Hub.HubFlashService
[2025-11-12 오후 10:25:38] [Debug] [HubAnalytics] PosthogClient.SetAutoFlush: Value Changed: True
[2025-11-12 오후 10:25:38] [Debug] [Application] Service Initialize: Tripolygon.UModeler.Hub.HubAnalyticsService
[2025-11-12 오후 10:25:38] [Debug] [Application] Service Initialize: Tripolygon.UModeler.Hub.VSAttributionService
[2025-11-12 오후 10:25:38] [Debug] [Application] Service Initialize: Tripolygon.UModeler.Hub.Notifications.UpdateHubNotifier
[2025-11-12 오후 10:25:38] [Debug] [Application] Service Initialize: Tripolygon.UModeler.Hub.Notifications.UpdateProductNotifier
[2025-11-12 오후 10:25:38] [Debug] [Application] Service Initialize: Tripolygon.UModeler.Hub.Noticies.NoticeService
[2025-11-12 오후 10:25:38] [Debug] [Application] Service Initialize: Tripolygon.UModeler.Hub.Views.SceneViews.HubSceneViewService
[2025-11-12 오후 10:25:39] [Debug] [Application] Release: isReloading=True
[2025-11-12 오후 10:25:39] [Debug] [Application] Release: isReloading=True
[2025-11-12 오후 10:25:39] [Debug] [Application] Service Release: Tripolygon.UModeler.Hub.Views.SceneViews.HubSceneViewService
[2025-11-12 오후 10:25:39] [Debug] [Application] Service Release: Tripolygon.UModeler.Hub.Views.SceneViews.HubSceneViewService
[2025-11-12 오후 10:25:39] [Debug] [Application] Service Release: Tripolygon.UModeler.Hub.Noticies.NoticeService
[2025-11-12 오후 10:25:39] [Debug] [Application] Service Release: Tripolygon.UModeler.Hub.Noticies.NoticeService
[2025-11-12 오후 10:25:39] [Debug] [Application] Service Release: Tripolygon.UModeler.Hub.Notifications.UpdateProductNotifier
[2025-11-12 오후 10:25:39] [Debug] [Application] Service Release: Tripolygon.UModeler.Hub.Notifications.UpdateProductNotifier
[2025-11-12 오후 10:25:39] [Debug] [Application] Service Release: Tripolygon.UModeler.Hub.Notifications.UpdateHubNotifier
[2025-11-12 오후 10:25:39] [Debug] [Application] Service Release: Tripolygon.UModeler.Hub.Notifications.UpdateHubNotifier
[2025-11-12 오후 10:25:39] [Debug] [Application] Service Release: Tripolygon.UModeler.Hub.VSAttributionService
[2025-11-12 오후 10:25:39] [Debug] [Application] Service Release: Tripolygon.UModeler.Hub.VSAttributionService
[2025-11-12 오후 10:25:42] [Debug] [Application] service: Tripolygon.UModeler.Hub.HubAuthentication = Tripolygon.UModeler.Hub.HubAuthentication
[2025-11-12 오후 10:25:42] [Debug] [Application] service: Tripolygon.UModeler.UI.IApplicationCache = Tripolygon.UModeler.Editor.UI.UnityEditorApplicationCache
[2025-11-12 오후 10:25:42] [Debug] ActualHost
[2025-11-12 오후 10:25:42] [Debug] [Application] service: Tripolygon.UModeler.UI.IApplicationCache = Tripolygon.UModeler.Editor.UI.UnityEditorApplicationCache
[2025-11-12 오후 10:25:42] [Debug] [Application] service: Tripolygon.UModeler.Hub.Resources.IResourcesApiProvider = Tripolygon.UModeler.Hub.ResourcesApiProviderService
[2025-11-12 오후 10:25:42] [Debug] [Application] service: Tripolygon.UModeler.Hub.IHubService = Tripolygon.UModeler.Hub.HubService
[2025-11-12 오후 10:25:42] [Debug] [Application] service: Tripolygon.UModeler.Hub.HubFlashService = Tripolygon.UModeler.Hub.HubFlashService
[2025-11-12 오후 10:25:42] [Debug] [Application] service: Tripolygon.UModeler.UI.IObjectHierarchyService = Tripolygon.UModeler.Editor.UI.UnityEditorObjectHierarchyService
[2025-11-12 오후 10:25:42] [Debug] [Application] service: Tripolygon.UModeler.Hub.IHubAnalyticsService = Tripolygon.UModeler.Hub.HubAnalyticsService
[2025-11-12 오후 10:25:42] [Debug] [Application] service: Tripolygon.UModeler.Editor.UI.ApplicationSettings = Tripolygon.UModeler.Editor.UI.ApplicationSettings
[2025-11-12 오후 10:25:42] [Debug] [Application] service: Tripolygon.UModeler.Hub.VSAttributionService = Tripolygon.UModeler.Hub.VSAttributionService
[2025-11-12 오후 10:25:42] [Debug] [Application] service: Tripolygon.UModeler.Hub.Resources.IResourcesApiProvider = Tripolygon.UModeler.Hub.ResourcesApiProviderService
[2025-11-12 오후 10:25:42] [Debug] [Application] service: Tripolygon.UModeler.Hub.Notifications.UpdateHubNotifier = Tripolygon.UModeler.Hub.Notifications.UpdateHubNotifier
[2025-11-12 오후 10:25:42] [Debug] [Application] service: Tripolygon.UModeler.Hub.IHubAnalyticsService = Tripolygon.UModeler.Hub.HubAnalyticsService
[2025-11-12 오후 10:25:42] [Debug] [Application] service: Tripolygon.UModeler.Hub.Notifications.UpdateProductNotifier = Tripolygon.UModeler.Hub.Notifications.UpdateProductNotifier
[2025-11-12 오후 10:25:42] [Debug] [Application] service: Tripolygon.UModeler.Hub.Notifications.UpdateHubNotifier = Tripolygon.UModeler.Hub.Notifications.UpdateHubNotifier
[2025-11-12 오후 10:25:42] [Debug] [Application] service: Tripolygon.UModeler.Hub.INoticeService = Tripolygon.UModeler.Hub.Noticies.NoticeService
[2025-11-12 오후 10:25:42] [Debug] [Application] service: Tripolygon.UModeler.Hub.INoticeService = Tripolygon.UModeler.Hub.Noticies.NoticeService
[2025-11-12 오후 10:25:42] [Debug] [Application] service: Tripolygon.UModeler.Hub.Views.SceneViews.HubSceneViewService = Tripolygon.UModeler.Hub.Views.SceneViews.HubSceneViewService
[2025-11-12 오후 10:25:43] [Debug] [Application] Initialize: isReloading=True
[2025-11-12 오후 10:25:43] [Debug] [Application] Service Initialize: Tripolygon.UModeler.Hub.HubAuthentication
[2025-11-12 오후 10:25:43] [Debug] [Application] Service Initialize: Tripolygon.UModeler.Hub.HubAuthentication
[2025-11-12 오후 10:25:43] [Debug] [Application] Service Initialize: Tripolygon.UModeler.Hub.HubService
[2025-11-12 오후 10:25:43] [Debug] [Application] Service Initialize: Tripolygon.UModeler.Editor.UI.UnityEditorApplicationCache
[2025-11-12 오후 10:25:43] [Debug] [Application] Service Initialize: Tripolygon.UModeler.Editor.UI.UnityEditorApplicationUtilityService
[2025-11-12 오후 10:25:43] [Debug] [Application] Service Initialize: Tripolygon.UModeler.Hub.HubFlashService
[2025-11-12 오후 10:25:43] [Debug] [Application] Service Initialize: Tripolygon.UModeler.Hub.HubService
[2025-11-12 오후 10:25:43] [Debug] [Application] Service Initialize: Tripolygon.UModeler.Editor.UI.UnityEditorApplicationUtilityService
[2025-11-12 오후 10:25:43] [Debug] [HubAnalytics] PosthogClient.SetAutoFlush: Value Changed: True
[2025-11-12 오후 10:25:43] [Debug] [Application] Service Initialize: Tripolygon.UModeler.Hub.HubFlashService
[2025-11-12 오후 10:25:43] [Debug] [HubAnalytics] PosthogClient.SetAutoFlush: Value Changed: True
[2025-11-12 오후 10:25:43] [Debug] [Application] Service Initialize: Tripolygon.UModeler.Hub.HubAnalyticsService
[2025-11-12 오후 10:25:43] [Debug] [Application] Service Initialize: Tripolygon.UModeler.Hub.VSAttributionService
[2025-11-12 오후 10:25:43] [Debug] [Application] Service Initialize: Tripolygon.UModeler.Hub.Notifications.UpdateHubNotifier
[2025-11-12 오후 10:25:43] [Debug] [Application] Service Initialize: Tripolygon.UModeler.Hub.HubAnalyticsService
[2025-11-12 오후 10:25:43] [Debug] [Application] Service Initialize: Tripolygon.UModeler.Hub.Notifications.UpdateProductNotifier
[2025-11-12 오후 10:25:43] [Debug] [Application] Service Initialize: Tripolygon.UModeler.Hub.VSAttributionService
[2025-11-12 오후 10:25:43] [Debug] [Application] Service Initialize: Tripolygon.UModeler.Hub.Noticies.NoticeService
[2025-11-12 오후 10:25:43] [Debug] [Application] Service Initialize: Tripolygon.UModeler.Hub.Notifications.UpdateHubNotifier
[2025-11-12 오후 10:25:43] [Debug] [Application] Service Initialize: Tripolygon.UModeler.Hub.Views.SceneViews.HubSceneViewService
[2025-11-12 오후 10:25:43] [Debug] [Application] Service Initialize: Tripolygon.UModeler.Hub.Notifications.UpdateProductNotifier
[2025-11-12 오후 10:25:43] [Debug] [Application] Service Initialize: Tripolygon.UModeler.Hub.Noticies.NoticeService
[2025-11-12 오후 10:25:43] [Debug] [Application] Service Initialize: Tripolygon.UModeler.Hub.Views.SceneViews.HubSceneViewService
[2025-11-12 오후 10:27:07] [Debug] [Application] Release: isReloading=True
[2025-11-12 오후 10:27:07] [Debug] [Application] Service Release: Tripolygon.UModeler.Hub.Views.SceneViews.HubSceneViewService
[2025-11-12 오후 10:27:07] [Debug] [Application] Service Release: Tripolygon.UModeler.Hub.Noticies.NoticeService
[2025-11-12 오후 10:27:07] [Debug] [Application] Service Release: Tripolygon.UModeler.Hub.Notifications.UpdateProductNotifier
[2025-11-12 오후 10:27:07] [Debug] [Application] Service Release: Tripolygon.UModeler.Hub.Notifications.UpdateHubNotifier
[2025-11-12 오후 10:27:07] [Debug] [Application] Service Release: Tripolygon.UModeler.Hub.VSAttributionService
[2025-11-12 오후 10:27:08] [Debug] [HubAnalytics] PosthogClient.SetAutoFlush: Value Changed: False
[2025-11-12 오후 10:27:08] [Debug] [Application] Service Release: Tripolygon.UModeler.Hub.HubAnalyticsService
[2025-11-12 오후 10:27:08] [Debug] [Application] Service Release: Tripolygon.UModeler.Hub.HubFlashService
[2025-11-12 오후 10:27:08] [Debug] [Application] Service Release: Tripolygon.UModeler.Editor.UI.UnityEditorApplicationUtilityService
[2025-11-12 오후 10:27:08] [Debug] [Application] Service Release: Tripolygon.UModeler.Hub.HubService
[2025-11-12 오후 10:27:08] [Debug] [Application] Service Release: Tripolygon.UModeler.Editor.UI.UnityEditorApplicationCache
[2025-11-12 오후 10:27:08] [Debug] [Application] Service Release: Tripolygon.UModeler.Hub.HubAuthentication
[2025-11-12 오후 10:27:11] [Debug] [Application] service: Tripolygon.UModeler.Hub.HubAuthentication = Tripolygon.UModeler.Hub.HubAuthentication
[2025-11-12 오후 10:27:11] [Debug] [Application] service: Tripolygon.UModeler.UI.IApplicationCache = Tripolygon.UModeler.Editor.UI.UnityEditorApplicationCache
[2025-11-12 오후 10:27:11] [Debug] ActualHost
[2025-11-12 오후 10:27:11] [Debug] [Application] service: Tripolygon.UModeler.Hub.IHubService = Tripolygon.UModeler.Hub.HubService
[2025-11-12 오후 10:27:11] [Debug] [Application] service: Tripolygon.UModeler.Authentication.IAuthenticationApiProvider = Tripolygon.UModeler.Editor.AuthenticationApiProviderService
[2025-11-12 오후 10:27:11] [Debug] [Application] service: Tripolygon.UModeler.UI.IObjectHierarchyService = Tripolygon.UModeler.Editor.UI.UnityEditorObjectHierarchyService
[2025-11-12 오후 10:27:11] [Debug] [Application] service: Tripolygon.UModeler.UI.IApplicationUtilityService = Tripolygon.UModeler.Editor.UI.UnityEditorApplicationUtilityService
[2025-11-12 오후 10:27:11] [Debug] [Application] service: Tripolygon.UModeler.Editor.UI.ApplicationSettings = Tripolygon.UModeler.Editor.UI.ApplicationSettings
[2025-11-12 오후 10:27:11] [Debug] [Application] service: Tripolygon.UModeler.UI.ITextureProvider = Tripolygon.UModeler.Editor.UI.UnityEditorTextureProvider
[2025-11-12 오후 10:27:11] [Debug] [Application] service: Tripolygon.UModeler.Hub.Resources.IResourcesApiProvider = Tripolygon.UModeler.Hub.ResourcesApiProviderService
[2025-11-12 오후 10:27:11] [Debug] [Application] service: Tripolygon.UModeler.Hub.HubFlashService = Tripolygon.UModeler.Hub.HubFlashService
[2025-11-12 오후 10:27:11] [Debug] [Application] service: Tripolygon.UModeler.Hub.IHubAnalyticsService = Tripolygon.UModeler.Hub.HubAnalyticsService
[2025-11-12 오후 10:27:11] [Debug] [Application] service: Tripolygon.UModeler.Hub.VSAttributionService = Tripolygon.UModeler.Hub.VSAttributionService
[2025-11-12 오후 10:27:11] [Debug] [Application] service: Tripolygon.UModeler.Hub.Notifications.UpdateHubNotifier = Tripolygon.UModeler.Hub.Notifications.UpdateHubNotifier
[2025-11-12 오후 10:27:11] [Debug] [Application] service: Tripolygon.UModeler.Hub.Notifications.UpdateProductNotifier = Tripolygon.UModeler.Hub.Notifications.UpdateProductNotifier
[2025-11-12 오후 10:27:11] [Debug] [Application] service: Tripolygon.UModeler.Hub.INoticeService = Tripolygon.UModeler.Hub.Noticies.NoticeService
[2025-11-12 오후 10:27:11] [Debug] [Application] service: Tripolygon.UModeler.Hub.Views.SceneViews.HubSceneViewService = Tripolygon.UModeler.Hub.Views.SceneViews.HubSceneViewService
[2025-11-12 오후 10:27:13] [Debug] [Application] Initialize: isReloading=True
[2025-11-12 오후 10:27:13] [Debug] [Application] Service Initialize: Tripolygon.UModeler.Hub.HubAuthentication
[2025-11-12 오후 10:27:13] [Debug] [Application] Service Initialize: Tripolygon.UModeler.Editor.UI.UnityEditorApplicationCache
[2025-11-12 오후 10:27:13] [Debug] [Application] Service Initialize: Tripolygon.UModeler.Hub.HubService
[2025-11-12 오후 10:27:13] [Debug] [Application] Service Initialize: Tripolygon.UModeler.Editor.UI.UnityEditorApplicationUtilityService
[2025-11-12 오후 10:27:13] [Debug] [Application] Service Initialize: Tripolygon.UModeler.Hub.HubFlashService
[2025-11-12 오후 10:27:13] [Debug] [HubAnalytics] PosthogClient.SetAutoFlush: Value Changed: True
[2025-11-12 오후 10:27:13] [Debug] [Application] Service Initialize: Tripolygon.UModeler.Hub.HubAnalyticsService
[2025-11-12 오후 10:27:13] [Debug] [Application] Service Initialize: Tripolygon.UModeler.Hub.VSAttributionService
[2025-11-12 오후 10:27:13] [Debug] [Application] Service Initialize: Tripolygon.UModeler.Hub.Notifications.UpdateHubNotifier
[2025-11-12 오후 10:27:13] [Debug] [Application] Service Initialize: Tripolygon.UModeler.Hub.Notifications.UpdateProductNotifier
[2025-11-12 오후 10:27:13] [Debug] [Application] Service Initialize: Tripolygon.UModeler.Hub.Noticies.NoticeService
[2025-11-12 오후 10:27:13] [Debug] [Application] Service Initialize: Tripolygon.UModeler.Hub.Views.SceneViews.HubSceneViewService
[2025-11-12 오후 10:27:14] [Debug] [Application] Release: isReloading=True
[2025-11-12 오후 10:27:14] [Debug] [Application] Release: isReloading=True
[2025-11-12 오후 10:27:14] [Debug] [Application] Service Release: Tripolygon.UModeler.Hub.Views.SceneViews.HubSceneViewService
[2025-11-12 오후 10:27:14] [Debug] [Application] Service Release: Tripolygon.UModeler.Hub.Views.SceneViews.HubSceneViewService
[2025-11-12 오후 10:27:14] [Debug] [Application] Service Release: Tripolygon.UModeler.Hub.Noticies.NoticeService
[2025-11-12 오후 10:27:14] [Debug] [Application] Service Release: Tripolygon.UModeler.Hub.Noticies.NoticeService
[2025-11-12 오후 10:27:14] [Debug] [Application] Service Release: Tripolygon.UModeler.Hub.Notifications.UpdateProductNotifier
[2025-11-12 오후 10:27:14] [Debug] [Application] Service Release: Tripolygon.UModeler.Hub.Notifications.UpdateProductNotifier
[2025-11-12 오후 10:27:14] [Debug] [Application] Service Release: Tripolygon.UModeler.Hub.Notifications.UpdateHubNotifier
[2025-11-12 오후 10:27:14] [Debug] [Application] Service Release: Tripolygon.UModeler.Hub.Notifications.UpdateHubNotifier
[2025-11-12 오후 10:27:14] [Debug] [Application] Service Release: Tripolygon.UModeler.Hub.VSAttributionService
[2025-11-12 오후 10:27:14] [Debug] [Application] Service Release: Tripolygon.UModeler.Hub.VSAttributionService
[2025-11-12 오후 10:27:17] [Debug] [Application] service: Tripolygon.UModeler.Hub.HubAuthentication = Tripolygon.UModeler.Hub.HubAuthentication
[2025-11-12 오후 10:27:17] [Debug] [Application] service: Tripolygon.UModeler.UI.IApplicationCache = Tripolygon.UModeler.Editor.UI.UnityEditorApplicationCache
[2025-11-12 오후 10:27:17] [Debug] [Application] service: Tripolygon.UModeler.Hub.HubAuthentication = Tripolygon.UModeler.Hub.HubAuthentication
[2025-11-12 오후 10:27:17] [Debug] [Application] service: Tripolygon.UModeler.Hub.HubFlashService = Tripolygon.UModeler.Hub.HubFlashService
[2025-11-12 오후 10:27:17] [Debug] ActualHost
[2025-11-12 오후 10:27:17] [Debug] [Application] service: Tripolygon.UModeler.Hub.IHubAnalyticsService = Tripolygon.UModeler.Hub.HubAnalyticsService
[2025-11-12 오후 10:27:17] [Debug] [Application] service: Tripolygon.UModeler.Hub.IHubService = Tripolygon.UModeler.Hub.HubService
[2025-11-12 오후 10:27:17] [Debug] [Application] service: Tripolygon.UModeler.Hub.VSAttributionService = Tripolygon.UModeler.Hub.VSAttributionService
[2025-11-12 오후 10:27:17] [Debug] [Application] service: Tripolygon.UModeler.Authentication.IAuthenticationApiProvider = Tripolygon.UModeler.Editor.AuthenticationApiProviderService
[2025-11-12 오후 10:27:17] [Debug] [Application] service: Tripolygon.UModeler.Hub.Notifications.UpdateHubNotifier = Tripolygon.UModeler.Hub.Notifications.UpdateHubNotifier
[2025-11-12 오후 10:27:17] [Debug] [Application] service: Tripolygon.UModeler.UI.IApplicationUtilityService = Tripolygon.UModeler.Editor.UI.UnityEditorApplicationUtilityService
[2025-11-12 오후 10:27:17] [Debug] [Application] service: Tripolygon.UModeler.Hub.INoticeService = Tripolygon.UModeler.Hub.Noticies.NoticeService
[2025-11-12 오후 10:27:17] [Debug] [Application] service: Tripolygon.UModeler.UI.ITextureProvider = Tripolygon.UModeler.Editor.UI.UnityEditorTextureProvider
[2025-11-12 오후 10:27:18] [Debug] [Application] Initialize: isReloading=True
[2025-11-12 오후 10:27:17] [Debug] [Application] service: Tripolygon.UModeler.Hub.HubFlashService = Tripolygon.UModeler.Hub.HubFlashService
[2025-11-12 오후 10:27:18] [Debug] [Application] Service Initialize: Tripolygon.UModeler.Hub.HubAuthentication
[2025-11-12 오후 10:27:17] [Debug] [Application] service: Tripolygon.UModeler.Hub.VSAttributionService = Tripolygon.UModeler.Hub.VSAttributionService
[2025-11-12 오후 10:27:18] [Debug] [Application] Service Initialize: Tripolygon.UModeler.Editor.UI.UnityEditorApplicationCache
[2025-11-12 오후 10:27:17] [Debug] [Application] service: Tripolygon.UModeler.Hub.Notifications.UpdateHubNotifier = Tripolygon.UModeler.Hub.Notifications.UpdateHubNotifier
[2025-11-12 오후 10:27:17] [Debug] [Application] service: Tripolygon.UModeler.Hub.Notifications.UpdateProductNotifier = Tripolygon.UModeler.Hub.Notifications.UpdateProductNotifier
[2025-11-12 오후 10:27:18] [Debug] [Application] Service Initialize: Tripolygon.UModeler.Hub.HubService
[2025-11-12 오후 10:27:17] [Debug] [Application] service: Tripolygon.UModeler.Hub.INoticeService = Tripolygon.UModeler.Hub.Noticies.NoticeService
[2025-11-12 오후 10:27:18] [Debug] [Application] Service Initialize: Tripolygon.UModeler.Editor.UI.UnityEditorApplicationUtilityService
[2025-11-12 오후 10:27:17] [Debug] [Application] service: Tripolygon.UModeler.Hub.Views.SceneViews.HubSceneViewService = Tripolygon.UModeler.Hub.Views.SceneViews.HubSceneViewService
[2025-11-12 오후 10:27:18] [Debug] [Application] Service Initialize: Tripolygon.UModeler.Hub.HubFlashService
[2025-11-12 오후 10:27:19] [Debug] [Application] Service Initialize: Tripolygon.UModeler.Hub.HubAuthentication
[2025-11-12 오후 10:27:19] [Debug] [Application] Service Initialize: Tripolygon.UModeler.Editor.UI.UnityEditorApplicationCache
[2025-11-12 오후 10:27:19] [Debug] [HubAnalytics] PosthogClient.SetAutoFlush: Value Changed: True
[2025-11-12 오후 10:27:19] [Debug] [Application] Service Initialize: Tripolygon.UModeler.Hub.HubService
[2025-11-12 오후 10:27:19] [Debug] [Application] Service Initialize: Tripolygon.UModeler.Editor.UI.UnityEditorApplicationUtilityService
[2025-11-12 오후 10:27:19] [Debug] [Application] Service Initialize: Tripolygon.UModeler.Hub.HubFlashService
[2025-11-12 오후 10:27:19] [Debug] [Application] Service Initialize: Tripolygon.UModeler.Hub.HubAnalyticsService
[2025-11-12 오후 10:27:19] [Debug] [HubAnalytics] PosthogClient.SetAutoFlush: Value Changed: True
[2025-11-12 오후 10:27:19] [Debug] [Application] Service Initialize: Tripolygon.UModeler.Hub.VSAttributionService
[2025-11-12 오후 10:27:19] [Debug] [Application] Service Initialize: Tripolygon.UModeler.Hub.Notifications.UpdateHubNotifier
[2025-11-12 오후 10:27:19] [Debug] [Application] Service Initialize: Tripolygon.UModeler.Hub.Notifications.UpdateProductNotifier
[2025-11-12 오후 10:27:19] [Debug] [Application] Service Initialize: Tripolygon.UModeler.Hub.HubAnalyticsService
[2025-11-12 오후 10:27:19] [Debug] [Application] Service Initialize: Tripolygon.UModeler.Hub.Noticies.NoticeService
[2025-11-12 오후 10:27:19] [Debug] [Application] Service Initialize: Tripolygon.UModeler.Hub.VSAttributionService
[2025-11-12 오후 10:27:19] [Debug] [Application] Service Initialize: Tripolygon.UModeler.Hub.Views.SceneViews.HubSceneViewService
[2025-11-12 오후 10:27:19] [Debug] [Application] Service Initialize: Tripolygon.UModeler.Hub.Notifications.UpdateHubNotifier
[2025-11-12 오후 10:27:19] [Debug] [Application] Service Initialize: Tripolygon.UModeler.Hub.Notifications.UpdateProductNotifier
[2025-11-12 오후 10:27:19] [Debug] [Application] Service Initialize: Tripolygon.UModeler.Hub.Noticies.NoticeService
[2025-11-12 오후 10:27:19] [Debug] [Application] Service Initialize: Tripolygon.UModeler.Hub.Views.SceneViews.HubSceneViewService
[2025-11-12 오후 10:28:47] [Debug] [Application] Release: isReloading=True
[2025-11-12 오후 10:28:47] [Debug] [Application] Service Release: Tripolygon.UModeler.Hub.Views.SceneViews.HubSceneViewService
[2025-11-12 오후 10:28:47] [Debug] [Application] Service Release: Tripolygon.UModeler.Hub.Noticies.NoticeService
[2025-11-12 오후 10:28:47] [Debug] [Application] Service Release: Tripolygon.UModeler.Hub.Notifications.UpdateProductNotifier
[2025-11-12 오후 10:28:47] [Debug] [Application] Service Release: Tripolygon.UModeler.Hub.Notifications.UpdateHubNotifier
[2025-11-12 오후 10:28:47] [Debug] [Application] Service Release: Tripolygon.UModeler.Hub.VSAttributionService
[2025-11-12 오후 10:28:47] [Debug] [HubAnalytics] PosthogClient.SetAutoFlush: Value Changed: False
[2025-11-12 오후 10:28:47] [Debug] [Application] Service Release: Tripolygon.UModeler.Hub.HubAnalyticsService
[2025-11-12 오후 10:28:47] [Debug] [Application] Service Release: Tripolygon.UModeler.Hub.HubFlashService
[2025-11-12 오후 10:28:47] [Debug] [Application] Service Release: Tripolygon.UModeler.Editor.UI.UnityEditorApplicationUtilityService
[2025-11-12 오후 10:28:47] [Debug] [Application] Service Release: Tripolygon.UModeler.Hub.HubService
[2025-11-12 오후 10:28:47] [Debug] [Application] Service Release: Tripolygon.UModeler.Editor.UI.UnityEditorApplicationCache
[2025-11-12 오후 10:28:47] [Debug] [Application] Service Release: Tripolygon.UModeler.Hub.HubAuthentication
[2025-11-12 오후 10:28:51] [Debug] [Application] service: Tripolygon.UModeler.Hub.HubAuthentication = Tripolygon.UModeler.Hub.HubAuthentication
[2025-11-12 오후 10:28:51] [Debug] [Application] service: Tripolygon.UModeler.UI.IApplicationCache = Tripolygon.UModeler.Editor.UI.UnityEditorApplicationCache
[2025-11-12 오후 10:28:51] [Debug] ActualHost
[2025-11-12 오후 10:28:51] [Debug] [Application] service: Tripolygon.UModeler.Hub.IHubService = Tripolygon.UModeler.Hub.HubService
[2025-11-12 오후 10:28:51] [Debug] [Application] service: Tripolygon.UModeler.Authentication.IAuthenticationApiProvider = Tripolygon.UModeler.Editor.AuthenticationApiProviderService
[2025-11-12 오후 10:28:51] [Debug] [Application] service: Tripolygon.UModeler.UI.IObjectHierarchyService = Tripolygon.UModeler.Editor.UI.UnityEditorObjectHierarchyService
[2025-11-12 오후 10:28:51] [Debug] [Application] service: Tripolygon.UModeler.UI.IApplicationUtilityService = Tripolygon.UModeler.Editor.UI.UnityEditorApplicationUtilityService
[2025-11-12 오후 10:28:51] [Debug] [Application] service: Tripolygon.UModeler.Editor.UI.ApplicationSettings = Tripolygon.UModeler.Editor.UI.ApplicationSettings
[2025-11-12 오후 10:28:51] [Debug] [Application] service: Tripolygon.UModeler.UI.ITextureProvider = Tripolygon.UModeler.Editor.UI.UnityEditorTextureProvider
[2025-11-12 오후 10:28:51] [Debug] [Application] service: Tripolygon.UModeler.Hub.Resources.IResourcesApiProvider = Tripolygon.UModeler.Hub.ResourcesApiProviderService
[2025-11-12 오후 10:28:51] [Debug] [Application] service: Tripolygon.UModeler.Hub.HubFlashService = Tripolygon.UModeler.Hub.HubFlashService
[2025-11-12 오후 10:28:51] [Debug] [Application] service: Tripolygon.UModeler.Hub.IHubAnalyticsService = Tripolygon.UModeler.Hub.HubAnalyticsService
[2025-11-12 오후 10:28:51] [Debug] [Application] service: Tripolygon.UModeler.Hub.VSAttributionService = Tripolygon.UModeler.Hub.VSAttributionService
[2025-11-12 오후 10:28:51] [Debug] [Application] service: Tripolygon.UModeler.Hub.Notifications.UpdateHubNotifier = Tripolygon.UModeler.Hub.Notifications.UpdateHubNotifier
[2025-11-12 오후 10:28:51] [Debug] [Application] service: Tripolygon.UModeler.Hub.Notifications.UpdateProductNotifier = Tripolygon.UModeler.Hub.Notifications.UpdateProductNotifier
[2025-11-12 오후 10:28:51] [Debug] [Application] service: Tripolygon.UModeler.Hub.INoticeService = Tripolygon.UModeler.Hub.Noticies.NoticeService
[2025-11-12 오후 10:28:51] [Debug] [Application] service: Tripolygon.UModeler.Hub.Views.SceneViews.HubSceneViewService = Tripolygon.UModeler.Hub.Views.SceneViews.HubSceneViewService
[2025-11-12 오후 10:28:53] [Debug] [Application] Initialize: isReloading=True
[2025-11-12 오후 10:28:53] [Debug] [Application] Service Initialize: Tripolygon.UModeler.Hub.HubAuthentication
[2025-11-12 오후 10:28:53] [Debug] [Application] Service Initialize: Tripolygon.UModeler.Editor.UI.UnityEditorApplicationCache
[2025-11-12 오후 10:28:53] [Debug] [Application] Service Initialize: Tripolygon.UModeler.Hub.HubService
[2025-11-12 오후 10:28:53] [Debug] [Application] Service Initialize: Tripolygon.UModeler.Editor.UI.UnityEditorApplicationUtilityService
[2025-11-12 오후 10:28:53] [Debug] [Application] Service Initialize: Tripolygon.UModeler.Hub.HubFlashService
[2025-11-12 오후 10:28:53] [Debug] [HubAnalytics] PosthogClient.SetAutoFlush: Value Changed: True
[2025-11-12 오후 10:28:53] [Debug] [Application] Service Initialize: Tripolygon.UModeler.Hub.HubAnalyticsService
[2025-11-12 오후 10:28:53] [Debug] [Application] Service Initialize: Tripolygon.UModeler.Hub.VSAttributionService
[2025-11-12 오후 10:28:53] [Debug] [Application] Service Initialize: Tripolygon.UModeler.Hub.Notifications.UpdateHubNotifier
[2025-11-12 오후 10:28:53] [Debug] [Application] Service Initialize: Tripolygon.UModeler.Hub.Notifications.UpdateProductNotifier
[2025-11-12 오후 10:28:53] [Debug] [Application] Service Initialize: Tripolygon.UModeler.Hub.Noticies.NoticeService
[2025-11-12 오후 10:28:53] [Debug] [Application] Service Initialize: Tripolygon.UModeler.Hub.Views.SceneViews.HubSceneViewService
[2025-11-12 오후 10:28:54] [Debug] [Application] Release: isReloading=True
[2025-11-12 오후 10:28:54] [Debug] [Application] Release: isReloading=True
[2025-11-12 오후 10:28:54] [Debug] [Application] Service Release: Tripolygon.UModeler.Hub.Views.SceneViews.HubSceneViewService
[2025-11-12 오후 10:28:54] [Debug] [Application] Service Release: Tripolygon.UModeler.Hub.Views.SceneViews.HubSceneViewService
[2025-11-12 오후 10:28:54] [Debug] [Application] Service Release: Tripolygon.UModeler.Hub.Noticies.NoticeService
[2025-11-12 오후 10:28:54] [Debug] [Application] Service Release: Tripolygon.UModeler.Hub.Noticies.NoticeService
[2025-11-12 오후 10:28:54] [Debug] [Application] Service Release: Tripolygon.UModeler.Hub.Notifications.UpdateProductNotifier
[2025-11-12 오후 10:28:54] [Debug] [Application] Service Release: Tripolygon.UModeler.Hub.Notifications.UpdateProductNotifier
[2025-11-12 오후 10:28:54] [Debug] [Application] Service Release: Tripolygon.UModeler.Hub.Notifications.UpdateHubNotifier
[2025-11-12 오후 10:28:54] [Debug] [Application] Service Release: Tripolygon.UModeler.Hub.Notifications.UpdateHubNotifier
[2025-11-12 오후 10:28:54] [Debug] [Application] Service Release: Tripolygon.UModeler.Hub.VSAttributionService
[2025-11-12 오후 10:28:54] [Debug] [Application] Service Release: Tripolygon.UModeler.Hub.VSAttributionService
[2025-11-12 오후 10:28:57] [Debug] [Application] service: Tripolygon.UModeler.Hub.HubAuthentication = Tripolygon.UModeler.Hub.HubAuthentication
[2025-11-12 오후 10:28:57] [Debug] [Application] service: Tripolygon.UModeler.UI.IApplicationCache = Tripolygon.UModeler.Editor.UI.UnityEditorApplicationCache
[2025-11-12 오후 10:28:57] [Debug] [Application] service: Tripolygon.UModeler.Hub.HubAuthentication = Tripolygon.UModeler.Hub.HubAuthentication
[2025-11-12 오후 10:28:57] [Debug] [Application] service: Tripolygon.UModeler.Hub.HubFlashService = Tripolygon.UModeler.Hub.HubFlashService
[2025-11-12 오후 10:28:57] [Debug] [Application] service: Tripolygon.UModeler.UI.IApplicationCache = Tripolygon.UModeler.Editor.UI.UnityEditorApplicationCache
[2025-11-12 오후 10:28:57] [Debug] [Application] service: Tripolygon.UModeler.Hub.VSAttributionService = Tripolygon.UModeler.Hub.VSAttributionService
[2025-11-12 오후 10:28:57] [Debug] [Application] service: Tripolygon.UModeler.Hub.IHubService = Tripolygon.UModeler.Hub.HubService
[2025-11-12 오후 10:28:57] [Debug] [Application] service: Tripolygon.UModeler.Hub.Notifications.UpdateProductNotifier = Tripolygon.UModeler.Hub.Notifications.UpdateProductNotifier
[2025-11-12 오후 10:28:57] [Debug] [Application] service: Tripolygon.UModeler.UI.IObjectHierarchyService = Tripolygon.UModeler.Editor.UI.UnityEditorObjectHierarchyService
[2025-11-12 오후 10:28:57] [Debug] [Application] service: Tripolygon.UModeler.UI.IApplicationUtilityService = Tripolygon.UModeler.Editor.UI.UnityEditorApplicationUtilityService
[2025-11-12 오후 10:28:58] [Debug] [Application] Initialize: isReloading=True
[2025-11-12 오후 10:28:57] [Debug] [Application] service: Tripolygon.UModeler.Editor.UI.ApplicationSettings = Tripolygon.UModeler.Editor.UI.ApplicationSettings
[2025-11-12 오후 10:28:58] [Debug] [Application] Service Initialize: Tripolygon.UModeler.Hub.HubAuthentication
[2025-11-12 오후 10:28:57] [Debug] [Application] service: Tripolygon.UModeler.Hub.Resources.IResourcesApiProvider = Tripolygon.UModeler.Hub.ResourcesApiProviderService
[2025-11-12 오후 10:28:58] [Debug] [Application] Service Initialize: Tripolygon.UModeler.Editor.UI.UnityEditorApplicationCache
[2025-11-12 오후 10:28:57] [Debug] [Application] service: Tripolygon.UModeler.Hub.IHubAnalyticsService = Tripolygon.UModeler.Hub.HubAnalyticsService
[2025-11-12 오후 10:28:57] [Debug] [Application] service: Tripolygon.UModeler.Hub.VSAttributionService = Tripolygon.UModeler.Hub.VSAttributionService
[2025-11-12 오후 10:28:58] [Debug] [Application] Service Initialize: Tripolygon.UModeler.Hub.HubService
[2025-11-12 오후 10:28:57] [Debug] [Application] service: Tripolygon.UModeler.Hub.Notifications.UpdateHubNotifier = Tripolygon.UModeler.Hub.Notifications.UpdateHubNotifier
[2025-11-12 오후 10:28:58] [Debug] [Application] Service Initialize: Tripolygon.UModeler.Editor.UI.UnityEditorApplicationUtilityService
[2025-11-12 오후 10:28:57] [Debug] [Application] service: Tripolygon.UModeler.Hub.Notifications.UpdateProductNotifier = Tripolygon.UModeler.Hub.Notifications.UpdateProductNotifier
[2025-11-12 오후 10:28:58] [Debug] [Application] Service Initialize: Tripolygon.UModeler.Hub.HubFlashService
[2025-11-12 오후 10:28:57] [Debug] [Application] service: Tripolygon.UModeler.Hub.Views.SceneViews.HubSceneViewService = Tripolygon.UModeler.Hub.Views.SceneViews.HubSceneViewService
[2025-11-12 오후 10:28:58] [Debug] [Application] Initialize: isReloading=False
[2025-11-12 오후 10:28:58] [Debug] [HubAnalytics] PosthogClient.SetAutoFlush: Value Changed: True
[2025-11-12 오후 10:28:58] [Debug] [Application] Service Initialize: Tripolygon.UModeler.Hub.HubAuthentication
[2025-11-12 오후 10:28:58] [Debug] [Application] Service Initialize: Tripolygon.UModeler.Editor.UI.UnityEditorApplicationCache
[2025-11-12 오후 10:28:58] [Debug] [Application] Service Initialize: Tripolygon.UModeler.Hub.HubService
[2025-11-12 오후 10:28:58] [Debug] [Application] Service Initialize: Tripolygon.UModeler.Hub.HubAnalyticsService
[2025-11-12 오후 10:28:58] [Debug] [Application] Service Initialize: Tripolygon.UModeler.Editor.UI.UnityEditorApplicationUtilityService
[2025-11-12 오후 10:28:58] [Debug] [Application] Service Initialize: Tripolygon.UModeler.Hub.VSAttributionService
[2025-11-12 오후 10:28:58] [Debug] [Application] Service Initialize: Tripolygon.UModeler.Hub.HubFlashService
[2025-11-12 오후 10:28:58] [Debug] [Application] Service Initialize: Tripolygon.UModeler.Hub.Notifications.UpdateHubNotifier
[2025-11-12 오후 10:28:58] [Debug] [HubAnalytics] PosthogClient.SetAutoFlush: Value Changed: True
[2025-11-12 오후 10:28:58] [Debug] [Application] Service Initialize: Tripolygon.UModeler.Hub.Notifications.UpdateProductNotifier
[2025-11-12 오후 10:28:58] [Debug] [Application] Service Initialize: Tripolygon.UModeler.Hub.Noticies.NoticeService
[2025-11-12 오후 10:28:58] [Debug] [Application] Service Initialize: Tripolygon.UModeler.Hub.Views.SceneViews.HubSceneViewService
[2025-11-12 오후 10:28:58] [Debug] [Application] Service Initialize: Tripolygon.UModeler.Hub.HubAnalyticsService
[2025-11-12 오후 10:28:58] [Debug] [Application] Service Initialize: Tripolygon.UModeler.Hub.VSAttributionService
[2025-11-12 오후 10:28:58] [Debug] [Application] Service Initialize: Tripolygon.UModeler.Hub.Notifications.UpdateHubNotifier
[2025-11-12 오후 10:28:58] [Debug] [Application] Service Initialize: Tripolygon.UModeler.Hub.Notifications.UpdateProductNotifier
[2025-11-12 오후 10:28:58] [Debug] [Application] Service Initialize: Tripolygon.UModeler.Hub.Noticies.NoticeService
[2025-11-12 오후 10:28:59] [Debug] [Application] Service Initialize: Tripolygon.UModeler.Hub.Views.SceneViews.HubSceneViewService
[2025-11-12 오후 10:33:10] [Debug] [Application] Release: isReloading=True
[2025-11-12 오후 10:33:10] [Debug] [Application] Service Release: Tripolygon.UModeler.Hub.Views.SceneViews.HubSceneViewService
[2025-11-12 오후 10:33:10] [Debug] [Application] Service Release: Tripolygon.UModeler.Hub.Noticies.NoticeService
[2025-11-12 오후 10:33:10] [Debug] [Application] Service Release: Tripolygon.UModeler.Hub.Notifications.UpdateProductNotifier
[2025-11-12 오후 10:33:10] [Debug] [Application] Service Release: Tripolygon.UModeler.Hub.Notifications.UpdateHubNotifier
[2025-11-12 오후 10:33:10] [Debug] [Application] Service Release: Tripolygon.UModeler.Hub.VSAttributionService
[2025-11-12 오후 10:33:10] [Debug] [HubAnalytics] PosthogClient.SetAutoFlush: Value Changed: False
[2025-11-12 오후 10:33:10] [Debug] [Application] Service Release: Tripolygon.UModeler.Hub.HubAnalyticsService
[2025-11-12 오후 10:33:10] [Debug] [Application] Service Release: Tripolygon.UModeler.Hub.HubFlashService
[2025-11-12 오후 10:33:10] [Debug] [Application] Service Release: Tripolygon.UModeler.Editor.UI.UnityEditorApplicationUtilityService
[2025-11-12 오후 10:33:10] [Debug] [Application] Service Release: Tripolygon.UModeler.Hub.HubService
[2025-11-12 오후 10:33:10] [Debug] [Application] Service Release: Tripolygon.UModeler.Editor.UI.UnityEditorApplicationCache
[2025-11-12 오후 10:33:10] [Debug] [Application] Service Release: Tripolygon.UModeler.Hub.HubAuthentication
[2025-11-12 오후 10:33:13] [Debug] [Application] service: Tripolygon.UModeler.Hub.HubAuthentication = Tripolygon.UModeler.Hub.HubAuthentication
[2025-11-12 오후 10:33:13] [Debug] [Application] service: Tripolygon.UModeler.UI.IApplicationCache = Tripolygon.UModeler.Editor.UI.UnityEditorApplicationCache
[2025-11-12 오후 10:33:13] [Debug] ActualHost
[2025-11-12 오후 10:33:13] [Debug] [Application] service: Tripolygon.UModeler.Hub.IHubService = Tripolygon.UModeler.Hub.HubService
[2025-11-12 오후 10:33:13] [Debug] [Application] service: Tripolygon.UModeler.Authentication.IAuthenticationApiProvider = Tripolygon.UModeler.Editor.AuthenticationApiProviderService
[2025-11-12 오후 10:33:13] [Debug] [Application] service: Tripolygon.UModeler.UI.IObjectHierarchyService = Tripolygon.UModeler.Editor.UI.UnityEditorObjectHierarchyService
[2025-11-12 오후 10:33:13] [Debug] [Application] service: Tripolygon.UModeler.UI.IApplicationUtilityService = Tripolygon.UModeler.Editor.UI.UnityEditorApplicationUtilityService
[2025-11-12 오후 10:33:14] [Debug] [Application] service: Tripolygon.UModeler.Editor.UI.ApplicationSettings = Tripolygon.UModeler.Editor.UI.ApplicationSettings
[2025-11-12 오후 10:33:14] [Debug] [Application] service: Tripolygon.UModeler.UI.ITextureProvider = Tripolygon.UModeler.Editor.UI.UnityEditorTextureProvider
[2025-11-12 오후 10:33:14] [Debug] [Application] service: Tripolygon.UModeler.Hub.Resources.IResourcesApiProvider = Tripolygon.UModeler.Hub.ResourcesApiProviderService
[2025-11-12 오후 10:33:14] [Debug] [Application] service: Tripolygon.UModeler.Hub.HubFlashService = Tripolygon.UModeler.Hub.HubFlashService
[2025-11-12 오후 10:33:14] [Debug] [Application] service: Tripolygon.UModeler.Hub.IHubAnalyticsService = Tripolygon.UModeler.Hub.HubAnalyticsService
[2025-11-12 오후 10:33:14] [Debug] [Application] service: Tripolygon.UModeler.Hub.VSAttributionService = Tripolygon.UModeler.Hub.VSAttributionService
[2025-11-12 오후 10:33:14] [Debug] [Application] service: Tripolygon.UModeler.Hub.Notifications.UpdateHubNotifier = Tripolygon.UModeler.Hub.Notifications.UpdateHubNotifier
[2025-11-12 오후 10:33:14] [Debug] [Application] service: Tripolygon.UModeler.Hub.Notifications.UpdateProductNotifier = Tripolygon.UModeler.Hub.Notifications.UpdateProductNotifier
[2025-11-12 오후 10:33:14] [Debug] [Application] service: Tripolygon.UModeler.Hub.INoticeService = Tripolygon.UModeler.Hub.Noticies.NoticeService
[2025-11-12 오후 10:33:14] [Debug] [Application] service: Tripolygon.UModeler.Hub.Views.SceneViews.HubSceneViewService = Tripolygon.UModeler.Hub.Views.SceneViews.HubSceneViewService
[2025-11-12 오후 10:33:15] [Debug] [Application] Initialize: isReloading=True
[2025-11-12 오후 10:33:16] [Debug] [Application] Service Initialize: Tripolygon.UModeler.Hub.HubAuthentication
[2025-11-12 오후 10:33:16] [Debug] [Application] Service Initialize: Tripolygon.UModeler.Editor.UI.UnityEditorApplicationCache
[2025-11-12 오후 10:33:16] [Debug] [Application] Service Initialize: Tripolygon.UModeler.Hub.HubService
[2025-11-12 오후 10:33:16] [Debug] [Application] Service Initialize: Tripolygon.UModeler.Editor.UI.UnityEditorApplicationUtilityService
[2025-11-12 오후 10:33:16] [Debug] [Application] Service Initialize: Tripolygon.UModeler.Hub.HubFlashService
[2025-11-12 오후 10:33:16] [Debug] [HubAnalytics] PosthogClient.SetAutoFlush: Value Changed: True
[2025-11-12 오후 10:33:16] [Debug] [Application] Service Initialize: Tripolygon.UModeler.Hub.HubAnalyticsService
[2025-11-12 오후 10:33:16] [Debug] [Application] Service Initialize: Tripolygon.UModeler.Hub.VSAttributionService
[2025-11-12 오후 10:33:16] [Debug] [Application] Service Initialize: Tripolygon.UModeler.Hub.Notifications.UpdateHubNotifier
[2025-11-12 오후 10:33:16] [Debug] [Application] Service Initialize: Tripolygon.UModeler.Hub.Notifications.UpdateProductNotifier
[2025-11-12 오후 10:33:16] [Debug] [Application] Service Initialize: Tripolygon.UModeler.Hub.Noticies.NoticeService
[2025-11-12 오후 10:33:16] [Debug] [Application] Service Initialize: Tripolygon.UModeler.Hub.Views.SceneViews.HubSceneViewService
[2025-11-12 오후 10:33:17] [Debug] [Application] Release: isReloading=True
[2025-11-12 오후 10:33:17] [Debug] [Application] Release: isReloading=True
[2025-11-12 오후 10:33:17] [Debug] [Application] Service Release: Tripolygon.UModeler.Hub.Views.SceneViews.HubSceneViewService
[2025-11-12 오후 10:33:17] [Debug] [Application] Service Release: Tripolygon.UModeler.Hub.Views.SceneViews.HubSceneViewService
[2025-11-12 오후 10:33:17] [Debug] [Application] Service Release: Tripolygon.UModeler.Hub.Noticies.NoticeService
[2025-11-12 오후 10:33:17] [Debug] [Application] Service Release: Tripolygon.UModeler.Hub.Noticies.NoticeService
[2025-11-12 오후 10:33:17] [Debug] [Application] Service Release: Tripolygon.UModeler.Hub.Notifications.UpdateProductNotifier
[2025-11-12 오후 10:33:17] [Debug] [Application] Service Release: Tripolygon.UModeler.Hub.Notifications.UpdateProductNotifier
[2025-11-12 오후 10:33:17] [Debug] [Application] Service Release: Tripolygon.UModeler.Hub.Notifications.UpdateHubNotifier
[2025-11-12 오후 10:33:17] [Debug] [Application] Service Release: Tripolygon.UModeler.Hub.Notifications.UpdateHubNotifier
[2025-11-12 오후 10:33:17] [Debug] [Application] Service Release: Tripolygon.UModeler.Hub.VSAttributionService
[2025-11-12 오후 10:33:17] [Debug] [Application] Service Release: Tripolygon.UModeler.Hub.VSAttributionService
[2025-11-12 오후 10:33:20] [Debug] [Application] service: Tripolygon.UModeler.Hub.HubAuthentication = Tripolygon.UModeler.Hub.HubAuthentication
[2025-11-12 오후 10:33:20] [Debug] [Application] service: Tripolygon.UModeler.Hub.HubAuthentication = Tripolygon.UModeler.Hub.HubAuthentication
[2025-11-12 오후 10:33:20] [Debug] [Application] service: Tripolygon.UModeler.Hub.HubFlashService = Tripolygon.UModeler.Hub.HubFlashService
[2025-11-12 오후 10:33:20] [Debug] ActualHost
[2025-11-12 오후 10:33:20] [Debug] [Application] service: Tripolygon.UModeler.Hub.VSAttributionService = Tripolygon.UModeler.Hub.VSAttributionService
[2025-11-12 오후 10:33:20] [Debug] [Application] service: Tripolygon.UModeler.Authentication.IAuthenticationApiProvider = Tripolygon.UModeler.Editor.AuthenticationApiProviderService
[2025-11-12 오후 10:33:20] [Debug] [Application] service: Tripolygon.UModeler.Hub.Notifications.UpdateHubNotifier = Tripolygon.UModeler.Hub.Notifications.UpdateHubNotifier
[2025-11-12 오후 10:33:20] [Debug] [Application] service: Tripolygon.UModeler.UI.IApplicationUtilityService = Tripolygon.UModeler.Editor.UI.UnityEditorApplicationUtilityService
[2025-11-12 오후 10:33:20] [Debug] [Application] service: Tripolygon.UModeler.Hub.Notifications.UpdateProductNotifier = Tripolygon.UModeler.Hub.Notifications.UpdateProductNotifier
[2025-11-12 오후 10:33:20] [Debug] [Application] service: Tripolygon.UModeler.Editor.UI.ApplicationSettings = Tripolygon.UModeler.Editor.UI.ApplicationSettings
[2025-11-12 오후 10:33:20] [Debug] [Application] service: Tripolygon.UModeler.Hub.INoticeService = Tripolygon.UModeler.Hub.Noticies.NoticeService
[2025-11-12 오후 10:33:20] [Debug] [Application] service: Tripolygon.UModeler.UI.ITextureProvider = Tripolygon.UModeler.Editor.UI.UnityEditorTextureProvider
[2025-11-12 오후 10:33:20] [Debug] [Application] service: Tripolygon.UModeler.Hub.Resources.IResourcesApiProvider = Tripolygon.UModeler.Hub.ResourcesApiProviderService
[2025-11-12 오후 10:33:21] [Debug] [Application] Initialize: isReloading=True
[2025-11-12 오후 10:33:20] [Debug] [Application] service: Tripolygon.UModeler.Hub.IHubAnalyticsService = Tripolygon.UModeler.Hub.HubAnalyticsService
[2025-11-12 오후 10:33:21] [Debug] [Application] Service Initialize: Tripolygon.UModeler.Hub.HubAuthentication
[2025-11-12 오후 10:33:20] [Debug] [Application] service: Tripolygon.UModeler.Hub.Notifications.UpdateHubNotifier = Tripolygon.UModeler.Hub.Notifications.UpdateHubNotifier
[2025-11-12 오후 10:33:21] [Debug] [Application] Service Initialize: Tripolygon.UModeler.Editor.UI.UnityEditorApplicationCache
[2025-11-12 오후 10:33:20] [Debug] [Application] service: Tripolygon.UModeler.Hub.Notifications.UpdateProductNotifier = Tripolygon.UModeler.Hub.Notifications.UpdateProductNotifier
[2025-11-12 오후 10:33:20] [Debug] [Application] service: Tripolygon.UModeler.Hub.INoticeService = Tripolygon.UModeler.Hub.Noticies.NoticeService
[2025-11-12 오후 10:33:21] [Debug] [Application] Service Initialize: Tripolygon.UModeler.Hub.HubService
[2025-11-12 오후 10:33:21] [Debug] [Application] Initialize: isReloading=False
[2025-11-12 오후 10:33:21] [Debug] [Application] Service Initialize: Tripolygon.UModeler.Hub.HubFlashService
[2025-11-12 오후 10:33:21] [Debug] [Application] Service Initialize: Tripolygon.UModeler.Hub.HubAuthentication
[2025-11-12 오후 10:33:21] [Debug] [Application] Service Initialize: Tripolygon.UModeler.Editor.UI.UnityEditorApplicationCache
[2025-11-12 오후 10:33:21] [Debug] [HubAnalytics] PosthogClient.SetAutoFlush: Value Changed: True
[2025-11-12 오후 10:33:21] [Debug] [Application] Service Initialize: Tripolygon.UModeler.Hub.HubService
[2025-11-12 오후 10:33:21] [Debug] [Application] Service Initialize: Tripolygon.UModeler.Editor.UI.UnityEditorApplicationUtilityService
[2025-11-12 오후 10:33:21] [Debug] [Application] Service Initialize: Tripolygon.UModeler.Hub.HubFlashService
[2025-11-12 오후 10:33:21] [Debug] [Application] Service Initialize: Tripolygon.UModeler.Hub.HubAnalyticsService
[2025-11-12 오후 10:33:21] [Debug] [HubAnalytics] PosthogClient.SetAutoFlush: Value Changed: True
[2025-11-12 오후 10:33:21] [Debug] [Application] Service Initialize: Tripolygon.UModeler.Hub.VSAttributionService
[2025-11-12 오후 10:33:21] [Debug] [Application] Service Initialize: Tripolygon.UModeler.Hub.Notifications.UpdateHubNotifier
[2025-11-12 오후 10:33:21] [Debug] [Application] Service Initialize: Tripolygon.UModeler.Hub.Notifications.UpdateProductNotifier
[2025-11-12 오후 10:33:21] [Debug] [Application] Service Initialize: Tripolygon.UModeler.Hub.HubAnalyticsService
[2025-11-12 오후 10:33:22] [Debug] [Application] Service Initialize: Tripolygon.UModeler.Hub.Noticies.NoticeService
[2025-11-12 오후 10:33:22] [Debug] [Application] Service Initialize: Tripolygon.UModeler.Hub.VSAttributionService
[2025-11-12 오후 10:33:22] [Debug] [Application] Service Initialize: Tripolygon.UModeler.Hub.Views.SceneViews.HubSceneViewService
[2025-11-12 오후 10:33:22] [Debug] [Application] Service Initialize: Tripolygon.UModeler.Hub.Notifications.UpdateHubNotifier
[2025-11-12 오후 10:33:22] [Debug] [Application] Service Initialize: Tripolygon.UModeler.Hub.Notifications.UpdateProductNotifier
[2025-11-12 오후 10:33:22] [Debug] [Application] Service Initialize: Tripolygon.UModeler.Hub.Noticies.NoticeService
[2025-11-12 오후 10:33:22] [Debug] [Application] Service Initialize: Tripolygon.UModeler.Hub.Views.SceneViews.HubSceneViewService
[2025-11-12 오후 10:38:19] [Debug] [Application] Release: isReloading=False
[2025-11-12 오후 10:38:19] [Debug] [Application] Service Release: Tripolygon.UModeler.Hub.Views.SceneViews.HubSceneViewService
[2025-11-12 오후 10:38:19] [Debug] [Application] Service Release: Tripolygon.UModeler.Hub.Noticies.NoticeService
[2025-11-12 오후 10:38:19] [Debug] [Application] Service Release: Tripolygon.UModeler.Hub.Notifications.UpdateProductNotifier
[2025-11-12 오후 10:38:19] [Debug] [Application] Service Release: Tripolygon.UModeler.Hub.Notifications.UpdateHubNotifier
[2025-11-12 오후 10:38:19] [Debug] [Application] Service Release: Tripolygon.UModeler.Hub.VSAttributionService
[2025-11-12 오후 10:38:19] [Debug] [HubAnalytics] OnAppEnd
[2025-11-12 오후 10:38:19] [Debug] [HubAnalytics] PosthogClient.SetAutoFlush: Value Changed: False
[2025-11-12 오후 10:38:19] [Debug] [HubAnalytics] PosthogClient.BatchAsync: Sending Queue Items={"api_key":"phc_DQ6tsN03HRXTr9hNBfi3DierOY5Y0SisUxgxjuAmZG5","batch":[{"event":"app end","properties":{"$set":{"sdk_region_id":"ko-KR","sdk_region_name":"South Korea","sdk_language":"Korean","sdk_os_architecture":"X64","sdk_time_zone":"Korea Standard Time","product_version":"1.1.6"},"$os":"WINDOWS","$os_name":"WINDOWS","$session_id":"7adef144-aaee-433b-bd7d-6c3274be9021_1e867271-18ad-4f09-a1d9-d85d3b849742","distinct_id":"b436f785064ea140538673dd9b84f3f59c821871","product_name":"UModeler Hub","product_version":"1.1.6","platform_name":"Unity","platform_version":"6000.0.29f1","screen_width":1920,"screen_height":1080,"viewport_width":1172,"viewport_height":339,"unity_systeminfo_language":"Korean","unity_systeminfo_os":"Windows 10  (10.0.19045) 64bit","unity_systeminfo_graphicsDeviceType":"Direct3D11","unity_systeminfo_graphicsDeviceVendor":"NVIDIA","unity_systeminfo_graphicsDeviceName":"NVIDIA GeForce RTX 2060","unity_systeminfo_deviceType":"Desktop","unity_systeminfo_processorType":"Intel(R) Core(TM) i7-9700F CPU @ 3.00GHz"},"timestamp":"2025-11-12T13:38:19.1929177Z"}]}
[2025-11-12 오후 10:38:19] [Debug] [HubAnalytics] PosthogClient.BatchAsync: Sent 1 queue item(s).
[2025-11-12 오후 10:38:19] [Debug] [Application] Service Release: Tripolygon.UModeler.Hub.HubAnalyticsService
[2025-11-12 오후 10:38:19] [Debug] [Application] Service Release: Tripolygon.UModeler.Hub.HubFlashService
[2025-11-12 오후 10:38:19] [Debug] [Application] Service Release: Tripolygon.UModeler.Editor.UI.UnityEditorApplicationUtilityService
[2025-11-12 오후 10:38:19] [Debug] [Application] Service Release: Tripolygon.UModeler.Hub.HubService
[2025-11-12 오후 10:38:19] [Debug] [Application] Service Release: Tripolygon.UModeler.Editor.UI.UnityEditorApplicationCache
[2025-11-12 오후 10:38:19] [Debug] [Application] Service Release: Tripolygon.UModeler.Hub.HubAuthentication
[2025-11-12 오후 10:39:30] [Debug] [Application] service: Tripolygon.UModeler.Hub.HubAuthentication = Tripolygon.UModeler.Hub.HubAuthentication
[2025-11-12 오후 10:39:30] [Debug] [Application] service: Tripolygon.UModeler.UI.IApplicationCache = Tripolygon.UModeler.Editor.UI.UnityEditorApplicationCache
[2025-11-12 오후 10:39:30] [Debug] ActualHost
[2025-11-12 오후 10:39:30] [Debug] [Application] service: Tripolygon.UModeler.Hub.IHubService = Tripolygon.UModeler.Hub.HubService
[2025-11-12 오후 10:39:30] [Debug] [Application] service: Tripolygon.UModeler.Authentication.IAuthenticationApiProvider = Tripolygon.UModeler.Editor.AuthenticationApiProviderService
[2025-11-12 오후 10:39:30] [Debug] [Application] service: Tripolygon.UModeler.UI.IObjectHierarchyService = Tripolygon.UModeler.Editor.UI.UnityEditorObjectHierarchyService
[2025-11-12 오후 10:39:30] [Debug] [Application] service: Tripolygon.UModeler.UI.IApplicationUtilityService = Tripolygon.UModeler.Editor.UI.UnityEditorApplicationUtilityService
[2025-11-12 오후 10:39:31] [Debug] [Application] service: Tripolygon.UModeler.Editor.UI.ApplicationSettings = Tripolygon.UModeler.Editor.UI.ApplicationSettings
[2025-11-12 오후 10:39:31] [Debug] [Application] service: Tripolygon.UModeler.UI.ITextureProvider = Tripolygon.UModeler.Editor.UI.UnityEditorTextureProvider
[2025-11-12 오후 10:39:31] [Debug] [Application] service: Tripolygon.UModeler.Hub.Resources.IResourcesApiProvider = Tripolygon.UModeler.Hub.ResourcesApiProviderService
[2025-11-12 오후 10:39:31] [Debug] [Application] service: Tripolygon.UModeler.Hub.HubFlashService = Tripolygon.UModeler.Hub.HubFlashService
[2025-11-12 오후 10:39:31] [Debug] [Application] service: Tripolygon.UModeler.Hub.IHubAnalyticsService = Tripolygon.UModeler.Hub.HubAnalyticsService
[2025-11-12 오후 10:39:31] [Debug] [Application] service: Tripolygon.UModeler.Hub.VSAttributionService = Tripolygon.UModeler.Hub.VSAttributionService
[2025-11-12 오후 10:39:31] [Debug] [Application] service: Tripolygon.UModeler.Hub.Notifications.UpdateHubNotifier = Tripolygon.UModeler.Hub.Notifications.UpdateHubNotifier
[2025-11-12 오후 10:39:31] [Debug] [Application] service: Tripolygon.UModeler.Hub.Notifications.UpdateProductNotifier = Tripolygon.UModeler.Hub.Notifications.UpdateProductNotifier
[2025-11-12 오후 10:39:31] [Debug] [Application] service: Tripolygon.UModeler.Hub.INoticeService = Tripolygon.UModeler.Hub.Noticies.NoticeService
[2025-11-12 오후 10:39:31] [Debug] [Application] service: Tripolygon.UModeler.Hub.Views.SceneViews.HubSceneViewService = Tripolygon.UModeler.Hub.Views.SceneViews.HubSceneViewService
[2025-11-12 오후 10:39:32] [Debug] [Application] Initialize: isReloading=False
[2025-11-12 오후 10:39:32] [Debug] [Application] Service Initialize: Tripolygon.UModeler.Hub.HubAuthentication
[2025-11-12 오후 10:39:32] [Debug] [Application] Service Initialize: Tripolygon.UModeler.Editor.UI.UnityEditorApplicationCache
[2025-11-12 오후 10:39:32] [Debug] [Application] Service Initialize: Tripolygon.UModeler.Hub.HubService
[2025-11-12 오후 10:39:32] [Debug] [Application] Service Initialize: Tripolygon.UModeler.Editor.UI.UnityEditorApplicationUtilityService
[2025-11-12 오후 10:39:32] [Debug] [Application] Service Initialize: Tripolygon.UModeler.Hub.HubFlashService
[2025-11-12 오후 10:39:32] [Debug] [HubAnalytics] PosthogClient.SetAutoFlush: Value Changed: True
[2025-11-12 오후 10:39:32] [Debug] [Application] Service Initialize: Tripolygon.UModeler.Hub.HubAnalyticsService
[2025-11-12 오후 10:39:32] [Debug] [Application] Service Initialize: Tripolygon.UModeler.Hub.VSAttributionService
[2025-11-12 오후 10:39:32] [Debug] [Application] Service Initialize: Tripolygon.UModeler.Hub.Notifications.UpdateHubNotifier
[2025-11-12 오후 10:39:32] [Debug] [Application] Service Initialize: Tripolygon.UModeler.Hub.Notifications.UpdateProductNotifier
[2025-11-12 오후 10:39:32] [Debug] [Application] Service Initialize: Tripolygon.UModeler.Hub.Noticies.NoticeService
[2025-11-12 오후 10:39:32] [Debug] [Application] Service Initialize: Tripolygon.UModeler.Hub.Views.SceneViews.HubSceneViewService
[2025-11-12 오후 10:39:45] [Debug] [HubAnalytics] OnAppStart
[2025-11-12 오후 10:39:50] [Debug] [Application] Release: isReloading=True
[2025-11-12 오후 10:39:50] [Debug] [Application] Service Release: Tripolygon.UModeler.Hub.Views.SceneViews.HubSceneViewService
[2025-11-12 오후 10:39:50] [Debug] [Application] Service Release: Tripolygon.UModeler.Hub.Noticies.NoticeService
[2025-11-12 오후 10:39:50] [Debug] [Application] Service Release: Tripolygon.UModeler.Hub.Notifications.UpdateProductNotifier
[2025-11-12 오후 10:39:50] [Debug] [Application] Service Release: Tripolygon.UModeler.Hub.Notifications.UpdateHubNotifier
[2025-11-12 오후 10:39:50] [Debug] [Application] Service Release: Tripolygon.UModeler.Hub.VSAttributionService
[2025-11-12 오후 10:39:50] [Debug] [HubAnalytics] PosthogClient.SetAutoFlush: Value Changed: False
[2025-11-12 오후 10:39:50] [Debug] [HubAnalytics] PosthogClient.BatchAsync: Sending Queue Items={"api_key":"phc_DQ6tsN03HRXTr9hNBfi3DierOY5Y0SisUxgxjuAmZG5","batch":[{"event":"app start","properties":{"$set":{"sdk_region_id":"ko-KR","sdk_region_name":"South Korea","sdk_language":"Korean","sdk_os_architecture":"X64","sdk_time_zone":"Korea Standard Time","product_version":"1.1.6","platform_account_id":"anonymous","platform_account_name":"fVNJKpdjFZMMXnpcEI/Wn2FGpVIfRt1RIA05Dqc6eaeHocarrL4KirwXrlFCaX6ae3CCHFrLlnX6OTUovjI78lm7PbbBlNjr/xk8MKMwgdnOdHVCMe0evQYt1q1BkORNijLzJotEHMj6QxqOQL0ABTH8A3WiU3FCu9EIZVtx3qeNiJRHTY5mtG3qlHN55oTa5j0Npvi7cUpyi7h/2EuWoKnNtHSYboN18nzR4XEyywUdKI7/fnu7JAlA02fUYa4ZvpCgYZ+fYCzJWYMh8sMn8gAGzi1YtT4+c5ej5Zs7Wd6us9uAi6Oca/M1MhBCIFySd9xmXEhVa7NTKwTg8DJ9BQ=="},"$os":"WINDOWS","$os_name":"WINDOWS","$session_id":"acb81c78-31d7-4162-bc37-ca3d10565bae_92b6c1a9-56d1-4520-81a1-cecf38ba0686","distinct_id":"b436f785064ea140538673dd9b84f3f59c821871","product_name":"UModeler Hub","product_version":"1.1.6","platform_name":"Unity","platform_version":"6000.0.29f1","screen_width":1920,"screen_height":1080,"viewport_width":1172,"viewport_height":339,"unity_systeminfo_language":"Korean","unity_systeminfo_os":"Windows 10  (10.0.19045) 64bit","unity_systeminfo_graphicsDeviceType":"Direct3D11","unity_systeminfo_graphicsDeviceVendor":"NVIDIA","unity_systeminfo_graphicsDeviceName":"NVIDIA GeForce RTX 2060","unity_systeminfo_deviceType":"Desktop","unity_systeminfo_processorType":"Intel(R) Core(TM) i7-9700F CPU @ 3.00GHz"},"timestamp":"2025-11-12T13:39:45.3936737Z"}]}
[2025-11-12 오후 10:39:50] [Debug] [HubAnalytics] PosthogClient.BatchAsync: Sent 1 queue item(s).
[2025-11-12 오후 10:39:50] [Debug] [Application] Service Release: Tripolygon.UModeler.Hub.HubAnalyticsService
[2025-11-12 오후 10:39:50] [Debug] [Application] Service Release: Tripolygon.UModeler.Hub.HubFlashService
[2025-11-12 오후 10:39:50] [Debug] [Application] Service Release: Tripolygon.UModeler.Editor.UI.UnityEditorApplicationUtilityService
[2025-11-12 오후 10:39:50] [Debug] [Application] Service Release: Tripolygon.UModeler.Hub.HubService
[2025-11-12 오후 10:39:50] [Debug] [Application] Service Release: Tripolygon.UModeler.Editor.UI.UnityEditorApplicationCache
[2025-11-12 오후 10:39:50] [Debug] [Application] Service Release: Tripolygon.UModeler.Hub.HubAuthentication
[2025-11-12 오후 10:39:54] [Debug] [Application] service: Tripolygon.UModeler.Hub.HubAuthentication = Tripolygon.UModeler.Hub.HubAuthentication
[2025-11-12 오후 10:39:54] [Debug] [Application] service: Tripolygon.UModeler.UI.IApplicationCache = Tripolygon.UModeler.Editor.UI.UnityEditorApplicationCache
[2025-11-12 오후 10:39:54] [Debug] ActualHost
[2025-11-12 오후 10:39:54] [Debug] [Application] service: Tripolygon.UModeler.Hub.IHubService = Tripolygon.UModeler.Hub.HubService
[2025-11-12 오후 10:39:54] [Debug] [Application] service: Tripolygon.UModeler.Authentication.IAuthenticationApiProvider = Tripolygon.UModeler.Editor.AuthenticationApiProviderService
[2025-11-12 오후 10:39:54] [Debug] [Application] service: Tripolygon.UModeler.UI.IObjectHierarchyService = Tripolygon.UModeler.Editor.UI.UnityEditorObjectHierarchyService
[2025-11-12 오후 10:39:54] [Debug] [Application] service: Tripolygon.UModeler.UI.IApplicationUtilityService = Tripolygon.UModeler.Editor.UI.UnityEditorApplicationUtilityService
[2025-11-12 오후 10:39:55] [Debug] [Application] service: Tripolygon.UModeler.Editor.UI.ApplicationSettings = Tripolygon.UModeler.Editor.UI.ApplicationSettings
[2025-11-12 오후 10:39:55] [Debug] [Application] service: Tripolygon.UModeler.UI.ITextureProvider = Tripolygon.UModeler.Editor.UI.UnityEditorTextureProvider
[2025-11-12 오후 10:39:55] [Debug] [Application] service: Tripolygon.UModeler.Hub.Resources.IResourcesApiProvider = Tripolygon.UModeler.Hub.ResourcesApiProviderService
[2025-11-12 오후 10:39:55] [Debug] [Application] service: Tripolygon.UModeler.Hub.HubFlashService = Tripolygon.UModeler.Hub.HubFlashService
[2025-11-12 오후 10:39:55] [Debug] [Application] service: Tripolygon.UModeler.Hub.IHubAnalyticsService = Tripolygon.UModeler.Hub.HubAnalyticsService
[2025-11-12 오후 10:39:55] [Debug] [Application] service: Tripolygon.UModeler.Hub.VSAttributionService = Tripolygon.UModeler.Hub.VSAttributionService
[2025-11-12 오후 10:39:55] [Debug] [Application] service: Tripolygon.UModeler.Hub.Notifications.UpdateHubNotifier = Tripolygon.UModeler.Hub.Notifications.UpdateHubNotifier
[2025-11-12 오후 10:39:55] [Debug] [Application] service: Tripolygon.UModeler.Hub.Notifications.UpdateProductNotifier = Tripolygon.UModeler.Hub.Notifications.UpdateProductNotifier
[2025-11-12 오후 10:39:55] [Debug] [Application] service: Tripolygon.UModeler.Hub.INoticeService = Tripolygon.UModeler.Hub.Noticies.NoticeService
[2025-11-12 오후 10:39:55] [Debug] [Application] service: Tripolygon.UModeler.Hub.Views.SceneViews.HubSceneViewService = Tripolygon.UModeler.Hub.Views.SceneViews.HubSceneViewService
[2025-11-12 오후 10:39:56] [Debug] [Application] Initialize: isReloading=True
[2025-11-12 오후 10:39:56] [Debug] [Application] Service Initialize: Tripolygon.UModeler.Hub.HubAuthentication
[2025-11-12 오후 10:39:56] [Debug] [Application] Service Initialize: Tripolygon.UModeler.Editor.UI.UnityEditorApplicationCache
[2025-11-12 오후 10:39:56] [Debug] [Application] Service Initialize: Tripolygon.UModeler.Hub.HubService
[2025-11-12 오후 10:39:56] [Debug] [Application] Service Initialize: Tripolygon.UModeler.Editor.UI.UnityEditorApplicationUtilityService
[2025-11-12 오후 10:39:56] [Debug] [Application] Service Initialize: Tripolygon.UModeler.Hub.HubFlashService
[2025-11-12 오후 10:39:56] [Debug] [HubAnalytics] PosthogClient.SetAutoFlush: Value Changed: True
[2025-11-12 오후 10:39:56] [Debug] [Application] Service Initialize: Tripolygon.UModeler.Hub.HubAnalyticsService
[2025-11-12 오후 10:39:56] [Debug] [Application] Service Initialize: Tripolygon.UModeler.Hub.VSAttributionService
[2025-11-12 오후 10:39:56] [Debug] [Application] Service Initialize: Tripolygon.UModeler.Hub.Notifications.UpdateHubNotifier
[2025-11-12 오후 10:39:56] [Debug] [Application] Service Initialize: Tripolygon.UModeler.Hub.Notifications.UpdateProductNotifier
[2025-11-12 오후 10:39:56] [Debug] [Application] Service Initialize: Tripolygon.UModeler.Hub.Noticies.NoticeService
[2025-11-12 오후 10:39:56] [Debug] [Application] Service Initialize: Tripolygon.UModeler.Hub.Views.SceneViews.HubSceneViewService
[2025-11-12 오후 10:41:36] [Debug] [Application] Release: isReloading=True
[2025-11-12 오후 10:41:36] [Debug] [Application] Service Release: Tripolygon.UModeler.Hub.Views.SceneViews.HubSceneViewService
[2025-11-12 오후 10:41:36] [Debug] [Application] Service Release: Tripolygon.UModeler.Hub.Noticies.NoticeService
[2025-11-12 오후 10:41:36] [Debug] [Application] Service Release: Tripolygon.UModeler.Hub.Notifications.UpdateProductNotifier
[2025-11-12 오후 10:41:36] [Debug] [Application] Service Release: Tripolygon.UModeler.Hub.Notifications.UpdateHubNotifier
[2025-11-12 오후 10:41:36] [Debug] [Application] Service Release: Tripolygon.UModeler.Hub.VSAttributionService
[2025-11-12 오후 10:41:36] [Debug] [HubAnalytics] PosthogClient.SetAutoFlush: Value Changed: False
[2025-11-12 오후 10:41:36] [Debug] [Application] Service Release: Tripolygon.UModeler.Hub.HubAnalyticsService
[2025-11-12 오후 10:41:36] [Debug] [Application] Service Release: Tripolygon.UModeler.Hub.HubFlashService
[2025-11-12 오후 10:41:36] [Debug] [Application] Service Release: Tripolygon.UModeler.Editor.UI.UnityEditorApplicationUtilityService
[2025-11-12 오후 10:41:36] [Debug] [Application] Service Release: Tripolygon.UModeler.Hub.HubService
[2025-11-12 오후 10:41:36] [Debug] [Application] Service Release: Tripolygon.UModeler.Editor.UI.UnityEditorApplicationCache
[2025-11-12 오후 10:41:36] [Debug] [Application] Service Release: Tripolygon.UModeler.Hub.HubAuthentication
[2025-11-12 오후 10:41:41] [Debug] [Application] service: Tripolygon.UModeler.Hub.HubAuthentication = Tripolygon.UModeler.Hub.HubAuthentication
[2025-11-12 오후 10:41:41] [Debug] [Application] service: Tripolygon.UModeler.UI.IApplicationCache = Tripolygon.UModeler.Editor.UI.UnityEditorApplicationCache
[2025-11-12 오후 10:41:41] [Debug] ActualHost
[2025-11-12 오후 10:41:41] [Debug] [Application] service: Tripolygon.UModeler.Hub.IHubService = Tripolygon.UModeler.Hub.HubService
[2025-11-12 오후 10:41:41] [Debug] [Application] service: Tripolygon.UModeler.Authentication.IAuthenticationApiProvider = Tripolygon.UModeler.Editor.AuthenticationApiProviderService
[2025-11-12 오후 10:41:41] [Debug] [Application] service: Tripolygon.UModeler.UI.IObjectHierarchyService = Tripolygon.UModeler.Editor.UI.UnityEditorObjectHierarchyService
[2025-11-12 오후 10:41:41] [Debug] [Application] service: Tripolygon.UModeler.UI.IApplicationUtilityService = Tripolygon.UModeler.Editor.UI.UnityEditorApplicationUtilityService
[2025-11-12 오후 10:41:41] [Debug] [Application] service: Tripolygon.UModeler.Editor.UI.ApplicationSettings = Tripolygon.UModeler.Editor.UI.ApplicationSettings
[2025-11-12 오후 10:41:41] [Debug] [Application] service: Tripolygon.UModeler.UI.ITextureProvider = Tripolygon.UModeler.Editor.UI.UnityEditorTextureProvider
[2025-11-12 오후 10:41:41] [Debug] [Application] service: Tripolygon.UModeler.Hub.Resources.IResourcesApiProvider = Tripolygon.UModeler.Hub.ResourcesApiProviderService
[2025-11-12 오후 10:41:41] [Debug] [Application] service: Tripolygon.UModeler.Hub.HubFlashService = Tripolygon.UModeler.Hub.HubFlashService
[2025-11-12 오후 10:41:41] [Debug] [Application] service: Tripolygon.UModeler.Hub.IHubAnalyticsService = Tripolygon.UModeler.Hub.HubAnalyticsService
[2025-11-12 오후 10:41:41] [Debug] [Application] service: Tripolygon.UModeler.Hub.VSAttributionService = Tripolygon.UModeler.Hub.VSAttributionService
[2025-11-12 오후 10:41:41] [Debug] [Application] service: Tripolygon.UModeler.Hub.Notifications.UpdateHubNotifier = Tripolygon.UModeler.Hub.Notifications.UpdateHubNotifier
[2025-11-12 오후 10:41:41] [Debug] [Application] service: Tripolygon.UModeler.Hub.Notifications.UpdateProductNotifier = Tripolygon.UModeler.Hub.Notifications.UpdateProductNotifier
[2025-11-12 오후 10:41:41] [Debug] [Application] service: Tripolygon.UModeler.Hub.INoticeService = Tripolygon.UModeler.Hub.Noticies.NoticeService
[2025-11-12 오후 10:41:41] [Debug] [Application] service: Tripolygon.UModeler.Hub.Views.SceneViews.HubSceneViewService = Tripolygon.UModeler.Hub.Views.SceneViews.HubSceneViewService
[2025-11-12 오후 10:41:43] [Debug] [Application] Initialize: isReloading=True
[2025-11-12 오후 10:41:43] [Debug] [Application] Service Initialize: Tripolygon.UModeler.Hub.HubAuthentication
[2025-11-12 오후 10:41:43] [Debug] [Application] Service Initialize: Tripolygon.UModeler.Editor.UI.UnityEditorApplicationCache
[2025-11-12 오후 10:41:43] [Debug] [Application] Service Initialize: Tripolygon.UModeler.Hub.HubService
[2025-11-12 오후 10:41:43] [Debug] [Application] Service Initialize: Tripolygon.UModeler.Editor.UI.UnityEditorApplicationUtilityService
[2025-11-12 오후 10:41:43] [Debug] [Application] Service Initialize: Tripolygon.UModeler.Hub.HubFlashService
[2025-11-12 오후 10:41:43] [Debug] [HubAnalytics] PosthogClient.SetAutoFlush: Value Changed: True
[2025-11-12 오후 10:41:43] [Debug] [Application] Service Initialize: Tripolygon.UModeler.Hub.HubAnalyticsService
[2025-11-12 오후 10:41:43] [Debug] [Application] Service Initialize: Tripolygon.UModeler.Hub.VSAttributionService
[2025-11-12 오후 10:41:43] [Debug] [Application] Service Initialize: Tripolygon.UModeler.Hub.Notifications.UpdateHubNotifier
[2025-11-12 오후 10:41:43] [Debug] [Application] Service Initialize: Tripolygon.UModeler.Hub.Notifications.UpdateProductNotifier
[2025-11-12 오후 10:41:43] [Debug] [Application] Service Initialize: Tripolygon.UModeler.Hub.Noticies.NoticeService
[2025-11-12 오후 10:41:43] [Debug] [Application] Service Initialize: Tripolygon.UModeler.Hub.Views.SceneViews.HubSceneViewService
[2025-11-12 오후 11:01:47] [Debug] [Application] service: Tripolygon.UModeler.Hub.HubAuthentication = Tripolygon.UModeler.Hub.HubAuthentication
[2025-11-12 오후 11:01:47] [Debug] [Application] service: Tripolygon.UModeler.UI.IApplicationCache = Tripolygon.UModeler.Editor.UI.UnityEditorApplicationCache
[2025-11-12 오후 11:01:47] [Debug] ActualHost
[2025-11-12 오후 11:01:47] [Debug] [Application] service: Tripolygon.UModeler.Hub.IHubService = Tripolygon.UModeler.Hub.HubService
[2025-11-12 오후 11:01:47] [Debug] [Application] service: Tripolygon.UModeler.Authentication.IAuthenticationApiProvider = Tripolygon.UModeler.Editor.AuthenticationApiProviderService
[2025-11-12 오후 11:01:47] [Debug] [Application] service: Tripolygon.UModeler.UI.IObjectHierarchyService = Tripolygon.UModeler.Editor.UI.UnityEditorObjectHierarchyService
[2025-11-12 오후 11:01:47] [Debug] [Application] service: Tripolygon.UModeler.UI.IApplicationUtilityService = Tripolygon.UModeler.Editor.UI.UnityEditorApplicationUtilityService
[2025-11-12 오후 11:01:47] [Debug] [Application] service: Tripolygon.UModeler.Editor.UI.ApplicationSettings = Tripolygon.UModeler.Editor.UI.ApplicationSettings
[2025-11-12 오후 11:01:47] [Debug] [Application] service: Tripolygon.UModeler.UI.ITextureProvider = Tripolygon.UModeler.Editor.UI.UnityEditorTextureProvider
[2025-11-12 오후 11:01:47] [Debug] [Application] service: Tripolygon.UModeler.Hub.Resources.IResourcesApiProvider = Tripolygon.UModeler.Hub.ResourcesApiProviderService
[2025-11-12 오후 11:01:47] [Debug] [Application] service: Tripolygon.UModeler.Hub.HubFlashService = Tripolygon.UModeler.Hub.HubFlashService
[2025-11-12 오후 11:01:47] [Debug] [Application] service: Tripolygon.UModeler.Hub.IHubAnalyticsService = Tripolygon.UModeler.Hub.HubAnalyticsService
[2025-11-12 오후 11:01:47] [Debug] [Application] service: Tripolygon.UModeler.Hub.VSAttributionService = Tripolygon.UModeler.Hub.VSAttributionService
[2025-11-12 오후 11:01:47] [Debug] [Application] service: Tripolygon.UModeler.Hub.Notifications.UpdateHubNotifier = Tripolygon.UModeler.Hub.Notifications.UpdateHubNotifier
[2025-11-12 오후 11:01:47] [Debug] [Application] service: Tripolygon.UModeler.Hub.Notifications.UpdateProductNotifier = Tripolygon.UModeler.Hub.Notifications.UpdateProductNotifier
[2025-11-12 오후 11:01:47] [Debug] [Application] service: Tripolygon.UModeler.Hub.INoticeService = Tripolygon.UModeler.Hub.Noticies.NoticeService
[2025-11-12 오후 11:01:47] [Debug] [Application] service: Tripolygon.UModeler.Hub.Views.SceneViews.HubSceneViewService = Tripolygon.UModeler.Hub.Views.SceneViews.HubSceneViewService
[2025-11-12 오후 11:01:48] [Debug] [Application] Initialize: isReloading=False
[2025-11-12 오후 11:01:48] [Debug] [Application] Service Initialize: Tripolygon.UModeler.Hub.HubAuthentication
[2025-11-12 오후 11:01:48] [Debug] [Application] Service Initialize: Tripolygon.UModeler.Editor.UI.UnityEditorApplicationCache
[2025-11-12 오후 11:01:48] [Debug] [Application] Service Initialize: Tripolygon.UModeler.Hub.HubService
[2025-11-12 오후 11:01:48] [Debug] [Application] Service Initialize: Tripolygon.UModeler.Editor.UI.UnityEditorApplicationUtilityService
[2025-11-12 오후 11:01:48] [Debug] [Application] Service Initialize: Tripolygon.UModeler.Hub.HubFlashService
[2025-11-12 오후 11:01:48] [Debug] [HubAnalytics] PosthogClient.SetAutoFlush: Value Changed: True
[2025-11-12 오후 11:01:48] [Debug] [Application] Service Initialize: Tripolygon.UModeler.Hub.HubAnalyticsService
[2025-11-12 오후 11:01:48] [Debug] [Application] Service Initialize: Tripolygon.UModeler.Hub.VSAttributionService
[2025-11-12 오후 11:01:48] [Debug] [Application] Service Initialize: Tripolygon.UModeler.Hub.Notifications.UpdateHubNotifier
[2025-11-12 오후 11:01:48] [Debug] [Application] Service Initialize: Tripolygon.UModeler.Hub.Notifications.UpdateProductNotifier
[2025-11-12 오후 11:01:48] [Debug] [Application] Service Initialize: Tripolygon.UModeler.Hub.Noticies.NoticeService
[2025-11-12 오후 11:01:48] [Debug] [Application] Service Initialize: Tripolygon.UModeler.Hub.Views.SceneViews.HubSceneViewService
[2025-11-12 오후 11:02:25] [Debug] [Application] service: Tripolygon.UModeler.Hub.HubAuthentication = Tripolygon.UModeler.Hub.HubAuthentication
[2025-11-12 오후 11:02:25] [Debug] [Application] service: Tripolygon.UModeler.UI.IApplicationCache = Tripolygon.UModeler.Editor.UI.UnityEditorApplicationCache
[2025-11-12 오후 11:02:25] [Debug] ActualHost
[2025-11-12 오후 11:02:25] [Debug] [Application] service: Tripolygon.UModeler.Hub.IHubService = Tripolygon.UModeler.Hub.HubService
[2025-11-12 오후 11:02:25] [Debug] [Application] service: Tripolygon.UModeler.Authentication.IAuthenticationApiProvider = Tripolygon.UModeler.Editor.AuthenticationApiProviderService
[2025-11-12 오후 11:02:25] [Debug] [Application] service: Tripolygon.UModeler.UI.IObjectHierarchyService = Tripolygon.UModeler.Editor.UI.UnityEditorObjectHierarchyService
[2025-11-12 오후 11:02:25] [Debug] [Application] service: Tripolygon.UModeler.UI.IApplicationUtilityService = Tripolygon.UModeler.Editor.UI.UnityEditorApplicationUtilityService
[2025-11-12 오후 11:02:25] [Debug] [Application] service: Tripolygon.UModeler.Editor.UI.ApplicationSettings = Tripolygon.UModeler.Editor.UI.ApplicationSettings
[2025-11-12 오후 11:02:25] [Debug] [Application] service: Tripolygon.UModeler.UI.ITextureProvider = Tripolygon.UModeler.Editor.UI.UnityEditorTextureProvider
[2025-11-12 오후 11:02:25] [Debug] [Application] service: Tripolygon.UModeler.Hub.Resources.IResourcesApiProvider = Tripolygon.UModeler.Hub.ResourcesApiProviderService
[2025-11-12 오후 11:02:25] [Debug] [Application] service: Tripolygon.UModeler.Hub.HubFlashService = Tripolygon.UModeler.Hub.HubFlashService
[2025-11-12 오후 11:02:25] [Debug] [Application] service: Tripolygon.UModeler.Hub.IHubAnalyticsService = Tripolygon.UModeler.Hub.HubAnalyticsService
[2025-11-12 오후 11:02:25] [Debug] [Application] service: Tripolygon.UModeler.Hub.VSAttributionService = Tripolygon.UModeler.Hub.VSAttributionService
[2025-11-12 오후 11:02:25] [Debug] [Application] service: Tripolygon.UModeler.Hub.Notifications.UpdateHubNotifier = Tripolygon.UModeler.Hub.Notifications.UpdateHubNotifier
[2025-11-12 오후 11:02:25] [Debug] [Application] service: Tripolygon.UModeler.Hub.Notifications.UpdateProductNotifier = Tripolygon.UModeler.Hub.Notifications.UpdateProductNotifier
[2025-11-12 오후 11:02:25] [Debug] [Application] service: Tripolygon.UModeler.Hub.INoticeService = Tripolygon.UModeler.Hub.Noticies.NoticeService
[2025-11-12 오후 11:02:25] [Debug] [Application] service: Tripolygon.UModeler.Hub.Views.SceneViews.HubSceneViewService = Tripolygon.UModeler.Hub.Views.SceneViews.HubSceneViewService
[2025-11-12 오후 11:02:26] [Debug] [Application] Initialize: isReloading=False
[2025-11-12 오후 11:02:26] [Debug] [Application] Service Initialize: Tripolygon.UModeler.Hub.HubAuthentication
[2025-11-12 오후 11:02:26] [Debug] [Application] Service Initialize: Tripolygon.UModeler.Editor.UI.UnityEditorApplicationCache
[2025-11-12 오후 11:02:26] [Debug] [Application] Service Initialize: Tripolygon.UModeler.Hub.HubService
[2025-11-12 오후 11:02:26] [Debug] [Application] Service Initialize: Tripolygon.UModeler.Editor.UI.UnityEditorApplicationUtilityService
[2025-11-12 오후 11:02:26] [Debug] [Application] Service Initialize: Tripolygon.UModeler.Hub.HubFlashService
[2025-11-12 오후 11:02:26] [Debug] [HubAnalytics] PosthogClient.SetAutoFlush: Value Changed: True
[2025-11-12 오후 11:02:26] [Debug] [Application] Service Initialize: Tripolygon.UModeler.Hub.HubAnalyticsService
[2025-11-12 오후 11:02:26] [Debug] [Application] Service Initialize: Tripolygon.UModeler.Hub.VSAttributionService
[2025-11-12 오후 11:02:26] [Debug] [Application] Service Initialize: Tripolygon.UModeler.Hub.Notifications.UpdateHubNotifier
[2025-11-12 오후 11:02:26] [Debug] [Application] Service Initialize: Tripolygon.UModeler.Hub.Notifications.UpdateProductNotifier
[2025-11-12 오후 11:02:26] [Debug] [Application] Service Initialize: Tripolygon.UModeler.Hub.Noticies.NoticeService
[2025-11-12 오후 11:02:27] [Debug] [Application] Service Initialize: Tripolygon.UModeler.Hub.Views.SceneViews.HubSceneViewService
[2025-11-13 오전 12:05:17] [Debug] [Application] Release: isReloading=True
[2025-11-13 오전 12:05:17] [Debug] [Application] Service Release: Tripolygon.UModeler.Hub.Views.SceneViews.HubSceneViewService
[2025-11-13 오전 12:05:17] [Debug] [Application] Service Release: Tripolygon.UModeler.Hub.Noticies.NoticeService
[2025-11-13 오전 12:05:17] [Debug] [Application] Service Release: Tripolygon.UModeler.Hub.Notifications.UpdateProductNotifier
[2025-11-13 오전 12:05:17] [Debug] [Application] Service Release: Tripolygon.UModeler.Hub.Notifications.UpdateHubNotifier
[2025-11-13 오전 12:05:17] [Debug] [Application] Service Release: Tripolygon.UModeler.Hub.VSAttributionService
[2025-11-13 오전 12:05:17] [Debug] [HubAnalytics] PosthogClient.SetAutoFlush: Value Changed: False
[2025-11-13 오전 12:05:17] [Debug] [Application] Service Release: Tripolygon.UModeler.Hub.HubAnalyticsService
[2025-11-13 오전 12:05:18] [Debug] [Application] Service Release: Tripolygon.UModeler.Hub.HubFlashService
[2025-11-13 오전 12:05:18] [Debug] [Application] Service Release: Tripolygon.UModeler.Editor.UI.UnityEditorApplicationUtilityService
[2025-11-13 오전 12:05:18] [Debug] [Application] Service Release: Tripolygon.UModeler.Hub.HubService
[2025-11-13 오전 12:05:18] [Debug] [Application] Service Release: Tripolygon.UModeler.Editor.UI.UnityEditorApplicationCache
[2025-11-13 오전 12:05:18] [Debug] [Application] Service Release: Tripolygon.UModeler.Hub.HubAuthentication
[2025-11-13 오전 12:05:26] [Debug] [Application] Release: isReloading=True
[2025-11-13 오전 12:05:26] [Debug] [Application] Release: isReloading=True
[2025-11-13 오전 12:05:26] [Debug] [Application] Service Release: Tripolygon.UModeler.Hub.Views.SceneViews.HubSceneViewService
[2025-11-13 오전 12:05:26] [Debug] [Application] Service Release: Tripolygon.UModeler.Hub.Views.SceneViews.HubSceneViewService
[2025-11-13 오전 12:05:26] [Debug] [Application] Service Release: Tripolygon.UModeler.Hub.Noticies.NoticeService
[2025-11-13 오전 12:05:26] [Debug] [Application] Service Release: Tripolygon.UModeler.Hub.Noticies.NoticeService
[2025-11-13 오전 12:05:26] [Debug] [Application] Service Release: Tripolygon.UModeler.Hub.Notifications.UpdateProductNotifier
[2025-11-13 오전 12:05:26] [Debug] [Application] Service Release: Tripolygon.UModeler.Hub.Notifications.UpdateProductNotifier
[2025-11-13 오전 12:05:26] [Debug] [Application] Service Release: Tripolygon.UModeler.Hub.Notifications.UpdateHubNotifier
[2025-11-13 오전 12:05:26] [Debug] [Application] Service Release: Tripolygon.UModeler.Hub.Notifications.UpdateHubNotifier
[2025-11-13 오전 12:05:26] [Debug] [Application] Service Release: Tripolygon.UModeler.Hub.VSAttributionService
[2025-11-13 오전 12:05:26] [Debug] [Application] Service Release: Tripolygon.UModeler.Hub.VSAttributionService
