[2025-11-04 오전 12:18:27] [Debug] [Application] service: Tripolygon.UModeler.Hub.HubAuthentication = Tripolygon.UModeler.Hub.HubAuthentication
[2025-11-04 오전 12:18:27] [Debug] [Application] service: Tripolygon.UModeler.UI.IApplicationCache = Tripolygon.UModeler.Editor.UI.UnityEditorApplicationCache
[2025-11-04 오전 12:18:27] [Debug] ActualHost
[2025-11-04 오전 12:18:27] [Debug] [Application] service: Tripolygon.UModeler.Hub.IHubService = Tripolygon.UModeler.Hub.HubService
[2025-11-04 오전 12:18:27] [Debug] [Application] service: Tripolygon.UModeler.Authentication.IAuthenticationApiProvider = Tripolygon.UModeler.Editor.AuthenticationApiProviderService
[2025-11-04 오전 12:18:27] [Debug] [Application] service: Tripolygon.UModeler.UI.IObjectHierarchyService = Tripolygon.UModeler.Editor.UI.UnityEditorObjectHierarchyService
[2025-11-04 오전 12:18:27] [Debug] [Application] service: Tripolygon.UModeler.UI.IApplicationUtilityService = Tripolygon.UModeler.Editor.UI.UnityEditorApplicationUtilityService
[2025-11-04 오전 12:18:27] [Debug] [Application] service: Tripolygon.UModeler.Editor.UI.ApplicationSettings = Tripolygon.UModeler.Editor.UI.ApplicationSettings
[2025-11-04 오전 12:18:27] [Debug] [Application] service: Tripolygon.UModeler.UI.ITextureProvider = Tripolygon.UModeler.Editor.UI.UnityEditorTextureProvider
[2025-11-04 오전 12:18:27] [Debug] [Application] service: Tripolygon.UModeler.Hub.Resources.IResourcesApiProvider = Tripolygon.UModeler.Hub.ResourcesApiProviderService
[2025-11-04 오전 12:18:27] [Debug] [Application] service: Tripolygon.UModeler.Hub.HubFlashService = Tripolygon.UModeler.Hub.HubFlashService
[2025-11-04 오전 12:18:27] [Debug] [Application] service: Tripolygon.UModeler.Hub.IHubAnalyticsService = Tripolygon.UModeler.Hub.HubAnalyticsService
[2025-11-04 오전 12:18:27] [Debug] [Application] service: Tripolygon.UModeler.Hub.VSAttributionService = Tripolygon.UModeler.Hub.VSAttributionService
[2025-11-04 오전 12:18:27] [Debug] [Application] service: Tripolygon.UModeler.Hub.Notifications.UpdateHubNotifier = Tripolygon.UModeler.Hub.Notifications.UpdateHubNotifier
[2025-11-04 오전 12:18:27] [Debug] [Application] service: Tripolygon.UModeler.Hub.Notifications.UpdateProductNotifier = Tripolygon.UModeler.Hub.Notifications.UpdateProductNotifier
[2025-11-04 오전 12:18:27] [Debug] [Application] service: Tripolygon.UModeler.Hub.INoticeService = Tripolygon.UModeler.Hub.Noticies.NoticeService
[2025-11-04 오전 12:18:27] [Debug] [Application] service: Tripolygon.UModeler.Hub.Views.SceneViews.HubSceneViewService = Tripolygon.UModeler.Hub.Views.SceneViews.HubSceneViewService
[2025-11-04 오전 12:18:28] [Debug] [Application] Initialize: isReloading=False
[2025-11-04 오전 12:18:28] [Debug] [Application] Service Initialize: Tripolygon.UModeler.Hub.HubAuthentication
[2025-11-04 오전 12:18:28] [Debug] [Application] Service Initialize: Tripolygon.UModeler.Editor.UI.UnityEditorApplicationCache
[2025-11-04 오전 12:18:28] [Debug] [Application] Service Initialize: Tripolygon.UModeler.Hub.HubService
[2025-11-04 오전 12:18:28] [Debug] [Application] Service Initialize: Tripolygon.UModeler.Editor.UI.UnityEditorApplicationUtilityService
[2025-11-04 오전 12:18:28] [Debug] [Application] Service Initialize: Tripolygon.UModeler.Hub.HubFlashService
[2025-11-04 오전 12:18:28] [Debug] [HubAnalytics] PosthogClient.SetAutoFlush: Value Changed: True
[2025-11-04 오전 12:18:28] [Debug] [Application] Service Initialize: Tripolygon.UModeler.Hub.HubAnalyticsService
[2025-11-04 오전 12:18:28] [Debug] [Application] Service Initialize: Tripolygon.UModeler.Hub.VSAttributionService
[2025-11-04 오전 12:18:28] [Debug] [Application] Service Initialize: Tripolygon.UModeler.Hub.Notifications.UpdateHubNotifier
[2025-11-04 오전 12:18:28] [Debug] [Application] Service Initialize: Tripolygon.UModeler.Hub.Notifications.UpdateProductNotifier
[2025-11-04 오전 12:18:28] [Debug] [Application] Service Initialize: Tripolygon.UModeler.Hub.Noticies.NoticeService
[2025-11-04 오전 12:18:28] [Debug] [Application] Service Initialize: Tripolygon.UModeler.Hub.Views.SceneViews.HubSceneViewService
[2025-11-04 오전 12:21:26] [Debug] [HubAnalytics] OnAppStart
[2025-11-04 오전 12:21:29] [Debug] [HubAnalytics] PosthogClient.BatchAsync: Sending Queue Items={"api_key":"phc_DQ6tsN03HRXTr9hNBfi3DierOY5Y0SisUxgxjuAmZG5","batch":[{"event":"app start","properties":{"$set":{"sdk_region_id":"ko-KR","sdk_region_name":"South Korea","sdk_language":"Korean","sdk_os_architecture":"X64","sdk_time_zone":"Korea Standard Time","product_version":"1.1.6","platform_account_id":"anonymous","platform_account_name":"MypNeqjXBQHTFKb7UpeKLyJg8oqSZsAQ40j9viprNChMLhLnpJYobJs3mBZ3Tz+brJOXNWH5jJxO17GtwlpIUY8ZphuxhZLBCk1Pxuz/wt6HPzoxIGNKT0SUtLwHAA9gW5MIK7r5rSuB4Dtbirpmu6fqtWXrxkPIjJQmrYtvLc6dpghUIgM9x/ubXIrfoonVlqnHS3rq499+Gfww3MnoTkkSrL+1mM/zOKsX+gI8fPk9x/DYoeVy92imtPrl6duRgJyLtp2ha6nu8zBCKD20ScCFD8kWaTH8Kas5SXiKYe3tyVpuULs+bc28vld+7zMj2pE1dyvEz9Pf3ouJR1bvjQ=="},"$os":"WINDOWS","$os_name":"WINDOWS","$session_id":"70d37fd9-eaa1-4dbb-9b58-d99c76d45c42_fc0b6ea1-17d1-4479-a678-a6983cc83f6e","distinct_id":"b436f785064ea140538673dd9b84f3f59c821871","product_name":"UModeler Hub","product_version":"1.1.6","platform_name":"Unity","platform_version":"6000.0.29f1","screen_width":1920,"screen_height":1080,"viewport_width":640,"viewport_height":480,"unity_systeminfo_language":"Korean","unity_systeminfo_os":"Windows 10  (10.0.19045) 64bit","unity_systeminfo_graphicsDeviceType":"Direct3D11","unity_systeminfo_graphicsDeviceVendor":"NVIDIA","unity_systeminfo_graphicsDeviceName":"NVIDIA GeForce RTX 2060","unity_systeminfo_deviceType":"Desktop","unity_systeminfo_processorType":"Intel(R) Core(TM) i7-9700F CPU @ 3.00GHz"},"timestamp":"2025-11-03T15:21:26.9265999Z"}]}
[2025-11-04 오전 12:21:29] [Debug] [HubAnalytics] PosthogClient.BatchAsync: Sent 1 queue item(s).
[2025-11-04 오전 12:21:39] [Debug] [Application] Release: isReloading=True
[2025-11-04 오전 12:21:39] [Debug] [Application] Service Release: Tripolygon.UModeler.Hub.Views.SceneViews.HubSceneViewService
[2025-11-04 오전 12:21:39] [Debug] [Application] Service Release: Tripolygon.UModeler.Hub.Noticies.NoticeService
[2025-11-04 오전 12:21:39] [Debug] [Application] Service Release: Tripolygon.UModeler.Hub.Notifications.UpdateProductNotifier
[2025-11-04 오전 12:21:39] [Debug] [Application] Service Release: Tripolygon.UModeler.Hub.Notifications.UpdateHubNotifier
[2025-11-04 오전 12:21:39] [Debug] [Application] Service Release: Tripolygon.UModeler.Hub.VSAttributionService
[2025-11-04 오전 12:21:39] [Debug] [HubAnalytics] PosthogClient.SetAutoFlush: Value Changed: False
[2025-11-04 오전 12:21:39] [Debug] [Application] Service Release: Tripolygon.UModeler.Hub.HubAnalyticsService
[2025-11-04 오전 12:21:39] [Debug] [Application] Service Release: Tripolygon.UModeler.Hub.HubFlashService
[2025-11-04 오전 12:21:39] [Debug] [Application] Service Release: Tripolygon.UModeler.Editor.UI.UnityEditorApplicationUtilityService
[2025-11-04 오전 12:21:39] [Debug] [Application] Service Release: Tripolygon.UModeler.Hub.HubService
[2025-11-04 오전 12:21:39] [Debug] [Application] Service Release: Tripolygon.UModeler.Editor.UI.UnityEditorApplicationCache
[2025-11-04 오전 12:21:39] [Debug] [Application] Service Release: Tripolygon.UModeler.Hub.HubAuthentication
[2025-11-04 오전 12:21:43] [Debug] [Application] service: Tripolygon.UModeler.Hub.HubAuthentication = Tripolygon.UModeler.Hub.HubAuthentication
[2025-11-04 오전 12:21:43] [Debug] [Application] service: Tripolygon.UModeler.UI.IApplicationCache = Tripolygon.UModeler.Editor.UI.UnityEditorApplicationCache
[2025-11-04 오전 12:21:43] [Debug] ActualHost
[2025-11-04 오전 12:21:43] [Debug] [Application] service: Tripolygon.UModeler.Hub.IHubService = Tripolygon.UModeler.Hub.HubService
[2025-11-04 오전 12:21:43] [Debug] [Application] service: Tripolygon.UModeler.Authentication.IAuthenticationApiProvider = Tripolygon.UModeler.Editor.AuthenticationApiProviderService
[2025-11-04 오전 12:21:43] [Debug] [Application] service: Tripolygon.UModeler.UI.IObjectHierarchyService = Tripolygon.UModeler.Editor.UI.UnityEditorObjectHierarchyService
[2025-11-04 오전 12:21:43] [Debug] [Application] service: Tripolygon.UModeler.UI.IApplicationUtilityService = Tripolygon.UModeler.Editor.UI.UnityEditorApplicationUtilityService
[2025-11-04 오전 12:21:43] [Debug] [Application] service: Tripolygon.UModeler.Editor.UI.ApplicationSettings = Tripolygon.UModeler.Editor.UI.ApplicationSettings
[2025-11-04 오전 12:21:43] [Debug] [Application] service: Tripolygon.UModeler.UI.ITextureProvider = Tripolygon.UModeler.Editor.UI.UnityEditorTextureProvider
[2025-11-04 오전 12:21:43] [Debug] [Application] service: Tripolygon.UModeler.Hub.Resources.IResourcesApiProvider = Tripolygon.UModeler.Hub.ResourcesApiProviderService
[2025-11-04 오전 12:21:43] [Debug] [Application] service: Tripolygon.UModeler.Hub.HubFlashService = Tripolygon.UModeler.Hub.HubFlashService
[2025-11-04 오전 12:21:43] [Debug] [Application] service: Tripolygon.UModeler.Hub.IHubAnalyticsService = Tripolygon.UModeler.Hub.HubAnalyticsService
[2025-11-04 오전 12:21:43] [Debug] [Application] service: Tripolygon.UModeler.Hub.VSAttributionService = Tripolygon.UModeler.Hub.VSAttributionService
[2025-11-04 오전 12:21:43] [Debug] [Application] service: Tripolygon.UModeler.Hub.Notifications.UpdateHubNotifier = Tripolygon.UModeler.Hub.Notifications.UpdateHubNotifier
[2025-11-04 오전 12:21:43] [Debug] [Application] service: Tripolygon.UModeler.Hub.Notifications.UpdateProductNotifier = Tripolygon.UModeler.Hub.Notifications.UpdateProductNotifier
[2025-11-04 오전 12:21:43] [Debug] [Application] service: Tripolygon.UModeler.Hub.INoticeService = Tripolygon.UModeler.Hub.Noticies.NoticeService
[2025-11-04 오전 12:21:43] [Debug] [Application] service: Tripolygon.UModeler.Hub.Views.SceneViews.HubSceneViewService = Tripolygon.UModeler.Hub.Views.SceneViews.HubSceneViewService
[2025-11-04 오전 12:21:45] [Debug] [Application] Initialize: isReloading=True
[2025-11-04 오전 12:21:45] [Debug] [Application] Service Initialize: Tripolygon.UModeler.Hub.HubAuthentication
[2025-11-04 오전 12:21:45] [Debug] [Application] Service Initialize: Tripolygon.UModeler.Editor.UI.UnityEditorApplicationCache
[2025-11-04 오전 12:21:45] [Debug] [Application] Service Initialize: Tripolygon.UModeler.Hub.HubService
[2025-11-04 오전 12:21:45] [Debug] [Application] Service Initialize: Tripolygon.UModeler.Editor.UI.UnityEditorApplicationUtilityService
[2025-11-04 오전 12:21:45] [Debug] [Application] Service Initialize: Tripolygon.UModeler.Hub.HubFlashService
[2025-11-04 오전 12:21:45] [Debug] [HubAnalytics] PosthogClient.SetAutoFlush: Value Changed: True
[2025-11-04 오전 12:21:45] [Debug] [Application] Service Initialize: Tripolygon.UModeler.Hub.HubAnalyticsService
[2025-11-04 오전 12:21:45] [Debug] [Application] Service Initialize: Tripolygon.UModeler.Hub.VSAttributionService
[2025-11-04 오전 12:21:45] [Debug] [Application] Service Initialize: Tripolygon.UModeler.Hub.Notifications.UpdateHubNotifier
[2025-11-04 오전 12:21:45] [Debug] [Application] Service Initialize: Tripolygon.UModeler.Hub.Notifications.UpdateProductNotifier
[2025-11-04 오전 12:21:45] [Debug] [Application] Service Initialize: Tripolygon.UModeler.Hub.Noticies.NoticeService
[2025-11-04 오전 12:21:45] [Debug] [Application] Service Initialize: Tripolygon.UModeler.Hub.Views.SceneViews.HubSceneViewService
[2025-11-04 오전 12:21:50] [Debug] [Application] Release: isReloading=False
[2025-11-04 오전 12:21:50] [Debug] [Application] Service Release: Tripolygon.UModeler.Hub.Views.SceneViews.HubSceneViewService
[2025-11-04 오전 12:21:50] [Debug] [Application] Service Release: Tripolygon.UModeler.Hub.Noticies.NoticeService
[2025-11-04 오전 12:21:50] [Debug] [Application] Service Release: Tripolygon.UModeler.Hub.Notifications.UpdateProductNotifier
[2025-11-04 오전 12:21:50] [Debug] [Application] Service Release: Tripolygon.UModeler.Hub.Notifications.UpdateHubNotifier
[2025-11-04 오전 12:21:50] [Debug] [Application] Service Release: Tripolygon.UModeler.Hub.VSAttributionService
[2025-11-04 오전 12:21:50] [Debug] [HubAnalytics] OnAppEnd
[2025-11-04 오전 12:21:50] [Debug] [HubAnalytics] PosthogClient.SetAutoFlush: Value Changed: False
[2025-11-04 오전 12:21:50] [Debug] [HubAnalytics] PosthogClient.BatchAsync: Sending Queue Items={"api_key":"phc_DQ6tsN03HRXTr9hNBfi3DierOY5Y0SisUxgxjuAmZG5","batch":[{"event":"app end","properties":{"$set":{"sdk_region_id":"ko-KR","sdk_region_name":"South Korea","sdk_language":"Korean","sdk_os_architecture":"X64","sdk_time_zone":"Korea Standard Time","product_version":"1.1.6"},"$os":"WINDOWS","$os_name":"WINDOWS","$session_id":"e5b576d4-7fee-425e-8efa-7efcb502ac3a_d87e6edc-cb10-4b61-8d79-f8e9f0ba335d","distinct_id":"b436f785064ea140538673dd9b84f3f59c821871","product_name":"UModeler Hub","product_version":"1.1.6","platform_name":"Unity","platform_version":"6000.0.29f1","screen_width":1920,"screen_height":1080,"viewport_width":1195,"viewport_height":544,"unity_systeminfo_language":"Korean","unity_systeminfo_os":"Windows 10  (10.0.19045) 64bit","unity_systeminfo_graphicsDeviceType":"Direct3D11","unity_systeminfo_graphicsDeviceVendor":"NVIDIA","unity_systeminfo_graphicsDeviceName":"NVIDIA GeForce RTX 2060","unity_systeminfo_deviceType":"Desktop","unity_systeminfo_processorType":"Intel(R) Core(TM) i7-9700F CPU @ 3.00GHz"},"timestamp":"2025-11-03T15:21:50.8405104Z"}]}
[2025-11-04 오전 12:21:51] [Debug] [HubAnalytics] PosthogClient.BatchAsync: Sent 1 queue item(s).
[2025-11-04 오전 12:21:51] [Debug] [Application] Service Release: Tripolygon.UModeler.Hub.HubAnalyticsService
[2025-11-04 오전 12:21:51] [Debug] [Application] Service Release: Tripolygon.UModeler.Hub.HubFlashService
[2025-11-04 오전 12:21:51] [Debug] [Application] Service Release: Tripolygon.UModeler.Editor.UI.UnityEditorApplicationUtilityService
[2025-11-04 오전 12:21:51] [Debug] [Application] Service Release: Tripolygon.UModeler.Hub.HubService
[2025-11-04 오전 12:21:51] [Debug] [Application] Service Release: Tripolygon.UModeler.Editor.UI.UnityEditorApplicationCache
[2025-11-04 오전 12:21:51] [Debug] [Application] Service Release: Tripolygon.UModeler.Hub.HubAuthentication
[2025-11-04 오전 12:22:08] [Debug] [Application] service: Tripolygon.UModeler.Hub.HubAuthentication = Tripolygon.UModeler.Hub.HubAuthentication
[2025-11-04 오전 12:22:08] [Debug] [Application] service: Tripolygon.UModeler.UI.IApplicationCache = Tripolygon.UModeler.Editor.UI.UnityEditorApplicationCache
[2025-11-04 오전 12:22:08] [Debug] ActualHost
[2025-11-04 오전 12:22:08] [Debug] [Application] service: Tripolygon.UModeler.Hub.IHubService = Tripolygon.UModeler.Hub.HubService
[2025-11-04 오전 12:22:08] [Debug] [Application] service: Tripolygon.UModeler.Authentication.IAuthenticationApiProvider = Tripolygon.UModeler.Editor.AuthenticationApiProviderService
[2025-11-04 오전 12:22:08] [Debug] [Application] service: Tripolygon.UModeler.UI.IObjectHierarchyService = Tripolygon.UModeler.Editor.UI.UnityEditorObjectHierarchyService
[2025-11-04 오전 12:22:08] [Debug] [Application] service: Tripolygon.UModeler.UI.IApplicationUtilityService = Tripolygon.UModeler.Editor.UI.UnityEditorApplicationUtilityService
[2025-11-04 오전 12:22:08] [Debug] [Application] service: Tripolygon.UModeler.Editor.UI.ApplicationSettings = Tripolygon.UModeler.Editor.UI.ApplicationSettings
[2025-11-04 오전 12:22:08] [Debug] [Application] service: Tripolygon.UModeler.UI.ITextureProvider = Tripolygon.UModeler.Editor.UI.UnityEditorTextureProvider
[2025-11-04 오전 12:22:08] [Debug] [Application] service: Tripolygon.UModeler.Hub.Resources.IResourcesApiProvider = Tripolygon.UModeler.Hub.ResourcesApiProviderService
[2025-11-04 오전 12:22:08] [Debug] [Application] service: Tripolygon.UModeler.Hub.HubFlashService = Tripolygon.UModeler.Hub.HubFlashService
[2025-11-04 오전 12:22:08] [Debug] [Application] service: Tripolygon.UModeler.Hub.IHubAnalyticsService = Tripolygon.UModeler.Hub.HubAnalyticsService
[2025-11-04 오전 12:22:08] [Debug] [Application] service: Tripolygon.UModeler.Hub.VSAttributionService = Tripolygon.UModeler.Hub.VSAttributionService
[2025-11-04 오전 12:22:08] [Debug] [Application] service: Tripolygon.UModeler.Hub.Notifications.UpdateHubNotifier = Tripolygon.UModeler.Hub.Notifications.UpdateHubNotifier
[2025-11-04 오전 12:22:08] [Debug] [Application] service: Tripolygon.UModeler.Hub.Notifications.UpdateProductNotifier = Tripolygon.UModeler.Hub.Notifications.UpdateProductNotifier
[2025-11-04 오전 12:22:08] [Debug] [Application] service: Tripolygon.UModeler.Hub.INoticeService = Tripolygon.UModeler.Hub.Noticies.NoticeService
[2025-11-04 오전 12:22:08] [Debug] [Application] service: Tripolygon.UModeler.Hub.Views.SceneViews.HubSceneViewService = Tripolygon.UModeler.Hub.Views.SceneViews.HubSceneViewService
[2025-11-04 오전 12:22:09] [Debug] [Application] Initialize: isReloading=False
[2025-11-04 오전 12:22:09] [Debug] [Application] Service Initialize: Tripolygon.UModeler.Hub.HubAuthentication
[2025-11-04 오전 12:22:09] [Debug] [Application] Service Initialize: Tripolygon.UModeler.Editor.UI.UnityEditorApplicationCache
[2025-11-04 오전 12:22:09] [Debug] [Application] Service Initialize: Tripolygon.UModeler.Hub.HubService
[2025-11-04 오전 12:22:09] [Debug] [Application] Service Initialize: Tripolygon.UModeler.Editor.UI.UnityEditorApplicationUtilityService
[2025-11-04 오전 12:22:09] [Debug] [Application] Service Initialize: Tripolygon.UModeler.Hub.HubFlashService
[2025-11-04 오전 12:22:09] [Debug] [HubAnalytics] PosthogClient.SetAutoFlush: Value Changed: True
[2025-11-04 오전 12:22:09] [Debug] [Application] Service Initialize: Tripolygon.UModeler.Hub.HubAnalyticsService
[2025-11-04 오전 12:22:09] [Debug] [Application] Service Initialize: Tripolygon.UModeler.Hub.VSAttributionService
[2025-11-04 오전 12:22:09] [Debug] [Application] Service Initialize: Tripolygon.UModeler.Hub.Notifications.UpdateHubNotifier
[2025-11-04 오전 12:22:09] [Debug] [Application] Service Initialize: Tripolygon.UModeler.Hub.Notifications.UpdateProductNotifier
[2025-11-04 오전 12:22:09] [Debug] [Application] Service Initialize: Tripolygon.UModeler.Hub.Noticies.NoticeService
[2025-11-04 오전 12:22:09] [Debug] [Application] Service Initialize: Tripolygon.UModeler.Hub.Views.SceneViews.HubSceneViewService
[2025-11-04 오전 12:22:11] [Debug] [HubAnalytics] OnAppStart
[2025-11-04 오전 12:22:16] [Debug] [Application] Release: isReloading=True
[2025-11-04 오전 12:22:16] [Debug] [Application] Service Release: Tripolygon.UModeler.Hub.Views.SceneViews.HubSceneViewService
[2025-11-04 오전 12:22:16] [Debug] [Application] Service Release: Tripolygon.UModeler.Hub.Noticies.NoticeService
[2025-11-04 오전 12:22:16] [Debug] [Application] Service Release: Tripolygon.UModeler.Hub.Notifications.UpdateProductNotifier
[2025-11-04 오전 12:22:16] [Debug] [Application] Service Release: Tripolygon.UModeler.Hub.Notifications.UpdateHubNotifier
[2025-11-04 오전 12:22:16] [Debug] [Application] Service Release: Tripolygon.UModeler.Hub.VSAttributionService
[2025-11-04 오전 12:22:16] [Debug] [HubAnalytics] PosthogClient.SetAutoFlush: Value Changed: False
[2025-11-04 오전 12:22:16] [Debug] [HubAnalytics] PosthogClient.BatchAsync: Sending Queue Items={"api_key":"phc_DQ6tsN03HRXTr9hNBfi3DierOY5Y0SisUxgxjuAmZG5","batch":[{"event":"app start","properties":{"$set":{"sdk_region_id":"ko-KR","sdk_region_name":"South Korea","sdk_language":"Korean","sdk_os_architecture":"X64","sdk_time_zone":"Korea Standard Time","product_version":"1.1.6","platform_account_id":"anonymous","platform_account_name":"aBW/WsyIplGGaHfIOf4TJJ6FpLWQ0L57tqfzWpeFc5YgXtnheUcw0fIryCI8h/Dqxh+tMjaWLl2lw6vHIuqxZXPAUdSIKng71MTf/JxLLTFXl99TyQsOkqfCuNF62c/v4VcDPjXJpcnlfA+x1ntdggFPhE4Ck7nebMnLPlkj4pbek3R1anFpcBniFI/nhjGFKIPGSLoWfcgA3uRzsqi0IIN9EqmBHxq/GEE7Enc2iK6aMTWwZZrsmwK6HaFj9L1Ez2fH7SOPMAGv7fs73wv4kJfoPVghETvxOMcfQ/KLU2jTdYDh3yZyqcfKco6fTPIdHqCAPpVf2IlvBRVIzDLC3A=="},"$os":"WINDOWS","$os_name":"WINDOWS","$session_id":"79a241eb-ae8a-4121-aeee-cdd1e20daa10_87740ec3-c826-4a3d-8bb6-a45bcab94bbc","distinct_id":"b436f785064ea140538673dd9b84f3f59c821871","product_name":"UModeler Hub","product_version":"1.1.6","platform_name":"Unity","platform_version":"6000.0.29f1","screen_width":1920,"screen_height":1080,"viewport_width":640,"viewport_height":480,"unity_systeminfo_language":"Korean","unity_systeminfo_os":"Windows 10  (10.0.19045) 64bit","unity_systeminfo_graphicsDeviceType":"Direct3D11","unity_systeminfo_graphicsDeviceVendor":"NVIDIA","unity_systeminfo_graphicsDeviceName":"NVIDIA GeForce RTX 2060","unity_systeminfo_deviceType":"Desktop","unity_systeminfo_processorType":"Intel(R) Core(TM) i7-9700F CPU @ 3.00GHz"},"timestamp":"2025-11-03T15:22:11.7769848Z"}]}
[2025-11-04 오전 12:22:17] [Debug] [HubAnalytics] PosthogClient.BatchAsync: Sent 1 queue item(s).
[2025-11-04 오전 12:22:17] [Debug] [Application] Service Release: Tripolygon.UModeler.Hub.HubAnalyticsService
[2025-11-04 오전 12:22:17] [Debug] [Application] Service Release: Tripolygon.UModeler.Hub.HubFlashService
[2025-11-04 오전 12:22:17] [Debug] [Application] Service Release: Tripolygon.UModeler.Editor.UI.UnityEditorApplicationUtilityService
[2025-11-04 오전 12:22:17] [Debug] [Application] Service Release: Tripolygon.UModeler.Hub.HubService
[2025-11-04 오전 12:22:17] [Debug] [Application] Service Release: Tripolygon.UModeler.Editor.UI.UnityEditorApplicationCache
[2025-11-04 오전 12:22:17] [Debug] [Application] Service Release: Tripolygon.UModeler.Hub.HubAuthentication
[2025-11-04 오전 12:22:21] [Debug] [Application] service: Tripolygon.UModeler.Hub.HubAuthentication = Tripolygon.UModeler.Hub.HubAuthentication
[2025-11-04 오전 12:22:21] [Debug] [Application] service: Tripolygon.UModeler.UI.IApplicationCache = Tripolygon.UModeler.Editor.UI.UnityEditorApplicationCache
[2025-11-04 오전 12:22:21] [Debug] ActualHost
[2025-11-04 오전 12:22:21] [Debug] [Application] service: Tripolygon.UModeler.Hub.IHubService = Tripolygon.UModeler.Hub.HubService
[2025-11-04 오전 12:22:21] [Debug] [Application] service: Tripolygon.UModeler.Authentication.IAuthenticationApiProvider = Tripolygon.UModeler.Editor.AuthenticationApiProviderService
[2025-11-04 오전 12:22:21] [Debug] [Application] service: Tripolygon.UModeler.UI.IObjectHierarchyService = Tripolygon.UModeler.Editor.UI.UnityEditorObjectHierarchyService
[2025-11-04 오전 12:22:21] [Debug] [Application] service: Tripolygon.UModeler.UI.IApplicationUtilityService = Tripolygon.UModeler.Editor.UI.UnityEditorApplicationUtilityService
[2025-11-04 오전 12:22:21] [Debug] [Application] service: Tripolygon.UModeler.Editor.UI.ApplicationSettings = Tripolygon.UModeler.Editor.UI.ApplicationSettings
[2025-11-04 오전 12:22:21] [Debug] [Application] service: Tripolygon.UModeler.UI.ITextureProvider = Tripolygon.UModeler.Editor.UI.UnityEditorTextureProvider
[2025-11-04 오전 12:22:21] [Debug] [Application] service: Tripolygon.UModeler.Hub.Resources.IResourcesApiProvider = Tripolygon.UModeler.Hub.ResourcesApiProviderService
[2025-11-04 오전 12:22:21] [Debug] [Application] service: Tripolygon.UModeler.Hub.HubFlashService = Tripolygon.UModeler.Hub.HubFlashService
[2025-11-04 오전 12:22:21] [Debug] [Application] service: Tripolygon.UModeler.Hub.IHubAnalyticsService = Tripolygon.UModeler.Hub.HubAnalyticsService
[2025-11-04 오전 12:22:21] [Debug] [Application] service: Tripolygon.UModeler.Hub.VSAttributionService = Tripolygon.UModeler.Hub.VSAttributionService
[2025-11-04 오전 12:22:21] [Debug] [Application] service: Tripolygon.UModeler.Hub.Notifications.UpdateHubNotifier = Tripolygon.UModeler.Hub.Notifications.UpdateHubNotifier
[2025-11-04 오전 12:22:21] [Debug] [Application] service: Tripolygon.UModeler.Hub.Notifications.UpdateProductNotifier = Tripolygon.UModeler.Hub.Notifications.UpdateProductNotifier
[2025-11-04 오전 12:22:21] [Debug] [Application] service: Tripolygon.UModeler.Hub.INoticeService = Tripolygon.UModeler.Hub.Noticies.NoticeService
[2025-11-04 오전 12:22:21] [Debug] [Application] service: Tripolygon.UModeler.Hub.Views.SceneViews.HubSceneViewService = Tripolygon.UModeler.Hub.Views.SceneViews.HubSceneViewService
[2025-11-04 오전 12:22:23] [Debug] [Application] Initialize: isReloading=True
[2025-11-04 오전 12:22:23] [Debug] [Application] Service Initialize: Tripolygon.UModeler.Hub.HubAuthentication
[2025-11-04 오전 12:22:23] [Debug] [Application] Service Initialize: Tripolygon.UModeler.Editor.UI.UnityEditorApplicationCache
[2025-11-04 오전 12:22:23] [Debug] [Application] Service Initialize: Tripolygon.UModeler.Hub.HubService
[2025-11-04 오전 12:22:23] [Debug] [Application] Service Initialize: Tripolygon.UModeler.Editor.UI.UnityEditorApplicationUtilityService
[2025-11-04 오전 12:22:23] [Debug] [Application] Service Initialize: Tripolygon.UModeler.Hub.HubFlashService
[2025-11-04 오전 12:22:23] [Debug] [HubAnalytics] PosthogClient.SetAutoFlush: Value Changed: True
[2025-11-04 오전 12:22:23] [Debug] [Application] Service Initialize: Tripolygon.UModeler.Hub.HubAnalyticsService
[2025-11-04 오전 12:22:23] [Debug] [Application] Service Initialize: Tripolygon.UModeler.Hub.VSAttributionService
[2025-11-04 오전 12:22:23] [Debug] [Application] Service Initialize: Tripolygon.UModeler.Hub.Notifications.UpdateHubNotifier
[2025-11-04 오전 12:22:23] [Debug] [Application] Service Initialize: Tripolygon.UModeler.Hub.Notifications.UpdateProductNotifier
[2025-11-04 오전 12:22:23] [Debug] [Application] Service Initialize: Tripolygon.UModeler.Hub.Noticies.NoticeService
[2025-11-04 오전 12:22:23] [Debug] [Application] Service Initialize: Tripolygon.UModeler.Hub.Views.SceneViews.HubSceneViewService
[2025-11-04 오전 12:22:44] [Debug] [Application] Release: isReloading=True
[2025-11-04 오전 12:22:44] [Debug] [Application] Service Release: Tripolygon.UModeler.Hub.Views.SceneViews.HubSceneViewService
[2025-11-04 오전 12:22:44] [Debug] [Application] Service Release: Tripolygon.UModeler.Hub.Noticies.NoticeService
[2025-11-04 오전 12:22:44] [Debug] [Application] Service Release: Tripolygon.UModeler.Hub.Notifications.UpdateProductNotifier
[2025-11-04 오전 12:22:44] [Debug] [Application] Service Release: Tripolygon.UModeler.Hub.Notifications.UpdateHubNotifier
[2025-11-04 오전 12:22:44] [Debug] [Application] Service Release: Tripolygon.UModeler.Hub.VSAttributionService
[2025-11-04 오전 12:22:44] [Debug] [HubAnalytics] PosthogClient.SetAutoFlush: Value Changed: False
[2025-11-04 오전 12:22:44] [Debug] [Application] Service Release: Tripolygon.UModeler.Hub.HubAnalyticsService
[2025-11-04 오전 12:22:44] [Debug] [Application] Service Release: Tripolygon.UModeler.Hub.HubFlashService
[2025-11-04 오전 12:22:44] [Debug] [Application] Service Release: Tripolygon.UModeler.Editor.UI.UnityEditorApplicationUtilityService
[2025-11-04 오전 12:22:44] [Debug] [Application] Service Release: Tripolygon.UModeler.Hub.HubService
[2025-11-04 오전 12:22:44] [Debug] [Application] Service Release: Tripolygon.UModeler.Editor.UI.UnityEditorApplicationCache
[2025-11-04 오전 12:22:44] [Debug] [Application] Service Release: Tripolygon.UModeler.Hub.HubAuthentication
[2025-11-04 오전 12:22:43] [Debug] [Application] service: Tripolygon.UModeler.Hub.HubAuthentication = Tripolygon.UModeler.Hub.HubAuthentication
[2025-11-04 오전 12:22:43] [Debug] [Application] service: Tripolygon.UModeler.UI.IApplicationCache = Tripolygon.UModeler.Editor.UI.UnityEditorApplicationCache
[2025-11-04 오전 12:22:43] [Debug] ActualHost
[2025-11-04 오전 12:22:43] [Debug] [Application] service: Tripolygon.UModeler.Hub.IHubService = Tripolygon.UModeler.Hub.HubService
[2025-11-04 오전 12:22:43] [Debug] [Application] service: Tripolygon.UModeler.Authentication.IAuthenticationApiProvider = Tripolygon.UModeler.Editor.AuthenticationApiProviderService
[2025-11-04 오전 12:22:43] [Debug] [Application] service: Tripolygon.UModeler.UI.IObjectHierarchyService = Tripolygon.UModeler.Editor.UI.UnityEditorObjectHierarchyService
[2025-11-04 오전 12:22:43] [Debug] [Application] service: Tripolygon.UModeler.UI.IApplicationUtilityService = Tripolygon.UModeler.Editor.UI.UnityEditorApplicationUtilityService
[2025-11-04 오전 12:22:43] [Debug] [Application] service: Tripolygon.UModeler.Editor.UI.ApplicationSettings = Tripolygon.UModeler.Editor.UI.ApplicationSettings
[2025-11-04 오전 12:22:43] [Debug] [Application] service: Tripolygon.UModeler.UI.ITextureProvider = Tripolygon.UModeler.Editor.UI.UnityEditorTextureProvider
[2025-11-04 오전 12:22:43] [Debug] [Application] service: Tripolygon.UModeler.Hub.Resources.IResourcesApiProvider = Tripolygon.UModeler.Hub.ResourcesApiProviderService
[2025-11-04 오전 12:22:43] [Debug] [Application] service: Tripolygon.UModeler.Hub.HubFlashService = Tripolygon.UModeler.Hub.HubFlashService
[2025-11-04 오전 12:22:43] [Debug] [Application] service: Tripolygon.UModeler.Hub.IHubAnalyticsService = Tripolygon.UModeler.Hub.HubAnalyticsService
[2025-11-04 오전 12:22:43] [Debug] [Application] service: Tripolygon.UModeler.Hub.VSAttributionService = Tripolygon.UModeler.Hub.VSAttributionService
[2025-11-04 오전 12:22:43] [Debug] [Application] service: Tripolygon.UModeler.Hub.Notifications.UpdateHubNotifier = Tripolygon.UModeler.Hub.Notifications.UpdateHubNotifier
[2025-11-04 오전 12:22:43] [Debug] [Application] service: Tripolygon.UModeler.Hub.Notifications.UpdateProductNotifier = Tripolygon.UModeler.Hub.Notifications.UpdateProductNotifier
[2025-11-04 오전 12:22:43] [Debug] [Application] service: Tripolygon.UModeler.Hub.HubAuthentication = Tripolygon.UModeler.Hub.HubAuthentication
[2025-11-04 오전 12:22:45] [Debug] [Application] Service Initialize: Tripolygon.UModeler.Hub.HubAuthentication
[2025-11-04 오전 12:22:43] [Debug] ActualHost
[2025-11-04 오전 12:22:45] [Debug] [Application] Service Initialize: Tripolygon.UModeler.Editor.UI.UnityEditorApplicationCache
[2025-11-04 오전 12:22:43] [Debug] [Application] service: Tripolygon.UModeler.Authentication.IAuthenticationApiProvider = Tripolygon.UModeler.Editor.AuthenticationApiProviderService
[2025-11-04 오전 12:22:43] [Debug] [Application] service: Tripolygon.UModeler.UI.IObjectHierarchyService = Tripolygon.UModeler.Editor.UI.UnityEditorObjectHierarchyService
[2025-11-04 오전 12:22:45] [Debug] [Application] Service Initialize: Tripolygon.UModeler.Hub.HubService
[2025-11-04 오전 12:22:44] [Debug] [Application] service: Tripolygon.UModeler.Editor.UI.ApplicationSettings = Tripolygon.UModeler.Editor.UI.ApplicationSettings
[2025-11-04 오전 12:22:45] [Debug] [Application] Service Initialize: Tripolygon.UModeler.Editor.UI.UnityEditorApplicationUtilityService
[2025-11-04 오전 12:22:44] [Debug] [Application] service: Tripolygon.UModeler.Hub.Resources.IResourcesApiProvider = Tripolygon.UModeler.Hub.ResourcesApiProviderService
[2025-11-04 오전 12:22:45] [Debug] [Application] Service Initialize: Tripolygon.UModeler.Hub.HubFlashService
[2025-11-04 오전 12:22:44] [Debug] [Application] service: Tripolygon.UModeler.Hub.IHubAnalyticsService = Tripolygon.UModeler.Hub.HubAnalyticsService
[2025-11-04 오전 12:22:44] [Debug] [Application] service: Tripolygon.UModeler.Hub.VSAttributionService = Tripolygon.UModeler.Hub.VSAttributionService
[2025-11-04 오전 12:22:44] [Debug] [Application] service: Tripolygon.UModeler.Hub.Notifications.UpdateHubNotifier = Tripolygon.UModeler.Hub.Notifications.UpdateHubNotifier
[2025-11-04 오전 12:22:44] [Debug] [Application] service: Tripolygon.UModeler.Hub.Notifications.UpdateProductNotifier = Tripolygon.UModeler.Hub.Notifications.UpdateProductNotifier
[2025-11-04 오전 12:22:45] [Debug] [HubAnalytics] PosthogClient.SetAutoFlush: Value Changed: True
[2025-11-04 오전 12:22:44] [Debug] [Application] service: Tripolygon.UModeler.Hub.INoticeService = Tripolygon.UModeler.Hub.Noticies.NoticeService
[2025-11-04 오전 12:22:44] [Debug] [Application] service: Tripolygon.UModeler.Hub.Views.SceneViews.HubSceneViewService = Tripolygon.UModeler.Hub.Views.SceneViews.HubSceneViewService
[2025-11-04 오전 12:22:45] [Debug] [Application] Service Initialize: Tripolygon.UModeler.Hub.HubAnalyticsService
[2025-11-04 오전 12:22:45] [Debug] [Application] Service Initialize: Tripolygon.UModeler.Hub.HubAuthentication
[2025-11-04 오전 12:22:45] [Debug] [Application] Service Initialize: Tripolygon.UModeler.Hub.VSAttributionService
[2025-11-04 오전 12:22:45] [Debug] [Application] Service Initialize: Tripolygon.UModeler.Editor.UI.UnityEditorApplicationCache
[2025-11-04 오전 12:22:45] [Debug] [Application] Service Initialize: Tripolygon.UModeler.Hub.Notifications.UpdateHubNotifier
[2025-11-04 오전 12:22:45] [Debug] [Application] Service Initialize: Tripolygon.UModeler.Hub.HubService
[2025-11-04 오전 12:22:45] [Debug] [Application] Service Initialize: Tripolygon.UModeler.Hub.Notifications.UpdateProductNotifier
[2025-11-04 오전 12:22:45] [Debug] [Application] Service Initialize: Tripolygon.UModeler.Hub.Noticies.NoticeService
[2025-11-04 오전 12:22:45] [Debug] [Application] Service Initialize: Tripolygon.UModeler.Hub.Views.SceneViews.HubSceneViewService
[2025-11-04 오전 12:22:45] [Debug] [HubAnalytics] PosthogClient.SetAutoFlush: Value Changed: True
[2025-11-04 오전 12:22:45] [Debug] [Application] Service Initialize: Tripolygon.UModeler.Hub.HubAnalyticsService
[2025-11-04 오전 12:22:45] [Debug] [Application] Service Initialize: Tripolygon.UModeler.Hub.VSAttributionService
[2025-11-04 오전 12:22:45] [Debug] [Application] Service Initialize: Tripolygon.UModeler.Hub.Notifications.UpdateHubNotifier
[2025-11-04 오전 12:22:45] [Debug] [Application] Service Initialize: Tripolygon.UModeler.Hub.Notifications.UpdateProductNotifier
[2025-11-04 오전 12:22:45] [Debug] [Application] Service Initialize: Tripolygon.UModeler.Hub.Noticies.NoticeService
[2025-11-04 오전 12:22:45] [Debug] [Application] Service Initialize: Tripolygon.UModeler.Hub.Views.SceneViews.HubSceneViewService
[2025-11-04 오전 12:22:49] [Debug] [Application] service: Tripolygon.UModeler.Hub.HubAuthentication = Tripolygon.UModeler.Hub.HubAuthentication
[2025-11-04 오전 12:22:49] [Debug] [Application] service: Tripolygon.UModeler.UI.IApplicationCache = Tripolygon.UModeler.Editor.UI.UnityEditorApplicationCache
[2025-11-04 오전 12:22:49] [Debug] ActualHost
[2025-11-04 오전 12:22:49] [Debug] [Application] service: Tripolygon.UModeler.Hub.IHubService = Tripolygon.UModeler.Hub.HubService
[2025-11-04 오전 12:22:49] [Debug] [Application] service: Tripolygon.UModeler.Authentication.IAuthenticationApiProvider = Tripolygon.UModeler.Editor.AuthenticationApiProviderService
[2025-11-04 오전 12:22:49] [Debug] [Application] service: Tripolygon.UModeler.UI.IObjectHierarchyService = Tripolygon.UModeler.Editor.UI.UnityEditorObjectHierarchyService
[2025-11-04 오전 12:22:49] [Debug] [Application] service: Tripolygon.UModeler.UI.IApplicationUtilityService = Tripolygon.UModeler.Editor.UI.UnityEditorApplicationUtilityService
[2025-11-04 오전 12:22:49] [Debug] [Application] service: Tripolygon.UModeler.Editor.UI.ApplicationSettings = Tripolygon.UModeler.Editor.UI.ApplicationSettings
[2025-11-04 오전 12:22:49] [Debug] [Application] service: Tripolygon.UModeler.UI.ITextureProvider = Tripolygon.UModeler.Editor.UI.UnityEditorTextureProvider
[2025-11-04 오전 12:22:49] [Debug] [Application] service: Tripolygon.UModeler.Hub.Resources.IResourcesApiProvider = Tripolygon.UModeler.Hub.ResourcesApiProviderService
[2025-11-04 오전 12:22:49] [Debug] [Application] service: Tripolygon.UModeler.Hub.HubFlashService = Tripolygon.UModeler.Hub.HubFlashService
[2025-11-04 오전 12:22:49] [Debug] [Application] service: Tripolygon.UModeler.Hub.IHubAnalyticsService = Tripolygon.UModeler.Hub.HubAnalyticsService
[2025-11-04 오전 12:22:49] [Debug] [Application] service: Tripolygon.UModeler.Hub.VSAttributionService = Tripolygon.UModeler.Hub.VSAttributionService
[2025-11-04 오전 12:22:49] [Debug] [Application] service: Tripolygon.UModeler.Hub.Notifications.UpdateHubNotifier = Tripolygon.UModeler.Hub.Notifications.UpdateHubNotifier
[2025-11-04 오전 12:22:49] [Debug] [Application] service: Tripolygon.UModeler.Hub.Notifications.UpdateProductNotifier = Tripolygon.UModeler.Hub.Notifications.UpdateProductNotifier
[2025-11-04 오전 12:22:49] [Debug] [Application] service: Tripolygon.UModeler.Hub.INoticeService = Tripolygon.UModeler.Hub.Noticies.NoticeService
[2025-11-04 오전 12:22:49] [Debug] [Application] service: Tripolygon.UModeler.Hub.Views.SceneViews.HubSceneViewService = Tripolygon.UModeler.Hub.Views.SceneViews.HubSceneViewService
[2025-11-04 오전 12:22:50] [Debug] [Application] Initialize: isReloading=False
[2025-11-04 오전 12:22:50] [Debug] [Application] Service Initialize: Tripolygon.UModeler.Hub.HubAuthentication
[2025-11-04 오전 12:22:50] [Debug] [Application] Service Initialize: Tripolygon.UModeler.Editor.UI.UnityEditorApplicationCache
[2025-11-04 오전 12:22:50] [Debug] [Application] Service Initialize: Tripolygon.UModeler.Hub.HubService
[2025-11-04 오전 12:22:50] [Debug] [Application] Service Initialize: Tripolygon.UModeler.Editor.UI.UnityEditorApplicationUtilityService
[2025-11-04 오전 12:22:50] [Debug] [Application] Service Initialize: Tripolygon.UModeler.Hub.HubFlashService
[2025-11-04 오전 12:22:50] [Debug] [HubAnalytics] PosthogClient.SetAutoFlush: Value Changed: True
[2025-11-04 오전 12:22:50] [Debug] [Application] Service Initialize: Tripolygon.UModeler.Hub.HubAnalyticsService
[2025-11-04 오전 12:22:50] [Debug] [Application] Service Initialize: Tripolygon.UModeler.Hub.VSAttributionService
[2025-11-04 오전 12:22:50] [Debug] [Application] Service Initialize: Tripolygon.UModeler.Hub.Notifications.UpdateHubNotifier
[2025-11-04 오전 12:22:50] [Debug] [Application] Service Initialize: Tripolygon.UModeler.Hub.Notifications.UpdateProductNotifier
[2025-11-04 오전 12:22:50] [Debug] [Application] Service Initialize: Tripolygon.UModeler.Hub.Noticies.NoticeService
[2025-11-04 오전 12:22:50] [Debug] [Application] Service Initialize: Tripolygon.UModeler.Hub.Views.SceneViews.HubSceneViewService
[2025-11-04 오전 12:22:51] [Debug] [Application] Release: isReloading=True
[2025-11-04 오전 12:22:51] [Debug] [Application] Service Release: Tripolygon.UModeler.Hub.Views.SceneViews.HubSceneViewService
[2025-11-04 오전 12:22:51] [Debug] [Application] Release: isReloading=True
[2025-11-04 오전 12:22:51] [Debug] [Application] Service Release: Tripolygon.UModeler.Hub.Noticies.NoticeService
[2025-11-04 오전 12:22:51] [Debug] [Application] Service Release: Tripolygon.UModeler.Hub.Views.SceneViews.HubSceneViewService
[2025-11-04 오전 12:22:51] [Debug] [Application] Service Release: Tripolygon.UModeler.Hub.Notifications.UpdateProductNotifier
[2025-11-04 오전 12:22:51] [Debug] [Application] Service Release: Tripolygon.UModeler.Hub.Noticies.NoticeService
[2025-11-04 오전 12:22:51] [Debug] [Application] Service Release: Tripolygon.UModeler.Hub.Notifications.UpdateHubNotifier
[2025-11-04 오전 12:22:51] [Debug] [Application] Service Release: Tripolygon.UModeler.Hub.Notifications.UpdateProductNotifier
[2025-11-04 오전 12:22:51] [Debug] [Application] Service Release: Tripolygon.UModeler.Hub.VSAttributionService
[2025-11-04 오전 12:22:51] [Debug] [Application] Service Release: Tripolygon.UModeler.Hub.Notifications.UpdateHubNotifier
[2025-11-04 오전 12:22:51] [Debug] [Application] Service Release: Tripolygon.UModeler.Hub.VSAttributionService
[2025-11-04 오전 12:22:53] [Debug] [Application] service: Tripolygon.UModeler.Hub.HubAuthentication = Tripolygon.UModeler.Hub.HubAuthentication
[2025-11-04 오전 12:22:53] [Debug] [Application] service: Tripolygon.UModeler.UI.IApplicationCache = Tripolygon.UModeler.Editor.UI.UnityEditorApplicationCache
[2025-11-04 오전 12:22:53] [Debug] [Application] service: Tripolygon.UModeler.Hub.HubAuthentication = Tripolygon.UModeler.Hub.HubAuthentication
[2025-11-04 오전 12:22:54] [Debug] [Application] service: Tripolygon.UModeler.UI.ITextureProvider = Tripolygon.UModeler.Editor.UI.UnityEditorTextureProvider
[2025-11-04 오전 12:22:53] [Debug] [Application] service: Tripolygon.UModeler.UI.IApplicationCache = Tripolygon.UModeler.Editor.UI.UnityEditorApplicationCache
[2025-11-04 오전 12:22:54] [Debug] [Application] service: Tripolygon.UModeler.Hub.Resources.IResourcesApiProvider = Tripolygon.UModeler.Hub.ResourcesApiProviderService
[2025-11-04 오전 12:22:53] [Debug] ActualHost
[2025-11-04 오전 12:22:54] [Debug] [Application] service: Tripolygon.UModeler.Hub.HubFlashService = Tripolygon.UModeler.Hub.HubFlashService
[2025-11-04 오전 12:22:53] [Debug] [Application] service: Tripolygon.UModeler.Hub.IHubService = Tripolygon.UModeler.Hub.HubService
[2025-11-04 오전 12:22:54] [Debug] [Application] service: Tripolygon.UModeler.Hub.IHubAnalyticsService = Tripolygon.UModeler.Hub.HubAnalyticsService
[2025-11-04 오전 12:22:53] [Debug] [Application] service: Tripolygon.UModeler.UI.IObjectHierarchyService = Tripolygon.UModeler.Editor.UI.UnityEditorObjectHierarchyService
[2025-11-04 오전 12:22:54] [Debug] [Application] service: Tripolygon.UModeler.Hub.Notifications.UpdateHubNotifier = Tripolygon.UModeler.Hub.Notifications.UpdateHubNotifier
[2025-11-04 오전 12:22:53] [Debug] [Application] service: Tripolygon.UModeler.UI.IApplicationUtilityService = Tripolygon.UModeler.Editor.UI.UnityEditorApplicationUtilityService
[2025-11-04 오전 12:22:54] [Debug] [Application] service: Tripolygon.UModeler.Hub.INoticeService = Tripolygon.UModeler.Hub.Noticies.NoticeService
[2025-11-04 오전 12:22:54] [Debug] [Application] service: Tripolygon.UModeler.UI.ITextureProvider = Tripolygon.UModeler.Editor.UI.UnityEditorTextureProvider
[2025-11-04 오전 12:22:54] [Debug] [Application] service: Tripolygon.UModeler.Hub.Views.SceneViews.HubSceneViewService = Tripolygon.UModeler.Hub.Views.SceneViews.HubSceneViewService
[2025-11-04 오전 12:22:54] [Debug] [Application] service: Tripolygon.UModeler.Hub.Resources.IResourcesApiProvider = Tripolygon.UModeler.Hub.ResourcesApiProviderService
[2025-11-04 오전 12:22:54] [Debug] [Application] Initialize: isReloading=True
[2025-11-04 오전 12:22:54] [Debug] [Application] service: Tripolygon.UModeler.Hub.IHubAnalyticsService = Tripolygon.UModeler.Hub.HubAnalyticsService
[2025-11-04 오전 12:22:55] [Debug] [Application] Service Initialize: Tripolygon.UModeler.Hub.HubAuthentication
[2025-11-04 오전 12:22:54] [Debug] [Application] service: Tripolygon.UModeler.Hub.Notifications.UpdateHubNotifier = Tripolygon.UModeler.Hub.Notifications.UpdateHubNotifier
[2025-11-04 오전 12:22:55] [Debug] [Application] Service Initialize: Tripolygon.UModeler.Editor.UI.UnityEditorApplicationCache
[2025-11-04 오전 12:22:54] [Debug] [Application] service: Tripolygon.UModeler.Hub.INoticeService = Tripolygon.UModeler.Hub.Noticies.NoticeService
[2025-11-04 오전 12:22:54] [Debug] [Application] service: Tripolygon.UModeler.Hub.Views.SceneViews.HubSceneViewService = Tripolygon.UModeler.Hub.Views.SceneViews.HubSceneViewService
[2025-11-04 오전 12:22:55] [Debug] [Application] Service Initialize: Tripolygon.UModeler.Hub.HubService
[2025-11-04 오전 12:22:55] [Debug] [Application] Service Initialize: Tripolygon.UModeler.Hub.HubAuthentication
[2025-11-04 오전 12:22:55] [Debug] [Application] Service Initialize: Tripolygon.UModeler.Editor.UI.UnityEditorApplicationUtilityService
[2025-11-04 오전 12:22:55] [Debug] [Application] Service Initialize: Tripolygon.UModeler.Editor.UI.UnityEditorApplicationCache
[2025-11-04 오전 12:22:55] [Debug] [HubAnalytics] PosthogClient.SetAutoFlush: Value Changed: True
[2025-11-04 오전 12:22:55] [Debug] [Application] Service Initialize: Tripolygon.UModeler.Hub.HubService
[2025-11-04 오전 12:22:55] [Debug] [Application] Service Initialize: Tripolygon.UModeler.Editor.UI.UnityEditorApplicationUtilityService
[2025-11-04 오전 12:22:55] [Debug] [Application] Service Initialize: Tripolygon.UModeler.Hub.HubAnalyticsService
[2025-11-04 오전 12:22:55] [Debug] [Application] Service Initialize: Tripolygon.UModeler.Hub.HubFlashService
[2025-11-04 오전 12:22:55] [Debug] [Application] Service Initialize: Tripolygon.UModeler.Hub.VSAttributionService
[2025-11-04 오전 12:22:55] [Debug] [HubAnalytics] PosthogClient.SetAutoFlush: Value Changed: True
[2025-11-04 오전 12:22:55] [Debug] [Application] Service Initialize: Tripolygon.UModeler.Hub.Notifications.UpdateHubNotifier
[2025-11-04 오전 12:22:55] [Debug] [Application] Service Initialize: Tripolygon.UModeler.Hub.HubAnalyticsService
[2025-11-04 오전 12:22:55] [Debug] [Application] Service Initialize: Tripolygon.UModeler.Hub.Notifications.UpdateProductNotifier
[2025-11-04 오전 12:22:55] [Debug] [Application] Service Initialize: Tripolygon.UModeler.Hub.VSAttributionService
[2025-11-04 오전 12:22:55] [Debug] [Application] Service Initialize: Tripolygon.UModeler.Hub.Noticies.NoticeService
[2025-11-04 오전 12:22:55] [Debug] [Application] Service Initialize: Tripolygon.UModeler.Hub.Notifications.UpdateHubNotifier
[2025-11-04 오전 12:22:55] [Debug] [Application] Service Initialize: Tripolygon.UModeler.Hub.Views.SceneViews.HubSceneViewService
[2025-11-04 오전 12:22:55] [Debug] [Application] Service Initialize: Tripolygon.UModeler.Hub.Notifications.UpdateProductNotifier
[2025-11-04 오전 12:22:55] [Debug] [Application] Service Initialize: Tripolygon.UModeler.Hub.Noticies.NoticeService
[2025-11-04 오전 12:22:55] [Debug] [Application] Service Initialize: Tripolygon.UModeler.Hub.Views.SceneViews.HubSceneViewService
[2025-11-04 오전 12:23:04] [Debug] [HubAnalytics] OnAppStart
[2025-11-04 오전 12:23:10] [Debug] [HubAnalytics] PosthogClient.BatchAsync: Sending Queue Items={"api_key":"phc_DQ6tsN03HRXTr9hNBfi3DierOY5Y0SisUxgxjuAmZG5","batch":[{"event":"app start","properties":{"$set":{"sdk_region_id":"ko-KR","sdk_region_name":"South Korea","sdk_language":"Korean","sdk_os_architecture":"X64","sdk_time_zone":"Korea Standard Time","product_version":"1.1.6","platform_account_id":"14568925183421","platform_account_name":"ZrjkYgUBYKBVQzJxaEitxfUW9R1ya03O9v8hzgDwJIe1tUfwt03213kJnq1WXUQ+BUcW6GxQARb63WY11SLE6GQkMSNvyXmWrqxLBR+eGffYYePqJ7JfxxhS248fSgH4hrVs+bcwBp7s6Hb8DoLe2mNt5cnop3mb7e3LCLs5Til/pKpIgbBqaPhsMK+4UpIZABgVh80Z64cgTh1vwGt3s/zUmHvQY9hnRYeSxHhnPpnz/GxU/dZXBsZdr++ruZrhS6D3DpUa1z6/rSYkRplKHLMG75zBylcjc2cF2KdpO417PTPCcpKaJPQlneiQR62WcY/OMhKmYWbJRnVl037v2w=="},"$os":"WINDOWS","$os_name":"WINDOWS","$session_id":"876adfdb-047f-4b36-8955-9dc4a3692d62_d337f514-9119-489b-9af1-4c1264ae924c","distinct_id":"b436f785064ea140538673dd9b84f3f59c821871","product_name":"UModeler Hub","product_version":"1.1.6","platform_name":"Unity","platform_version":"6000.0.29f1","screen_width":1920,"screen_height":1080,"viewport_width":1240,"viewport_height":497,"unity_systeminfo_language":"Korean","unity_systeminfo_os":"Windows 10  (10.0.19045) 64bit","unity_systeminfo_graphicsDeviceType":"Direct3D11","unity_systeminfo_graphicsDeviceVendor":"NVIDIA","unity_systeminfo_graphicsDeviceName":"NVIDIA GeForce RTX 2060","unity_systeminfo_deviceType":"Desktop","unity_systeminfo_processorType":"Intel(R) Core(TM) i7-9700F CPU @ 3.00GHz"},"timestamp":"2025-11-03T15:23:04.255413Z"}]}
[2025-11-04 오전 12:23:11] [Debug] [HubAnalytics] PosthogClient.BatchAsync: Sent 1 queue item(s).
[2025-11-04 오전 12:26:11] [Debug] [Application] Release: isReloading=True
[2025-11-04 오전 12:26:11] [Debug] [Application] Service Release: Tripolygon.UModeler.Hub.Views.SceneViews.HubSceneViewService
[2025-11-04 오전 12:26:11] [Debug] [Application] Service Release: Tripolygon.UModeler.Hub.Noticies.NoticeService
[2025-11-04 오전 12:26:11] [Debug] [Application] Service Release: Tripolygon.UModeler.Hub.Notifications.UpdateProductNotifier
[2025-11-04 오전 12:26:11] [Debug] [Application] Service Release: Tripolygon.UModeler.Hub.Notifications.UpdateHubNotifier
[2025-11-04 오전 12:26:11] [Debug] [Application] Service Release: Tripolygon.UModeler.Hub.VSAttributionService
[2025-11-04 오전 12:26:11] [Debug] [HubAnalytics] PosthogClient.SetAutoFlush: Value Changed: False
[2025-11-04 오전 12:26:11] [Debug] [Application] Service Release: Tripolygon.UModeler.Hub.HubAnalyticsService
[2025-11-04 오전 12:26:11] [Debug] [Application] Service Release: Tripolygon.UModeler.Hub.HubFlashService
[2025-11-04 오전 12:26:11] [Debug] [Application] Service Release: Tripolygon.UModeler.Editor.UI.UnityEditorApplicationUtilityService
[2025-11-04 오전 12:26:11] [Debug] [Application] Service Release: Tripolygon.UModeler.Hub.HubService
[2025-11-04 오전 12:26:11] [Debug] [Application] Service Release: Tripolygon.UModeler.Editor.UI.UnityEditorApplicationCache
[2025-11-04 오전 12:26:11] [Debug] [Application] Service Release: Tripolygon.UModeler.Hub.HubAuthentication
[2025-11-04 오전 12:26:18] [Debug] [Application] service: Tripolygon.UModeler.Hub.HubAuthentication = Tripolygon.UModeler.Hub.HubAuthentication
[2025-11-04 오전 12:26:18] [Debug] [Application] service: Tripolygon.UModeler.UI.IApplicationCache = Tripolygon.UModeler.Editor.UI.UnityEditorApplicationCache
[2025-11-04 오전 12:26:18] [Debug] ActualHost
[2025-11-04 오전 12:26:18] [Debug] [Application] service: Tripolygon.UModeler.Hub.IHubService = Tripolygon.UModeler.Hub.HubService
[2025-11-04 오전 12:26:18] [Debug] [Application] service: Tripolygon.UModeler.Authentication.IAuthenticationApiProvider = Tripolygon.UModeler.Editor.AuthenticationApiProviderService
[2025-11-04 오전 12:26:18] [Debug] [Application] service: Tripolygon.UModeler.UI.IObjectHierarchyService = Tripolygon.UModeler.Editor.UI.UnityEditorObjectHierarchyService
[2025-11-04 오전 12:26:18] [Debug] [Application] service: Tripolygon.UModeler.UI.IApplicationUtilityService = Tripolygon.UModeler.Editor.UI.UnityEditorApplicationUtilityService
[2025-11-04 오전 12:26:18] [Debug] [Application] service: Tripolygon.UModeler.Editor.UI.ApplicationSettings = Tripolygon.UModeler.Editor.UI.ApplicationSettings
[2025-11-04 오전 12:26:18] [Debug] [Application] service: Tripolygon.UModeler.UI.ITextureProvider = Tripolygon.UModeler.Editor.UI.UnityEditorTextureProvider
[2025-11-04 오전 12:26:18] [Debug] [Application] service: Tripolygon.UModeler.Hub.Resources.IResourcesApiProvider = Tripolygon.UModeler.Hub.ResourcesApiProviderService
[2025-11-04 오전 12:26:18] [Debug] [Application] service: Tripolygon.UModeler.Hub.HubFlashService = Tripolygon.UModeler.Hub.HubFlashService
[2025-11-04 오전 12:26:18] [Debug] [Application] service: Tripolygon.UModeler.Hub.IHubAnalyticsService = Tripolygon.UModeler.Hub.HubAnalyticsService
[2025-11-04 오전 12:26:18] [Debug] [Application] service: Tripolygon.UModeler.Hub.VSAttributionService = Tripolygon.UModeler.Hub.VSAttributionService
[2025-11-04 오전 12:26:18] [Debug] [Application] service: Tripolygon.UModeler.Hub.Notifications.UpdateHubNotifier = Tripolygon.UModeler.Hub.Notifications.UpdateHubNotifier
[2025-11-04 오전 12:26:18] [Debug] [Application] service: Tripolygon.UModeler.Hub.Notifications.UpdateProductNotifier = Tripolygon.UModeler.Hub.Notifications.UpdateProductNotifier
[2025-11-04 오전 12:26:18] [Debug] [Application] service: Tripolygon.UModeler.Hub.INoticeService = Tripolygon.UModeler.Hub.Noticies.NoticeService
[2025-11-04 오전 12:26:18] [Debug] [Application] service: Tripolygon.UModeler.Hub.Views.SceneViews.HubSceneViewService = Tripolygon.UModeler.Hub.Views.SceneViews.HubSceneViewService
[2025-11-04 오전 12:26:20] [Debug] [Application] Initialize: isReloading=True
[2025-11-04 오전 12:26:20] [Debug] [Application] Service Initialize: Tripolygon.UModeler.Hub.HubAuthentication
[2025-11-04 오전 12:26:20] [Debug] [Application] Service Initialize: Tripolygon.UModeler.Editor.UI.UnityEditorApplicationCache
[2025-11-04 오전 12:26:20] [Debug] [Application] Service Initialize: Tripolygon.UModeler.Hub.HubService
[2025-11-04 오전 12:26:20] [Debug] [Application] Service Initialize: Tripolygon.UModeler.Editor.UI.UnityEditorApplicationUtilityService
[2025-11-04 오전 12:26:20] [Debug] [Application] Service Initialize: Tripolygon.UModeler.Hub.HubFlashService
[2025-11-04 오전 12:26:20] [Debug] [HubAnalytics] PosthogClient.SetAutoFlush: Value Changed: True
[2025-11-04 오전 12:26:20] [Debug] [Application] Service Initialize: Tripolygon.UModeler.Hub.HubAnalyticsService
[2025-11-04 오전 12:26:20] [Debug] [Application] Service Initialize: Tripolygon.UModeler.Hub.VSAttributionService
[2025-11-04 오전 12:26:20] [Debug] [Application] Service Initialize: Tripolygon.UModeler.Hub.Notifications.UpdateHubNotifier
[2025-11-04 오전 12:26:20] [Debug] [Application] Service Initialize: Tripolygon.UModeler.Hub.Notifications.UpdateProductNotifier
[2025-11-04 오전 12:26:20] [Debug] [Application] Service Initialize: Tripolygon.UModeler.Hub.Noticies.NoticeService
[2025-11-04 오전 12:26:20] [Debug] [Application] Service Initialize: Tripolygon.UModeler.Hub.Views.SceneViews.HubSceneViewService
[2025-11-04 오전 12:26:21] [Debug] [Application] Release: isReloading=True
[2025-11-04 오전 12:26:21] [Debug] [Application] Release: isReloading=True
[2025-11-04 오전 12:26:21] [Debug] [Application] Service Release: Tripolygon.UModeler.Hub.Views.SceneViews.HubSceneViewService
[2025-11-04 오전 12:26:21] [Debug] [Application] Service Release: Tripolygon.UModeler.Hub.Views.SceneViews.HubSceneViewService
[2025-11-04 오전 12:26:21] [Debug] [Application] Service Release: Tripolygon.UModeler.Hub.Noticies.NoticeService
[2025-11-04 오전 12:26:21] [Debug] [Application] Service Release: Tripolygon.UModeler.Hub.Noticies.NoticeService
[2025-11-04 오전 12:26:21] [Debug] [Application] Service Release: Tripolygon.UModeler.Hub.Notifications.UpdateProductNotifier
[2025-11-04 오전 12:26:21] [Debug] [Application] Service Release: Tripolygon.UModeler.Hub.Notifications.UpdateProductNotifier
[2025-11-04 오전 12:26:21] [Debug] [Application] Service Release: Tripolygon.UModeler.Hub.Notifications.UpdateHubNotifier
[2025-11-04 오전 12:26:21] [Debug] [Application] Service Release: Tripolygon.UModeler.Hub.Notifications.UpdateHubNotifier
[2025-11-04 오전 12:26:21] [Debug] [Application] Service Release: Tripolygon.UModeler.Hub.VSAttributionService
[2025-11-04 오전 12:26:21] [Debug] [Application] Service Release: Tripolygon.UModeler.Hub.VSAttributionService
[2025-11-04 오전 12:26:23] [Debug] [Application] service: Tripolygon.UModeler.Hub.HubAuthentication = Tripolygon.UModeler.Hub.HubAuthentication
[2025-11-04 오전 12:26:23] [Debug] [Application] service: Tripolygon.UModeler.UI.IApplicationCache = Tripolygon.UModeler.Editor.UI.UnityEditorApplicationCache
[2025-11-04 오전 12:26:23] [Debug] ActualHost
[2025-11-04 오전 12:26:23] [Debug] [Application] service: Tripolygon.UModeler.Hub.HubAuthentication = Tripolygon.UModeler.Hub.HubAuthentication
[2025-11-04 오전 12:26:23] [Debug] [Application] service: Tripolygon.UModeler.Hub.Resources.IResourcesApiProvider = Tripolygon.UModeler.Hub.ResourcesApiProviderService
[2025-11-04 오전 12:26:23] [Debug] ActualHost
[2025-11-04 오전 12:26:23] [Debug] [Application] service: Tripolygon.UModeler.Hub.IHubAnalyticsService = Tripolygon.UModeler.Hub.HubAnalyticsService
[2025-11-04 오전 12:26:23] [Debug] [Application] service: Tripolygon.UModeler.Authentication.IAuthenticationApiProvider = Tripolygon.UModeler.Editor.AuthenticationApiProviderService
[2025-11-04 오전 12:26:23] [Debug] [Application] service: Tripolygon.UModeler.Hub.Notifications.UpdateHubNotifier = Tripolygon.UModeler.Hub.Notifications.UpdateHubNotifier
[2025-11-04 오전 12:26:23] [Debug] [Application] service: Tripolygon.UModeler.UI.IObjectHierarchyService = Tripolygon.UModeler.Editor.UI.UnityEditorObjectHierarchyService
[2025-11-04 오전 12:26:23] [Debug] [Application] service: Tripolygon.UModeler.Hub.Notifications.UpdateProductNotifier = Tripolygon.UModeler.Hub.Notifications.UpdateProductNotifier
[2025-11-04 오전 12:26:23] [Debug] [Application] service: Tripolygon.UModeler.UI.IApplicationUtilityService = Tripolygon.UModeler.Editor.UI.UnityEditorApplicationUtilityService
[2025-11-04 오전 12:26:23] [Debug] [Application] service: Tripolygon.UModeler.Hub.Views.SceneViews.HubSceneViewService = Tripolygon.UModeler.Hub.Views.SceneViews.HubSceneViewService
[2025-11-04 오전 12:26:23] [Debug] [Application] service: Tripolygon.UModeler.UI.ITextureProvider = Tripolygon.UModeler.Editor.UI.UnityEditorTextureProvider
[2025-11-04 오전 12:26:25] [Debug] [Application] Service Initialize: Tripolygon.UModeler.Hub.HubAuthentication
[2025-11-04 오전 12:26:23] [Debug] [Application] service: Tripolygon.UModeler.Hub.Resources.IResourcesApiProvider = Tripolygon.UModeler.Hub.ResourcesApiProviderService
[2025-11-04 오전 12:26:25] [Debug] [Application] Service Initialize: Tripolygon.UModeler.Editor.UI.UnityEditorApplicationCache
[2025-11-04 오전 12:26:23] [Debug] [Application] service: Tripolygon.UModeler.Hub.IHubAnalyticsService = Tripolygon.UModeler.Hub.HubAnalyticsService
[2025-11-04 오전 12:26:23] [Debug] [Application] service: Tripolygon.UModeler.Hub.VSAttributionService = Tripolygon.UModeler.Hub.VSAttributionService
[2025-11-04 오전 12:26:25] [Debug] [Application] Service Initialize: Tripolygon.UModeler.Hub.HubService
[2025-11-04 오전 12:26:23] [Debug] [Application] service: Tripolygon.UModeler.Hub.Notifications.UpdateHubNotifier = Tripolygon.UModeler.Hub.Notifications.UpdateHubNotifier
[2025-11-04 오전 12:26:25] [Debug] [Application] Service Initialize: Tripolygon.UModeler.Editor.UI.UnityEditorApplicationUtilityService
[2025-11-04 오전 12:26:23] [Debug] [Application] service: Tripolygon.UModeler.Hub.INoticeService = Tripolygon.UModeler.Hub.Noticies.NoticeService
[2025-11-04 오전 12:26:25] [Debug] [Application] Service Initialize: Tripolygon.UModeler.Hub.HubFlashService
[2025-11-04 오전 12:26:25] [Debug] [Application] Initialize: isReloading=False
[2025-11-04 오전 12:26:25] [Debug] [HubAnalytics] PosthogClient.SetAutoFlush: Value Changed: True
[2025-11-04 오전 12:26:25] [Debug] [Application] Service Initialize: Tripolygon.UModeler.Hub.HubAuthentication
[2025-11-04 오전 12:26:25] [Debug] [Application] Service Initialize: Tripolygon.UModeler.Editor.UI.UnityEditorApplicationCache
[2025-11-04 오전 12:26:25] [Debug] [Application] Service Initialize: Tripolygon.UModeler.Hub.HubAnalyticsService
[2025-11-04 오전 12:26:25] [Debug] [Application] Service Initialize: Tripolygon.UModeler.Hub.VSAttributionService
[2025-11-04 오전 12:26:25] [Debug] [Application] Service Initialize: Tripolygon.UModeler.Editor.UI.UnityEditorApplicationUtilityService
[2025-11-04 오전 12:26:25] [Debug] [Application] Service Initialize: Tripolygon.UModeler.Hub.Notifications.UpdateHubNotifier
[2025-11-04 오전 12:26:25] [Debug] [HubAnalytics] PosthogClient.SetAutoFlush: Value Changed: True
[2025-11-04 오전 12:26:25] [Debug] [Application] Service Initialize: Tripolygon.UModeler.Hub.Notifications.UpdateProductNotifier
[2025-11-04 오전 12:26:25] [Debug] [Application] Service Initialize: Tripolygon.UModeler.Hub.Noticies.NoticeService
[2025-11-04 오전 12:26:25] [Debug] [Application] Service Initialize: Tripolygon.UModeler.Hub.HubAnalyticsService
[2025-11-04 오전 12:26:25] [Debug] [Application] Service Initialize: Tripolygon.UModeler.Hub.Views.SceneViews.HubSceneViewService
[2025-11-04 오전 12:26:25] [Debug] [Application] Service Initialize: Tripolygon.UModeler.Hub.VSAttributionService
[2025-11-04 오전 12:26:25] [Debug] [Application] Service Initialize: Tripolygon.UModeler.Hub.Notifications.UpdateHubNotifier
[2025-11-04 오전 12:26:25] [Debug] [Application] Service Initialize: Tripolygon.UModeler.Hub.Notifications.UpdateProductNotifier
[2025-11-04 오전 12:26:25] [Debug] [Application] Service Initialize: Tripolygon.UModeler.Hub.Noticies.NoticeService
[2025-11-04 오전 12:26:25] [Debug] [Application] Service Initialize: Tripolygon.UModeler.Hub.Views.SceneViews.HubSceneViewService
[2025-11-04 오전 12:26:57] [Debug] [Application] Release: isReloading=True
[2025-11-04 오전 12:26:57] [Debug] [Application] Service Release: Tripolygon.UModeler.Hub.Views.SceneViews.HubSceneViewService
[2025-11-04 오전 12:26:57] [Debug] [Application] Service Release: Tripolygon.UModeler.Hub.Noticies.NoticeService
[2025-11-04 오전 12:26:57] [Debug] [Application] Service Release: Tripolygon.UModeler.Hub.Notifications.UpdateProductNotifier
[2025-11-04 오전 12:26:57] [Debug] [Application] Service Release: Tripolygon.UModeler.Hub.Notifications.UpdateHubNotifier
[2025-11-04 오전 12:26:57] [Debug] [Application] Service Release: Tripolygon.UModeler.Hub.VSAttributionService
[2025-11-04 오전 12:26:58] [Debug] [HubAnalytics] PosthogClient.SetAutoFlush: Value Changed: False
[2025-11-04 오전 12:26:58] [Debug] [Application] Service Release: Tripolygon.UModeler.Hub.HubAnalyticsService
[2025-11-04 오전 12:26:58] [Debug] [Application] Service Release: Tripolygon.UModeler.Hub.HubFlashService
[2025-11-04 오전 12:26:58] [Debug] [Application] Service Release: Tripolygon.UModeler.Editor.UI.UnityEditorApplicationUtilityService
[2025-11-04 오전 12:26:58] [Debug] [Application] Service Release: Tripolygon.UModeler.Hub.HubService
[2025-11-04 오전 12:26:58] [Debug] [Application] Service Release: Tripolygon.UModeler.Editor.UI.UnityEditorApplicationCache
[2025-11-04 오전 12:26:58] [Debug] [Application] Service Release: Tripolygon.UModeler.Hub.HubAuthentication
[2025-11-04 오전 12:27:02] [Debug] [Application] service: Tripolygon.UModeler.Hub.HubAuthentication = Tripolygon.UModeler.Hub.HubAuthentication
[2025-11-04 오전 12:27:02] [Debug] [Application] service: Tripolygon.UModeler.UI.IApplicationCache = Tripolygon.UModeler.Editor.UI.UnityEditorApplicationCache
[2025-11-04 오전 12:27:02] [Debug] ActualHost
[2025-11-04 오전 12:27:02] [Debug] [Application] service: Tripolygon.UModeler.Hub.IHubService = Tripolygon.UModeler.Hub.HubService
[2025-11-04 오전 12:27:02] [Debug] [Application] service: Tripolygon.UModeler.Authentication.IAuthenticationApiProvider = Tripolygon.UModeler.Editor.AuthenticationApiProviderService
[2025-11-04 오전 12:27:02] [Debug] [Application] service: Tripolygon.UModeler.UI.IObjectHierarchyService = Tripolygon.UModeler.Editor.UI.UnityEditorObjectHierarchyService
[2025-11-04 오전 12:27:02] [Debug] [Application] service: Tripolygon.UModeler.UI.IApplicationUtilityService = Tripolygon.UModeler.Editor.UI.UnityEditorApplicationUtilityService
[2025-11-04 오전 12:27:02] [Debug] [Application] service: Tripolygon.UModeler.Editor.UI.ApplicationSettings = Tripolygon.UModeler.Editor.UI.ApplicationSettings
[2025-11-04 오전 12:27:02] [Debug] [Application] service: Tripolygon.UModeler.UI.ITextureProvider = Tripolygon.UModeler.Editor.UI.UnityEditorTextureProvider
[2025-11-04 오전 12:27:02] [Debug] [Application] service: Tripolygon.UModeler.Hub.Resources.IResourcesApiProvider = Tripolygon.UModeler.Hub.ResourcesApiProviderService
[2025-11-04 오전 12:27:02] [Debug] [Application] service: Tripolygon.UModeler.Hub.HubFlashService = Tripolygon.UModeler.Hub.HubFlashService
[2025-11-04 오전 12:27:02] [Debug] [Application] service: Tripolygon.UModeler.Hub.IHubAnalyticsService = Tripolygon.UModeler.Hub.HubAnalyticsService
[2025-11-04 오전 12:27:02] [Debug] [Application] service: Tripolygon.UModeler.Hub.VSAttributionService = Tripolygon.UModeler.Hub.VSAttributionService
[2025-11-04 오전 12:27:02] [Debug] [Application] service: Tripolygon.UModeler.Hub.Notifications.UpdateHubNotifier = Tripolygon.UModeler.Hub.Notifications.UpdateHubNotifier
[2025-11-04 오전 12:27:02] [Debug] [Application] service: Tripolygon.UModeler.Hub.Notifications.UpdateProductNotifier = Tripolygon.UModeler.Hub.Notifications.UpdateProductNotifier
[2025-11-04 오전 12:27:02] [Debug] [Application] service: Tripolygon.UModeler.Hub.INoticeService = Tripolygon.UModeler.Hub.Noticies.NoticeService
[2025-11-04 오전 12:27:02] [Debug] [Application] service: Tripolygon.UModeler.Hub.Views.SceneViews.HubSceneViewService = Tripolygon.UModeler.Hub.Views.SceneViews.HubSceneViewService
[2025-11-04 오전 12:27:03] [Debug] [Application] Initialize: isReloading=True
[2025-11-04 오전 12:27:03] [Debug] [Application] Service Initialize: Tripolygon.UModeler.Hub.HubAuthentication
[2025-11-04 오전 12:27:04] [Debug] [Application] Service Initialize: Tripolygon.UModeler.Editor.UI.UnityEditorApplicationCache
[2025-11-04 오전 12:27:04] [Debug] [Application] Service Initialize: Tripolygon.UModeler.Hub.HubService
[2025-11-04 오전 12:27:04] [Debug] [Application] Service Initialize: Tripolygon.UModeler.Editor.UI.UnityEditorApplicationUtilityService
[2025-11-04 오전 12:27:04] [Debug] [Application] Service Initialize: Tripolygon.UModeler.Hub.HubFlashService
[2025-11-04 오전 12:27:04] [Debug] [HubAnalytics] PosthogClient.SetAutoFlush: Value Changed: True
[2025-11-04 오전 12:27:04] [Debug] [Application] Service Initialize: Tripolygon.UModeler.Hub.HubAnalyticsService
[2025-11-04 오전 12:27:04] [Debug] [Application] Service Initialize: Tripolygon.UModeler.Hub.VSAttributionService
[2025-11-04 오전 12:27:04] [Debug] [Application] Service Initialize: Tripolygon.UModeler.Hub.Notifications.UpdateHubNotifier
[2025-11-04 오전 12:27:04] [Debug] [Application] Service Initialize: Tripolygon.UModeler.Hub.Notifications.UpdateProductNotifier
[2025-11-04 오전 12:27:04] [Debug] [Application] Service Initialize: Tripolygon.UModeler.Hub.Noticies.NoticeService
[2025-11-04 오전 12:27:04] [Debug] [Application] Service Initialize: Tripolygon.UModeler.Hub.Views.SceneViews.HubSceneViewService
[2025-11-04 오전 12:27:04] [Debug] [Application] Release: isReloading=True
[2025-11-04 오전 12:27:04] [Debug] [Application] Release: isReloading=True
[2025-11-04 오전 12:27:04] [Debug] [Application] Service Release: Tripolygon.UModeler.Hub.Views.SceneViews.HubSceneViewService
[2025-11-04 오전 12:27:04] [Debug] [Application] Service Release: Tripolygon.UModeler.Hub.Views.SceneViews.HubSceneViewService
[2025-11-04 오전 12:27:04] [Debug] [Application] Service Release: Tripolygon.UModeler.Hub.Noticies.NoticeService
[2025-11-04 오전 12:27:04] [Debug] [Application] Service Release: Tripolygon.UModeler.Hub.Noticies.NoticeService
[2025-11-04 오전 12:27:04] [Debug] [Application] Service Release: Tripolygon.UModeler.Hub.Notifications.UpdateProductNotifier
[2025-11-04 오전 12:27:04] [Debug] [Application] Service Release: Tripolygon.UModeler.Hub.Notifications.UpdateProductNotifier
[2025-11-04 오전 12:27:04] [Debug] [Application] Service Release: Tripolygon.UModeler.Hub.Notifications.UpdateHubNotifier
[2025-11-04 오전 12:27:04] [Debug] [Application] Service Release: Tripolygon.UModeler.Hub.Notifications.UpdateHubNotifier
[2025-11-04 오전 12:27:04] [Debug] [Application] Service Release: Tripolygon.UModeler.Hub.VSAttributionService
[2025-11-04 오전 12:27:04] [Debug] [Application] Service Release: Tripolygon.UModeler.Hub.VSAttributionService
[2025-11-04 오전 12:27:07] [Debug] [Application] service: Tripolygon.UModeler.Hub.HubAuthentication = Tripolygon.UModeler.Hub.HubAuthentication
[2025-11-04 오전 12:27:07] [Debug] [Application] service: Tripolygon.UModeler.UI.IApplicationCache = Tripolygon.UModeler.Editor.UI.UnityEditorApplicationCache
[2025-11-04 오전 12:27:07] [Debug] ActualHost
[2025-11-04 오전 12:27:07] [Debug] [Application] service: Tripolygon.UModeler.Hub.HubAuthentication = Tripolygon.UModeler.Hub.HubAuthentication
[2025-11-04 오전 12:27:07] [Debug] [Application] service: Tripolygon.UModeler.UI.IApplicationCache = Tripolygon.UModeler.Editor.UI.UnityEditorApplicationCache
[2025-11-04 오전 12:27:07] [Debug] [Application] service: Tripolygon.UModeler.Hub.Resources.IResourcesApiProvider = Tripolygon.UModeler.Hub.ResourcesApiProviderService
[2025-11-04 오전 12:27:07] [Debug] [Application] service: Tripolygon.UModeler.Hub.IHubService = Tripolygon.UModeler.Hub.HubService
[2025-11-04 오전 12:27:07] [Debug] [Application] service: Tripolygon.UModeler.Authentication.IAuthenticationApiProvider = Tripolygon.UModeler.Editor.AuthenticationApiProviderService
[2025-11-04 오전 12:27:07] [Debug] [Application] service: Tripolygon.UModeler.Hub.IHubAnalyticsService = Tripolygon.UModeler.Hub.HubAnalyticsService
[2025-11-04 오전 12:27:07] [Debug] [Application] service: Tripolygon.UModeler.UI.IApplicationUtilityService = Tripolygon.UModeler.Editor.UI.UnityEditorApplicationUtilityService
[2025-11-04 오전 12:27:07] [Debug] [Application] service: Tripolygon.UModeler.Hub.VSAttributionService = Tripolygon.UModeler.Hub.VSAttributionService
[2025-11-04 오전 12:27:07] [Debug] [Application] service: Tripolygon.UModeler.UI.ITextureProvider = Tripolygon.UModeler.Editor.UI.UnityEditorTextureProvider
[2025-11-04 오전 12:27:07] [Debug] [Application] service: Tripolygon.UModeler.Hub.Notifications.UpdateProductNotifier = Tripolygon.UModeler.Hub.Notifications.UpdateProductNotifier
[2025-11-04 오전 12:27:07] [Debug] [Application] service: Tripolygon.UModeler.Hub.HubFlashService = Tripolygon.UModeler.Hub.HubFlashService
[2025-11-04 오전 12:27:07] [Debug] [Application] service: Tripolygon.UModeler.Hub.IHubAnalyticsService = Tripolygon.UModeler.Hub.HubAnalyticsService
[2025-11-04 오전 12:27:07] [Debug] [Application] service: Tripolygon.UModeler.Hub.VSAttributionService = Tripolygon.UModeler.Hub.VSAttributionService
[2025-11-04 오전 12:27:08] [Debug] [Application] Service Initialize: Tripolygon.UModeler.Hub.HubAuthentication
[2025-11-04 오전 12:27:07] [Debug] [Application] service: Tripolygon.UModeler.Hub.Notifications.UpdateProductNotifier = Tripolygon.UModeler.Hub.Notifications.UpdateProductNotifier
[2025-11-04 오전 12:27:08] [Debug] [Application] Service Initialize: Tripolygon.UModeler.Editor.UI.UnityEditorApplicationCache
[2025-11-04 오전 12:27:07] [Debug] [Application] service: Tripolygon.UModeler.Hub.Views.SceneViews.HubSceneViewService = Tripolygon.UModeler.Hub.Views.SceneViews.HubSceneViewService
[2025-11-04 오전 12:27:08] [Debug] [Application] Initialize: isReloading=False
[2025-11-04 오전 12:27:08] [Debug] [Application] Service Initialize: Tripolygon.UModeler.Hub.HubService
[2025-11-04 오전 12:27:08] [Debug] [Application] Service Initialize: Tripolygon.UModeler.Hub.HubAuthentication
[2025-11-04 오전 12:27:08] [Debug] [Application] Service Initialize: Tripolygon.UModeler.Editor.UI.UnityEditorApplicationUtilityService
[2025-11-04 오전 12:27:08] [Debug] [Application] Service Initialize: Tripolygon.UModeler.Editor.UI.UnityEditorApplicationCache
[2025-11-04 오전 12:27:08] [Debug] [Application] Service Initialize: Tripolygon.UModeler.Hub.HubFlashService
[2025-11-04 오전 12:27:08] [Debug] [Application] Service Initialize: Tripolygon.UModeler.Hub.HubService
[2025-11-04 오전 12:27:08] [Debug] [HubAnalytics] PosthogClient.SetAutoFlush: Value Changed: True
[2025-11-04 오전 12:27:08] [Debug] [Application] Service Initialize: Tripolygon.UModeler.Hub.HubFlashService
[2025-11-04 오전 12:27:08] [Debug] [Application] Service Initialize: Tripolygon.UModeler.Hub.HubAnalyticsService
[2025-11-04 오전 12:27:08] [Debug] [HubAnalytics] PosthogClient.SetAutoFlush: Value Changed: True
[2025-11-04 오전 12:27:08] [Debug] [Application] Service Initialize: Tripolygon.UModeler.Hub.VSAttributionService
[2025-11-04 오전 12:27:08] [Debug] [Application] Service Initialize: Tripolygon.UModeler.Hub.HubAnalyticsService
[2025-11-04 오전 12:27:08] [Debug] [Application] Service Initialize: Tripolygon.UModeler.Hub.Notifications.UpdateHubNotifier
[2025-11-04 오전 12:27:08] [Debug] [Application] Service Initialize: Tripolygon.UModeler.Hub.VSAttributionService
[2025-11-04 오전 12:27:08] [Debug] [Application] Service Initialize: Tripolygon.UModeler.Hub.Notifications.UpdateProductNotifier
[2025-11-04 오전 12:27:08] [Debug] [Application] Service Initialize: Tripolygon.UModeler.Hub.Notifications.UpdateHubNotifier
[2025-11-04 오전 12:27:08] [Debug] [Application] Service Initialize: Tripolygon.UModeler.Hub.Noticies.NoticeService
[2025-11-04 오전 12:27:08] [Debug] [Application] Service Initialize: Tripolygon.UModeler.Hub.Notifications.UpdateProductNotifier
[2025-11-04 오전 12:27:08] [Debug] [Application] Service Initialize: Tripolygon.UModeler.Hub.Views.SceneViews.HubSceneViewService
[2025-11-04 오전 12:27:08] [Debug] [Application] Service Initialize: Tripolygon.UModeler.Hub.Noticies.NoticeService
[2025-11-04 오전 12:27:08] [Debug] [Application] Service Initialize: Tripolygon.UModeler.Hub.Views.SceneViews.HubSceneViewService
[2025-11-04 오전 12:28:03] [Debug] [Application] Release: isReloading=True
[2025-11-04 오전 12:28:03] [Debug] [Application] Service Release: Tripolygon.UModeler.Hub.Views.SceneViews.HubSceneViewService
[2025-11-04 오전 12:28:03] [Debug] [Application] Service Release: Tripolygon.UModeler.Hub.Noticies.NoticeService
[2025-11-04 오전 12:28:03] [Debug] [Application] Service Release: Tripolygon.UModeler.Hub.Notifications.UpdateProductNotifier
[2025-11-04 오전 12:28:03] [Debug] [Application] Service Release: Tripolygon.UModeler.Hub.Notifications.UpdateHubNotifier
[2025-11-04 오전 12:28:03] [Debug] [Application] Service Release: Tripolygon.UModeler.Hub.VSAttributionService
[2025-11-04 오전 12:28:03] [Debug] [HubAnalytics] PosthogClient.SetAutoFlush: Value Changed: False
[2025-11-04 오전 12:28:03] [Debug] [Application] Service Release: Tripolygon.UModeler.Hub.HubAnalyticsService
[2025-11-04 오전 12:28:03] [Debug] [Application] Service Release: Tripolygon.UModeler.Hub.HubFlashService
[2025-11-04 오전 12:28:03] [Debug] [Application] Service Release: Tripolygon.UModeler.Editor.UI.UnityEditorApplicationUtilityService
[2025-11-04 오전 12:28:03] [Debug] [Application] Service Release: Tripolygon.UModeler.Hub.HubService
[2025-11-04 오전 12:28:03] [Debug] [Application] Service Release: Tripolygon.UModeler.Editor.UI.UnityEditorApplicationCache
[2025-11-04 오전 12:28:03] [Debug] [Application] Service Release: Tripolygon.UModeler.Hub.HubAuthentication
[2025-11-04 오전 12:28:08] [Debug] [Application] service: Tripolygon.UModeler.Hub.HubAuthentication = Tripolygon.UModeler.Hub.HubAuthentication
[2025-11-04 오전 12:28:08] [Debug] [Application] service: Tripolygon.UModeler.UI.IApplicationCache = Tripolygon.UModeler.Editor.UI.UnityEditorApplicationCache
[2025-11-04 오전 12:28:08] [Debug] ActualHost
[2025-11-04 오전 12:28:08] [Debug] [Application] service: Tripolygon.UModeler.Hub.IHubService = Tripolygon.UModeler.Hub.HubService
[2025-11-04 오전 12:28:08] [Debug] [Application] service: Tripolygon.UModeler.Authentication.IAuthenticationApiProvider = Tripolygon.UModeler.Editor.AuthenticationApiProviderService
[2025-11-04 오전 12:28:08] [Debug] [Application] service: Tripolygon.UModeler.UI.IObjectHierarchyService = Tripolygon.UModeler.Editor.UI.UnityEditorObjectHierarchyService
[2025-11-04 오전 12:28:08] [Debug] [Application] service: Tripolygon.UModeler.UI.IApplicationUtilityService = Tripolygon.UModeler.Editor.UI.UnityEditorApplicationUtilityService
[2025-11-04 오전 12:28:09] [Debug] [Application] service: Tripolygon.UModeler.Editor.UI.ApplicationSettings = Tripolygon.UModeler.Editor.UI.ApplicationSettings
[2025-11-04 오전 12:28:09] [Debug] [Application] service: Tripolygon.UModeler.UI.ITextureProvider = Tripolygon.UModeler.Editor.UI.UnityEditorTextureProvider
[2025-11-04 오전 12:28:09] [Debug] [Application] service: Tripolygon.UModeler.Hub.Resources.IResourcesApiProvider = Tripolygon.UModeler.Hub.ResourcesApiProviderService
[2025-11-04 오전 12:28:09] [Debug] [Application] service: Tripolygon.UModeler.Hub.HubFlashService = Tripolygon.UModeler.Hub.HubFlashService
[2025-11-04 오전 12:28:09] [Debug] [Application] service: Tripolygon.UModeler.Hub.IHubAnalyticsService = Tripolygon.UModeler.Hub.HubAnalyticsService
[2025-11-04 오전 12:28:09] [Debug] [Application] service: Tripolygon.UModeler.Hub.VSAttributionService = Tripolygon.UModeler.Hub.VSAttributionService
[2025-11-04 오전 12:28:09] [Debug] [Application] service: Tripolygon.UModeler.Hub.Notifications.UpdateHubNotifier = Tripolygon.UModeler.Hub.Notifications.UpdateHubNotifier
[2025-11-04 오전 12:28:09] [Debug] [Application] service: Tripolygon.UModeler.Hub.Notifications.UpdateProductNotifier = Tripolygon.UModeler.Hub.Notifications.UpdateProductNotifier
[2025-11-04 오전 12:28:09] [Debug] [Application] service: Tripolygon.UModeler.Hub.INoticeService = Tripolygon.UModeler.Hub.Noticies.NoticeService
[2025-11-04 오전 12:28:09] [Debug] [Application] service: Tripolygon.UModeler.Hub.Views.SceneViews.HubSceneViewService = Tripolygon.UModeler.Hub.Views.SceneViews.HubSceneViewService
[2025-11-04 오전 12:28:10] [Debug] [Application] Initialize: isReloading=True
[2025-11-04 오전 12:28:10] [Debug] [Application] Service Initialize: Tripolygon.UModeler.Hub.HubAuthentication
[2025-11-04 오전 12:28:10] [Debug] [Application] Service Initialize: Tripolygon.UModeler.Editor.UI.UnityEditorApplicationCache
[2025-11-04 오전 12:28:10] [Debug] [Application] Service Initialize: Tripolygon.UModeler.Hub.HubService
[2025-11-04 오전 12:28:10] [Debug] [Application] Service Initialize: Tripolygon.UModeler.Editor.UI.UnityEditorApplicationUtilityService
[2025-11-04 오전 12:28:10] [Debug] [Application] Service Initialize: Tripolygon.UModeler.Hub.HubFlashService
[2025-11-04 오전 12:28:10] [Debug] [HubAnalytics] PosthogClient.SetAutoFlush: Value Changed: True
[2025-11-04 오전 12:28:10] [Debug] [Application] Service Initialize: Tripolygon.UModeler.Hub.HubAnalyticsService
[2025-11-04 오전 12:28:10] [Debug] [Application] Service Initialize: Tripolygon.UModeler.Hub.VSAttributionService
[2025-11-04 오전 12:28:10] [Debug] [Application] Service Initialize: Tripolygon.UModeler.Hub.Notifications.UpdateHubNotifier
[2025-11-04 오전 12:28:10] [Debug] [Application] Service Initialize: Tripolygon.UModeler.Hub.Notifications.UpdateProductNotifier
[2025-11-04 오전 12:28:10] [Debug] [Application] Service Initialize: Tripolygon.UModeler.Hub.Noticies.NoticeService
[2025-11-04 오전 12:28:10] [Debug] [Application] Service Initialize: Tripolygon.UModeler.Hub.Views.SceneViews.HubSceneViewService
[2025-11-04 오전 12:28:11] [Debug] [Application] Release: isReloading=True
[2025-11-04 오전 12:28:11] [Debug] [Application] Release: isReloading=True
[2025-11-04 오전 12:28:11] [Debug] [Application] Service Release: Tripolygon.UModeler.Hub.Views.SceneViews.HubSceneViewService
[2025-11-04 오전 12:28:11] [Debug] [Application] Service Release: Tripolygon.UModeler.Hub.Views.SceneViews.HubSceneViewService
[2025-11-04 오전 12:28:11] [Debug] [Application] Service Release: Tripolygon.UModeler.Hub.Noticies.NoticeService
[2025-11-04 오전 12:28:11] [Debug] [Application] Service Release: Tripolygon.UModeler.Hub.Noticies.NoticeService
[2025-11-04 오전 12:28:11] [Debug] [Application] Service Release: Tripolygon.UModeler.Hub.Notifications.UpdateProductNotifier
[2025-11-04 오전 12:28:11] [Debug] [Application] Service Release: Tripolygon.UModeler.Hub.Notifications.UpdateProductNotifier
[2025-11-04 오전 12:28:11] [Debug] [Application] Service Release: Tripolygon.UModeler.Hub.Notifications.UpdateHubNotifier
[2025-11-04 오전 12:28:11] [Debug] [Application] Service Release: Tripolygon.UModeler.Hub.Notifications.UpdateHubNotifier
[2025-11-04 오전 12:28:11] [Debug] [Application] Service Release: Tripolygon.UModeler.Hub.VSAttributionService
[2025-11-04 오전 12:28:11] [Debug] [Application] Service Release: Tripolygon.UModeler.Hub.VSAttributionService
[2025-11-04 오전 12:28:13] [Debug] [Application] service: Tripolygon.UModeler.Hub.HubAuthentication = Tripolygon.UModeler.Hub.HubAuthentication
[2025-11-04 오전 12:28:13] [Debug] [Application] service: Tripolygon.UModeler.UI.IApplicationCache = Tripolygon.UModeler.Editor.UI.UnityEditorApplicationCache
[2025-11-04 오전 12:28:13] [Debug] ActualHost
[2025-11-04 오전 12:28:13] [Debug] [Application] service: Tripolygon.UModeler.Hub.IHubService = Tripolygon.UModeler.Hub.HubService
[2025-11-04 오전 12:28:13] [Debug] [Application] service: Tripolygon.UModeler.Hub.HubAuthentication = Tripolygon.UModeler.Hub.HubAuthentication
[2025-11-04 오전 12:28:13] [Debug] [Application] service: Tripolygon.UModeler.UI.IApplicationCache = Tripolygon.UModeler.Editor.UI.UnityEditorApplicationCache
[2025-11-04 오전 12:28:13] [Debug] ActualHost
[2025-11-04 오전 12:28:13] [Debug] [Application] service: Tripolygon.UModeler.Hub.IHubAnalyticsService = Tripolygon.UModeler.Hub.HubAnalyticsService
[2025-11-04 오전 12:28:13] [Debug] [Application] service: Tripolygon.UModeler.Authentication.IAuthenticationApiProvider = Tripolygon.UModeler.Editor.AuthenticationApiProviderService
[2025-11-04 오전 12:28:13] [Debug] [Application] service: Tripolygon.UModeler.Hub.VSAttributionService = Tripolygon.UModeler.Hub.VSAttributionService
[2025-11-04 오전 12:28:13] [Debug] [Application] service: Tripolygon.UModeler.UI.IApplicationUtilityService = Tripolygon.UModeler.Editor.UI.UnityEditorApplicationUtilityService
[2025-11-04 오전 12:28:13] [Debug] [Application] service: Tripolygon.UModeler.Hub.Notifications.UpdateProductNotifier = Tripolygon.UModeler.Hub.Notifications.UpdateProductNotifier
[2025-11-04 오전 12:28:13] [Debug] [Application] service: Tripolygon.UModeler.UI.ITextureProvider = Tripolygon.UModeler.Editor.UI.UnityEditorTextureProvider
[2025-11-04 오전 12:28:13] [Debug] [Application] service: Tripolygon.UModeler.Hub.Views.SceneViews.HubSceneViewService = Tripolygon.UModeler.Hub.Views.SceneViews.HubSceneViewService
[2025-11-04 오전 12:28:13] [Debug] [Application] service: Tripolygon.UModeler.Hub.HubFlashService = Tripolygon.UModeler.Hub.HubFlashService
[2025-11-04 오전 12:28:14] [Debug] [Application] Service Initialize: Tripolygon.UModeler.Hub.HubAuthentication
[2025-11-04 오전 12:28:13] [Debug] [Application] service: Tripolygon.UModeler.Hub.VSAttributionService = Tripolygon.UModeler.Hub.VSAttributionService
[2025-11-04 오전 12:28:14] [Debug] [Application] Service Initialize: Tripolygon.UModeler.Editor.UI.UnityEditorApplicationCache
[2025-11-04 오전 12:28:13] [Debug] [Application] service: Tripolygon.UModeler.Hub.Notifications.UpdateProductNotifier = Tripolygon.UModeler.Hub.Notifications.UpdateProductNotifier
[2025-11-04 오전 12:28:13] [Debug] [Application] service: Tripolygon.UModeler.Hub.INoticeService = Tripolygon.UModeler.Hub.Noticies.NoticeService
[2025-11-04 오전 12:28:13] [Debug] [Application] service: Tripolygon.UModeler.Hub.Views.SceneViews.HubSceneViewService = Tripolygon.UModeler.Hub.Views.SceneViews.HubSceneViewService
[2025-11-04 오전 12:28:14] [Debug] [Application] Service Initialize: Tripolygon.UModeler.Hub.HubService
[2025-11-04 오전 12:28:14] [Debug] [Application] Initialize: isReloading=False
[2025-11-04 오전 12:28:14] [Debug] [Application] Service Initialize: Tripolygon.UModeler.Editor.UI.UnityEditorApplicationUtilityService
[2025-11-04 오전 12:28:15] [Debug] [Application] Service Initialize: Tripolygon.UModeler.Hub.HubAuthentication
[2025-11-04 오전 12:28:15] [Debug] [Application] Service Initialize: Tripolygon.UModeler.Hub.HubFlashService
[2025-11-04 오전 12:28:15] [Debug] [Application] Service Initialize: Tripolygon.UModeler.Editor.UI.UnityEditorApplicationCache
[2025-11-04 오전 12:28:15] [Debug] [HubAnalytics] PosthogClient.SetAutoFlush: Value Changed: True
[2025-11-04 오전 12:28:15] [Debug] [Application] Service Initialize: Tripolygon.UModeler.Hub.HubService
[2025-11-04 오전 12:28:15] [Debug] [Application] Service Initialize: Tripolygon.UModeler.Hub.HubAnalyticsService
[2025-11-04 오전 12:28:15] [Debug] [Application] Service Initialize: Tripolygon.UModeler.Editor.UI.UnityEditorApplicationUtilityService
[2025-11-04 오전 12:28:15] [Debug] [Application] Service Initialize: Tripolygon.UModeler.Hub.VSAttributionService
[2025-11-04 오전 12:28:15] [Debug] [Application] Service Initialize: Tripolygon.UModeler.Hub.HubFlashService
[2025-11-04 오전 12:28:15] [Debug] [Application] Service Initialize: Tripolygon.UModeler.Hub.Notifications.UpdateHubNotifier
[2025-11-04 오전 12:28:15] [Debug] [HubAnalytics] PosthogClient.SetAutoFlush: Value Changed: True
[2025-11-04 오전 12:28:15] [Debug] [Application] Service Initialize: Tripolygon.UModeler.Hub.Notifications.UpdateProductNotifier
[2025-11-04 오전 12:28:15] [Debug] [Application] Service Initialize: Tripolygon.UModeler.Hub.Noticies.NoticeService
[2025-11-04 오전 12:28:15] [Debug] [Application] Service Initialize: Tripolygon.UModeler.Hub.HubAnalyticsService
[2025-11-04 오전 12:28:15] [Debug] [Application] Service Initialize: Tripolygon.UModeler.Hub.Views.SceneViews.HubSceneViewService
[2025-11-04 오전 12:28:15] [Debug] [Application] Service Initialize: Tripolygon.UModeler.Hub.VSAttributionService
[2025-11-04 오전 12:28:15] [Debug] [Application] Service Initialize: Tripolygon.UModeler.Hub.Notifications.UpdateHubNotifier
[2025-11-04 오전 12:28:15] [Debug] [Application] Service Initialize: Tripolygon.UModeler.Hub.Notifications.UpdateProductNotifier
[2025-11-04 오전 12:28:15] [Debug] [Application] Service Initialize: Tripolygon.UModeler.Hub.Noticies.NoticeService
[2025-11-04 오전 12:28:15] [Debug] [Application] Service Initialize: Tripolygon.UModeler.Hub.Views.SceneViews.HubSceneViewService
[2025-11-04 오전 12:30:40] [Debug] [Application] Release: isReloading=False
[2025-11-04 오전 12:30:40] [Debug] [Application] Service Release: Tripolygon.UModeler.Hub.Views.SceneViews.HubSceneViewService
[2025-11-04 오전 12:30:40] [Debug] [Application] Service Release: Tripolygon.UModeler.Hub.Noticies.NoticeService
[2025-11-04 오전 12:30:40] [Debug] [Application] Service Release: Tripolygon.UModeler.Hub.Notifications.UpdateProductNotifier
[2025-11-04 오전 12:30:41] [Debug] [Application] Service Release: Tripolygon.UModeler.Hub.Notifications.UpdateHubNotifier
[2025-11-04 오전 12:30:41] [Debug] [Application] Service Release: Tripolygon.UModeler.Hub.VSAttributionService
[2025-11-04 오전 12:30:41] [Debug] [HubAnalytics] OnAppEnd
[2025-11-04 오전 12:30:41] [Debug] [HubAnalytics] PosthogClient.SetAutoFlush: Value Changed: False
[2025-11-04 오전 12:30:41] [Debug] [HubAnalytics] PosthogClient.BatchAsync: Sending Queue Items={"api_key":"phc_DQ6tsN03HRXTr9hNBfi3DierOY5Y0SisUxgxjuAmZG5","batch":[{"event":"app end","properties":{"$set":{"sdk_region_id":"ko-KR","sdk_region_name":"South Korea","sdk_language":"Korean","sdk_os_architecture":"X64","sdk_time_zone":"Korea Standard Time","product_version":"1.1.6"},"$os":"WINDOWS","$os_name":"WINDOWS","$session_id":"3114c86b-0431-4d4a-9980-ec0b1e00ec1f_93351586-9ccc-41b2-8cf1-0f9414d979af","distinct_id":"b436f785064ea140538673dd9b84f3f59c821871","product_name":"UModeler Hub","product_version":"1.1.6","platform_name":"Unity","platform_version":"6000.0.29f1","screen_width":1920,"screen_height":1080,"viewport_width":1240,"viewport_height":509,"unity_systeminfo_language":"Korean","unity_systeminfo_os":"Windows 10  (10.0.19045) 64bit","unity_systeminfo_graphicsDeviceType":"Direct3D11","unity_systeminfo_graphicsDeviceVendor":"NVIDIA","unity_systeminfo_graphicsDeviceName":"NVIDIA GeForce RTX 2060","unity_systeminfo_deviceType":"Desktop","unity_systeminfo_processorType":"Intel(R) Core(TM) i7-9700F CPU @ 3.00GHz"},"timestamp":"2025-11-03T15:30:41.0234376Z"}]}
[2025-11-04 오전 12:30:41] [Debug] [HubAnalytics] PosthogClient.BatchAsync: Sent 1 queue item(s).
[2025-11-04 오전 12:30:41] [Debug] [Application] Service Release: Tripolygon.UModeler.Hub.HubAnalyticsService
[2025-11-04 오전 12:30:41] [Debug] [Application] Service Release: Tripolygon.UModeler.Hub.HubFlashService
[2025-11-04 오전 12:30:41] [Debug] [Application] Service Release: Tripolygon.UModeler.Editor.UI.UnityEditorApplicationUtilityService
[2025-11-04 오전 12:30:41] [Debug] [Application] Service Release: Tripolygon.UModeler.Hub.HubService
[2025-11-04 오전 12:30:41] [Debug] [Application] Service Release: Tripolygon.UModeler.Editor.UI.UnityEditorApplicationCache
[2025-11-04 오전 12:30:41] [Debug] [Application] Service Release: Tripolygon.UModeler.Hub.HubAuthentication
[2025-11-04 오전 12:31:00] [Debug] [Application] service: Tripolygon.UModeler.Hub.HubAuthentication = Tripolygon.UModeler.Hub.HubAuthentication
[2025-11-04 오전 12:31:00] [Debug] [Application] service: Tripolygon.UModeler.UI.IApplicationCache = Tripolygon.UModeler.Editor.UI.UnityEditorApplicationCache
[2025-11-04 오전 12:31:00] [Debug] ActualHost
[2025-11-04 오전 12:31:00] [Debug] [Application] service: Tripolygon.UModeler.Hub.IHubService = Tripolygon.UModeler.Hub.HubService
[2025-11-04 오전 12:31:00] [Debug] [Application] service: Tripolygon.UModeler.Authentication.IAuthenticationApiProvider = Tripolygon.UModeler.Editor.AuthenticationApiProviderService
[2025-11-04 오전 12:31:00] [Debug] [Application] service: Tripolygon.UModeler.UI.IObjectHierarchyService = Tripolygon.UModeler.Editor.UI.UnityEditorObjectHierarchyService
[2025-11-04 오전 12:31:00] [Debug] [Application] service: Tripolygon.UModeler.UI.IApplicationUtilityService = Tripolygon.UModeler.Editor.UI.UnityEditorApplicationUtilityService
[2025-11-04 오전 12:31:00] [Debug] [Application] service: Tripolygon.UModeler.Editor.UI.ApplicationSettings = Tripolygon.UModeler.Editor.UI.ApplicationSettings
[2025-11-04 오전 12:31:00] [Debug] [Application] service: Tripolygon.UModeler.UI.ITextureProvider = Tripolygon.UModeler.Editor.UI.UnityEditorTextureProvider
[2025-11-04 오전 12:31:00] [Debug] [Application] service: Tripolygon.UModeler.Hub.Resources.IResourcesApiProvider = Tripolygon.UModeler.Hub.ResourcesApiProviderService
[2025-11-04 오전 12:31:00] [Debug] [Application] service: Tripolygon.UModeler.Hub.HubFlashService = Tripolygon.UModeler.Hub.HubFlashService
[2025-11-04 오전 12:31:00] [Debug] [Application] service: Tripolygon.UModeler.Hub.IHubAnalyticsService = Tripolygon.UModeler.Hub.HubAnalyticsService
[2025-11-04 오전 12:31:00] [Debug] [Application] service: Tripolygon.UModeler.Hub.VSAttributionService = Tripolygon.UModeler.Hub.VSAttributionService
[2025-11-04 오전 12:31:00] [Debug] [Application] service: Tripolygon.UModeler.Hub.Notifications.UpdateHubNotifier = Tripolygon.UModeler.Hub.Notifications.UpdateHubNotifier
[2025-11-04 오전 12:31:00] [Debug] [Application] service: Tripolygon.UModeler.Hub.Notifications.UpdateProductNotifier = Tripolygon.UModeler.Hub.Notifications.UpdateProductNotifier
[2025-11-04 오전 12:31:00] [Debug] [Application] service: Tripolygon.UModeler.Hub.INoticeService = Tripolygon.UModeler.Hub.Noticies.NoticeService
[2025-11-04 오전 12:31:00] [Debug] [Application] service: Tripolygon.UModeler.Hub.Views.SceneViews.HubSceneViewService = Tripolygon.UModeler.Hub.Views.SceneViews.HubSceneViewService
[2025-11-04 오전 12:31:01] [Debug] [Application] Initialize: isReloading=False
[2025-11-04 오전 12:31:01] [Debug] [Application] Service Initialize: Tripolygon.UModeler.Hub.HubAuthentication
[2025-11-04 오전 12:31:01] [Debug] [Application] Service Initialize: Tripolygon.UModeler.Editor.UI.UnityEditorApplicationCache
[2025-11-04 오전 12:31:01] [Debug] [Application] Service Initialize: Tripolygon.UModeler.Hub.HubService
[2025-11-04 오전 12:31:01] [Debug] [Application] Service Initialize: Tripolygon.UModeler.Editor.UI.UnityEditorApplicationUtilityService
[2025-11-04 오전 12:31:01] [Debug] [Application] Service Initialize: Tripolygon.UModeler.Hub.HubFlashService
[2025-11-04 오전 12:31:01] [Debug] [HubAnalytics] PosthogClient.SetAutoFlush: Value Changed: True
[2025-11-04 오전 12:31:01] [Debug] [Application] Service Initialize: Tripolygon.UModeler.Hub.HubAnalyticsService
[2025-11-04 오전 12:31:01] [Debug] [Application] Service Initialize: Tripolygon.UModeler.Hub.VSAttributionService
[2025-11-04 오전 12:31:01] [Debug] [Application] Service Initialize: Tripolygon.UModeler.Hub.Notifications.UpdateHubNotifier
[2025-11-04 오전 12:31:01] [Debug] [Application] Service Initialize: Tripolygon.UModeler.Hub.Notifications.UpdateProductNotifier
[2025-11-04 오전 12:31:01] [Debug] [Application] Service Initialize: Tripolygon.UModeler.Hub.Noticies.NoticeService
[2025-11-04 오전 12:31:02] [Debug] [Application] Service Initialize: Tripolygon.UModeler.Hub.Views.SceneViews.HubSceneViewService
[2025-11-04 오전 12:31:07] [Debug] [HubAnalytics] OnAppStart
[2025-11-04 오전 12:31:10] [Debug] [Application] Release: isReloading=True
[2025-11-04 오전 12:31:10] [Debug] [Application] Service Release: Tripolygon.UModeler.Hub.Views.SceneViews.HubSceneViewService
[2025-11-04 오전 12:31:10] [Debug] [Application] Service Release: Tripolygon.UModeler.Hub.Noticies.NoticeService
[2025-11-04 오전 12:31:10] [Debug] [Application] Service Release: Tripolygon.UModeler.Hub.Notifications.UpdateProductNotifier
[2025-11-04 오전 12:31:10] [Debug] [Application] Service Release: Tripolygon.UModeler.Hub.Notifications.UpdateHubNotifier
[2025-11-04 오전 12:31:10] [Debug] [Application] Service Release: Tripolygon.UModeler.Hub.VSAttributionService
[2025-11-04 오전 12:31:10] [Debug] [HubAnalytics] PosthogClient.SetAutoFlush: Value Changed: False
[2025-11-04 오전 12:31:10] [Debug] [HubAnalytics] PosthogClient.BatchAsync: Sending Queue Items={"api_key":"phc_DQ6tsN03HRXTr9hNBfi3DierOY5Y0SisUxgxjuAmZG5","batch":[{"event":"app start","properties":{"$set":{"sdk_region_id":"ko-KR","sdk_region_name":"South Korea","sdk_language":"Korean","sdk_os_architecture":"X64","sdk_time_zone":"Korea Standard Time","product_version":"1.1.6","platform_account_id":"anonymous","platform_account_name":"O4WQgtmbFGXzcMX1umPsqXwWSrpKgKlLHtWCzEexQJe4oT1uGnNwIynQWxumRnstUFNz/4sfKQltHSNT9c175v2USKjYUKn4Da6EexhneyMiIoUhRRelht+2MlRQjNpPEQB2N3/jLRo7zU4LoQK6NlY9CIczTtTXkR0XjMQbQsgccn3VtzrXoXBv6snGId8hsFThCJjVZ1SJdXKNFruL0SFt2a0N2/SDntDK5SeX2LoNaCrKZkMaMjMLMvOeWRfeTFwnk5NBS2gBzcp3a5IWquo/izbusNvdgDoLasvYOEHe4te1wr4vM49VOSrLUnxuKoL8ePzpAz/oFPqfNEcRIg=="},"$os":"WINDOWS","$os_name":"WINDOWS","$session_id":"3e31cf78-1345-403d-9422-9eca2a238452_5ef2dd7f-39cc-4f61-aa8c-0d7d2945c70c","distinct_id":"b436f785064ea140538673dd9b84f3f59c821871","product_name":"UModeler Hub","product_version":"1.1.6","platform_name":"Unity","platform_version":"6000.0.29f1","screen_width":1920,"screen_height":1080,"viewport_width":1229,"viewport_height":390,"unity_systeminfo_language":"Korean","unity_systeminfo_os":"Windows 10  (10.0.19045) 64bit","unity_systeminfo_graphicsDeviceType":"Direct3D11","unity_systeminfo_graphicsDeviceVendor":"NVIDIA","unity_systeminfo_graphicsDeviceName":"NVIDIA GeForce RTX 2060","unity_systeminfo_deviceType":"Desktop","unity_systeminfo_processorType":"Intel(R) Core(TM) i7-9700F CPU @ 3.00GHz"},"timestamp":"2025-11-03T15:31:07.6929847Z"}]}
[2025-11-04 오전 12:31:11] [Debug] [HubAnalytics] PosthogClient.BatchAsync: Sent 1 queue item(s).
[2025-11-04 오전 12:31:11] [Debug] [Application] Service Release: Tripolygon.UModeler.Hub.HubAnalyticsService
[2025-11-04 오전 12:31:11] [Debug] [Application] Service Release: Tripolygon.UModeler.Hub.HubFlashService
[2025-11-04 오전 12:31:11] [Debug] [Application] Service Release: Tripolygon.UModeler.Editor.UI.UnityEditorApplicationUtilityService
[2025-11-04 오전 12:31:11] [Debug] [Application] Service Release: Tripolygon.UModeler.Hub.HubService
[2025-11-04 오전 12:31:11] [Debug] [Application] Service Release: Tripolygon.UModeler.Editor.UI.UnityEditorApplicationCache
[2025-11-04 오전 12:31:11] [Debug] [Application] Service Release: Tripolygon.UModeler.Hub.HubAuthentication
[2025-11-04 오전 12:31:15] [Debug] [Application] service: Tripolygon.UModeler.Hub.HubAuthentication = Tripolygon.UModeler.Hub.HubAuthentication
[2025-11-04 오전 12:31:15] [Debug] [Application] service: Tripolygon.UModeler.UI.IApplicationCache = Tripolygon.UModeler.Editor.UI.UnityEditorApplicationCache
[2025-11-04 오전 12:31:15] [Debug] ActualHost
[2025-11-04 오전 12:31:15] [Debug] [Application] service: Tripolygon.UModeler.Hub.IHubService = Tripolygon.UModeler.Hub.HubService
[2025-11-04 오전 12:31:15] [Debug] [Application] service: Tripolygon.UModeler.Authentication.IAuthenticationApiProvider = Tripolygon.UModeler.Editor.AuthenticationApiProviderService
[2025-11-04 오전 12:31:15] [Debug] [Application] service: Tripolygon.UModeler.UI.IObjectHierarchyService = Tripolygon.UModeler.Editor.UI.UnityEditorObjectHierarchyService
[2025-11-04 오전 12:31:15] [Debug] [Application] service: Tripolygon.UModeler.UI.IApplicationUtilityService = Tripolygon.UModeler.Editor.UI.UnityEditorApplicationUtilityService
[2025-11-04 오전 12:31:15] [Debug] [Application] service: Tripolygon.UModeler.Editor.UI.ApplicationSettings = Tripolygon.UModeler.Editor.UI.ApplicationSettings
[2025-11-04 오전 12:31:15] [Debug] [Application] service: Tripolygon.UModeler.UI.ITextureProvider = Tripolygon.UModeler.Editor.UI.UnityEditorTextureProvider
[2025-11-04 오전 12:31:15] [Debug] [Application] service: Tripolygon.UModeler.Hub.Resources.IResourcesApiProvider = Tripolygon.UModeler.Hub.ResourcesApiProviderService
[2025-11-04 오전 12:31:15] [Debug] [Application] service: Tripolygon.UModeler.Hub.HubFlashService = Tripolygon.UModeler.Hub.HubFlashService
[2025-11-04 오전 12:31:15] [Debug] [Application] service: Tripolygon.UModeler.Hub.IHubAnalyticsService = Tripolygon.UModeler.Hub.HubAnalyticsService
[2025-11-04 오전 12:31:15] [Debug] [Application] service: Tripolygon.UModeler.Hub.VSAttributionService = Tripolygon.UModeler.Hub.VSAttributionService
[2025-11-04 오전 12:31:15] [Debug] [Application] service: Tripolygon.UModeler.Hub.Notifications.UpdateHubNotifier = Tripolygon.UModeler.Hub.Notifications.UpdateHubNotifier
[2025-11-04 오전 12:31:15] [Debug] [Application] service: Tripolygon.UModeler.Hub.Notifications.UpdateProductNotifier = Tripolygon.UModeler.Hub.Notifications.UpdateProductNotifier
[2025-11-04 오전 12:31:15] [Debug] [Application] service: Tripolygon.UModeler.Hub.INoticeService = Tripolygon.UModeler.Hub.Noticies.NoticeService
[2025-11-04 오전 12:31:15] [Debug] [Application] service: Tripolygon.UModeler.Hub.Views.SceneViews.HubSceneViewService = Tripolygon.UModeler.Hub.Views.SceneViews.HubSceneViewService
[2025-11-04 오전 12:31:17] [Debug] [Application] Initialize: isReloading=True
[2025-11-04 오전 12:31:17] [Debug] [Application] Service Initialize: Tripolygon.UModeler.Hub.HubAuthentication
[2025-11-04 오전 12:31:17] [Debug] [Application] Service Initialize: Tripolygon.UModeler.Editor.UI.UnityEditorApplicationCache
[2025-11-04 오전 12:31:17] [Debug] [Application] Service Initialize: Tripolygon.UModeler.Hub.HubService
[2025-11-04 오전 12:31:17] [Debug] [Application] Service Initialize: Tripolygon.UModeler.Editor.UI.UnityEditorApplicationUtilityService
[2025-11-04 오전 12:31:17] [Debug] [Application] Service Initialize: Tripolygon.UModeler.Hub.HubFlashService
[2025-11-04 오전 12:31:17] [Debug] [HubAnalytics] PosthogClient.SetAutoFlush: Value Changed: True
[2025-11-04 오전 12:31:17] [Debug] [Application] Service Initialize: Tripolygon.UModeler.Hub.HubAnalyticsService
[2025-11-04 오전 12:31:17] [Debug] [Application] Service Initialize: Tripolygon.UModeler.Hub.VSAttributionService
[2025-11-04 오전 12:31:17] [Debug] [Application] Service Initialize: Tripolygon.UModeler.Hub.Notifications.UpdateHubNotifier
[2025-11-04 오전 12:31:17] [Debug] [Application] Service Initialize: Tripolygon.UModeler.Hub.Notifications.UpdateProductNotifier
[2025-11-04 오전 12:31:17] [Debug] [Application] Service Initialize: Tripolygon.UModeler.Hub.Noticies.NoticeService
[2025-11-04 오전 12:31:17] [Debug] [Application] Service Initialize: Tripolygon.UModeler.Hub.Views.SceneViews.HubSceneViewService
[2025-11-04 오전 12:33:56] [Debug] [Application] Release: isReloading=True
[2025-11-04 오전 12:33:56] [Debug] [Application] Service Release: Tripolygon.UModeler.Hub.Views.SceneViews.HubSceneViewService
[2025-11-04 오전 12:33:56] [Debug] [Application] Service Release: Tripolygon.UModeler.Hub.Noticies.NoticeService
[2025-11-04 오전 12:33:56] [Debug] [Application] Service Release: Tripolygon.UModeler.Hub.Notifications.UpdateProductNotifier
[2025-11-04 오전 12:33:56] [Debug] [Application] Service Release: Tripolygon.UModeler.Hub.Notifications.UpdateHubNotifier
[2025-11-04 오전 12:33:56] [Debug] [Application] Service Release: Tripolygon.UModeler.Hub.VSAttributionService
[2025-11-04 오전 12:33:56] [Debug] [HubAnalytics] PosthogClient.SetAutoFlush: Value Changed: False
[2025-11-04 오전 12:33:56] [Debug] [Application] Service Release: Tripolygon.UModeler.Hub.HubAnalyticsService
[2025-11-04 오전 12:33:56] [Debug] [Application] Service Release: Tripolygon.UModeler.Hub.HubFlashService
[2025-11-04 오전 12:33:56] [Debug] [Application] Service Release: Tripolygon.UModeler.Editor.UI.UnityEditorApplicationUtilityService
[2025-11-04 오전 12:33:56] [Debug] [Application] Service Release: Tripolygon.UModeler.Hub.HubService
[2025-11-04 오전 12:33:56] [Debug] [Application] Service Release: Tripolygon.UModeler.Editor.UI.UnityEditorApplicationCache
[2025-11-04 오전 12:33:56] [Debug] [Application] Service Release: Tripolygon.UModeler.Hub.HubAuthentication
[2025-11-04 오전 12:34:03] [Debug] [Application] service: Tripolygon.UModeler.Hub.HubAuthentication = Tripolygon.UModeler.Hub.HubAuthentication
[2025-11-04 오전 12:34:03] [Debug] [Application] service: Tripolygon.UModeler.UI.IApplicationCache = Tripolygon.UModeler.Editor.UI.UnityEditorApplicationCache
[2025-11-04 오전 12:34:03] [Debug] ActualHost
[2025-11-04 오전 12:34:03] [Debug] [Application] service: Tripolygon.UModeler.Hub.IHubService = Tripolygon.UModeler.Hub.HubService
[2025-11-04 오전 12:34:03] [Debug] [Application] service: Tripolygon.UModeler.Authentication.IAuthenticationApiProvider = Tripolygon.UModeler.Editor.AuthenticationApiProviderService
[2025-11-04 오전 12:34:03] [Debug] [Application] service: Tripolygon.UModeler.UI.IObjectHierarchyService = Tripolygon.UModeler.Editor.UI.UnityEditorObjectHierarchyService
[2025-11-04 오전 12:34:03] [Debug] [Application] service: Tripolygon.UModeler.UI.IApplicationUtilityService = Tripolygon.UModeler.Editor.UI.UnityEditorApplicationUtilityService
[2025-11-04 오전 12:34:03] [Debug] [Application] service: Tripolygon.UModeler.Editor.UI.ApplicationSettings = Tripolygon.UModeler.Editor.UI.ApplicationSettings
[2025-11-04 오전 12:34:03] [Debug] [Application] service: Tripolygon.UModeler.UI.ITextureProvider = Tripolygon.UModeler.Editor.UI.UnityEditorTextureProvider
[2025-11-04 오전 12:34:03] [Debug] [Application] service: Tripolygon.UModeler.Hub.Resources.IResourcesApiProvider = Tripolygon.UModeler.Hub.ResourcesApiProviderService
[2025-11-04 오전 12:34:03] [Debug] [Application] service: Tripolygon.UModeler.Hub.HubFlashService = Tripolygon.UModeler.Hub.HubFlashService
[2025-11-04 오전 12:34:03] [Debug] [Application] service: Tripolygon.UModeler.Hub.IHubAnalyticsService = Tripolygon.UModeler.Hub.HubAnalyticsService
[2025-11-04 오전 12:34:03] [Debug] [Application] service: Tripolygon.UModeler.Hub.VSAttributionService = Tripolygon.UModeler.Hub.VSAttributionService
[2025-11-04 오전 12:34:03] [Debug] [Application] service: Tripolygon.UModeler.Hub.Notifications.UpdateHubNotifier = Tripolygon.UModeler.Hub.Notifications.UpdateHubNotifier
[2025-11-04 오전 12:34:03] [Debug] [Application] service: Tripolygon.UModeler.Hub.Notifications.UpdateProductNotifier = Tripolygon.UModeler.Hub.Notifications.UpdateProductNotifier
[2025-11-04 오전 12:34:03] [Debug] [Application] service: Tripolygon.UModeler.Hub.INoticeService = Tripolygon.UModeler.Hub.Noticies.NoticeService
[2025-11-04 오전 12:34:03] [Debug] [Application] service: Tripolygon.UModeler.Hub.Views.SceneViews.HubSceneViewService = Tripolygon.UModeler.Hub.Views.SceneViews.HubSceneViewService
[2025-11-04 오전 12:34:04] [Debug] [Application] Initialize: isReloading=True
[2025-11-04 오전 12:34:05] [Debug] [Application] Service Initialize: Tripolygon.UModeler.Hub.HubAuthentication
[2025-11-04 오전 12:34:05] [Debug] [Application] Service Initialize: Tripolygon.UModeler.Editor.UI.UnityEditorApplicationCache
[2025-11-04 오전 12:34:05] [Debug] [Application] Service Initialize: Tripolygon.UModeler.Hub.HubService
[2025-11-04 오전 12:34:05] [Debug] [Application] Service Initialize: Tripolygon.UModeler.Editor.UI.UnityEditorApplicationUtilityService
[2025-11-04 오전 12:34:05] [Debug] [Application] Service Initialize: Tripolygon.UModeler.Hub.HubFlashService
[2025-11-04 오전 12:34:05] [Debug] [HubAnalytics] PosthogClient.SetAutoFlush: Value Changed: True
[2025-11-04 오전 12:34:05] [Debug] [Application] Service Initialize: Tripolygon.UModeler.Hub.HubAnalyticsService
[2025-11-04 오전 12:34:05] [Debug] [Application] Service Initialize: Tripolygon.UModeler.Hub.VSAttributionService
[2025-11-04 오전 12:34:05] [Debug] [Application] Service Initialize: Tripolygon.UModeler.Hub.Notifications.UpdateHubNotifier
[2025-11-04 오전 12:34:05] [Debug] [Application] Service Initialize: Tripolygon.UModeler.Hub.Notifications.UpdateProductNotifier
[2025-11-04 오전 12:34:05] [Debug] [Application] Service Initialize: Tripolygon.UModeler.Hub.Noticies.NoticeService
[2025-11-04 오전 12:34:05] [Debug] [Application] Service Initialize: Tripolygon.UModeler.Hub.Views.SceneViews.HubSceneViewService
[2025-11-04 오전 12:34:24] [Debug] [Application] Release: isReloading=True
[2025-11-04 오전 12:34:24] [Debug] [Application] Service Release: Tripolygon.UModeler.Hub.Views.SceneViews.HubSceneViewService
[2025-11-04 오전 12:34:24] [Debug] [Application] Service Release: Tripolygon.UModeler.Hub.Noticies.NoticeService
[2025-11-04 오전 12:34:24] [Debug] [Application] Service Release: Tripolygon.UModeler.Hub.Notifications.UpdateProductNotifier
[2025-11-04 오전 12:34:24] [Debug] [Application] Service Release: Tripolygon.UModeler.Hub.Notifications.UpdateHubNotifier
[2025-11-04 오전 12:34:24] [Debug] [Application] Service Release: Tripolygon.UModeler.Hub.VSAttributionService
[2025-11-04 오전 12:34:24] [Debug] [HubAnalytics] PosthogClient.SetAutoFlush: Value Changed: False
[2025-11-04 오전 12:34:24] [Debug] [Application] Service Release: Tripolygon.UModeler.Hub.HubAnalyticsService
[2025-11-04 오전 12:34:24] [Debug] [Application] Service Release: Tripolygon.UModeler.Hub.HubFlashService
[2025-11-04 오전 12:34:24] [Debug] [Application] Service Release: Tripolygon.UModeler.Editor.UI.UnityEditorApplicationUtilityService
[2025-11-04 오전 12:34:24] [Debug] [Application] Service Release: Tripolygon.UModeler.Hub.HubService
[2025-11-04 오전 12:34:24] [Debug] [Application] Service Release: Tripolygon.UModeler.Editor.UI.UnityEditorApplicationCache
[2025-11-04 오전 12:34:24] [Debug] [Application] Service Release: Tripolygon.UModeler.Hub.HubAuthentication
[2025-11-04 오전 12:34:29] [Debug] [Application] service: Tripolygon.UModeler.Hub.HubAuthentication = Tripolygon.UModeler.Hub.HubAuthentication
[2025-11-04 오전 12:34:29] [Debug] [Application] service: Tripolygon.UModeler.UI.IApplicationCache = Tripolygon.UModeler.Editor.UI.UnityEditorApplicationCache
[2025-11-04 오전 12:34:29] [Debug] ActualHost
[2025-11-04 오전 12:34:29] [Debug] [Application] service: Tripolygon.UModeler.Hub.IHubService = Tripolygon.UModeler.Hub.HubService
[2025-11-04 오전 12:34:29] [Debug] [Application] service: Tripolygon.UModeler.Authentication.IAuthenticationApiProvider = Tripolygon.UModeler.Editor.AuthenticationApiProviderService
[2025-11-04 오전 12:34:29] [Debug] [Application] service: Tripolygon.UModeler.UI.IObjectHierarchyService = Tripolygon.UModeler.Editor.UI.UnityEditorObjectHierarchyService
[2025-11-04 오전 12:34:29] [Debug] [Application] service: Tripolygon.UModeler.UI.IApplicationUtilityService = Tripolygon.UModeler.Editor.UI.UnityEditorApplicationUtilityService
[2025-11-04 오전 12:34:29] [Debug] [Application] service: Tripolygon.UModeler.Editor.UI.ApplicationSettings = Tripolygon.UModeler.Editor.UI.ApplicationSettings
[2025-11-04 오전 12:34:29] [Debug] [Application] service: Tripolygon.UModeler.UI.ITextureProvider = Tripolygon.UModeler.Editor.UI.UnityEditorTextureProvider
[2025-11-04 오전 12:34:29] [Debug] [Application] service: Tripolygon.UModeler.Hub.Resources.IResourcesApiProvider = Tripolygon.UModeler.Hub.ResourcesApiProviderService
[2025-11-04 오전 12:34:29] [Debug] [Application] service: Tripolygon.UModeler.Hub.HubFlashService = Tripolygon.UModeler.Hub.HubFlashService
[2025-11-04 오전 12:34:29] [Debug] [Application] service: Tripolygon.UModeler.Hub.IHubAnalyticsService = Tripolygon.UModeler.Hub.HubAnalyticsService
[2025-11-04 오전 12:34:29] [Debug] [Application] service: Tripolygon.UModeler.Hub.VSAttributionService = Tripolygon.UModeler.Hub.VSAttributionService
[2025-11-04 오전 12:34:29] [Debug] [Application] service: Tripolygon.UModeler.Hub.Notifications.UpdateHubNotifier = Tripolygon.UModeler.Hub.Notifications.UpdateHubNotifier
[2025-11-04 오전 12:34:29] [Debug] [Application] service: Tripolygon.UModeler.Hub.Notifications.UpdateProductNotifier = Tripolygon.UModeler.Hub.Notifications.UpdateProductNotifier
[2025-11-04 오전 12:34:29] [Debug] [Application] service: Tripolygon.UModeler.Hub.INoticeService = Tripolygon.UModeler.Hub.Noticies.NoticeService
[2025-11-04 오전 12:34:29] [Debug] [Application] service: Tripolygon.UModeler.Hub.Views.SceneViews.HubSceneViewService = Tripolygon.UModeler.Hub.Views.SceneViews.HubSceneViewService
[2025-11-04 오전 12:34:31] [Debug] [Application] Initialize: isReloading=True
[2025-11-04 오전 12:34:31] [Debug] [Application] Service Initialize: Tripolygon.UModeler.Hub.HubAuthentication
[2025-11-04 오전 12:34:31] [Debug] [Application] Service Initialize: Tripolygon.UModeler.Editor.UI.UnityEditorApplicationCache
[2025-11-04 오전 12:34:31] [Debug] [Application] Service Initialize: Tripolygon.UModeler.Hub.HubService
[2025-11-04 오전 12:34:31] [Debug] [Application] Service Initialize: Tripolygon.UModeler.Editor.UI.UnityEditorApplicationUtilityService
[2025-11-04 오전 12:34:31] [Debug] [Application] Service Initialize: Tripolygon.UModeler.Hub.HubFlashService
[2025-11-04 오전 12:34:31] [Debug] [HubAnalytics] PosthogClient.SetAutoFlush: Value Changed: True
[2025-11-04 오전 12:34:31] [Debug] [Application] Service Initialize: Tripolygon.UModeler.Hub.HubAnalyticsService
[2025-11-04 오전 12:34:31] [Debug] [Application] Service Initialize: Tripolygon.UModeler.Hub.VSAttributionService
[2025-11-04 오전 12:34:31] [Debug] [Application] Service Initialize: Tripolygon.UModeler.Hub.Notifications.UpdateHubNotifier
[2025-11-04 오전 12:34:31] [Debug] [Application] Service Initialize: Tripolygon.UModeler.Hub.Notifications.UpdateProductNotifier
[2025-11-04 오전 12:34:31] [Debug] [Application] Service Initialize: Tripolygon.UModeler.Hub.Noticies.NoticeService
[2025-11-04 오전 12:34:31] [Debug] [Application] Service Initialize: Tripolygon.UModeler.Hub.Views.SceneViews.HubSceneViewService
[2025-11-04 오전 12:36:03] [Debug] [Application] Release: isReloading=True
[2025-11-04 오전 12:36:03] [Debug] [Application] Service Release: Tripolygon.UModeler.Hub.Views.SceneViews.HubSceneViewService
[2025-11-04 오전 12:36:03] [Debug] [Application] Service Release: Tripolygon.UModeler.Hub.Noticies.NoticeService
[2025-11-04 오전 12:36:03] [Debug] [Application] Service Release: Tripolygon.UModeler.Hub.Notifications.UpdateProductNotifier
[2025-11-04 오전 12:36:03] [Debug] [Application] Service Release: Tripolygon.UModeler.Hub.Notifications.UpdateHubNotifier
[2025-11-04 오전 12:36:03] [Debug] [Application] Service Release: Tripolygon.UModeler.Hub.VSAttributionService
[2025-11-04 오전 12:36:03] [Debug] [HubAnalytics] PosthogClient.SetAutoFlush: Value Changed: False
[2025-11-04 오전 12:36:03] [Debug] [Application] Service Release: Tripolygon.UModeler.Hub.HubAnalyticsService
[2025-11-04 오전 12:36:03] [Debug] [Application] Service Release: Tripolygon.UModeler.Hub.HubFlashService
[2025-11-04 오전 12:36:03] [Debug] [Application] Service Release: Tripolygon.UModeler.Editor.UI.UnityEditorApplicationUtilityService
[2025-11-04 오전 12:36:03] [Debug] [Application] Service Release: Tripolygon.UModeler.Hub.HubService
[2025-11-04 오전 12:36:03] [Debug] [Application] Service Release: Tripolygon.UModeler.Editor.UI.UnityEditorApplicationCache
[2025-11-04 오전 12:36:03] [Debug] [Application] Service Release: Tripolygon.UModeler.Hub.HubAuthentication
[2025-11-04 오전 12:36:08] [Debug] [Application] service: Tripolygon.UModeler.Hub.HubAuthentication = Tripolygon.UModeler.Hub.HubAuthentication
[2025-11-04 오전 12:36:08] [Debug] [Application] service: Tripolygon.UModeler.UI.IApplicationCache = Tripolygon.UModeler.Editor.UI.UnityEditorApplicationCache
[2025-11-04 오전 12:36:08] [Debug] ActualHost
[2025-11-04 오전 12:36:08] [Debug] [Application] service: Tripolygon.UModeler.Hub.IHubService = Tripolygon.UModeler.Hub.HubService
[2025-11-04 오전 12:36:08] [Debug] [Application] service: Tripolygon.UModeler.Authentication.IAuthenticationApiProvider = Tripolygon.UModeler.Editor.AuthenticationApiProviderService
[2025-11-04 오전 12:36:08] [Debug] [Application] service: Tripolygon.UModeler.UI.IObjectHierarchyService = Tripolygon.UModeler.Editor.UI.UnityEditorObjectHierarchyService
[2025-11-04 오전 12:36:08] [Debug] [Application] service: Tripolygon.UModeler.UI.IApplicationUtilityService = Tripolygon.UModeler.Editor.UI.UnityEditorApplicationUtilityService
[2025-11-04 오전 12:36:08] [Debug] [Application] service: Tripolygon.UModeler.Editor.UI.ApplicationSettings = Tripolygon.UModeler.Editor.UI.ApplicationSettings
[2025-11-04 오전 12:36:08] [Debug] [Application] service: Tripolygon.UModeler.UI.ITextureProvider = Tripolygon.UModeler.Editor.UI.UnityEditorTextureProvider
[2025-11-04 오전 12:36:08] [Debug] [Application] service: Tripolygon.UModeler.Hub.Resources.IResourcesApiProvider = Tripolygon.UModeler.Hub.ResourcesApiProviderService
[2025-11-04 오전 12:36:08] [Debug] [Application] service: Tripolygon.UModeler.Hub.HubFlashService = Tripolygon.UModeler.Hub.HubFlashService
[2025-11-04 오전 12:36:08] [Debug] [Application] service: Tripolygon.UModeler.Hub.IHubAnalyticsService = Tripolygon.UModeler.Hub.HubAnalyticsService
[2025-11-04 오전 12:36:08] [Debug] [Application] service: Tripolygon.UModeler.Hub.VSAttributionService = Tripolygon.UModeler.Hub.VSAttributionService
[2025-11-04 오전 12:36:08] [Debug] [Application] service: Tripolygon.UModeler.Hub.Notifications.UpdateHubNotifier = Tripolygon.UModeler.Hub.Notifications.UpdateHubNotifier
[2025-11-04 오전 12:36:08] [Debug] [Application] service: Tripolygon.UModeler.Hub.Notifications.UpdateProductNotifier = Tripolygon.UModeler.Hub.Notifications.UpdateProductNotifier
[2025-11-04 오전 12:36:08] [Debug] [Application] service: Tripolygon.UModeler.Hub.INoticeService = Tripolygon.UModeler.Hub.Noticies.NoticeService
[2025-11-04 오전 12:36:08] [Debug] [Application] service: Tripolygon.UModeler.Hub.Views.SceneViews.HubSceneViewService = Tripolygon.UModeler.Hub.Views.SceneViews.HubSceneViewService
[2025-11-04 오전 12:36:09] [Debug] [Application] Initialize: isReloading=True
[2025-11-04 오전 12:36:10] [Debug] [Application] Service Initialize: Tripolygon.UModeler.Hub.HubAuthentication
[2025-11-04 오전 12:36:10] [Debug] [Application] Service Initialize: Tripolygon.UModeler.Editor.UI.UnityEditorApplicationCache
[2025-11-04 오전 12:36:10] [Debug] [Application] Service Initialize: Tripolygon.UModeler.Hub.HubService
[2025-11-04 오전 12:36:10] [Debug] [Application] Service Initialize: Tripolygon.UModeler.Editor.UI.UnityEditorApplicationUtilityService
[2025-11-04 오전 12:36:10] [Debug] [Application] Service Initialize: Tripolygon.UModeler.Hub.HubFlashService
[2025-11-04 오전 12:36:10] [Debug] [HubAnalytics] PosthogClient.SetAutoFlush: Value Changed: True
[2025-11-04 오전 12:36:10] [Debug] [Application] Service Initialize: Tripolygon.UModeler.Hub.HubAnalyticsService
[2025-11-04 오전 12:36:10] [Debug] [Application] Service Initialize: Tripolygon.UModeler.Hub.VSAttributionService
[2025-11-04 오전 12:36:10] [Debug] [Application] Service Initialize: Tripolygon.UModeler.Hub.Notifications.UpdateHubNotifier
[2025-11-04 오전 12:36:10] [Debug] [Application] Service Initialize: Tripolygon.UModeler.Hub.Notifications.UpdateProductNotifier
[2025-11-04 오전 12:36:10] [Debug] [Application] Service Initialize: Tripolygon.UModeler.Hub.Noticies.NoticeService
[2025-11-04 오전 12:36:10] [Debug] [Application] Service Initialize: Tripolygon.UModeler.Hub.Views.SceneViews.HubSceneViewService
[2025-11-04 오전 12:39:27] [Debug] [Application] Release: isReloading=False
[2025-11-04 오전 12:39:27] [Debug] [Application] Service Release: Tripolygon.UModeler.Hub.Views.SceneViews.HubSceneViewService
[2025-11-04 오전 12:39:27] [Debug] [Application] Service Release: Tripolygon.UModeler.Hub.Noticies.NoticeService
[2025-11-04 오전 12:39:27] [Debug] [Application] Service Release: Tripolygon.UModeler.Hub.Notifications.UpdateProductNotifier
[2025-11-04 오전 12:39:27] [Debug] [Application] Service Release: Tripolygon.UModeler.Hub.Notifications.UpdateHubNotifier
[2025-11-04 오전 12:39:27] [Debug] [Application] Service Release: Tripolygon.UModeler.Hub.VSAttributionService
[2025-11-04 오전 12:39:27] [Debug] [HubAnalytics] OnAppEnd
[2025-11-04 오전 12:39:27] [Debug] [HubAnalytics] PosthogClient.SetAutoFlush: Value Changed: False
[2025-11-04 오전 12:39:27] [Debug] [HubAnalytics] PosthogClient.BatchAsync: Sending Queue Items={"api_key":"phc_DQ6tsN03HRXTr9hNBfi3DierOY5Y0SisUxgxjuAmZG5","batch":[{"event":"app end","properties":{"$set":{"sdk_region_id":"ko-KR","sdk_region_name":"South Korea","sdk_language":"Korean","sdk_os_architecture":"X64","sdk_time_zone":"Korea Standard Time","product_version":"1.1.6"},"$os":"WINDOWS","$os_name":"WINDOWS","$session_id":"24acd19d-6044-4d17-a8f6-74a44273a5cc_3ccc9529-3406-4c0d-a7bc-9eff523cadbf","distinct_id":"b436f785064ea140538673dd9b84f3f59c821871","product_name":"UModeler Hub","product_version":"1.1.6","platform_name":"Unity","platform_version":"6000.0.29f1","screen_width":1920,"screen_height":1080,"viewport_width":1229,"viewport_height":488,"unity_systeminfo_language":"Korean","unity_systeminfo_os":"Windows 10  (10.0.19045) 64bit","unity_systeminfo_graphicsDeviceType":"Direct3D11","unity_systeminfo_graphicsDeviceVendor":"NVIDIA","unity_systeminfo_graphicsDeviceName":"NVIDIA GeForce RTX 2060","unity_systeminfo_deviceType":"Desktop","unity_systeminfo_processorType":"Intel(R) Core(TM) i7-9700F CPU @ 3.00GHz"},"timestamp":"2025-11-03T15:39:27.473666Z"}]}
[2025-11-04 오전 12:39:27] [Debug] [HubAnalytics] PosthogClient.BatchAsync: Sent 1 queue item(s).
[2025-11-04 오전 12:39:27] [Debug] [Application] Service Release: Tripolygon.UModeler.Hub.HubAnalyticsService
[2025-11-04 오전 12:39:27] [Debug] [Application] Service Release: Tripolygon.UModeler.Hub.HubFlashService
[2025-11-04 오전 12:39:27] [Debug] [Application] Service Release: Tripolygon.UModeler.Editor.UI.UnityEditorApplicationUtilityService
[2025-11-04 오전 12:39:27] [Debug] [Application] Service Release: Tripolygon.UModeler.Hub.HubService
[2025-11-04 오전 12:39:27] [Debug] [Application] Service Release: Tripolygon.UModeler.Editor.UI.UnityEditorApplicationCache
[2025-11-04 오전 12:39:27] [Debug] [Application] Service Release: Tripolygon.UModeler.Hub.HubAuthentication
