[2025-11-13 오전 12:05:23] [Debug] [Application] service: Tripolygon.UModeler.Hub.HubAuthentication = Tripolygon.UModeler.Hub.HubAuthentication
[2025-11-13 오전 12:05:23] [Debug] [Application] service: Tripolygon.UModeler.UI.IApplicationCache = Tripolygon.UModeler.Editor.UI.UnityEditorApplicationCache
[2025-11-13 오전 12:05:23] [Debug] ActualHost
[2025-11-13 오전 12:05:23] [Debug] [Application] service: Tripolygon.UModeler.Hub.IHubService = Tripolygon.UModeler.Hub.HubService
[2025-11-13 오전 12:05:23] [Debug] [Application] service: Tripolygon.UModeler.Authentication.IAuthenticationApiProvider = Tripolygon.UModeler.Editor.AuthenticationApiProviderService
[2025-11-13 오전 12:05:23] [Debug] [Application] service: Tripolygon.UModeler.UI.IObjectHierarchyService = Tripolygon.UModeler.Editor.UI.UnityEditorObjectHierarchyService
[2025-11-13 오전 12:05:23] [Debug] [Application] service: Tripolygon.UModeler.UI.IApplicationUtilityService = Tripolygon.UModeler.Editor.UI.UnityEditorApplicationUtilityService
[2025-11-13 오전 12:05:23] [Debug] [Application] service: Tripolygon.UModeler.Editor.UI.ApplicationSettings = Tripolygon.UModeler.Editor.UI.ApplicationSettings
[2025-11-13 오전 12:05:23] [Debug] [Application] service: Tripolygon.UModeler.UI.ITextureProvider = Tripolygon.UModeler.Editor.UI.UnityEditorTextureProvider
[2025-11-13 오전 12:05:23] [Debug] [Application] service: Tripolygon.UModeler.Hub.Resources.IResourcesApiProvider = Tripolygon.UModeler.Hub.ResourcesApiProviderService
[2025-11-13 오전 12:05:23] [Debug] [Application] service: Tripolygon.UModeler.Hub.HubFlashService = Tripolygon.UModeler.Hub.HubFlashService
[2025-11-13 오전 12:05:23] [Debug] [Application] service: Tripolygon.UModeler.Hub.IHubAnalyticsService = Tripolygon.UModeler.Hub.HubAnalyticsService
[2025-11-13 오전 12:05:23] [Debug] [Application] service: Tripolygon.UModeler.Hub.VSAttributionService = Tripolygon.UModeler.Hub.VSAttributionService
[2025-11-13 오전 12:05:23] [Debug] [Application] service: Tripolygon.UModeler.Hub.Notifications.UpdateHubNotifier = Tripolygon.UModeler.Hub.Notifications.UpdateHubNotifier
[2025-11-13 오전 12:05:23] [Debug] [Application] service: Tripolygon.UModeler.Hub.Notifications.UpdateProductNotifier = Tripolygon.UModeler.Hub.Notifications.UpdateProductNotifier
[2025-11-13 오전 12:05:23] [Debug] [Application] service: Tripolygon.UModeler.Hub.INoticeService = Tripolygon.UModeler.Hub.Noticies.NoticeService
[2025-11-13 오전 12:05:23] [Debug] [Application] service: Tripolygon.UModeler.Hub.Views.SceneViews.HubSceneViewService = Tripolygon.UModeler.Hub.Views.SceneViews.HubSceneViewService
[2025-11-13 오전 12:05:25] [Debug] [Application] Initialize: isReloading=True
[2025-11-13 오전 12:05:25] [Debug] [Application] Service Initialize: Tripolygon.UModeler.Hub.HubAuthentication
[2025-11-13 오전 12:05:25] [Debug] [Application] Service Initialize: Tripolygon.UModeler.Editor.UI.UnityEditorApplicationCache
[2025-11-13 오전 12:05:25] [Debug] [Application] Service Initialize: Tripolygon.UModeler.Hub.HubService
[2025-11-13 오전 12:05:25] [Debug] [Application] Service Initialize: Tripolygon.UModeler.Editor.UI.UnityEditorApplicationUtilityService
[2025-11-13 오전 12:05:25] [Debug] [Application] Service Initialize: Tripolygon.UModeler.Hub.HubFlashService
[2025-11-13 오전 12:05:25] [Debug] [HubAnalytics] PosthogClient.SetAutoFlush: Value Changed: True
[2025-11-13 오전 12:05:25] [Debug] [Application] Service Initialize: Tripolygon.UModeler.Hub.HubAnalyticsService
[2025-11-13 오전 12:05:25] [Debug] [Application] Service Initialize: Tripolygon.UModeler.Hub.VSAttributionService
[2025-11-13 오전 12:05:25] [Debug] [Application] Service Initialize: Tripolygon.UModeler.Hub.Notifications.UpdateHubNotifier
[2025-11-13 오전 12:05:25] [Debug] [Application] Service Initialize: Tripolygon.UModeler.Hub.Notifications.UpdateProductNotifier
[2025-11-13 오전 12:05:25] [Debug] [Application] Service Initialize: Tripolygon.UModeler.Hub.Noticies.NoticeService
[2025-11-13 오전 12:05:25] [Debug] [Application] Service Initialize: Tripolygon.UModeler.Hub.Views.SceneViews.HubSceneViewService
[2025-11-13 오전 12:05:29] [Debug] [Application] service: Tripolygon.UModeler.Hub.HubAuthentication = Tripolygon.UModeler.Hub.HubAuthentication
[2025-11-13 오전 12:05:29] [Debug] [Application] service: Tripolygon.UModeler.Hub.HubAuthentication = Tripolygon.UModeler.Hub.HubAuthentication
[2025-11-13 오전 12:05:29] [Debug] [Application] service: Tripolygon.UModeler.Hub.Resources.IResourcesApiProvider = Tripolygon.UModeler.Hub.ResourcesApiProviderService
[2025-11-13 오전 12:05:29] [Debug] [Application] service: Tripolygon.UModeler.UI.IApplicationCache = Tripolygon.UModeler.Editor.UI.UnityEditorApplicationCache
[2025-11-13 오전 12:05:29] [Debug] [Application] service: Tripolygon.UModeler.Hub.HubFlashService = Tripolygon.UModeler.Hub.HubFlashService
[2025-11-13 오전 12:05:29] [Debug] ActualHost
[2025-11-13 오전 12:05:29] [Debug] [Application] service: Tripolygon.UModeler.Hub.IHubAnalyticsService = Tripolygon.UModeler.Hub.HubAnalyticsService
[2025-11-13 오전 12:05:29] [Debug] [Application] service: Tripolygon.UModeler.Authentication.IAuthenticationApiProvider = Tripolygon.UModeler.Editor.AuthenticationApiProviderService
[2025-11-13 오전 12:05:29] [Debug] [Application] service: Tripolygon.UModeler.Hub.Notifications.UpdateHubNotifier = Tripolygon.UModeler.Hub.Notifications.UpdateHubNotifier
[2025-11-13 오전 12:05:29] [Debug] [Application] service: Tripolygon.UModeler.UI.IApplicationUtilityService = Tripolygon.UModeler.Editor.UI.UnityEditorApplicationUtilityService
[2025-11-13 오전 12:05:29] [Debug] [Application] service: Tripolygon.UModeler.Editor.UI.ApplicationSettings = Tripolygon.UModeler.Editor.UI.ApplicationSettings
[2025-11-13 오전 12:05:29] [Debug] [Application] service: Tripolygon.UModeler.Hub.Views.SceneViews.HubSceneViewService = Tripolygon.UModeler.Hub.Views.SceneViews.HubSceneViewService
[2025-11-13 오전 12:05:29] [Debug] [Application] service: Tripolygon.UModeler.Hub.Resources.IResourcesApiProvider = Tripolygon.UModeler.Hub.ResourcesApiProviderService
[2025-11-13 오전 12:05:30] [Debug] [Application] Service Initialize: Tripolygon.UModeler.Hub.HubAuthentication
[2025-11-13 오전 12:05:29] [Debug] [Application] service: Tripolygon.UModeler.Hub.IHubAnalyticsService = Tripolygon.UModeler.Hub.HubAnalyticsService
[2025-11-13 오전 12:05:30] [Debug] [Application] Service Initialize: Tripolygon.UModeler.Editor.UI.UnityEditorApplicationCache
[2025-11-13 오전 12:05:29] [Debug] [Application] service: Tripolygon.UModeler.Hub.VSAttributionService = Tripolygon.UModeler.Hub.VSAttributionService
[2025-11-13 오전 12:05:29] [Debug] [Application] service: Tripolygon.UModeler.Hub.Notifications.UpdateHubNotifier = Tripolygon.UModeler.Hub.Notifications.UpdateHubNotifier
[2025-11-13 오전 12:05:30] [Debug] [Application] Service Initialize: Tripolygon.UModeler.Hub.HubService
[2025-11-13 오전 12:05:29] [Debug] [Application] service: Tripolygon.UModeler.Hub.INoticeService = Tripolygon.UModeler.Hub.Noticies.NoticeService
[2025-11-13 오전 12:05:30] [Debug] [Application] Service Initialize: Tripolygon.UModeler.Editor.UI.UnityEditorApplicationUtilityService
[2025-11-13 오전 12:05:29] [Debug] [Application] service: Tripolygon.UModeler.Hub.Views.SceneViews.HubSceneViewService = Tripolygon.UModeler.Hub.Views.SceneViews.HubSceneViewService
[2025-11-13 오전 12:05:30] [Debug] [Application] Service Initialize: Tripolygon.UModeler.Hub.HubFlashService
[2025-11-13 오전 12:05:30] [Debug] [Application] Service Initialize: Tripolygon.UModeler.Hub.HubAuthentication
[2025-11-13 오전 12:05:30] [Debug] [Application] Service Initialize: Tripolygon.UModeler.Editor.UI.UnityEditorApplicationCache
[2025-11-13 오전 12:05:30] [Debug] [HubAnalytics] PosthogClient.SetAutoFlush: Value Changed: True
[2025-11-13 오전 12:05:30] [Debug] [Application] Service Initialize: Tripolygon.UModeler.Hub.HubService
[2025-11-13 오전 12:05:30] [Debug] [Application] Service Initialize: Tripolygon.UModeler.Editor.UI.UnityEditorApplicationUtilityService
[2025-11-13 오전 12:05:30] [Debug] [Application] Service Initialize: Tripolygon.UModeler.Hub.HubFlashService
[2025-11-13 오전 12:05:30] [Debug] [Application] Service Initialize: Tripolygon.UModeler.Hub.HubAnalyticsService
[2025-11-13 오전 12:05:30] [Debug] [HubAnalytics] PosthogClient.SetAutoFlush: Value Changed: True
[2025-11-13 오전 12:05:30] [Debug] [Application] Service Initialize: Tripolygon.UModeler.Hub.VSAttributionService
[2025-11-13 오전 12:05:30] [Debug] [Application] Service Initialize: Tripolygon.UModeler.Hub.Notifications.UpdateHubNotifier
[2025-11-13 오전 12:05:30] [Debug] [Application] Service Initialize: Tripolygon.UModeler.Hub.Notifications.UpdateProductNotifier
[2025-11-13 오전 12:05:30] [Debug] [Application] Service Initialize: Tripolygon.UModeler.Hub.HubAnalyticsService
[2025-11-13 오전 12:05:30] [Debug] [Application] Service Initialize: Tripolygon.UModeler.Hub.Noticies.NoticeService
[2025-11-13 오전 12:05:30] [Debug] [Application] Service Initialize: Tripolygon.UModeler.Hub.VSAttributionService
[2025-11-13 오전 12:05:30] [Debug] [Application] Service Initialize: Tripolygon.UModeler.Hub.Views.SceneViews.HubSceneViewService
[2025-11-13 오전 12:05:30] [Debug] [Application] Service Initialize: Tripolygon.UModeler.Hub.Notifications.UpdateHubNotifier
[2025-11-13 오전 12:05:30] [Debug] [Application] Service Initialize: Tripolygon.UModeler.Hub.Notifications.UpdateProductNotifier
[2025-11-13 오전 12:05:30] [Debug] [Application] Service Initialize: Tripolygon.UModeler.Hub.Noticies.NoticeService
[2025-11-13 오전 12:05:31] [Debug] [Application] Service Initialize: Tripolygon.UModeler.Hub.Views.SceneViews.HubSceneViewService
[2025-11-13 오전 12:16:49] [Debug] [Application] Release: isReloading=True
[2025-11-13 오전 12:16:49] [Debug] [Application] Service Release: Tripolygon.UModeler.Hub.Views.SceneViews.HubSceneViewService
[2025-11-13 오전 12:16:49] [Debug] [Application] Service Release: Tripolygon.UModeler.Hub.Noticies.NoticeService
[2025-11-13 오전 12:16:49] [Debug] [Application] Service Release: Tripolygon.UModeler.Hub.Notifications.UpdateProductNotifier
[2025-11-13 오전 12:16:49] [Debug] [Application] Service Release: Tripolygon.UModeler.Hub.Notifications.UpdateHubNotifier
[2025-11-13 오전 12:16:49] [Debug] [Application] Service Release: Tripolygon.UModeler.Hub.VSAttributionService
[2025-11-13 오전 12:16:49] [Debug] [HubAnalytics] PosthogClient.SetAutoFlush: Value Changed: False
[2025-11-13 오전 12:16:49] [Debug] [Application] Service Release: Tripolygon.UModeler.Hub.HubAnalyticsService
[2025-11-13 오전 12:16:49] [Debug] [Application] Service Release: Tripolygon.UModeler.Hub.HubFlashService
[2025-11-13 오전 12:16:49] [Debug] [Application] Service Release: Tripolygon.UModeler.Editor.UI.UnityEditorApplicationUtilityService
[2025-11-13 오전 12:16:49] [Debug] [Application] Service Release: Tripolygon.UModeler.Hub.HubService
[2025-11-13 오전 12:16:49] [Debug] [Application] Service Release: Tripolygon.UModeler.Editor.UI.UnityEditorApplicationCache
[2025-11-13 오전 12:16:49] [Debug] [Application] Service Release: Tripolygon.UModeler.Hub.HubAuthentication
[2025-11-13 오전 12:16:54] [Debug] [Application] service: Tripolygon.UModeler.Hub.HubAuthentication = Tripolygon.UModeler.Hub.HubAuthentication
[2025-11-13 오전 12:16:54] [Debug] [Application] service: Tripolygon.UModeler.UI.IApplicationCache = Tripolygon.UModeler.Editor.UI.UnityEditorApplicationCache
[2025-11-13 오전 12:16:54] [Debug] ActualHost
[2025-11-13 오전 12:16:54] [Debug] [Application] service: Tripolygon.UModeler.Hub.IHubService = Tripolygon.UModeler.Hub.HubService
[2025-11-13 오전 12:16:54] [Debug] [Application] service: Tripolygon.UModeler.Authentication.IAuthenticationApiProvider = Tripolygon.UModeler.Editor.AuthenticationApiProviderService
[2025-11-13 오전 12:16:54] [Debug] [Application] service: Tripolygon.UModeler.UI.IObjectHierarchyService = Tripolygon.UModeler.Editor.UI.UnityEditorObjectHierarchyService
[2025-11-13 오전 12:16:54] [Debug] [Application] service: Tripolygon.UModeler.UI.IApplicationUtilityService = Tripolygon.UModeler.Editor.UI.UnityEditorApplicationUtilityService
[2025-11-13 오전 12:16:54] [Debug] [Application] service: Tripolygon.UModeler.Editor.UI.ApplicationSettings = Tripolygon.UModeler.Editor.UI.ApplicationSettings
[2025-11-13 오전 12:16:54] [Debug] [Application] service: Tripolygon.UModeler.UI.ITextureProvider = Tripolygon.UModeler.Editor.UI.UnityEditorTextureProvider
[2025-11-13 오전 12:16:54] [Debug] [Application] service: Tripolygon.UModeler.Hub.Resources.IResourcesApiProvider = Tripolygon.UModeler.Hub.ResourcesApiProviderService
[2025-11-13 오전 12:16:54] [Debug] [Application] service: Tripolygon.UModeler.Hub.HubFlashService = Tripolygon.UModeler.Hub.HubFlashService
[2025-11-13 오전 12:16:54] [Debug] [Application] service: Tripolygon.UModeler.Hub.IHubAnalyticsService = Tripolygon.UModeler.Hub.HubAnalyticsService
[2025-11-13 오전 12:16:54] [Debug] [Application] service: Tripolygon.UModeler.Hub.VSAttributionService = Tripolygon.UModeler.Hub.VSAttributionService
[2025-11-13 오전 12:16:54] [Debug] [Application] service: Tripolygon.UModeler.Hub.Notifications.UpdateHubNotifier = Tripolygon.UModeler.Hub.Notifications.UpdateHubNotifier
[2025-11-13 오전 12:16:54] [Debug] [Application] service: Tripolygon.UModeler.Hub.Notifications.UpdateProductNotifier = Tripolygon.UModeler.Hub.Notifications.UpdateProductNotifier
[2025-11-13 오전 12:16:54] [Debug] [Application] service: Tripolygon.UModeler.Hub.INoticeService = Tripolygon.UModeler.Hub.Noticies.NoticeService
[2025-11-13 오전 12:16:54] [Debug] [Application] service: Tripolygon.UModeler.Hub.Views.SceneViews.HubSceneViewService = Tripolygon.UModeler.Hub.Views.SceneViews.HubSceneViewService
[2025-11-13 오전 12:16:56] [Debug] [Application] Initialize: isReloading=True
[2025-11-13 오전 12:16:56] [Debug] [Application] Service Initialize: Tripolygon.UModeler.Hub.HubAuthentication
[2025-11-13 오전 12:16:56] [Debug] [Application] Service Initialize: Tripolygon.UModeler.Editor.UI.UnityEditorApplicationCache
[2025-11-13 오전 12:16:56] [Debug] [Application] Service Initialize: Tripolygon.UModeler.Hub.HubService
[2025-11-13 오전 12:16:56] [Debug] [Application] Service Initialize: Tripolygon.UModeler.Editor.UI.UnityEditorApplicationUtilityService
[2025-11-13 오전 12:16:56] [Debug] [Application] Service Initialize: Tripolygon.UModeler.Hub.HubFlashService
[2025-11-13 오전 12:16:56] [Debug] [HubAnalytics] PosthogClient.SetAutoFlush: Value Changed: True
[2025-11-13 오전 12:16:56] [Debug] [Application] Service Initialize: Tripolygon.UModeler.Hub.HubAnalyticsService
[2025-11-13 오전 12:16:56] [Debug] [Application] Service Initialize: Tripolygon.UModeler.Hub.VSAttributionService
[2025-11-13 오전 12:16:56] [Debug] [Application] Service Initialize: Tripolygon.UModeler.Hub.Notifications.UpdateHubNotifier
[2025-11-13 오전 12:16:56] [Debug] [Application] Service Initialize: Tripolygon.UModeler.Hub.Notifications.UpdateProductNotifier
[2025-11-13 오전 12:16:56] [Debug] [Application] Service Initialize: Tripolygon.UModeler.Hub.Noticies.NoticeService
[2025-11-13 오전 12:16:56] [Debug] [Application] Service Initialize: Tripolygon.UModeler.Hub.Views.SceneViews.HubSceneViewService
[2025-11-13 오전 12:16:57] [Debug] [Application] Release: isReloading=True
[2025-11-13 오전 12:16:57] [Debug] [Application] Release: isReloading=True
[2025-11-13 오전 12:16:57] [Debug] [Application] Service Release: Tripolygon.UModeler.Hub.Views.SceneViews.HubSceneViewService
[2025-11-13 오전 12:16:57] [Debug] [Application] Service Release: Tripolygon.UModeler.Hub.Views.SceneViews.HubSceneViewService
[2025-11-13 오전 12:16:57] [Debug] [Application] Service Release: Tripolygon.UModeler.Hub.Noticies.NoticeService
[2025-11-13 오전 12:16:57] [Debug] [Application] Service Release: Tripolygon.UModeler.Hub.Noticies.NoticeService
[2025-11-13 오전 12:16:57] [Debug] [Application] Service Release: Tripolygon.UModeler.Hub.Notifications.UpdateProductNotifier
[2025-11-13 오전 12:16:57] [Debug] [Application] Service Release: Tripolygon.UModeler.Hub.Notifications.UpdateProductNotifier
[2025-11-13 오전 12:16:57] [Debug] [Application] Service Release: Tripolygon.UModeler.Hub.Notifications.UpdateHubNotifier
[2025-11-13 오전 12:16:57] [Debug] [Application] Service Release: Tripolygon.UModeler.Hub.Notifications.UpdateHubNotifier
[2025-11-13 오전 12:16:57] [Debug] [Application] Service Release: Tripolygon.UModeler.Hub.VSAttributionService
[2025-11-13 오전 12:16:57] [Debug] [Application] Service Release: Tripolygon.UModeler.Hub.VSAttributionService
[2025-11-13 오전 12:17:00] [Debug] [Application] service: Tripolygon.UModeler.Hub.HubAuthentication = Tripolygon.UModeler.Hub.HubAuthentication
[2025-11-13 오전 12:17:00] [Debug] [Application] service: Tripolygon.UModeler.UI.IApplicationCache = Tripolygon.UModeler.Editor.UI.UnityEditorApplicationCache
[2025-11-13 오전 12:17:00] [Debug] ActualHost
[2025-11-13 오전 12:17:00] [Debug] [Application] service: Tripolygon.UModeler.Hub.HubAuthentication = Tripolygon.UModeler.Hub.HubAuthentication
[2025-11-13 오전 12:17:00] [Debug] [Application] service: Tripolygon.UModeler.Hub.IHubAnalyticsService = Tripolygon.UModeler.Hub.HubAnalyticsService
[2025-11-13 오전 12:17:00] [Debug] ActualHost
[2025-11-13 오전 12:17:00] [Debug] [Application] service: Tripolygon.UModeler.Hub.Notifications.UpdateHubNotifier = Tripolygon.UModeler.Hub.Notifications.UpdateHubNotifier
[2025-11-13 오전 12:17:00] [Debug] [Application] service: Tripolygon.UModeler.Hub.IHubService = Tripolygon.UModeler.Hub.HubService
[2025-11-13 오전 12:17:00] [Debug] [Application] service: Tripolygon.UModeler.Hub.Notifications.UpdateProductNotifier = Tripolygon.UModeler.Hub.Notifications.UpdateProductNotifier
[2025-11-13 오전 12:17:00] [Debug] [Application] service: Tripolygon.UModeler.UI.IObjectHierarchyService = Tripolygon.UModeler.Editor.UI.UnityEditorObjectHierarchyService
[2025-11-13 오전 12:17:00] [Debug] [Application] service: Tripolygon.UModeler.Hub.Views.SceneViews.HubSceneViewService = Tripolygon.UModeler.Hub.Views.SceneViews.HubSceneViewService
[2025-11-13 오전 12:17:00] [Debug] [Application] service: Tripolygon.UModeler.UI.IApplicationUtilityService = Tripolygon.UModeler.Editor.UI.UnityEditorApplicationUtilityService
[2025-11-13 오전 12:17:01] [Debug] [Application] Initialize: isReloading=True
[2025-11-13 오전 12:17:00] [Debug] [Application] service: Tripolygon.UModeler.UI.ITextureProvider = Tripolygon.UModeler.Editor.UI.UnityEditorTextureProvider
[2025-11-13 오전 12:17:01] [Debug] [Application] Service Initialize: Tripolygon.UModeler.Hub.HubAuthentication
[2025-11-13 오전 12:17:00] [Debug] [Application] service: Tripolygon.UModeler.Hub.HubFlashService = Tripolygon.UModeler.Hub.HubFlashService
[2025-11-13 오전 12:17:01] [Debug] [Application] Service Initialize: Tripolygon.UModeler.Editor.UI.UnityEditorApplicationCache
[2025-11-13 오전 12:17:00] [Debug] [Application] service: Tripolygon.UModeler.Hub.VSAttributionService = Tripolygon.UModeler.Hub.VSAttributionService
[2025-11-13 오전 12:17:00] [Debug] [Application] service: Tripolygon.UModeler.Hub.Notifications.UpdateHubNotifier = Tripolygon.UModeler.Hub.Notifications.UpdateHubNotifier
[2025-11-13 오전 12:17:01] [Debug] [Application] Service Initialize: Tripolygon.UModeler.Hub.HubService
[2025-11-13 오전 12:17:00] [Debug] [Application] service: Tripolygon.UModeler.Hub.INoticeService = Tripolygon.UModeler.Hub.Noticies.NoticeService
[2025-11-13 오전 12:17:01] [Debug] [Application] Service Initialize: Tripolygon.UModeler.Editor.UI.UnityEditorApplicationUtilityService
[2025-11-13 오전 12:17:00] [Debug] [Application] service: Tripolygon.UModeler.Hub.Views.SceneViews.HubSceneViewService = Tripolygon.UModeler.Hub.Views.SceneViews.HubSceneViewService
[2025-11-13 오전 12:17:01] [Debug] [Application] Service Initialize: Tripolygon.UModeler.Hub.HubFlashService
[2025-11-13 오전 12:17:01] [Debug] [Application] Service Initialize: Tripolygon.UModeler.Hub.HubAuthentication
[2025-11-13 오전 12:17:01] [Debug] [Application] Service Initialize: Tripolygon.UModeler.Editor.UI.UnityEditorApplicationCache
[2025-11-13 오전 12:17:01] [Debug] [HubAnalytics] PosthogClient.SetAutoFlush: Value Changed: True
[2025-11-13 오전 12:17:01] [Debug] [Application] Service Initialize: Tripolygon.UModeler.Hub.HubService
[2025-11-13 오전 12:17:01] [Debug] [Application] Service Initialize: Tripolygon.UModeler.Editor.UI.UnityEditorApplicationUtilityService
[2025-11-13 오전 12:17:01] [Debug] [Application] Service Initialize: Tripolygon.UModeler.Hub.HubFlashService
[2025-11-13 오전 12:17:01] [Debug] [Application] Service Initialize: Tripolygon.UModeler.Hub.HubAnalyticsService
[2025-11-13 오전 12:17:01] [Debug] [HubAnalytics] PosthogClient.SetAutoFlush: Value Changed: True
[2025-11-13 오전 12:17:01] [Debug] [Application] Service Initialize: Tripolygon.UModeler.Hub.VSAttributionService
[2025-11-13 오전 12:17:01] [Debug] [Application] Service Initialize: Tripolygon.UModeler.Hub.Notifications.UpdateHubNotifier
[2025-11-13 오전 12:17:01] [Debug] [Application] Service Initialize: Tripolygon.UModeler.Hub.Notifications.UpdateProductNotifier
[2025-11-13 오전 12:17:01] [Debug] [Application] Service Initialize: Tripolygon.UModeler.Hub.HubAnalyticsService
[2025-11-13 오전 12:17:01] [Debug] [Application] Service Initialize: Tripolygon.UModeler.Hub.Noticies.NoticeService
[2025-11-13 오전 12:17:01] [Debug] [Application] Service Initialize: Tripolygon.UModeler.Hub.VSAttributionService
[2025-11-13 오전 12:17:01] [Debug] [Application] Service Initialize: Tripolygon.UModeler.Hub.Views.SceneViews.HubSceneViewService
[2025-11-13 오전 12:17:01] [Debug] [Application] Service Initialize: Tripolygon.UModeler.Hub.Notifications.UpdateHubNotifier
[2025-11-13 오전 12:17:01] [Debug] [Application] Service Initialize: Tripolygon.UModeler.Hub.Notifications.UpdateProductNotifier
[2025-11-13 오전 12:17:01] [Debug] [Application] Service Initialize: Tripolygon.UModeler.Hub.Noticies.NoticeService
[2025-11-13 오전 12:17:01] [Debug] [Application] Service Initialize: Tripolygon.UModeler.Hub.Views.SceneViews.HubSceneViewService
[2025-11-13 오전 12:28:25] [Debug] [Application] Release: isReloading=True
[2025-11-13 오전 12:28:25] [Debug] [Application] Service Release: Tripolygon.UModeler.Hub.Views.SceneViews.HubSceneViewService
[2025-11-13 오전 12:28:25] [Debug] [Application] Service Release: Tripolygon.UModeler.Hub.Noticies.NoticeService
[2025-11-13 오전 12:28:25] [Debug] [Application] Service Release: Tripolygon.UModeler.Hub.Notifications.UpdateProductNotifier
[2025-11-13 오전 12:28:25] [Debug] [Application] Service Release: Tripolygon.UModeler.Hub.Notifications.UpdateHubNotifier
[2025-11-13 오전 12:28:25] [Debug] [Application] Service Release: Tripolygon.UModeler.Hub.VSAttributionService
[2025-11-13 오전 12:28:25] [Debug] [HubAnalytics] PosthogClient.SetAutoFlush: Value Changed: False
[2025-11-13 오전 12:28:25] [Debug] [Application] Service Release: Tripolygon.UModeler.Hub.HubAnalyticsService
[2025-11-13 오전 12:28:25] [Debug] [Application] Service Release: Tripolygon.UModeler.Hub.HubFlashService
[2025-11-13 오전 12:28:25] [Debug] [Application] Service Release: Tripolygon.UModeler.Editor.UI.UnityEditorApplicationUtilityService
[2025-11-13 오전 12:28:25] [Debug] [Application] Service Release: Tripolygon.UModeler.Hub.HubService
[2025-11-13 오전 12:28:25] [Debug] [Application] Service Release: Tripolygon.UModeler.Editor.UI.UnityEditorApplicationCache
[2025-11-13 오전 12:28:25] [Debug] [Application] Service Release: Tripolygon.UModeler.Hub.HubAuthentication
[2025-11-13 오전 12:28:30] [Debug] [Application] service: Tripolygon.UModeler.Hub.HubAuthentication = Tripolygon.UModeler.Hub.HubAuthentication
[2025-11-13 오전 12:28:30] [Debug] [Application] service: Tripolygon.UModeler.UI.IApplicationCache = Tripolygon.UModeler.Editor.UI.UnityEditorApplicationCache
[2025-11-13 오전 12:28:30] [Debug] ActualHost
[2025-11-13 오전 12:28:30] [Debug] [Application] service: Tripolygon.UModeler.Hub.IHubService = Tripolygon.UModeler.Hub.HubService
[2025-11-13 오전 12:28:30] [Debug] [Application] service: Tripolygon.UModeler.Authentication.IAuthenticationApiProvider = Tripolygon.UModeler.Editor.AuthenticationApiProviderService
[2025-11-13 오전 12:28:30] [Debug] [Application] service: Tripolygon.UModeler.UI.IObjectHierarchyService = Tripolygon.UModeler.Editor.UI.UnityEditorObjectHierarchyService
[2025-11-13 오전 12:28:30] [Debug] [Application] service: Tripolygon.UModeler.UI.IApplicationUtilityService = Tripolygon.UModeler.Editor.UI.UnityEditorApplicationUtilityService
[2025-11-13 오전 12:28:30] [Debug] [Application] service: Tripolygon.UModeler.Editor.UI.ApplicationSettings = Tripolygon.UModeler.Editor.UI.ApplicationSettings
[2025-11-13 오전 12:28:30] [Debug] [Application] service: Tripolygon.UModeler.UI.ITextureProvider = Tripolygon.UModeler.Editor.UI.UnityEditorTextureProvider
[2025-11-13 오전 12:28:31] [Debug] [Application] service: Tripolygon.UModeler.Hub.Resources.IResourcesApiProvider = Tripolygon.UModeler.Hub.ResourcesApiProviderService
[2025-11-13 오전 12:28:31] [Debug] [Application] service: Tripolygon.UModeler.Hub.HubFlashService = Tripolygon.UModeler.Hub.HubFlashService
[2025-11-13 오전 12:28:31] [Debug] [Application] service: Tripolygon.UModeler.Hub.IHubAnalyticsService = Tripolygon.UModeler.Hub.HubAnalyticsService
[2025-11-13 오전 12:28:31] [Debug] [Application] service: Tripolygon.UModeler.Hub.VSAttributionService = Tripolygon.UModeler.Hub.VSAttributionService
[2025-11-13 오전 12:28:31] [Debug] [Application] service: Tripolygon.UModeler.Hub.Notifications.UpdateHubNotifier = Tripolygon.UModeler.Hub.Notifications.UpdateHubNotifier
[2025-11-13 오전 12:28:31] [Debug] [Application] service: Tripolygon.UModeler.Hub.Notifications.UpdateProductNotifier = Tripolygon.UModeler.Hub.Notifications.UpdateProductNotifier
[2025-11-13 오전 12:28:31] [Debug] [Application] service: Tripolygon.UModeler.Hub.INoticeService = Tripolygon.UModeler.Hub.Noticies.NoticeService
[2025-11-13 오전 12:28:31] [Debug] [Application] service: Tripolygon.UModeler.Hub.Views.SceneViews.HubSceneViewService = Tripolygon.UModeler.Hub.Views.SceneViews.HubSceneViewService
[2025-11-13 오전 12:28:32] [Debug] [Application] Initialize: isReloading=True
[2025-11-13 오전 12:28:32] [Debug] [Application] Service Initialize: Tripolygon.UModeler.Hub.HubAuthentication
[2025-11-13 오전 12:28:32] [Debug] [Application] Service Initialize: Tripolygon.UModeler.Editor.UI.UnityEditorApplicationCache
[2025-11-13 오전 12:28:32] [Debug] [Application] Service Initialize: Tripolygon.UModeler.Hub.HubService
[2025-11-13 오전 12:28:32] [Debug] [Application] Service Initialize: Tripolygon.UModeler.Editor.UI.UnityEditorApplicationUtilityService
[2025-11-13 오전 12:28:32] [Debug] [Application] Service Initialize: Tripolygon.UModeler.Hub.HubFlashService
[2025-11-13 오전 12:28:32] [Debug] [HubAnalytics] PosthogClient.SetAutoFlush: Value Changed: True
[2025-11-13 오전 12:28:32] [Debug] [Application] Service Initialize: Tripolygon.UModeler.Hub.HubAnalyticsService
[2025-11-13 오전 12:28:32] [Debug] [Application] Service Initialize: Tripolygon.UModeler.Hub.VSAttributionService
[2025-11-13 오전 12:28:32] [Debug] [Application] Service Initialize: Tripolygon.UModeler.Hub.Notifications.UpdateHubNotifier
[2025-11-13 오전 12:28:32] [Debug] [Application] Service Initialize: Tripolygon.UModeler.Hub.Notifications.UpdateProductNotifier
[2025-11-13 오전 12:28:32] [Debug] [Application] Service Initialize: Tripolygon.UModeler.Hub.Noticies.NoticeService
[2025-11-13 오전 12:28:32] [Debug] [Application] Service Initialize: Tripolygon.UModeler.Hub.Views.SceneViews.HubSceneViewService
[2025-11-13 오전 12:28:33] [Debug] [Application] Release: isReloading=True
[2025-11-13 오전 12:28:33] [Debug] [Application] Release: isReloading=True
[2025-11-13 오전 12:28:33] [Debug] [Application] Service Release: Tripolygon.UModeler.Hub.Views.SceneViews.HubSceneViewService
[2025-11-13 오전 12:28:33] [Debug] [Application] Service Release: Tripolygon.UModeler.Hub.Views.SceneViews.HubSceneViewService
[2025-11-13 오전 12:28:33] [Debug] [Application] Service Release: Tripolygon.UModeler.Hub.Noticies.NoticeService
[2025-11-13 오전 12:28:33] [Debug] [Application] Service Release: Tripolygon.UModeler.Hub.Noticies.NoticeService
[2025-11-13 오전 12:28:33] [Debug] [Application] Service Release: Tripolygon.UModeler.Hub.Notifications.UpdateProductNotifier
[2025-11-13 오전 12:28:33] [Debug] [Application] Service Release: Tripolygon.UModeler.Hub.Notifications.UpdateProductNotifier
[2025-11-13 오전 12:28:33] [Debug] [Application] Service Release: Tripolygon.UModeler.Hub.Notifications.UpdateHubNotifier
[2025-11-13 오전 12:28:33] [Debug] [Application] Service Release: Tripolygon.UModeler.Hub.Notifications.UpdateHubNotifier
[2025-11-13 오전 12:28:33] [Debug] [Application] Service Release: Tripolygon.UModeler.Hub.VSAttributionService
[2025-11-13 오전 12:28:33] [Debug] [Application] Service Release: Tripolygon.UModeler.Hub.VSAttributionService
[2025-11-13 오전 12:28:36] [Debug] [Application] service: Tripolygon.UModeler.Hub.HubAuthentication = Tripolygon.UModeler.Hub.HubAuthentication
[2025-11-13 오전 12:28:36] [Debug] [Application] service: Tripolygon.UModeler.Hub.HubAuthentication = Tripolygon.UModeler.Hub.HubAuthentication
[2025-11-13 오전 12:28:36] [Debug] [Application] service: Tripolygon.UModeler.Hub.Resources.IResourcesApiProvider = Tripolygon.UModeler.Hub.ResourcesApiProviderService
[2025-11-13 오전 12:28:36] [Debug] ActualHost
[2025-11-13 오전 12:28:36] [Debug] [Application] service: Tripolygon.UModeler.Hub.HubFlashService = Tripolygon.UModeler.Hub.HubFlashService
[2025-11-13 오전 12:28:36] [Debug] [Application] service: Tripolygon.UModeler.Hub.IHubService = Tripolygon.UModeler.Hub.HubService
[2025-11-13 오전 12:28:36] [Debug] [Application] service: Tripolygon.UModeler.Hub.IHubAnalyticsService = Tripolygon.UModeler.Hub.HubAnalyticsService
[2025-11-13 오전 12:28:36] [Debug] [Application] service: Tripolygon.UModeler.UI.IObjectHierarchyService = Tripolygon.UModeler.Editor.UI.UnityEditorObjectHierarchyService
[2025-11-13 오전 12:28:36] [Debug] [Application] service: Tripolygon.UModeler.Hub.Notifications.UpdateHubNotifier = Tripolygon.UModeler.Hub.Notifications.UpdateHubNotifier
[2025-11-13 오전 12:28:36] [Debug] [Application] service: Tripolygon.UModeler.Hub.Notifications.UpdateProductNotifier = Tripolygon.UModeler.Hub.Notifications.UpdateProductNotifier
[2025-11-13 오전 12:28:36] [Debug] [Application] service: Tripolygon.UModeler.Hub.INoticeService = Tripolygon.UModeler.Hub.Noticies.NoticeService
[2025-11-13 오전 12:28:36] [Debug] [Application] service: Tripolygon.UModeler.Hub.Resources.IResourcesApiProvider = Tripolygon.UModeler.Hub.ResourcesApiProviderService
[2025-11-13 오전 12:28:37] [Debug] [Application] Initialize: isReloading=True
[2025-11-13 오전 12:28:36] [Debug] [Application] service: Tripolygon.UModeler.Hub.IHubAnalyticsService = Tripolygon.UModeler.Hub.HubAnalyticsService
[2025-11-13 오전 12:28:37] [Debug] [Application] Service Initialize: Tripolygon.UModeler.Hub.HubAuthentication
[2025-11-13 오전 12:28:36] [Debug] [Application] service: Tripolygon.UModeler.Hub.VSAttributionService = Tripolygon.UModeler.Hub.VSAttributionService
[2025-11-13 오전 12:28:37] [Debug] [Application] Service Initialize: Tripolygon.UModeler.Editor.UI.UnityEditorApplicationCache
[2025-11-13 오전 12:28:36] [Debug] [Application] service: Tripolygon.UModeler.Hub.Notifications.UpdateProductNotifier = Tripolygon.UModeler.Hub.Notifications.UpdateProductNotifier
[2025-11-13 오전 12:28:36] [Debug] [Application] service: Tripolygon.UModeler.Hub.INoticeService = Tripolygon.UModeler.Hub.Noticies.NoticeService
[2025-11-13 오전 12:28:37] [Debug] [Application] Service Initialize: Tripolygon.UModeler.Hub.HubService
[2025-11-13 오전 12:28:36] [Debug] [Application] service: Tripolygon.UModeler.Hub.Views.SceneViews.HubSceneViewService = Tripolygon.UModeler.Hub.Views.SceneViews.HubSceneViewService
[2025-11-13 오전 12:28:37] [Debug] [Application] Service Initialize: Tripolygon.UModeler.Editor.UI.UnityEditorApplicationUtilityService
[2025-11-13 오전 12:28:37] [Debug] [Application] Service Initialize: Tripolygon.UModeler.Hub.HubAuthentication
[2025-11-13 오전 12:28:37] [Debug] [Application] Service Initialize: Tripolygon.UModeler.Hub.HubFlashService
[2025-11-13 오전 12:28:37] [Debug] [Application] Service Initialize: Tripolygon.UModeler.Editor.UI.UnityEditorApplicationCache
[2025-11-13 오전 12:28:37] [Debug] [HubAnalytics] PosthogClient.SetAutoFlush: Value Changed: True
[2025-11-13 오전 12:28:37] [Debug] [Application] Service Initialize: Tripolygon.UModeler.Hub.HubService
[2025-11-13 오전 12:28:37] [Debug] [Application] Service Initialize: Tripolygon.UModeler.Editor.UI.UnityEditorApplicationUtilityService
[2025-11-13 오전 12:28:37] [Debug] [Application] Service Initialize: Tripolygon.UModeler.Hub.HubFlashService
[2025-11-13 오전 12:28:38] [Debug] [Application] Service Initialize: Tripolygon.UModeler.Hub.HubAnalyticsService
[2025-11-13 오전 12:28:38] [Debug] [HubAnalytics] PosthogClient.SetAutoFlush: Value Changed: True
[2025-11-13 오전 12:28:38] [Debug] [Application] Service Initialize: Tripolygon.UModeler.Hub.VSAttributionService
[2025-11-13 오전 12:28:38] [Debug] [Application] Service Initialize: Tripolygon.UModeler.Hub.Notifications.UpdateHubNotifier
[2025-11-13 오전 12:28:38] [Debug] [Application] Service Initialize: Tripolygon.UModeler.Hub.Notifications.UpdateProductNotifier
[2025-11-13 오전 12:28:38] [Debug] [Application] Service Initialize: Tripolygon.UModeler.Hub.HubAnalyticsService
[2025-11-13 오전 12:28:38] [Debug] [Application] Service Initialize: Tripolygon.UModeler.Hub.Noticies.NoticeService
[2025-11-13 오전 12:28:38] [Debug] [Application] Service Initialize: Tripolygon.UModeler.Hub.VSAttributionService
[2025-11-13 오전 12:28:38] [Debug] [Application] Service Initialize: Tripolygon.UModeler.Hub.Views.SceneViews.HubSceneViewService
[2025-11-13 오전 12:28:38] [Debug] [Application] Service Initialize: Tripolygon.UModeler.Hub.Notifications.UpdateHubNotifier
[2025-11-13 오전 12:28:38] [Debug] [Application] Service Initialize: Tripolygon.UModeler.Hub.Notifications.UpdateProductNotifier
[2025-11-13 오전 12:28:38] [Debug] [Application] Service Initialize: Tripolygon.UModeler.Hub.Noticies.NoticeService
[2025-11-13 오전 12:28:38] [Debug] [Application] Service Initialize: Tripolygon.UModeler.Hub.Views.SceneViews.HubSceneViewService
[2025-11-13 오전 12:32:05] [Debug] [Application] Release: isReloading=True
[2025-11-13 오전 12:32:05] [Debug] [Application] Service Release: Tripolygon.UModeler.Hub.Views.SceneViews.HubSceneViewService
[2025-11-13 오전 12:32:05] [Debug] [Application] Service Release: Tripolygon.UModeler.Hub.Noticies.NoticeService
[2025-11-13 오전 12:32:05] [Debug] [Application] Service Release: Tripolygon.UModeler.Hub.Notifications.UpdateProductNotifier
[2025-11-13 오전 12:32:05] [Debug] [Application] Service Release: Tripolygon.UModeler.Hub.Notifications.UpdateHubNotifier
[2025-11-13 오전 12:32:05] [Debug] [Application] Service Release: Tripolygon.UModeler.Hub.VSAttributionService
[2025-11-13 오전 12:32:05] [Debug] [HubAnalytics] PosthogClient.SetAutoFlush: Value Changed: False
[2025-11-13 오전 12:32:05] [Debug] [Application] Service Release: Tripolygon.UModeler.Hub.HubAnalyticsService
[2025-11-13 오전 12:32:05] [Debug] [Application] Service Release: Tripolygon.UModeler.Hub.HubFlashService
[2025-11-13 오전 12:32:05] [Debug] [Application] Service Release: Tripolygon.UModeler.Editor.UI.UnityEditorApplicationUtilityService
[2025-11-13 오전 12:32:05] [Debug] [Application] Service Release: Tripolygon.UModeler.Hub.HubService
[2025-11-13 오전 12:32:05] [Debug] [Application] Service Release: Tripolygon.UModeler.Editor.UI.UnityEditorApplicationCache
[2025-11-13 오전 12:32:05] [Debug] [Application] Service Release: Tripolygon.UModeler.Hub.HubAuthentication
[2025-11-13 오전 12:32:11] [Debug] [Application] service: Tripolygon.UModeler.Hub.HubAuthentication = Tripolygon.UModeler.Hub.HubAuthentication
[2025-11-13 오전 12:32:11] [Debug] [Application] service: Tripolygon.UModeler.UI.IApplicationCache = Tripolygon.UModeler.Editor.UI.UnityEditorApplicationCache
[2025-11-13 오전 12:32:11] [Debug] ActualHost
[2025-11-13 오전 12:32:11] [Debug] [Application] service: Tripolygon.UModeler.Hub.IHubService = Tripolygon.UModeler.Hub.HubService
[2025-11-13 오전 12:32:11] [Debug] [Application] service: Tripolygon.UModeler.Authentication.IAuthenticationApiProvider = Tripolygon.UModeler.Editor.AuthenticationApiProviderService
[2025-11-13 오전 12:32:11] [Debug] [Application] service: Tripolygon.UModeler.UI.IObjectHierarchyService = Tripolygon.UModeler.Editor.UI.UnityEditorObjectHierarchyService
[2025-11-13 오전 12:32:11] [Debug] [Application] service: Tripolygon.UModeler.UI.IApplicationUtilityService = Tripolygon.UModeler.Editor.UI.UnityEditorApplicationUtilityService
[2025-11-13 오전 12:32:11] [Debug] [Application] service: Tripolygon.UModeler.Editor.UI.ApplicationSettings = Tripolygon.UModeler.Editor.UI.ApplicationSettings
[2025-11-13 오전 12:32:11] [Debug] [Application] service: Tripolygon.UModeler.UI.ITextureProvider = Tripolygon.UModeler.Editor.UI.UnityEditorTextureProvider
[2025-11-13 오전 12:32:11] [Debug] [Application] service: Tripolygon.UModeler.Hub.Resources.IResourcesApiProvider = Tripolygon.UModeler.Hub.ResourcesApiProviderService
[2025-11-13 오전 12:32:11] [Debug] [Application] service: Tripolygon.UModeler.Hub.HubFlashService = Tripolygon.UModeler.Hub.HubFlashService
[2025-11-13 오전 12:32:11] [Debug] [Application] service: Tripolygon.UModeler.Hub.IHubAnalyticsService = Tripolygon.UModeler.Hub.HubAnalyticsService
[2025-11-13 오전 12:32:11] [Debug] [Application] service: Tripolygon.UModeler.Hub.VSAttributionService = Tripolygon.UModeler.Hub.VSAttributionService
[2025-11-13 오전 12:32:11] [Debug] [Application] service: Tripolygon.UModeler.Hub.Notifications.UpdateHubNotifier = Tripolygon.UModeler.Hub.Notifications.UpdateHubNotifier
[2025-11-13 오전 12:32:11] [Debug] [Application] service: Tripolygon.UModeler.Hub.Notifications.UpdateProductNotifier = Tripolygon.UModeler.Hub.Notifications.UpdateProductNotifier
[2025-11-13 오전 12:32:11] [Debug] [Application] service: Tripolygon.UModeler.Hub.INoticeService = Tripolygon.UModeler.Hub.Noticies.NoticeService
[2025-11-13 오전 12:32:11] [Debug] [Application] service: Tripolygon.UModeler.Hub.Views.SceneViews.HubSceneViewService = Tripolygon.UModeler.Hub.Views.SceneViews.HubSceneViewService
[2025-11-13 오전 12:32:12] [Debug] [Application] Initialize: isReloading=True
[2025-11-13 오전 12:32:13] [Debug] [Application] Service Initialize: Tripolygon.UModeler.Hub.HubAuthentication
[2025-11-13 오전 12:32:13] [Debug] [Application] Service Initialize: Tripolygon.UModeler.Editor.UI.UnityEditorApplicationCache
[2025-11-13 오전 12:32:13] [Debug] [Application] Service Initialize: Tripolygon.UModeler.Hub.HubService
[2025-11-13 오전 12:32:13] [Debug] [Application] Service Initialize: Tripolygon.UModeler.Editor.UI.UnityEditorApplicationUtilityService
[2025-11-13 오전 12:32:13] [Debug] [Application] Service Initialize: Tripolygon.UModeler.Hub.HubFlashService
[2025-11-13 오전 12:32:13] [Debug] [HubAnalytics] PosthogClient.SetAutoFlush: Value Changed: True
[2025-11-13 오전 12:32:13] [Debug] [Application] Service Initialize: Tripolygon.UModeler.Hub.HubAnalyticsService
[2025-11-13 오전 12:32:13] [Debug] [Application] Service Initialize: Tripolygon.UModeler.Hub.VSAttributionService
[2025-11-13 오전 12:32:13] [Debug] [Application] Service Initialize: Tripolygon.UModeler.Hub.Notifications.UpdateHubNotifier
[2025-11-13 오전 12:32:13] [Debug] [Application] Service Initialize: Tripolygon.UModeler.Hub.Notifications.UpdateProductNotifier
[2025-11-13 오전 12:32:13] [Debug] [Application] Service Initialize: Tripolygon.UModeler.Hub.Noticies.NoticeService
[2025-11-13 오전 12:32:13] [Debug] [Application] Service Initialize: Tripolygon.UModeler.Hub.Views.SceneViews.HubSceneViewService
[2025-11-13 오전 12:32:13] [Debug] [Application] Release: isReloading=True
[2025-11-13 오전 12:32:13] [Debug] [Application] Release: isReloading=True
[2025-11-13 오전 12:32:13] [Debug] [Application] Service Release: Tripolygon.UModeler.Hub.Views.SceneViews.HubSceneViewService
[2025-11-13 오전 12:32:13] [Debug] [Application] Service Release: Tripolygon.UModeler.Hub.Views.SceneViews.HubSceneViewService
[2025-11-13 오전 12:32:13] [Debug] [Application] Service Release: Tripolygon.UModeler.Hub.Noticies.NoticeService
[2025-11-13 오전 12:32:13] [Debug] [Application] Service Release: Tripolygon.UModeler.Hub.Noticies.NoticeService
[2025-11-13 오전 12:32:13] [Debug] [Application] Service Release: Tripolygon.UModeler.Hub.Notifications.UpdateProductNotifier
[2025-11-13 오전 12:32:13] [Debug] [Application] Service Release: Tripolygon.UModeler.Hub.Notifications.UpdateProductNotifier
[2025-11-13 오전 12:32:13] [Debug] [Application] Service Release: Tripolygon.UModeler.Hub.Notifications.UpdateHubNotifier
[2025-11-13 오전 12:32:13] [Debug] [Application] Service Release: Tripolygon.UModeler.Hub.Notifications.UpdateHubNotifier
[2025-11-13 오전 12:32:13] [Debug] [Application] Service Release: Tripolygon.UModeler.Hub.VSAttributionService
[2025-11-13 오전 12:32:13] [Debug] [Application] Service Release: Tripolygon.UModeler.Hub.VSAttributionService
[2025-11-13 오전 12:32:16] [Debug] [Application] service: Tripolygon.UModeler.Hub.HubAuthentication = Tripolygon.UModeler.Hub.HubAuthentication
[2025-11-13 오전 12:32:16] [Debug] [Application] service: Tripolygon.UModeler.UI.IApplicationCache = Tripolygon.UModeler.Editor.UI.UnityEditorApplicationCache
[2025-11-13 오전 12:32:16] [Debug] [Application] service: Tripolygon.UModeler.Hub.HubAuthentication = Tripolygon.UModeler.Hub.HubAuthentication
[2025-11-13 오전 12:32:16] [Debug] [Application] service: Tripolygon.UModeler.UI.IApplicationCache = Tripolygon.UModeler.Editor.UI.UnityEditorApplicationCache
[2025-11-13 오전 12:32:16] [Debug] [Application] service: Tripolygon.UModeler.Hub.VSAttributionService = Tripolygon.UModeler.Hub.VSAttributionService
[2025-11-13 오전 12:32:16] [Debug] [Application] service: Tripolygon.UModeler.Hub.IHubService = Tripolygon.UModeler.Hub.HubService
[2025-11-13 오전 12:32:16] [Debug] [Application] service: Tripolygon.UModeler.Hub.Notifications.UpdateProductNotifier = Tripolygon.UModeler.Hub.Notifications.UpdateProductNotifier
[2025-11-13 오전 12:32:16] [Debug] [Application] service: Tripolygon.UModeler.UI.IObjectHierarchyService = Tripolygon.UModeler.Editor.UI.UnityEditorObjectHierarchyService
[2025-11-13 오전 12:32:16] [Debug] [Application] service: Tripolygon.UModeler.Hub.INoticeService = Tripolygon.UModeler.Hub.Noticies.NoticeService
[2025-11-13 오전 12:32:16] [Debug] [Application] service: Tripolygon.UModeler.UI.IApplicationUtilityService = Tripolygon.UModeler.Editor.UI.UnityEditorApplicationUtilityService
[2025-11-13 오전 12:32:17] [Debug] [Application] Initialize: isReloading=True
[2025-11-13 오전 12:32:16] [Debug] [Application] service: Tripolygon.UModeler.Editor.UI.ApplicationSettings = Tripolygon.UModeler.Editor.UI.ApplicationSettings
[2025-11-13 오전 12:32:18] [Debug] [Application] Service Initialize: Tripolygon.UModeler.Hub.HubAuthentication
[2025-11-13 오전 12:32:16] [Debug] [Application] service: Tripolygon.UModeler.UI.ITextureProvider = Tripolygon.UModeler.Editor.UI.UnityEditorTextureProvider
[2025-11-13 오전 12:32:18] [Debug] [Application] Service Initialize: Tripolygon.UModeler.Editor.UI.UnityEditorApplicationCache
[2025-11-13 오전 12:32:16] [Debug] [Application] service: Tripolygon.UModeler.Hub.Resources.IResourcesApiProvider = Tripolygon.UModeler.Hub.ResourcesApiProviderService
[2025-11-13 오전 12:32:16] [Debug] [Application] service: Tripolygon.UModeler.Hub.HubFlashService = Tripolygon.UModeler.Hub.HubFlashService
[2025-11-13 오전 12:32:18] [Debug] [Application] Service Initialize: Tripolygon.UModeler.Hub.HubService
[2025-11-13 오전 12:32:16] [Debug] [Application] service: Tripolygon.UModeler.Hub.VSAttributionService = Tripolygon.UModeler.Hub.VSAttributionService
[2025-11-13 오전 12:32:18] [Debug] [Application] Service Initialize: Tripolygon.UModeler.Editor.UI.UnityEditorApplicationUtilityService
[2025-11-13 오전 12:32:16] [Debug] [Application] service: Tripolygon.UModeler.Hub.Notifications.UpdateHubNotifier = Tripolygon.UModeler.Hub.Notifications.UpdateHubNotifier
[2025-11-13 오전 12:32:18] [Debug] [Application] Service Initialize: Tripolygon.UModeler.Hub.HubFlashService
[2025-11-13 오전 12:32:16] [Debug] [Application] service: Tripolygon.UModeler.Hub.INoticeService = Tripolygon.UModeler.Hub.Noticies.NoticeService
[2025-11-13 오전 12:32:16] [Debug] [Application] service: Tripolygon.UModeler.Hub.Views.SceneViews.HubSceneViewService = Tripolygon.UModeler.Hub.Views.SceneViews.HubSceneViewService
[2025-11-13 오전 12:32:18] [Debug] [HubAnalytics] PosthogClient.SetAutoFlush: Value Changed: True
[2025-11-13 오전 12:32:17] [Debug] [Application] Initialize: isReloading=False
[2025-11-13 오전 12:32:18] [Debug] [Application] Service Initialize: Tripolygon.UModeler.Hub.HubAuthentication
[2025-11-13 오전 12:32:18] [Debug] [Application] Service Initialize: Tripolygon.UModeler.Editor.UI.UnityEditorApplicationCache
[2025-11-13 오전 12:32:18] [Debug] [Application] Service Initialize: Tripolygon.UModeler.Hub.HubAnalyticsService
[2025-11-13 오전 12:32:18] [Debug] [Application] Service Initialize: Tripolygon.UModeler.Hub.HubService
[2025-11-13 오전 12:32:18] [Debug] [Application] Service Initialize: Tripolygon.UModeler.Hub.VSAttributionService
[2025-11-13 오전 12:32:18] [Debug] [Application] Service Initialize: Tripolygon.UModeler.Editor.UI.UnityEditorApplicationUtilityService
[2025-11-13 오전 12:32:18] [Debug] [Application] Service Initialize: Tripolygon.UModeler.Hub.Notifications.UpdateHubNotifier
[2025-11-13 오전 12:32:18] [Debug] [Application] Service Initialize: Tripolygon.UModeler.Hub.HubFlashService
[2025-11-13 오전 12:32:18] [Debug] [Application] Service Initialize: Tripolygon.UModeler.Hub.Notifications.UpdateProductNotifier
[2025-11-13 오전 12:32:18] [Debug] [Application] Service Initialize: Tripolygon.UModeler.Hub.Noticies.NoticeService
[2025-11-13 오전 12:32:18] [Debug] [HubAnalytics] PosthogClient.SetAutoFlush: Value Changed: True
[2025-11-13 오전 12:32:18] [Debug] [Application] Service Initialize: Tripolygon.UModeler.Hub.Views.SceneViews.HubSceneViewService
[2025-11-13 오전 12:32:18] [Debug] [Application] Service Initialize: Tripolygon.UModeler.Hub.HubAnalyticsService
[2025-11-13 오전 12:32:18] [Debug] [Application] Service Initialize: Tripolygon.UModeler.Hub.VSAttributionService
[2025-11-13 오전 12:32:18] [Debug] [Application] Service Initialize: Tripolygon.UModeler.Hub.Notifications.UpdateHubNotifier
[2025-11-13 오전 12:32:18] [Debug] [Application] Service Initialize: Tripolygon.UModeler.Hub.Notifications.UpdateProductNotifier
[2025-11-13 오전 12:32:18] [Debug] [Application] Service Initialize: Tripolygon.UModeler.Hub.Noticies.NoticeService
[2025-11-13 오전 12:32:18] [Debug] [Application] Service Initialize: Tripolygon.UModeler.Hub.Views.SceneViews.HubSceneViewService
[2025-11-13 오전 12:40:36] [Debug] [Application] Release: isReloading=True
[2025-11-13 오전 12:40:36] [Debug] [Application] Service Release: Tripolygon.UModeler.Hub.Views.SceneViews.HubSceneViewService
[2025-11-13 오전 12:40:36] [Debug] [Application] Service Release: Tripolygon.UModeler.Hub.Noticies.NoticeService
[2025-11-13 오전 12:40:36] [Debug] [Application] Service Release: Tripolygon.UModeler.Hub.Notifications.UpdateProductNotifier
[2025-11-13 오전 12:40:36] [Debug] [Application] Service Release: Tripolygon.UModeler.Hub.Notifications.UpdateHubNotifier
[2025-11-13 오전 12:40:36] [Debug] [Application] Service Release: Tripolygon.UModeler.Hub.VSAttributionService
[2025-11-13 오전 12:40:36] [Debug] [HubAnalytics] PosthogClient.SetAutoFlush: Value Changed: False
[2025-11-13 오전 12:40:36] [Debug] [Application] Service Release: Tripolygon.UModeler.Hub.HubAnalyticsService
[2025-11-13 오전 12:40:36] [Debug] [Application] Service Release: Tripolygon.UModeler.Hub.HubFlashService
[2025-11-13 오전 12:40:36] [Debug] [Application] Service Release: Tripolygon.UModeler.Editor.UI.UnityEditorApplicationUtilityService
[2025-11-13 오전 12:40:36] [Debug] [Application] Service Release: Tripolygon.UModeler.Hub.HubService
[2025-11-13 오전 12:40:36] [Debug] [Application] Service Release: Tripolygon.UModeler.Editor.UI.UnityEditorApplicationCache
[2025-11-13 오전 12:40:36] [Debug] [Application] Service Release: Tripolygon.UModeler.Hub.HubAuthentication
[2025-11-13 오전 12:40:41] [Debug] [Application] service: Tripolygon.UModeler.Hub.HubAuthentication = Tripolygon.UModeler.Hub.HubAuthentication
[2025-11-13 오전 12:40:41] [Debug] [Application] service: Tripolygon.UModeler.UI.IApplicationCache = Tripolygon.UModeler.Editor.UI.UnityEditorApplicationCache
[2025-11-13 오전 12:40:41] [Debug] ActualHost
[2025-11-13 오전 12:40:41] [Debug] [Application] service: Tripolygon.UModeler.Hub.IHubService = Tripolygon.UModeler.Hub.HubService
[2025-11-13 오전 12:40:41] [Debug] [Application] service: Tripolygon.UModeler.Authentication.IAuthenticationApiProvider = Tripolygon.UModeler.Editor.AuthenticationApiProviderService
[2025-11-13 오전 12:40:41] [Debug] [Application] service: Tripolygon.UModeler.UI.IObjectHierarchyService = Tripolygon.UModeler.Editor.UI.UnityEditorObjectHierarchyService
[2025-11-13 오전 12:40:41] [Debug] [Application] service: Tripolygon.UModeler.UI.IApplicationUtilityService = Tripolygon.UModeler.Editor.UI.UnityEditorApplicationUtilityService
[2025-11-13 오전 12:40:42] [Debug] [Application] service: Tripolygon.UModeler.Editor.UI.ApplicationSettings = Tripolygon.UModeler.Editor.UI.ApplicationSettings
[2025-11-13 오전 12:40:42] [Debug] [Application] service: Tripolygon.UModeler.UI.ITextureProvider = Tripolygon.UModeler.Editor.UI.UnityEditorTextureProvider
[2025-11-13 오전 12:40:42] [Debug] [Application] service: Tripolygon.UModeler.Hub.Resources.IResourcesApiProvider = Tripolygon.UModeler.Hub.ResourcesApiProviderService
[2025-11-13 오전 12:40:42] [Debug] [Application] service: Tripolygon.UModeler.Hub.HubFlashService = Tripolygon.UModeler.Hub.HubFlashService
[2025-11-13 오전 12:40:42] [Debug] [Application] service: Tripolygon.UModeler.Hub.IHubAnalyticsService = Tripolygon.UModeler.Hub.HubAnalyticsService
[2025-11-13 오전 12:40:42] [Debug] [Application] service: Tripolygon.UModeler.Hub.VSAttributionService = Tripolygon.UModeler.Hub.VSAttributionService
[2025-11-13 오전 12:40:42] [Debug] [Application] service: Tripolygon.UModeler.Hub.Notifications.UpdateHubNotifier = Tripolygon.UModeler.Hub.Notifications.UpdateHubNotifier
[2025-11-13 오전 12:40:42] [Debug] [Application] service: Tripolygon.UModeler.Hub.Notifications.UpdateProductNotifier = Tripolygon.UModeler.Hub.Notifications.UpdateProductNotifier
[2025-11-13 오전 12:40:42] [Debug] [Application] service: Tripolygon.UModeler.Hub.INoticeService = Tripolygon.UModeler.Hub.Noticies.NoticeService
[2025-11-13 오전 12:40:42] [Debug] [Application] service: Tripolygon.UModeler.Hub.Views.SceneViews.HubSceneViewService = Tripolygon.UModeler.Hub.Views.SceneViews.HubSceneViewService
[2025-11-13 오전 12:40:43] [Debug] [Application] Initialize: isReloading=True
[2025-11-13 오전 12:40:43] [Debug] [Application] Service Initialize: Tripolygon.UModeler.Hub.HubAuthentication
[2025-11-13 오전 12:40:43] [Debug] [Application] Service Initialize: Tripolygon.UModeler.Editor.UI.UnityEditorApplicationCache
[2025-11-13 오전 12:40:43] [Debug] [Application] Service Initialize: Tripolygon.UModeler.Hub.HubService
[2025-11-13 오전 12:40:43] [Debug] [Application] Service Initialize: Tripolygon.UModeler.Editor.UI.UnityEditorApplicationUtilityService
[2025-11-13 오전 12:40:43] [Debug] [Application] Service Initialize: Tripolygon.UModeler.Hub.HubFlashService
[2025-11-13 오전 12:40:43] [Debug] [HubAnalytics] PosthogClient.SetAutoFlush: Value Changed: True
[2025-11-13 오전 12:40:43] [Debug] [Application] Service Initialize: Tripolygon.UModeler.Hub.HubAnalyticsService
[2025-11-13 오전 12:40:43] [Debug] [Application] Service Initialize: Tripolygon.UModeler.Hub.VSAttributionService
[2025-11-13 오전 12:40:43] [Debug] [Application] Service Initialize: Tripolygon.UModeler.Hub.Notifications.UpdateHubNotifier
[2025-11-13 오전 12:40:43] [Debug] [Application] Service Initialize: Tripolygon.UModeler.Hub.Notifications.UpdateProductNotifier
[2025-11-13 오전 12:40:43] [Debug] [Application] Service Initialize: Tripolygon.UModeler.Hub.Noticies.NoticeService
[2025-11-13 오전 12:40:43] [Debug] [Application] Service Initialize: Tripolygon.UModeler.Hub.Views.SceneViews.HubSceneViewService
[2025-11-13 오전 12:40:44] [Debug] [Application] Release: isReloading=True
[2025-11-13 오전 12:40:44] [Debug] [Application] Release: isReloading=True
[2025-11-13 오전 12:40:44] [Debug] [Application] Service Release: Tripolygon.UModeler.Hub.Views.SceneViews.HubSceneViewService
[2025-11-13 오전 12:40:44] [Debug] [Application] Service Release: Tripolygon.UModeler.Hub.Views.SceneViews.HubSceneViewService
[2025-11-13 오전 12:40:44] [Debug] [Application] Service Release: Tripolygon.UModeler.Hub.Noticies.NoticeService
[2025-11-13 오전 12:40:44] [Debug] [Application] Service Release: Tripolygon.UModeler.Hub.Noticies.NoticeService
[2025-11-13 오전 12:40:44] [Debug] [Application] Service Release: Tripolygon.UModeler.Hub.Notifications.UpdateProductNotifier
[2025-11-13 오전 12:40:44] [Debug] [Application] Service Release: Tripolygon.UModeler.Hub.Notifications.UpdateProductNotifier
[2025-11-13 오전 12:40:44] [Debug] [Application] Service Release: Tripolygon.UModeler.Hub.Notifications.UpdateHubNotifier
[2025-11-13 오전 12:40:44] [Debug] [Application] Service Release: Tripolygon.UModeler.Hub.Notifications.UpdateHubNotifier
[2025-11-13 오전 12:40:44] [Debug] [Application] Service Release: Tripolygon.UModeler.Hub.VSAttributionService
[2025-11-13 오전 12:40:44] [Debug] [Application] Service Release: Tripolygon.UModeler.Hub.VSAttributionService
[2025-11-13 오전 12:40:47] [Debug] [Application] service: Tripolygon.UModeler.Hub.HubAuthentication = Tripolygon.UModeler.Hub.HubAuthentication
[2025-11-13 오전 12:40:47] [Debug] [Application] service: Tripolygon.UModeler.Hub.HubAuthentication = Tripolygon.UModeler.Hub.HubAuthentication
[2025-11-13 오전 12:40:47] [Debug] [Application] service: Tripolygon.UModeler.Hub.Resources.IResourcesApiProvider = Tripolygon.UModeler.Hub.ResourcesApiProviderService
[2025-11-13 오전 12:40:47] [Debug] ActualHost
[2025-11-13 오전 12:40:47] [Debug] [Application] service: Tripolygon.UModeler.Hub.HubFlashService = Tripolygon.UModeler.Hub.HubFlashService
[2025-11-13 오전 12:40:47] [Debug] [Application] service: Tripolygon.UModeler.Hub.IHubService = Tripolygon.UModeler.Hub.HubService
[2025-11-13 오전 12:40:47] [Debug] [Application] service: Tripolygon.UModeler.Hub.IHubAnalyticsService = Tripolygon.UModeler.Hub.HubAnalyticsService
[2025-11-13 오전 12:40:47] [Debug] [Application] service: Tripolygon.UModeler.Authentication.IAuthenticationApiProvider = Tripolygon.UModeler.Editor.AuthenticationApiProviderService
[2025-11-13 오전 12:40:47] [Debug] [Application] service: Tripolygon.UModeler.Hub.VSAttributionService = Tripolygon.UModeler.Hub.VSAttributionService
[2025-11-13 오전 12:40:47] [Debug] [Application] service: Tripolygon.UModeler.UI.IObjectHierarchyService = Tripolygon.UModeler.Editor.UI.UnityEditorObjectHierarchyService
[2025-11-13 오전 12:40:47] [Debug] [Application] service: Tripolygon.UModeler.UI.IApplicationUtilityService = Tripolygon.UModeler.Editor.UI.UnityEditorApplicationUtilityService
[2025-11-13 오전 12:40:47] [Debug] [Application] service: Tripolygon.UModeler.Hub.Notifications.UpdateProductNotifier = Tripolygon.UModeler.Hub.Notifications.UpdateProductNotifier
[2025-11-13 오전 12:40:47] [Debug] [Application] service: Tripolygon.UModeler.Editor.UI.ApplicationSettings = Tripolygon.UModeler.Editor.UI.ApplicationSettings
[2025-11-13 오전 12:40:47] [Debug] [Application] service: Tripolygon.UModeler.Hub.INoticeService = Tripolygon.UModeler.Hub.Noticies.NoticeService
[2025-11-13 오전 12:40:47] [Debug] [Application] service: Tripolygon.UModeler.UI.ITextureProvider = Tripolygon.UModeler.Editor.UI.UnityEditorTextureProvider
[2025-11-13 오전 12:40:48] [Debug] [Application] Initialize: isReloading=True
[2025-11-13 오전 12:40:47] [Debug] [Application] service: Tripolygon.UModeler.Hub.Resources.IResourcesApiProvider = Tripolygon.UModeler.Hub.ResourcesApiProviderService
[2025-11-13 오전 12:40:48] [Debug] [Application] Service Initialize: Tripolygon.UModeler.Hub.HubAuthentication
[2025-11-13 오전 12:40:47] [Debug] [Application] service: Tripolygon.UModeler.Hub.IHubAnalyticsService = Tripolygon.UModeler.Hub.HubAnalyticsService
[2025-11-13 오전 12:40:48] [Debug] [Application] Service Initialize: Tripolygon.UModeler.Editor.UI.UnityEditorApplicationCache
[2025-11-13 오전 12:40:47] [Debug] [Application] service: Tripolygon.UModeler.Hub.VSAttributionService = Tripolygon.UModeler.Hub.VSAttributionService
[2025-11-13 오전 12:40:47] [Debug] [Application] service: Tripolygon.UModeler.Hub.Notifications.UpdateHubNotifier = Tripolygon.UModeler.Hub.Notifications.UpdateHubNotifier
[2025-11-13 오전 12:40:48] [Debug] [Application] Service Initialize: Tripolygon.UModeler.Hub.HubService
[2025-11-13 오전 12:40:47] [Debug] [Application] service: Tripolygon.UModeler.Hub.INoticeService = Tripolygon.UModeler.Hub.Noticies.NoticeService
[2025-11-13 오전 12:40:48] [Debug] [Application] Service Initialize: Tripolygon.UModeler.Editor.UI.UnityEditorApplicationUtilityService
[2025-11-13 오전 12:40:48] [Debug] [Application] Initialize: isReloading=False
[2025-11-13 오전 12:40:48] [Debug] [Application] Service Initialize: Tripolygon.UModeler.Hub.HubFlashService
[2025-11-13 오전 12:40:48] [Debug] [Application] Service Initialize: Tripolygon.UModeler.Hub.HubAuthentication
[2025-11-13 오전 12:40:48] [Debug] [Application] Service Initialize: Tripolygon.UModeler.Editor.UI.UnityEditorApplicationCache
[2025-11-13 오전 12:40:48] [Debug] [HubAnalytics] PosthogClient.SetAutoFlush: Value Changed: True
[2025-11-13 오전 12:40:48] [Debug] [Application] Service Initialize: Tripolygon.UModeler.Hub.HubService
[2025-11-13 오전 12:40:49] [Debug] [Application] Service Initialize: Tripolygon.UModeler.Editor.UI.UnityEditorApplicationUtilityService
[2025-11-13 오전 12:40:49] [Debug] [Application] Service Initialize: Tripolygon.UModeler.Hub.HubFlashService
[2025-11-13 오전 12:40:49] [Debug] [Application] Service Initialize: Tripolygon.UModeler.Hub.HubAnalyticsService
[2025-11-13 오전 12:40:49] [Debug] [HubAnalytics] PosthogClient.SetAutoFlush: Value Changed: True
[2025-11-13 오전 12:40:49] [Debug] [Application] Service Initialize: Tripolygon.UModeler.Hub.VSAttributionService
[2025-11-13 오전 12:40:49] [Debug] [Application] Service Initialize: Tripolygon.UModeler.Hub.Notifications.UpdateHubNotifier
[2025-11-13 오전 12:40:49] [Debug] [Application] Service Initialize: Tripolygon.UModeler.Hub.Notifications.UpdateProductNotifier
[2025-11-13 오전 12:40:49] [Debug] [Application] Service Initialize: Tripolygon.UModeler.Hub.HubAnalyticsService
[2025-11-13 오전 12:40:49] [Debug] [Application] Service Initialize: Tripolygon.UModeler.Hub.VSAttributionService
[2025-11-13 오전 12:40:49] [Debug] [Application] Service Initialize: Tripolygon.UModeler.Hub.Noticies.NoticeService
[2025-11-13 오전 12:40:49] [Debug] [Application] Service Initialize: Tripolygon.UModeler.Hub.Notifications.UpdateHubNotifier
[2025-11-13 오전 12:40:49] [Debug] [Application] Service Initialize: Tripolygon.UModeler.Hub.Views.SceneViews.HubSceneViewService
[2025-11-13 오전 12:40:49] [Debug] [Application] Service Initialize: Tripolygon.UModeler.Hub.Notifications.UpdateProductNotifier
[2025-11-13 오전 12:40:49] [Debug] [Application] Service Initialize: Tripolygon.UModeler.Hub.Noticies.NoticeService
[2025-11-13 오전 12:40:49] [Debug] [Application] Service Initialize: Tripolygon.UModeler.Hub.Views.SceneViews.HubSceneViewService
[2025-11-13 오전 12:41:20] [Debug] [Application] Release: isReloading=True
[2025-11-13 오전 12:41:20] [Debug] [Application] Service Release: Tripolygon.UModeler.Hub.Views.SceneViews.HubSceneViewService
[2025-11-13 오전 12:41:20] [Debug] [Application] Service Release: Tripolygon.UModeler.Hub.Noticies.NoticeService
[2025-11-13 오전 12:41:20] [Debug] [Application] Service Release: Tripolygon.UModeler.Hub.Notifications.UpdateProductNotifier
[2025-11-13 오전 12:41:20] [Debug] [Application] Service Release: Tripolygon.UModeler.Hub.Notifications.UpdateHubNotifier
[2025-11-13 오전 12:41:20] [Debug] [Application] Service Release: Tripolygon.UModeler.Hub.VSAttributionService
[2025-11-13 오전 12:41:20] [Debug] [HubAnalytics] PosthogClient.SetAutoFlush: Value Changed: False
[2025-11-13 오전 12:41:20] [Debug] [Application] Service Release: Tripolygon.UModeler.Hub.HubAnalyticsService
[2025-11-13 오전 12:41:20] [Debug] [Application] Service Release: Tripolygon.UModeler.Hub.HubFlashService
[2025-11-13 오전 12:41:20] [Debug] [Application] Service Release: Tripolygon.UModeler.Editor.UI.UnityEditorApplicationUtilityService
[2025-11-13 오전 12:41:20] [Debug] [Application] Service Release: Tripolygon.UModeler.Hub.HubService
[2025-11-13 오전 12:41:20] [Debug] [Application] Service Release: Tripolygon.UModeler.Editor.UI.UnityEditorApplicationCache
[2025-11-13 오전 12:41:20] [Debug] [Application] Service Release: Tripolygon.UModeler.Hub.HubAuthentication
[2025-11-13 오전 12:41:25] [Debug] [Application] service: Tripolygon.UModeler.Hub.HubAuthentication = Tripolygon.UModeler.Hub.HubAuthentication
[2025-11-13 오전 12:41:25] [Debug] [Application] service: Tripolygon.UModeler.UI.IApplicationCache = Tripolygon.UModeler.Editor.UI.UnityEditorApplicationCache
[2025-11-13 오전 12:41:25] [Debug] ActualHost
[2025-11-13 오전 12:41:25] [Debug] [Application] service: Tripolygon.UModeler.Hub.IHubService = Tripolygon.UModeler.Hub.HubService
[2025-11-13 오전 12:41:25] [Debug] [Application] service: Tripolygon.UModeler.Authentication.IAuthenticationApiProvider = Tripolygon.UModeler.Editor.AuthenticationApiProviderService
[2025-11-13 오전 12:41:25] [Debug] [Application] service: Tripolygon.UModeler.UI.IObjectHierarchyService = Tripolygon.UModeler.Editor.UI.UnityEditorObjectHierarchyService
[2025-11-13 오전 12:41:25] [Debug] [Application] service: Tripolygon.UModeler.UI.IApplicationUtilityService = Tripolygon.UModeler.Editor.UI.UnityEditorApplicationUtilityService
[2025-11-13 오전 12:41:25] [Debug] [Application] service: Tripolygon.UModeler.Editor.UI.ApplicationSettings = Tripolygon.UModeler.Editor.UI.ApplicationSettings
[2025-11-13 오전 12:41:25] [Debug] [Application] service: Tripolygon.UModeler.UI.ITextureProvider = Tripolygon.UModeler.Editor.UI.UnityEditorTextureProvider
[2025-11-13 오전 12:41:25] [Debug] [Application] service: Tripolygon.UModeler.Hub.Resources.IResourcesApiProvider = Tripolygon.UModeler.Hub.ResourcesApiProviderService
[2025-11-13 오전 12:41:25] [Debug] [Application] service: Tripolygon.UModeler.Hub.HubFlashService = Tripolygon.UModeler.Hub.HubFlashService
[2025-11-13 오전 12:41:25] [Debug] [Application] service: Tripolygon.UModeler.Hub.IHubAnalyticsService = Tripolygon.UModeler.Hub.HubAnalyticsService
[2025-11-13 오전 12:41:25] [Debug] [Application] service: Tripolygon.UModeler.Hub.VSAttributionService = Tripolygon.UModeler.Hub.VSAttributionService
[2025-11-13 오전 12:41:25] [Debug] [Application] service: Tripolygon.UModeler.Hub.Notifications.UpdateHubNotifier = Tripolygon.UModeler.Hub.Notifications.UpdateHubNotifier
[2025-11-13 오전 12:41:25] [Debug] [Application] service: Tripolygon.UModeler.Hub.Notifications.UpdateProductNotifier = Tripolygon.UModeler.Hub.Notifications.UpdateProductNotifier
[2025-11-13 오전 12:41:25] [Debug] [Application] service: Tripolygon.UModeler.Hub.INoticeService = Tripolygon.UModeler.Hub.Noticies.NoticeService
[2025-11-13 오전 12:41:25] [Debug] [Application] service: Tripolygon.UModeler.Hub.Views.SceneViews.HubSceneViewService = Tripolygon.UModeler.Hub.Views.SceneViews.HubSceneViewService
[2025-11-13 오전 12:41:26] [Debug] [Application] Initialize: isReloading=True
[2025-11-13 오전 12:41:27] [Debug] [Application] Service Initialize: Tripolygon.UModeler.Hub.HubAuthentication
[2025-11-13 오전 12:41:27] [Debug] [Application] Service Initialize: Tripolygon.UModeler.Editor.UI.UnityEditorApplicationCache
[2025-11-13 오전 12:41:27] [Debug] [Application] Service Initialize: Tripolygon.UModeler.Hub.HubService
[2025-11-13 오전 12:41:27] [Debug] [Application] Service Initialize: Tripolygon.UModeler.Editor.UI.UnityEditorApplicationUtilityService
[2025-11-13 오전 12:41:27] [Debug] [Application] Service Initialize: Tripolygon.UModeler.Hub.HubFlashService
[2025-11-13 오전 12:41:27] [Debug] [HubAnalytics] PosthogClient.SetAutoFlush: Value Changed: True
[2025-11-13 오전 12:41:27] [Debug] [Application] Service Initialize: Tripolygon.UModeler.Hub.HubAnalyticsService
[2025-11-13 오전 12:41:27] [Debug] [Application] Service Initialize: Tripolygon.UModeler.Hub.VSAttributionService
[2025-11-13 오전 12:41:27] [Debug] [Application] Service Initialize: Tripolygon.UModeler.Hub.Notifications.UpdateHubNotifier
[2025-11-13 오전 12:41:27] [Debug] [Application] Service Initialize: Tripolygon.UModeler.Hub.Notifications.UpdateProductNotifier
[2025-11-13 오전 12:41:27] [Debug] [Application] Service Initialize: Tripolygon.UModeler.Hub.Noticies.NoticeService
[2025-11-13 오전 12:41:27] [Debug] [Application] Service Initialize: Tripolygon.UModeler.Hub.Views.SceneViews.HubSceneViewService
[2025-11-13 오전 12:41:27] [Debug] [Application] Release: isReloading=True
[2025-11-13 오전 12:41:27] [Debug] [Application] Release: isReloading=True
[2025-11-13 오전 12:41:27] [Debug] [Application] Service Release: Tripolygon.UModeler.Hub.Views.SceneViews.HubSceneViewService
[2025-11-13 오전 12:41:27] [Debug] [Application] Service Release: Tripolygon.UModeler.Hub.Views.SceneViews.HubSceneViewService
[2025-11-13 오전 12:41:27] [Debug] [Application] Service Release: Tripolygon.UModeler.Hub.Noticies.NoticeService
[2025-11-13 오전 12:41:27] [Debug] [Application] Service Release: Tripolygon.UModeler.Hub.Noticies.NoticeService
[2025-11-13 오전 12:41:27] [Debug] [Application] Service Release: Tripolygon.UModeler.Hub.Notifications.UpdateProductNotifier
[2025-11-13 오전 12:41:27] [Debug] [Application] Service Release: Tripolygon.UModeler.Hub.Notifications.UpdateProductNotifier
[2025-11-13 오전 12:41:27] [Debug] [Application] Service Release: Tripolygon.UModeler.Hub.Notifications.UpdateHubNotifier
[2025-11-13 오전 12:41:27] [Debug] [Application] Service Release: Tripolygon.UModeler.Hub.Notifications.UpdateHubNotifier
[2025-11-13 오전 12:41:27] [Debug] [Application] Service Release: Tripolygon.UModeler.Hub.VSAttributionService
[2025-11-13 오전 12:41:27] [Debug] [Application] Service Release: Tripolygon.UModeler.Hub.VSAttributionService
[2025-11-13 오전 12:41:30] [Debug] [Application] service: Tripolygon.UModeler.Hub.HubAuthentication = Tripolygon.UModeler.Hub.HubAuthentication
[2025-11-13 오전 12:41:30] [Debug] [Application] service: Tripolygon.UModeler.Hub.HubAuthentication = Tripolygon.UModeler.Hub.HubAuthentication
[2025-11-13 오전 12:41:30] [Debug] [Application] service: Tripolygon.UModeler.Hub.Resources.IResourcesApiProvider = Tripolygon.UModeler.Hub.ResourcesApiProviderService
[2025-11-13 오전 12:41:30] [Debug] [Application] service: Tripolygon.UModeler.UI.IApplicationCache = Tripolygon.UModeler.Editor.UI.UnityEditorApplicationCache
[2025-11-13 오전 12:41:30] [Debug] [Application] service: Tripolygon.UModeler.Hub.HubFlashService = Tripolygon.UModeler.Hub.HubFlashService
[2025-11-13 오전 12:41:30] [Debug] [Application] service: Tripolygon.UModeler.Hub.IHubService = Tripolygon.UModeler.Hub.HubService
[2025-11-13 오전 12:41:30] [Debug] [Application] service: Tripolygon.UModeler.Hub.VSAttributionService = Tripolygon.UModeler.Hub.VSAttributionService
[2025-11-13 오전 12:41:30] [Debug] [Application] service: Tripolygon.UModeler.UI.IObjectHierarchyService = Tripolygon.UModeler.Editor.UI.UnityEditorObjectHierarchyService
[2025-11-13 오전 12:41:30] [Debug] [Application] service: Tripolygon.UModeler.UI.IApplicationUtilityService = Tripolygon.UModeler.Editor.UI.UnityEditorApplicationUtilityService
[2025-11-13 오전 12:41:30] [Debug] [Application] service: Tripolygon.UModeler.Hub.INoticeService = Tripolygon.UModeler.Hub.Noticies.NoticeService
[2025-11-13 오전 12:41:30] [Debug] [Application] service: Tripolygon.UModeler.UI.ITextureProvider = Tripolygon.UModeler.Editor.UI.UnityEditorTextureProvider
[2025-11-13 오전 12:41:30] [Debug] [Application] service: Tripolygon.UModeler.Hub.Views.SceneViews.HubSceneViewService = Tripolygon.UModeler.Hub.Views.SceneViews.HubSceneViewService
[2025-11-13 오전 12:41:31] [Debug] [Application] Initialize: isReloading=True
[2025-11-13 오전 12:41:30] [Debug] [Application] service: Tripolygon.UModeler.Hub.HubFlashService = Tripolygon.UModeler.Hub.HubFlashService
[2025-11-13 오전 12:41:32] [Debug] [Application] Service Initialize: Tripolygon.UModeler.Hub.HubAuthentication
[2025-11-13 오전 12:41:30] [Debug] [Application] service: Tripolygon.UModeler.Hub.VSAttributionService = Tripolygon.UModeler.Hub.VSAttributionService
[2025-11-13 오전 12:41:32] [Debug] [Application] Service Initialize: Tripolygon.UModeler.Editor.UI.UnityEditorApplicationCache
[2025-11-13 오전 12:41:30] [Debug] [Application] service: Tripolygon.UModeler.Hub.Notifications.UpdateProductNotifier = Tripolygon.UModeler.Hub.Notifications.UpdateProductNotifier
[2025-11-13 오전 12:41:30] [Debug] [Application] service: Tripolygon.UModeler.Hub.INoticeService = Tripolygon.UModeler.Hub.Noticies.NoticeService
[2025-11-13 오전 12:41:32] [Debug] [Application] Service Initialize: Tripolygon.UModeler.Hub.HubService
[2025-11-13 오전 12:41:31] [Debug] [Application] Initialize: isReloading=False
[2025-11-13 오전 12:41:32] [Debug] [Application] Service Initialize: Tripolygon.UModeler.Editor.UI.UnityEditorApplicationUtilityService
[2025-11-13 오전 12:41:32] [Debug] [Application] Service Initialize: Tripolygon.UModeler.Hub.HubAuthentication
[2025-11-13 오전 12:41:32] [Debug] [Application] Service Initialize: Tripolygon.UModeler.Hub.HubFlashService
[2025-11-13 오전 12:41:32] [Debug] [Application] Service Initialize: Tripolygon.UModeler.Editor.UI.UnityEditorApplicationCache
[2025-11-13 오전 12:41:32] [Debug] [HubAnalytics] PosthogClient.SetAutoFlush: Value Changed: True
[2025-11-13 오전 12:41:32] [Debug] [Application] Service Initialize: Tripolygon.UModeler.Hub.HubService
[2025-11-13 오전 12:41:32] [Debug] [Application] Service Initialize: Tripolygon.UModeler.Editor.UI.UnityEditorApplicationUtilityService
[2025-11-13 오전 12:41:32] [Debug] [Application] Service Initialize: Tripolygon.UModeler.Hub.HubFlashService
[2025-11-13 오전 12:41:32] [Debug] [Application] Service Initialize: Tripolygon.UModeler.Hub.HubAnalyticsService
[2025-11-13 오전 12:41:32] [Debug] [HubAnalytics] PosthogClient.SetAutoFlush: Value Changed: True
[2025-11-13 오전 12:41:32] [Debug] [Application] Service Initialize: Tripolygon.UModeler.Hub.VSAttributionService
[2025-11-13 오전 12:41:32] [Debug] [Application] Service Initialize: Tripolygon.UModeler.Hub.Notifications.UpdateHubNotifier
[2025-11-13 오전 12:41:32] [Debug] [Application] Service Initialize: Tripolygon.UModeler.Hub.Notifications.UpdateProductNotifier
[2025-11-13 오전 12:41:32] [Debug] [Application] Service Initialize: Tripolygon.UModeler.Hub.HubAnalyticsService
[2025-11-13 오전 12:41:32] [Debug] [Application] Service Initialize: Tripolygon.UModeler.Hub.Noticies.NoticeService
[2025-11-13 오전 12:41:32] [Debug] [Application] Service Initialize: Tripolygon.UModeler.Hub.VSAttributionService
[2025-11-13 오전 12:41:32] [Debug] [Application] Service Initialize: Tripolygon.UModeler.Hub.Views.SceneViews.HubSceneViewService
[2025-11-13 오전 12:41:32] [Debug] [Application] Service Initialize: Tripolygon.UModeler.Hub.Notifications.UpdateHubNotifier
[2025-11-13 오전 12:41:32] [Debug] [Application] Service Initialize: Tripolygon.UModeler.Hub.Notifications.UpdateProductNotifier
[2025-11-13 오전 12:41:32] [Debug] [Application] Service Initialize: Tripolygon.UModeler.Hub.Noticies.NoticeService
[2025-11-13 오전 12:41:32] [Debug] [Application] Service Initialize: Tripolygon.UModeler.Hub.Views.SceneViews.HubSceneViewService
[2025-11-13 오전 12:44:57] [Debug] [Application] Release: isReloading=False
[2025-11-13 오전 12:44:57] [Debug] [Application] Service Release: Tripolygon.UModeler.Hub.Views.SceneViews.HubSceneViewService
[2025-11-13 오전 12:44:57] [Debug] [Application] Service Release: Tripolygon.UModeler.Hub.Noticies.NoticeService
[2025-11-13 오전 12:44:57] [Debug] [Application] Service Release: Tripolygon.UModeler.Hub.Notifications.UpdateProductNotifier
[2025-11-13 오전 12:44:57] [Debug] [Application] Service Release: Tripolygon.UModeler.Hub.Notifications.UpdateHubNotifier
[2025-11-13 오전 12:44:57] [Debug] [Application] Service Release: Tripolygon.UModeler.Hub.VSAttributionService
[2025-11-13 오전 12:44:57] [Debug] [HubAnalytics] OnAppEnd
[2025-11-13 오전 12:44:57] [Debug] [HubAnalytics] PosthogClient.SetAutoFlush: Value Changed: False
[2025-11-13 오전 12:44:57] [Debug] [HubAnalytics] PosthogClient.BatchAsync: Sending Queue Items={"api_key":"phc_DQ6tsN03HRXTr9hNBfi3DierOY5Y0SisUxgxjuAmZG5","batch":[{"event":"app end","properties":{"$set":{"sdk_region_id":"ko-KR","sdk_region_name":"South Korea","sdk_language":"Korean","sdk_os_architecture":"X64","sdk_time_zone":"Korea Standard Time","product_version":"1.1.6"},"$os":"WINDOWS","$os_name":"WINDOWS","$session_id":"5ec04d0c-0c8b-4705-9239-31ed401c880c_a00dc4e9-0d3a-4f0b-a4c7-08a0bfbf596a","distinct_id":"b436f785064ea140538673dd9b84f3f59c821871","product_name":"UModeler Hub","product_version":"1.1.6","platform_name":"Unity","platform_version":"6000.0.29f1","screen_width":1920,"screen_height":1080,"viewport_width":1172,"viewport_height":339,"unity_systeminfo_language":"Korean","unity_systeminfo_os":"Windows 10  (10.0.19045) 64bit","unity_systeminfo_graphicsDeviceType":"Direct3D11","unity_systeminfo_graphicsDeviceVendor":"NVIDIA","unity_systeminfo_graphicsDeviceName":"NVIDIA GeForce RTX 2060","unity_systeminfo_deviceType":"Desktop","unity_systeminfo_processorType":"Intel(R) Core(TM) i7-9700F CPU @ 3.00GHz"},"timestamp":"2025-11-12T15:44:57.3996418Z"}]}
[2025-11-13 오전 12:44:57] [Debug] [HubAnalytics] PosthogClient.BatchAsync: Sent 1 queue item(s).
[2025-11-13 오전 12:44:57] [Debug] [Application] Service Release: Tripolygon.UModeler.Hub.HubAnalyticsService
[2025-11-13 오전 12:44:57] [Debug] [Application] Service Release: Tripolygon.UModeler.Hub.HubFlashService
[2025-11-13 오전 12:44:57] [Debug] [Application] Service Release: Tripolygon.UModeler.Editor.UI.UnityEditorApplicationUtilityService
[2025-11-13 오전 12:44:58] [Debug] [Application] Service Release: Tripolygon.UModeler.Hub.HubService
[2025-11-13 오전 12:44:58] [Debug] [Application] Service Release: Tripolygon.UModeler.Editor.UI.UnityEditorApplicationCache
[2025-11-13 오전 12:44:58] [Debug] [Application] Service Release: Tripolygon.UModeler.Hub.HubAuthentication
[2025-11-13 오전 12:52:22] [Debug] [Application] service: Tripolygon.UModeler.Hub.HubAuthentication = Tripolygon.UModeler.Hub.HubAuthentication
[2025-11-13 오전 12:52:22] [Debug] [Application] service: Tripolygon.UModeler.UI.IApplicationCache = Tripolygon.UModeler.Editor.UI.UnityEditorApplicationCache
[2025-11-13 오전 12:52:22] [Debug] ActualHost
[2025-11-13 오전 12:52:22] [Debug] [Application] service: Tripolygon.UModeler.Hub.IHubService = Tripolygon.UModeler.Hub.HubService
[2025-11-13 오전 12:52:22] [Debug] [Application] service: Tripolygon.UModeler.Authentication.IAuthenticationApiProvider = Tripolygon.UModeler.Editor.AuthenticationApiProviderService
[2025-11-13 오전 12:52:22] [Debug] [Application] service: Tripolygon.UModeler.UI.IObjectHierarchyService = Tripolygon.UModeler.Editor.UI.UnityEditorObjectHierarchyService
[2025-11-13 오전 12:52:22] [Debug] [Application] service: Tripolygon.UModeler.UI.IApplicationUtilityService = Tripolygon.UModeler.Editor.UI.UnityEditorApplicationUtilityService
[2025-11-13 오전 12:52:22] [Debug] [Application] service: Tripolygon.UModeler.Editor.UI.ApplicationSettings = Tripolygon.UModeler.Editor.UI.ApplicationSettings
[2025-11-13 오전 12:52:22] [Debug] [Application] service: Tripolygon.UModeler.UI.ITextureProvider = Tripolygon.UModeler.Editor.UI.UnityEditorTextureProvider
[2025-11-13 오전 12:52:22] [Debug] [Application] service: Tripolygon.UModeler.Hub.Resources.IResourcesApiProvider = Tripolygon.UModeler.Hub.ResourcesApiProviderService
[2025-11-13 오전 12:52:22] [Debug] [Application] service: Tripolygon.UModeler.Hub.HubFlashService = Tripolygon.UModeler.Hub.HubFlashService
[2025-11-13 오전 12:52:22] [Debug] [Application] service: Tripolygon.UModeler.Hub.IHubAnalyticsService = Tripolygon.UModeler.Hub.HubAnalyticsService
[2025-11-13 오전 12:52:22] [Debug] [Application] service: Tripolygon.UModeler.Hub.VSAttributionService = Tripolygon.UModeler.Hub.VSAttributionService
[2025-11-13 오전 12:52:22] [Debug] [Application] service: Tripolygon.UModeler.Hub.Notifications.UpdateHubNotifier = Tripolygon.UModeler.Hub.Notifications.UpdateHubNotifier
[2025-11-13 오전 12:52:22] [Debug] [Application] service: Tripolygon.UModeler.Hub.Notifications.UpdateProductNotifier = Tripolygon.UModeler.Hub.Notifications.UpdateProductNotifier
[2025-11-13 오전 12:52:22] [Debug] [Application] service: Tripolygon.UModeler.Hub.INoticeService = Tripolygon.UModeler.Hub.Noticies.NoticeService
[2025-11-13 오전 12:52:22] [Debug] [Application] service: Tripolygon.UModeler.Hub.Views.SceneViews.HubSceneViewService = Tripolygon.UModeler.Hub.Views.SceneViews.HubSceneViewService
[2025-11-13 오전 12:52:23] [Debug] [Application] Initialize: isReloading=False
[2025-11-13 오전 12:52:24] [Debug] [Application] Service Initialize: Tripolygon.UModeler.Hub.HubAuthentication
[2025-11-13 오전 12:52:24] [Debug] [Application] Service Initialize: Tripolygon.UModeler.Editor.UI.UnityEditorApplicationCache
[2025-11-13 오전 12:52:24] [Debug] [Application] Service Initialize: Tripolygon.UModeler.Hub.HubService
[2025-11-13 오전 12:52:24] [Debug] [Application] Service Initialize: Tripolygon.UModeler.Editor.UI.UnityEditorApplicationUtilityService
[2025-11-13 오전 12:52:24] [Debug] [Application] Service Initialize: Tripolygon.UModeler.Hub.HubFlashService
[2025-11-13 오전 12:52:24] [Debug] [HubAnalytics] PosthogClient.SetAutoFlush: Value Changed: True
[2025-11-13 오전 12:52:24] [Debug] [Application] Service Initialize: Tripolygon.UModeler.Hub.HubAnalyticsService
[2025-11-13 오전 12:52:24] [Debug] [Application] Service Initialize: Tripolygon.UModeler.Hub.VSAttributionService
[2025-11-13 오전 12:52:24] [Debug] [Application] Service Initialize: Tripolygon.UModeler.Hub.Notifications.UpdateHubNotifier
[2025-11-13 오전 12:52:24] [Debug] [Application] Service Initialize: Tripolygon.UModeler.Hub.Notifications.UpdateProductNotifier
[2025-11-13 오전 12:52:24] [Debug] [Application] Service Initialize: Tripolygon.UModeler.Hub.Noticies.NoticeService
[2025-11-13 오전 12:52:24] [Debug] [Application] Service Initialize: Tripolygon.UModeler.Hub.Views.SceneViews.HubSceneViewService
[2025-11-13 오전 12:55:40] [Debug] [HubAnalytics] OnAppStart
[2025-11-13 오전 12:55:44] [Debug] [HubAnalytics] PosthogClient.BatchAsync: Sending Queue Items={"api_key":"phc_DQ6tsN03HRXTr9hNBfi3DierOY5Y0SisUxgxjuAmZG5","batch":[{"event":"app start","properties":{"$set":{"sdk_region_id":"ko-KR","sdk_region_name":"South Korea","sdk_language":"Korean","sdk_os_architecture":"X64","sdk_time_zone":"Korea Standard Time","product_version":"1.1.6","platform_account_id":"anonymous","platform_account_name":"gJfd59zyIe+AkWhtbDSLFew80Bb1JLVs27kdej2HGUDJf4+QiEZuMHxQA7JfU8XFzVgN503hGTQ9BzxrHu44Vxh9id8asrntvnanIaghiyyA00ILiLvX/gfXqHF/IyilDU19C+ps2Sb/TMA9inbqBU5DittQ19XnzdI6O4lG9dc2RxzNU3UyILq+wYyNEFMcRWH7Oz327yU7psv/065tvWEwssE18eHMKyQAhQ17sTv97I8Fq0Vk107YIAQhvpmPOOAweIT+u7gA2cR5jN6xPDi8K0xU0U6DDjgPp39eSaKjLy4wjkzAj2oF/DM58zPg1zkIMTYsTkCaOJSTgPhfWg=="},"$os":"WINDOWS","$os_name":"WINDOWS","$session_id":"44215cfa-3047-432d-a2ae-26c9974114d6_ddd96732-9196-48a7-9acf-789f84023936","distinct_id":"b436f785064ea140538673dd9b84f3f59c821871","product_name":"UModeler Hub","product_version":"1.1.6","platform_name":"Unity","platform_version":"6000.0.29f1","screen_width":1920,"screen_height":1080,"viewport_width":640,"viewport_height":480,"unity_systeminfo_language":"Korean","unity_systeminfo_os":"Windows 10  (10.0.19045) 64bit","unity_systeminfo_graphicsDeviceType":"Direct3D11","unity_systeminfo_graphicsDeviceVendor":"NVIDIA","unity_systeminfo_graphicsDeviceName":"NVIDIA GeForce RTX 2060","unity_systeminfo_deviceType":"Desktop","unity_systeminfo_processorType":"Intel(R) Core(TM) i7-9700F CPU @ 3.00GHz"},"timestamp":"2025-11-12T15:55:40.4594308Z"}]}
[2025-11-13 오전 12:55:44] [Debug] [HubAnalytics] PosthogClient.BatchAsync: Sent 1 queue item(s).
[2025-11-13 오전 12:55:52] [Debug] [Application] Release: isReloading=True
[2025-11-13 오전 12:55:52] [Debug] [Application] Service Release: Tripolygon.UModeler.Hub.Views.SceneViews.HubSceneViewService
[2025-11-13 오전 12:55:52] [Debug] [Application] Service Release: Tripolygon.UModeler.Hub.Noticies.NoticeService
[2025-11-13 오전 12:55:52] [Debug] [Application] Service Release: Tripolygon.UModeler.Hub.Notifications.UpdateProductNotifier
[2025-11-13 오전 12:55:52] [Debug] [Application] Service Release: Tripolygon.UModeler.Hub.Notifications.UpdateHubNotifier
[2025-11-13 오전 12:55:52] [Debug] [Application] Service Release: Tripolygon.UModeler.Hub.VSAttributionService
[2025-11-13 오전 12:55:52] [Debug] [HubAnalytics] PosthogClient.SetAutoFlush: Value Changed: False
[2025-11-13 오전 12:55:52] [Debug] [Application] Service Release: Tripolygon.UModeler.Hub.HubAnalyticsService
[2025-11-13 오전 12:55:52] [Debug] [Application] Service Release: Tripolygon.UModeler.Hub.HubFlashService
[2025-11-13 오전 12:55:52] [Debug] [Application] Service Release: Tripolygon.UModeler.Editor.UI.UnityEditorApplicationUtilityService
[2025-11-13 오전 12:55:52] [Debug] [Application] Service Release: Tripolygon.UModeler.Hub.HubService
[2025-11-13 오전 12:55:52] [Debug] [Application] Service Release: Tripolygon.UModeler.Editor.UI.UnityEditorApplicationCache
[2025-11-13 오전 12:55:52] [Debug] [Application] Service Release: Tripolygon.UModeler.Hub.HubAuthentication
[2025-11-13 오전 12:55:51] [Debug] [Application] service: Tripolygon.UModeler.Hub.HubAuthentication = Tripolygon.UModeler.Hub.HubAuthentication
[2025-11-13 오전 12:55:51] [Debug] [Application] service: Tripolygon.UModeler.UI.IApplicationCache = Tripolygon.UModeler.Editor.UI.UnityEditorApplicationCache
[2025-11-13 오전 12:55:51] [Debug] ActualHost
[2025-11-13 오전 12:55:51] [Debug] [Application] service: Tripolygon.UModeler.Hub.IHubService = Tripolygon.UModeler.Hub.HubService
[2025-11-13 오전 12:55:51] [Debug] [Application] service: Tripolygon.UModeler.Authentication.IAuthenticationApiProvider = Tripolygon.UModeler.Editor.AuthenticationApiProviderService
[2025-11-13 오전 12:55:51] [Debug] [Application] service: Tripolygon.UModeler.UI.IObjectHierarchyService = Tripolygon.UModeler.Editor.UI.UnityEditorObjectHierarchyService
[2025-11-13 오전 12:55:51] [Debug] [Application] service: Tripolygon.UModeler.UI.IApplicationUtilityService = Tripolygon.UModeler.Editor.UI.UnityEditorApplicationUtilityService
[2025-11-13 오전 12:55:51] [Debug] [Application] service: Tripolygon.UModeler.Editor.UI.ApplicationSettings = Tripolygon.UModeler.Editor.UI.ApplicationSettings
[2025-11-13 오전 12:55:51] [Debug] [Application] service: Tripolygon.UModeler.UI.ITextureProvider = Tripolygon.UModeler.Editor.UI.UnityEditorTextureProvider
[2025-11-13 오전 12:55:51] [Debug] [Application] service: Tripolygon.UModeler.Hub.HubAuthentication = Tripolygon.UModeler.Hub.HubAuthentication
[2025-11-13 오전 12:55:52] [Debug] [Application] Service Initialize: Tripolygon.UModeler.Hub.HubAuthentication
[2025-11-13 오전 12:55:51] [Debug] ActualHost
[2025-11-13 오전 12:55:52] [Debug] [Application] Service Initialize: Tripolygon.UModeler.Editor.UI.UnityEditorApplicationCache
[2025-11-13 오전 12:55:51] [Debug] [Application] service: Tripolygon.UModeler.Authentication.IAuthenticationApiProvider = Tripolygon.UModeler.Editor.AuthenticationApiProviderService
[2025-11-13 오전 12:55:51] [Debug] [Application] service: Tripolygon.UModeler.UI.IObjectHierarchyService = Tripolygon.UModeler.Editor.UI.UnityEditorObjectHierarchyService
[2025-11-13 오전 12:55:52] [Debug] [Application] Service Initialize: Tripolygon.UModeler.Hub.HubService
[2025-11-13 오전 12:55:51] [Debug] [Application] service: Tripolygon.UModeler.UI.IApplicationUtilityService = Tripolygon.UModeler.Editor.UI.UnityEditorApplicationUtilityService
[2025-11-13 오전 12:55:52] [Debug] [Application] Service Initialize: Tripolygon.UModeler.Editor.UI.UnityEditorApplicationUtilityService
[2025-11-13 오전 12:55:51] [Debug] [Application] service: Tripolygon.UModeler.UI.ITextureProvider = Tripolygon.UModeler.Editor.UI.UnityEditorTextureProvider
[2025-11-13 오전 12:55:51] [Debug] [Application] service: Tripolygon.UModeler.Hub.Resources.IResourcesApiProvider = Tripolygon.UModeler.Hub.ResourcesApiProviderService
[2025-11-13 오전 12:55:51] [Debug] [Application] service: Tripolygon.UModeler.Hub.HubFlashService = Tripolygon.UModeler.Hub.HubFlashService
[2025-11-13 오전 12:55:51] [Debug] [Application] service: Tripolygon.UModeler.Hub.IHubAnalyticsService = Tripolygon.UModeler.Hub.HubAnalyticsService
[2025-11-13 오전 12:55:51] [Debug] [Application] service: Tripolygon.UModeler.Hub.VSAttributionService = Tripolygon.UModeler.Hub.VSAttributionService
[2025-11-13 오전 12:55:51] [Debug] [Application] service: Tripolygon.UModeler.Hub.Notifications.UpdateHubNotifier = Tripolygon.UModeler.Hub.Notifications.UpdateHubNotifier
[2025-11-13 오전 12:55:53] [Debug] [HubAnalytics] PosthogClient.SetAutoFlush: Value Changed: True
[2025-11-13 오전 12:55:51] [Debug] [Application] service: Tripolygon.UModeler.Hub.INoticeService = Tripolygon.UModeler.Hub.Noticies.NoticeService
[2025-11-13 오전 12:55:51] [Debug] [Application] service: Tripolygon.UModeler.Hub.Views.SceneViews.HubSceneViewService = Tripolygon.UModeler.Hub.Views.SceneViews.HubSceneViewService
[2025-11-13 오전 12:55:52] [Debug] [Application] Initialize: isReloading=False
[2025-11-13 오전 12:55:53] [Debug] [Application] Service Initialize: Tripolygon.UModeler.Hub.HubAuthentication
[2025-11-13 오전 12:55:53] [Debug] [Application] Service Initialize: Tripolygon.UModeler.Hub.HubAnalyticsService
[2025-11-13 오전 12:55:53] [Debug] [Application] Service Initialize: Tripolygon.UModeler.Editor.UI.UnityEditorApplicationCache
[2025-11-13 오전 12:55:53] [Debug] [Application] Service Initialize: Tripolygon.UModeler.Hub.VSAttributionService
[2025-11-13 오전 12:55:53] [Debug] [Application] Service Initialize: Tripolygon.UModeler.Hub.HubService
[2025-11-13 오전 12:55:53] [Debug] [Application] Service Initialize: Tripolygon.UModeler.Hub.Notifications.UpdateHubNotifier
[2025-11-13 오전 12:55:53] [Debug] [Application] Service Initialize: Tripolygon.UModeler.Editor.UI.UnityEditorApplicationUtilityService
[2025-11-13 오전 12:55:53] [Debug] [Application] Service Initialize: Tripolygon.UModeler.Hub.Notifications.UpdateProductNotifier
[2025-11-13 오전 12:55:53] [Debug] [Application] Service Initialize: Tripolygon.UModeler.Hub.HubFlashService
[2025-11-13 오전 12:55:53] [Debug] [Application] Service Initialize: Tripolygon.UModeler.Hub.Noticies.NoticeService
[2025-11-13 오전 12:55:53] [Debug] [Application] Service Initialize: Tripolygon.UModeler.Hub.Views.SceneViews.HubSceneViewService
[2025-11-13 오전 12:55:53] [Debug] [HubAnalytics] PosthogClient.SetAutoFlush: Value Changed: True
[2025-11-13 오전 12:55:53] [Debug] [Application] Service Initialize: Tripolygon.UModeler.Hub.HubAnalyticsService
[2025-11-13 오전 12:55:53] [Debug] [Application] Service Initialize: Tripolygon.UModeler.Hub.VSAttributionService
[2025-11-13 오전 12:55:53] [Debug] [Application] Service Initialize: Tripolygon.UModeler.Hub.Notifications.UpdateHubNotifier
[2025-11-13 오전 12:55:53] [Debug] [Application] Service Initialize: Tripolygon.UModeler.Hub.Notifications.UpdateProductNotifier
[2025-11-13 오전 12:55:53] [Debug] [Application] Service Initialize: Tripolygon.UModeler.Hub.Noticies.NoticeService
[2025-11-13 오전 12:55:53] [Debug] [Application] Service Initialize: Tripolygon.UModeler.Hub.Views.SceneViews.HubSceneViewService
[2025-11-13 오전 12:55:56] [Debug] [Application] service: Tripolygon.UModeler.Hub.HubAuthentication = Tripolygon.UModeler.Hub.HubAuthentication
[2025-11-13 오전 12:55:56] [Debug] [Application] service: Tripolygon.UModeler.UI.IApplicationCache = Tripolygon.UModeler.Editor.UI.UnityEditorApplicationCache
[2025-11-13 오전 12:55:56] [Debug] ActualHost
[2025-11-13 오전 12:55:56] [Debug] [Application] service: Tripolygon.UModeler.Hub.IHubService = Tripolygon.UModeler.Hub.HubService
[2025-11-13 오전 12:55:56] [Debug] [Application] service: Tripolygon.UModeler.Authentication.IAuthenticationApiProvider = Tripolygon.UModeler.Editor.AuthenticationApiProviderService
[2025-11-13 오전 12:55:56] [Debug] [Application] service: Tripolygon.UModeler.UI.IObjectHierarchyService = Tripolygon.UModeler.Editor.UI.UnityEditorObjectHierarchyService
[2025-11-13 오전 12:55:56] [Debug] [Application] service: Tripolygon.UModeler.UI.IApplicationUtilityService = Tripolygon.UModeler.Editor.UI.UnityEditorApplicationUtilityService
[2025-11-13 오전 12:55:56] [Debug] [Application] service: Tripolygon.UModeler.Editor.UI.ApplicationSettings = Tripolygon.UModeler.Editor.UI.ApplicationSettings
[2025-11-13 오전 12:55:56] [Debug] [Application] service: Tripolygon.UModeler.UI.ITextureProvider = Tripolygon.UModeler.Editor.UI.UnityEditorTextureProvider
[2025-11-13 오전 12:55:56] [Debug] [Application] service: Tripolygon.UModeler.Hub.Resources.IResourcesApiProvider = Tripolygon.UModeler.Hub.ResourcesApiProviderService
[2025-11-13 오전 12:55:56] [Debug] [Application] service: Tripolygon.UModeler.Hub.HubFlashService = Tripolygon.UModeler.Hub.HubFlashService
[2025-11-13 오전 12:55:56] [Debug] [Application] service: Tripolygon.UModeler.Hub.IHubAnalyticsService = Tripolygon.UModeler.Hub.HubAnalyticsService
[2025-11-13 오전 12:55:56] [Debug] [Application] service: Tripolygon.UModeler.Hub.VSAttributionService = Tripolygon.UModeler.Hub.VSAttributionService
[2025-11-13 오전 12:55:56] [Debug] [Application] service: Tripolygon.UModeler.Hub.Notifications.UpdateHubNotifier = Tripolygon.UModeler.Hub.Notifications.UpdateHubNotifier
[2025-11-13 오전 12:55:56] [Debug] [Application] service: Tripolygon.UModeler.Hub.Notifications.UpdateProductNotifier = Tripolygon.UModeler.Hub.Notifications.UpdateProductNotifier
[2025-11-13 오전 12:55:56] [Debug] [Application] service: Tripolygon.UModeler.Hub.INoticeService = Tripolygon.UModeler.Hub.Noticies.NoticeService
[2025-11-13 오전 12:55:56] [Debug] [Application] service: Tripolygon.UModeler.Hub.Views.SceneViews.HubSceneViewService = Tripolygon.UModeler.Hub.Views.SceneViews.HubSceneViewService
[2025-11-13 오전 12:55:57] [Debug] [Application] Initialize: isReloading=False
[2025-11-13 오전 12:55:58] [Debug] [Application] Service Initialize: Tripolygon.UModeler.Hub.HubAuthentication
[2025-11-13 오전 12:55:58] [Debug] [Application] Service Initialize: Tripolygon.UModeler.Editor.UI.UnityEditorApplicationCache
[2025-11-13 오전 12:55:58] [Debug] [Application] Service Initialize: Tripolygon.UModeler.Hub.HubService
[2025-11-13 오전 12:55:58] [Debug] [Application] Service Initialize: Tripolygon.UModeler.Editor.UI.UnityEditorApplicationUtilityService
[2025-11-13 오전 12:55:58] [Debug] [Application] Service Initialize: Tripolygon.UModeler.Hub.HubFlashService
[2025-11-13 오전 12:55:58] [Debug] [HubAnalytics] PosthogClient.SetAutoFlush: Value Changed: True
[2025-11-13 오전 12:55:58] [Debug] [Application] Service Initialize: Tripolygon.UModeler.Hub.HubAnalyticsService
[2025-11-13 오전 12:55:58] [Debug] [Application] Service Initialize: Tripolygon.UModeler.Hub.VSAttributionService
[2025-11-13 오전 12:55:58] [Debug] [Application] Service Initialize: Tripolygon.UModeler.Hub.Notifications.UpdateHubNotifier
[2025-11-13 오전 12:55:58] [Debug] [Application] Service Initialize: Tripolygon.UModeler.Hub.Notifications.UpdateProductNotifier
[2025-11-13 오전 12:55:58] [Debug] [Application] Service Initialize: Tripolygon.UModeler.Hub.Noticies.NoticeService
[2025-11-13 오전 12:55:58] [Debug] [Application] Service Initialize: Tripolygon.UModeler.Hub.Views.SceneViews.HubSceneViewService
[2025-11-13 오전 12:55:58] [Debug] [HubAnalytics] OnAppStart
[2025-11-13 오전 12:55:58] [Debug] [Application] Release: isReloading=True
[2025-11-13 오전 12:55:58] [Debug] [Application] Release: isReloading=True
[2025-11-13 오전 12:55:58] [Debug] [Application] Service Release: Tripolygon.UModeler.Hub.Views.SceneViews.HubSceneViewService
[2025-11-13 오전 12:55:58] [Debug] [Application] Service Release: Tripolygon.UModeler.Hub.Views.SceneViews.HubSceneViewService
[2025-11-13 오전 12:55:58] [Debug] [Application] Service Release: Tripolygon.UModeler.Hub.Noticies.NoticeService
[2025-11-13 오전 12:55:58] [Debug] [Application] Service Release: Tripolygon.UModeler.Hub.Noticies.NoticeService
[2025-11-13 오전 12:55:58] [Debug] [Application] Service Release: Tripolygon.UModeler.Hub.Notifications.UpdateProductNotifier
[2025-11-13 오전 12:55:58] [Debug] [Application] Service Release: Tripolygon.UModeler.Hub.Notifications.UpdateProductNotifier
[2025-11-13 오전 12:55:59] [Debug] [Application] Service Release: Tripolygon.UModeler.Hub.Notifications.UpdateHubNotifier
[2025-11-13 오전 12:55:59] [Debug] [Application] Service Release: Tripolygon.UModeler.Hub.Notifications.UpdateHubNotifier
[2025-11-13 오전 12:55:59] [Debug] [Application] Service Release: Tripolygon.UModeler.Hub.VSAttributionService
[2025-11-13 오전 12:55:59] [Debug] [Application] Service Release: Tripolygon.UModeler.Hub.VSAttributionService
[2025-11-13 오전 12:56:01] [Debug] [Application] service: Tripolygon.UModeler.Hub.HubAuthentication = Tripolygon.UModeler.Hub.HubAuthentication
[2025-11-13 오전 12:56:01] [Debug] [Application] service: Tripolygon.UModeler.UI.IApplicationCache = Tripolygon.UModeler.Editor.UI.UnityEditorApplicationCache
[2025-11-13 오전 12:56:01] [Debug] [Application] service: Tripolygon.UModeler.Hub.HubAuthentication = Tripolygon.UModeler.Hub.HubAuthentication
[2025-11-13 오전 12:56:01] [Debug] [Application] service: Tripolygon.UModeler.Hub.HubFlashService = Tripolygon.UModeler.Hub.HubFlashService
[2025-11-13 오전 12:56:01] [Debug] [Application] service: Tripolygon.UModeler.UI.IApplicationCache = Tripolygon.UModeler.Editor.UI.UnityEditorApplicationCache
[2025-11-13 오전 12:56:01] [Debug] [Application] service: Tripolygon.UModeler.Hub.IHubAnalyticsService = Tripolygon.UModeler.Hub.HubAnalyticsService
[2025-11-13 오전 12:56:01] [Debug] ActualHost
[2025-11-13 오전 12:56:01] [Debug] [Application] service: Tripolygon.UModeler.Hub.VSAttributionService = Tripolygon.UModeler.Hub.VSAttributionService
[2025-11-13 오전 12:56:01] [Debug] [Application] service: Tripolygon.UModeler.Hub.IHubService = Tripolygon.UModeler.Hub.HubService
[2025-11-13 오전 12:56:01] [Debug] [Application] service: Tripolygon.UModeler.Hub.Notifications.UpdateHubNotifier = Tripolygon.UModeler.Hub.Notifications.UpdateHubNotifier
[2025-11-13 오전 12:56:01] [Debug] [Application] service: Tripolygon.UModeler.UI.IObjectHierarchyService = Tripolygon.UModeler.Editor.UI.UnityEditorObjectHierarchyService
[2025-11-13 오전 12:56:01] [Debug] [Application] service: Tripolygon.UModeler.Hub.INoticeService = Tripolygon.UModeler.Hub.Noticies.NoticeService
[2025-11-13 오전 12:56:01] [Debug] [Application] service: Tripolygon.UModeler.Editor.UI.ApplicationSettings = Tripolygon.UModeler.Editor.UI.ApplicationSettings
[2025-11-13 오전 12:56:02] [Debug] [Application] Initialize: isReloading=True
[2025-11-13 오전 12:56:01] [Debug] [Application] service: Tripolygon.UModeler.Hub.Resources.IResourcesApiProvider = Tripolygon.UModeler.Hub.ResourcesApiProviderService
[2025-11-13 오전 12:56:02] [Debug] [Application] Service Initialize: Tripolygon.UModeler.Hub.HubAuthentication
[2025-11-13 오전 12:56:01] [Debug] [Application] service: Tripolygon.UModeler.Hub.IHubAnalyticsService = Tripolygon.UModeler.Hub.HubAnalyticsService
[2025-11-13 오전 12:56:02] [Debug] [Application] Service Initialize: Tripolygon.UModeler.Editor.UI.UnityEditorApplicationCache
[2025-11-13 오전 12:56:01] [Debug] [Application] service: Tripolygon.UModeler.Hub.Notifications.UpdateHubNotifier = Tripolygon.UModeler.Hub.Notifications.UpdateHubNotifier
[2025-11-13 오전 12:56:01] [Debug] [Application] service: Tripolygon.UModeler.Hub.Notifications.UpdateProductNotifier = Tripolygon.UModeler.Hub.Notifications.UpdateProductNotifier
[2025-11-13 오전 12:56:02] [Debug] [Application] Service Initialize: Tripolygon.UModeler.Hub.HubService
[2025-11-13 오전 12:56:01] [Debug] [Application] service: Tripolygon.UModeler.Hub.Views.SceneViews.HubSceneViewService = Tripolygon.UModeler.Hub.Views.SceneViews.HubSceneViewService
[2025-11-13 오전 12:56:02] [Debug] [Application] Service Initialize: Tripolygon.UModeler.Editor.UI.UnityEditorApplicationUtilityService
[2025-11-13 오전 12:56:02] [Debug] [Application] Service Initialize: Tripolygon.UModeler.Hub.HubAuthentication
[2025-11-13 오전 12:56:02] [Debug] [Application] Service Initialize: Tripolygon.UModeler.Hub.HubFlashService
[2025-11-13 오전 12:56:02] [Debug] [Application] Service Initialize: Tripolygon.UModeler.Editor.UI.UnityEditorApplicationCache
[2025-11-13 오전 12:56:02] [Debug] [HubAnalytics] PosthogClient.SetAutoFlush: Value Changed: True
[2025-11-13 오전 12:56:02] [Debug] [Application] Service Initialize: Tripolygon.UModeler.Hub.HubService
[2025-11-13 오전 12:56:02] [Debug] [Application] Service Initialize: Tripolygon.UModeler.Editor.UI.UnityEditorApplicationUtilityService
[2025-11-13 오전 12:56:02] [Debug] [Application] Service Initialize: Tripolygon.UModeler.Hub.HubFlashService
[2025-11-13 오전 12:56:02] [Debug] [Application] Service Initialize: Tripolygon.UModeler.Hub.HubAnalyticsService
[2025-11-13 오전 12:56:02] [Debug] [HubAnalytics] PosthogClient.SetAutoFlush: Value Changed: True
[2025-11-13 오전 12:56:02] [Debug] [Application] Service Initialize: Tripolygon.UModeler.Hub.VSAttributionService
[2025-11-13 오전 12:56:02] [Debug] [Application] Service Initialize: Tripolygon.UModeler.Hub.Notifications.UpdateHubNotifier
[2025-11-13 오전 12:56:02] [Debug] [Application] Service Initialize: Tripolygon.UModeler.Hub.Notifications.UpdateProductNotifier
[2025-11-13 오전 12:56:02] [Debug] [Application] Service Initialize: Tripolygon.UModeler.Hub.HubAnalyticsService
[2025-11-13 오전 12:56:02] [Debug] [Application] Service Initialize: Tripolygon.UModeler.Hub.Noticies.NoticeService
[2025-11-13 오전 12:56:03] [Debug] [Application] Service Initialize: Tripolygon.UModeler.Hub.VSAttributionService
[2025-11-13 오전 12:56:03] [Debug] [Application] Service Initialize: Tripolygon.UModeler.Hub.Views.SceneViews.HubSceneViewService
[2025-11-13 오전 12:56:03] [Debug] [Application] Service Initialize: Tripolygon.UModeler.Hub.Notifications.UpdateHubNotifier
[2025-11-13 오전 12:56:03] [Debug] [Application] Service Initialize: Tripolygon.UModeler.Hub.Notifications.UpdateProductNotifier
[2025-11-13 오전 12:56:03] [Debug] [Application] Service Initialize: Tripolygon.UModeler.Hub.Noticies.NoticeService
[2025-11-13 오전 12:56:03] [Debug] [Application] Service Initialize: Tripolygon.UModeler.Hub.Views.SceneViews.HubSceneViewService
[2025-11-13 오전 12:56:08] [Debug] [HubAnalytics] PosthogClient.BatchAsync: Sending Queue Items={"api_key":"phc_DQ6tsN03HRXTr9hNBfi3DierOY5Y0SisUxgxjuAmZG5","batch":[{"event":"app start","properties":{"$set":{"sdk_region_id":"ko-KR","sdk_region_name":"South Korea","sdk_language":"Korean","sdk_os_architecture":"X64","sdk_time_zone":"Korea Standard Time","product_version":"1.1.6","platform_account_id":"anonymous","platform_account_name":"YpKJZQjsHa3hUx7NjsXKUzdXf7H0LAPn4LdGDBfH9NSeQLBiMViR2jMvvGO2LtqibgD4lpivzohnMn7jRWfUJE5Cy5HLGdzn2I8krfNihGLHVuN5y9X1/LXAw3XOjwXp55n/bQUDRgG0C+W1em7Or7A1dSiRp6hwsDeuwuDoa7EZ2P2lRBzAISIe+jpK8+HIrQkGqfj4/rgAV2AhQbdZ57jdCtYd4hQ235sdH1XV3xAm0h8vvMdN3LtRLSWOFQwEdFt8z7W3KAy6T0duT9EZxYJ+LX8aPO8OavrV2s/hpoo9teCZatlD8olXdZTNut+7z9sH7AU+uFhAkbAjHCeJpQ=="},"$os":"WINDOWS","$os_name":"WINDOWS","$session_id":"46b46f8f-d7bd-40eb-936d-886e9c75499e_ce94b842-bf24-4f9f-8d91-29042ef96bf6","distinct_id":"b436f785064ea140538673dd9b84f3f59c821871","product_name":"UModeler Hub","product_version":"1.1.6","platform_name":"Unity","platform_version":"6000.0.29f1","screen_width":1920,"screen_height":1080,"viewport_width":1162,"viewport_height":332,"unity_systeminfo_language":"Korean","unity_systeminfo_os":"Windows 10  (10.0.19045) 64bit","unity_systeminfo_graphicsDeviceType":"Direct3D11","unity_systeminfo_graphicsDeviceVendor":"NVIDIA","unity_systeminfo_graphicsDeviceName":"NVIDIA GeForce RTX 2060","unity_systeminfo_deviceType":"Desktop","unity_systeminfo_processorType":"Intel(R) Core(TM) i7-9700F CPU @ 3.00GHz"},"timestamp":"2025-11-12T15:55:58.7144112Z"}]}
[2025-11-13 오전 12:56:08] [Debug] [HubAnalytics] PosthogClient.BatchAsync: Sent 1 queue item(s).
[2025-11-13 오전 1:14:17] [Debug] [Application] Release: isReloading=True
[2025-11-13 오전 1:14:17] [Debug] [Application] Service Release: Tripolygon.UModeler.Hub.Views.SceneViews.HubSceneViewService
[2025-11-13 오전 1:14:17] [Debug] [Application] Service Release: Tripolygon.UModeler.Hub.Noticies.NoticeService
[2025-11-13 오전 1:14:17] [Debug] [Application] Service Release: Tripolygon.UModeler.Hub.Notifications.UpdateProductNotifier
[2025-11-13 오전 1:14:17] [Debug] [Application] Service Release: Tripolygon.UModeler.Hub.Notifications.UpdateHubNotifier
[2025-11-13 오전 1:14:17] [Debug] [Application] Service Release: Tripolygon.UModeler.Hub.VSAttributionService
[2025-11-13 오전 1:14:17] [Debug] [HubAnalytics] PosthogClient.SetAutoFlush: Value Changed: False
[2025-11-13 오전 1:14:17] [Debug] [Application] Service Release: Tripolygon.UModeler.Hub.HubAnalyticsService
[2025-11-13 오전 1:14:17] [Debug] [Application] Service Release: Tripolygon.UModeler.Hub.HubFlashService
[2025-11-13 오전 1:14:17] [Debug] [Application] Service Release: Tripolygon.UModeler.Editor.UI.UnityEditorApplicationUtilityService
[2025-11-13 오전 1:14:17] [Debug] [Application] Service Release: Tripolygon.UModeler.Hub.HubService
[2025-11-13 오전 1:14:17] [Debug] [Application] Service Release: Tripolygon.UModeler.Editor.UI.UnityEditorApplicationCache
[2025-11-13 오전 1:14:17] [Debug] [Application] Service Release: Tripolygon.UModeler.Hub.HubAuthentication
[2025-11-13 오전 1:14:28] [Debug] [Application] service: Tripolygon.UModeler.Hub.HubAuthentication = Tripolygon.UModeler.Hub.HubAuthentication
[2025-11-13 오전 1:14:28] [Debug] [Application] service: Tripolygon.UModeler.UI.IApplicationCache = Tripolygon.UModeler.Editor.UI.UnityEditorApplicationCache
[2025-11-13 오전 1:14:28] [Debug] ActualHost
[2025-11-13 오전 1:14:28] [Debug] [Application] service: Tripolygon.UModeler.Hub.IHubService = Tripolygon.UModeler.Hub.HubService
[2025-11-13 오전 1:14:28] [Debug] [Application] service: Tripolygon.UModeler.Authentication.IAuthenticationApiProvider = Tripolygon.UModeler.Editor.AuthenticationApiProviderService
[2025-11-13 오전 1:14:28] [Debug] [Application] service: Tripolygon.UModeler.UI.IObjectHierarchyService = Tripolygon.UModeler.Editor.UI.UnityEditorObjectHierarchyService
[2025-11-13 오전 1:14:28] [Debug] [Application] service: Tripolygon.UModeler.UI.IApplicationUtilityService = Tripolygon.UModeler.Editor.UI.UnityEditorApplicationUtilityService
[2025-11-13 오전 1:14:28] [Debug] [Application] service: Tripolygon.UModeler.Editor.UI.ApplicationSettings = Tripolygon.UModeler.Editor.UI.ApplicationSettings
[2025-11-13 오전 1:14:28] [Debug] [Application] service: Tripolygon.UModeler.UI.ITextureProvider = Tripolygon.UModeler.Editor.UI.UnityEditorTextureProvider
[2025-11-13 오전 1:14:28] [Debug] [Application] service: Tripolygon.UModeler.Hub.Resources.IResourcesApiProvider = Tripolygon.UModeler.Hub.ResourcesApiProviderService
[2025-11-13 오전 1:14:28] [Debug] [Application] service: Tripolygon.UModeler.Hub.HubFlashService = Tripolygon.UModeler.Hub.HubFlashService
[2025-11-13 오전 1:14:28] [Debug] [Application] service: Tripolygon.UModeler.Hub.IHubAnalyticsService = Tripolygon.UModeler.Hub.HubAnalyticsService
[2025-11-13 오전 1:14:28] [Debug] [Application] service: Tripolygon.UModeler.Hub.VSAttributionService = Tripolygon.UModeler.Hub.VSAttributionService
[2025-11-13 오전 1:14:28] [Debug] [Application] service: Tripolygon.UModeler.Hub.Notifications.UpdateHubNotifier = Tripolygon.UModeler.Hub.Notifications.UpdateHubNotifier
[2025-11-13 오전 1:14:28] [Debug] [Application] service: Tripolygon.UModeler.Hub.Notifications.UpdateProductNotifier = Tripolygon.UModeler.Hub.Notifications.UpdateProductNotifier
[2025-11-13 오전 1:14:28] [Debug] [Application] service: Tripolygon.UModeler.Hub.INoticeService = Tripolygon.UModeler.Hub.Noticies.NoticeService
[2025-11-13 오전 1:14:28] [Debug] [Application] service: Tripolygon.UModeler.Hub.Views.SceneViews.HubSceneViewService = Tripolygon.UModeler.Hub.Views.SceneViews.HubSceneViewService
[2025-11-13 오전 1:14:31] [Debug] [Application] Initialize: isReloading=True
[2025-11-13 오전 1:14:31] [Debug] [Application] Service Initialize: Tripolygon.UModeler.Hub.HubAuthentication
[2025-11-13 오전 1:14:31] [Debug] [Application] Service Initialize: Tripolygon.UModeler.Editor.UI.UnityEditorApplicationCache
[2025-11-13 오전 1:14:31] [Debug] [Application] Service Initialize: Tripolygon.UModeler.Hub.HubService
[2025-11-13 오전 1:14:31] [Debug] [Application] Service Initialize: Tripolygon.UModeler.Editor.UI.UnityEditorApplicationUtilityService
[2025-11-13 오전 1:14:31] [Debug] [Application] Service Initialize: Tripolygon.UModeler.Hub.HubFlashService
[2025-11-13 오전 1:14:31] [Debug] [HubAnalytics] PosthogClient.SetAutoFlush: Value Changed: True
[2025-11-13 오전 1:14:31] [Debug] [Application] Service Initialize: Tripolygon.UModeler.Hub.HubAnalyticsService
[2025-11-13 오전 1:14:31] [Debug] [Application] Service Initialize: Tripolygon.UModeler.Hub.VSAttributionService
[2025-11-13 오전 1:14:31] [Debug] [Application] Service Initialize: Tripolygon.UModeler.Hub.Notifications.UpdateHubNotifier
[2025-11-13 오전 1:14:31] [Debug] [Application] Service Initialize: Tripolygon.UModeler.Hub.Notifications.UpdateProductNotifier
[2025-11-13 오전 1:14:31] [Debug] [Application] Service Initialize: Tripolygon.UModeler.Hub.Noticies.NoticeService
[2025-11-13 오전 1:14:31] [Debug] [Application] Service Initialize: Tripolygon.UModeler.Hub.Views.SceneViews.HubSceneViewService
[2025-11-13 오전 1:14:34] [Debug] [Application] Release: isReloading=True
[2025-11-13 오전 1:14:34] [Debug] [Application] Release: isReloading=True
[2025-11-13 오전 1:14:34] [Debug] [Application] Service Release: Tripolygon.UModeler.Hub.Views.SceneViews.HubSceneViewService
[2025-11-13 오전 1:14:35] [Debug] [Application] Service Release: Tripolygon.UModeler.Hub.Views.SceneViews.HubSceneViewService
[2025-11-13 오전 1:14:35] [Debug] [Application] Service Release: Tripolygon.UModeler.Hub.Noticies.NoticeService
[2025-11-13 오전 1:14:35] [Debug] [Application] Service Release: Tripolygon.UModeler.Hub.Noticies.NoticeService
[2025-11-13 오전 1:14:35] [Debug] [Application] Service Release: Tripolygon.UModeler.Hub.Notifications.UpdateProductNotifier
[2025-11-13 오전 1:14:35] [Debug] [Application] Service Release: Tripolygon.UModeler.Hub.Notifications.UpdateProductNotifier
[2025-11-13 오전 1:14:35] [Debug] [Application] Service Release: Tripolygon.UModeler.Hub.Notifications.UpdateHubNotifier
[2025-11-13 오전 1:14:35] [Debug] [Application] Service Release: Tripolygon.UModeler.Hub.Notifications.UpdateHubNotifier
[2025-11-13 오전 1:14:35] [Debug] [Application] Service Release: Tripolygon.UModeler.Hub.VSAttributionService
[2025-11-13 오전 1:14:35] [Debug] [Application] Service Release: Tripolygon.UModeler.Hub.VSAttributionService
[2025-11-13 오전 1:14:39] [Debug] [Application] service: Tripolygon.UModeler.Hub.HubAuthentication = Tripolygon.UModeler.Hub.HubAuthentication
[2025-11-13 오전 1:14:39] [Debug] [Application] service: Tripolygon.UModeler.UI.IApplicationCache = Tripolygon.UModeler.Editor.UI.UnityEditorApplicationCache
[2025-11-13 오전 1:14:39] [Debug] [Application] service: Tripolygon.UModeler.Hub.HubAuthentication = Tripolygon.UModeler.Hub.HubAuthentication
[2025-11-13 오전 1:14:39] [Debug] [Application] service: Tripolygon.UModeler.Hub.IHubAnalyticsService = Tripolygon.UModeler.Hub.HubAnalyticsService
[2025-11-13 오전 1:14:39] [Debug] ActualHost
[2025-11-13 오전 1:14:39] [Debug] [Application] service: Tripolygon.UModeler.Hub.Notifications.UpdateHubNotifier = Tripolygon.UModeler.Hub.Notifications.UpdateHubNotifier
[2025-11-13 오전 1:14:39] [Debug] [Application] service: Tripolygon.UModeler.Authentication.IAuthenticationApiProvider = Tripolygon.UModeler.Editor.AuthenticationApiProviderService
[2025-11-13 오전 1:14:39] [Debug] [Application] service: Tripolygon.UModeler.Hub.Notifications.UpdateProductNotifier = Tripolygon.UModeler.Hub.Notifications.UpdateProductNotifier
[2025-11-13 오전 1:14:39] [Debug] [Application] service: Tripolygon.UModeler.UI.IObjectHierarchyService = Tripolygon.UModeler.Editor.UI.UnityEditorObjectHierarchyService
[2025-11-13 오전 1:14:39] [Debug] [Application] service: Tripolygon.UModeler.Hub.INoticeService = Tripolygon.UModeler.Hub.Noticies.NoticeService
[2025-11-13 오전 1:14:39] [Debug] [Application] service: Tripolygon.UModeler.Editor.UI.ApplicationSettings = Tripolygon.UModeler.Editor.UI.ApplicationSettings
[2025-11-13 오전 1:14:40] [Debug] [Application] Initialize: isReloading=True
[2025-11-13 오전 1:14:39] [Debug] [Application] service: Tripolygon.UModeler.Hub.Resources.IResourcesApiProvider = Tripolygon.UModeler.Hub.ResourcesApiProviderService
[2025-11-13 오전 1:14:40] [Debug] [Application] Service Initialize: Tripolygon.UModeler.Hub.HubAuthentication
[2025-11-13 오전 1:14:39] [Debug] [Application] service: Tripolygon.UModeler.Hub.IHubAnalyticsService = Tripolygon.UModeler.Hub.HubAnalyticsService
[2025-11-13 오전 1:14:40] [Debug] [Application] Service Initialize: Tripolygon.UModeler.Editor.UI.UnityEditorApplicationCache
[2025-11-13 오전 1:14:39] [Debug] [Application] service: Tripolygon.UModeler.Hub.Notifications.UpdateHubNotifier = Tripolygon.UModeler.Hub.Notifications.UpdateHubNotifier
[2025-11-13 오전 1:14:39] [Debug] [Application] service: Tripolygon.UModeler.Hub.Notifications.UpdateProductNotifier = Tripolygon.UModeler.Hub.Notifications.UpdateProductNotifier
[2025-11-13 오전 1:14:40] [Debug] [Application] Service Initialize: Tripolygon.UModeler.Hub.HubService
[2025-11-13 오전 1:14:39] [Debug] [Application] service: Tripolygon.UModeler.Hub.Views.SceneViews.HubSceneViewService = Tripolygon.UModeler.Hub.Views.SceneViews.HubSceneViewService
[2025-11-13 오전 1:14:40] [Debug] [Application] Service Initialize: Tripolygon.UModeler.Editor.UI.UnityEditorApplicationUtilityService
[2025-11-13 오전 1:14:40] [Debug] [Application] Service Initialize: Tripolygon.UModeler.Hub.HubAuthentication
[2025-11-13 오전 1:14:40] [Debug] [Application] Service Initialize: Tripolygon.UModeler.Hub.HubFlashService
[2025-11-13 오전 1:14:40] [Debug] [Application] Service Initialize: Tripolygon.UModeler.Editor.UI.UnityEditorApplicationCache
[2025-11-13 오전 1:14:40] [Debug] [HubAnalytics] PosthogClient.SetAutoFlush: Value Changed: True
[2025-11-13 오전 1:14:40] [Debug] [Application] Service Initialize: Tripolygon.UModeler.Hub.HubService
[2025-11-13 오전 1:14:40] [Debug] [Application] Service Initialize: Tripolygon.UModeler.Editor.UI.UnityEditorApplicationUtilityService
[2025-11-13 오전 1:14:40] [Debug] [Application] Service Initialize: Tripolygon.UModeler.Hub.HubFlashService
[2025-11-13 오전 1:14:40] [Debug] [Application] Service Initialize: Tripolygon.UModeler.Hub.HubAnalyticsService
[2025-11-13 오전 1:14:40] [Debug] [HubAnalytics] PosthogClient.SetAutoFlush: Value Changed: True
[2025-11-13 오전 1:14:40] [Debug] [Application] Service Initialize: Tripolygon.UModeler.Hub.VSAttributionService
[2025-11-13 오전 1:14:40] [Debug] [Application] Service Initialize: Tripolygon.UModeler.Hub.Notifications.UpdateHubNotifier
[2025-11-13 오전 1:14:40] [Debug] [Application] Service Initialize: Tripolygon.UModeler.Hub.Notifications.UpdateProductNotifier
[2025-11-13 오전 1:14:40] [Debug] [Application] Service Initialize: Tripolygon.UModeler.Hub.Noticies.NoticeService
[2025-11-13 오전 1:14:40] [Debug] [Application] Service Initialize: Tripolygon.UModeler.Hub.HubAnalyticsService
[2025-11-13 오전 1:14:40] [Debug] [Application] Service Initialize: Tripolygon.UModeler.Hub.Views.SceneViews.HubSceneViewService
[2025-11-13 오전 1:14:40] [Debug] [Application] Service Initialize: Tripolygon.UModeler.Hub.VSAttributionService
[2025-11-13 오전 1:14:40] [Debug] [Application] Service Initialize: Tripolygon.UModeler.Hub.Notifications.UpdateHubNotifier
[2025-11-13 오전 1:14:40] [Debug] [Application] Service Initialize: Tripolygon.UModeler.Hub.Notifications.UpdateProductNotifier
[2025-11-13 오전 1:14:40] [Debug] [Application] Service Initialize: Tripolygon.UModeler.Hub.Noticies.NoticeService
[2025-11-13 오전 1:14:40] [Debug] [Application] Service Initialize: Tripolygon.UModeler.Hub.Views.SceneViews.HubSceneViewService
[2025-11-13 오전 1:14:48] [Debug] [Application] Release: isReloading=True
[2025-11-13 오전 1:14:48] [Debug] [Application] Service Release: Tripolygon.UModeler.Hub.Views.SceneViews.HubSceneViewService
[2025-11-13 오전 1:14:48] [Debug] [Application] Service Release: Tripolygon.UModeler.Hub.Noticies.NoticeService
[2025-11-13 오전 1:14:48] [Debug] [Application] Service Release: Tripolygon.UModeler.Hub.Notifications.UpdateProductNotifier
[2025-11-13 오전 1:14:48] [Debug] [Application] Service Release: Tripolygon.UModeler.Hub.Notifications.UpdateHubNotifier
[2025-11-13 오전 1:14:48] [Debug] [Application] Service Release: Tripolygon.UModeler.Hub.VSAttributionService
[2025-11-13 오전 1:14:48] [Debug] [HubAnalytics] PosthogClient.SetAutoFlush: Value Changed: False
[2025-11-13 오전 1:14:48] [Debug] [Application] Service Release: Tripolygon.UModeler.Hub.HubAnalyticsService
[2025-11-13 오전 1:14:48] [Debug] [Application] Service Release: Tripolygon.UModeler.Hub.HubFlashService
[2025-11-13 오전 1:14:48] [Debug] [Application] Service Release: Tripolygon.UModeler.Editor.UI.UnityEditorApplicationUtilityService
[2025-11-13 오전 1:14:48] [Debug] [Application] Service Release: Tripolygon.UModeler.Hub.HubService
[2025-11-13 오전 1:14:48] [Debug] [Application] Service Release: Tripolygon.UModeler.Editor.UI.UnityEditorApplicationCache
[2025-11-13 오전 1:14:48] [Debug] [Application] Service Release: Tripolygon.UModeler.Hub.HubAuthentication
[2025-11-13 오전 1:14:53] [Debug] [Application] service: Tripolygon.UModeler.Hub.HubAuthentication = Tripolygon.UModeler.Hub.HubAuthentication
[2025-11-13 오전 1:14:53] [Debug] [Application] service: Tripolygon.UModeler.UI.IApplicationCache = Tripolygon.UModeler.Editor.UI.UnityEditorApplicationCache
[2025-11-13 오전 1:14:53] [Debug] ActualHost
[2025-11-13 오전 1:14:53] [Debug] [Application] service: Tripolygon.UModeler.Hub.IHubService = Tripolygon.UModeler.Hub.HubService
[2025-11-13 오전 1:14:53] [Debug] [Application] service: Tripolygon.UModeler.Authentication.IAuthenticationApiProvider = Tripolygon.UModeler.Editor.AuthenticationApiProviderService
[2025-11-13 오전 1:14:53] [Debug] [Application] service: Tripolygon.UModeler.UI.IObjectHierarchyService = Tripolygon.UModeler.Editor.UI.UnityEditorObjectHierarchyService
[2025-11-13 오전 1:14:53] [Debug] [Application] service: Tripolygon.UModeler.UI.IApplicationUtilityService = Tripolygon.UModeler.Editor.UI.UnityEditorApplicationUtilityService
[2025-11-13 오전 1:14:53] [Debug] [Application] service: Tripolygon.UModeler.Editor.UI.ApplicationSettings = Tripolygon.UModeler.Editor.UI.ApplicationSettings
[2025-11-13 오전 1:14:53] [Debug] [Application] service: Tripolygon.UModeler.UI.ITextureProvider = Tripolygon.UModeler.Editor.UI.UnityEditorTextureProvider
[2025-11-13 오전 1:14:53] [Debug] [Application] service: Tripolygon.UModeler.Hub.Resources.IResourcesApiProvider = Tripolygon.UModeler.Hub.ResourcesApiProviderService
[2025-11-13 오전 1:14:53] [Debug] [Application] service: Tripolygon.UModeler.Hub.HubFlashService = Tripolygon.UModeler.Hub.HubFlashService
[2025-11-13 오전 1:14:53] [Debug] [Application] service: Tripolygon.UModeler.Hub.IHubAnalyticsService = Tripolygon.UModeler.Hub.HubAnalyticsService
[2025-11-13 오전 1:14:53] [Debug] [Application] service: Tripolygon.UModeler.Hub.VSAttributionService = Tripolygon.UModeler.Hub.VSAttributionService
[2025-11-13 오전 1:14:53] [Debug] [Application] service: Tripolygon.UModeler.Hub.Notifications.UpdateHubNotifier = Tripolygon.UModeler.Hub.Notifications.UpdateHubNotifier
[2025-11-13 오전 1:14:53] [Debug] [Application] service: Tripolygon.UModeler.Hub.Notifications.UpdateProductNotifier = Tripolygon.UModeler.Hub.Notifications.UpdateProductNotifier
[2025-11-13 오전 1:14:53] [Debug] [Application] service: Tripolygon.UModeler.Hub.INoticeService = Tripolygon.UModeler.Hub.Noticies.NoticeService
[2025-11-13 오전 1:14:53] [Debug] [Application] service: Tripolygon.UModeler.Hub.Views.SceneViews.HubSceneViewService = Tripolygon.UModeler.Hub.Views.SceneViews.HubSceneViewService
[2025-11-13 오전 1:14:54] [Debug] [Application] Initialize: isReloading=True
[2025-11-13 오전 1:14:54] [Debug] [Application] Service Initialize: Tripolygon.UModeler.Hub.HubAuthentication
[2025-11-13 오전 1:14:54] [Debug] [Application] Service Initialize: Tripolygon.UModeler.Editor.UI.UnityEditorApplicationCache
[2025-11-13 오전 1:14:54] [Debug] [Application] Service Initialize: Tripolygon.UModeler.Hub.HubService
[2025-11-13 오전 1:14:54] [Debug] [Application] Service Initialize: Tripolygon.UModeler.Editor.UI.UnityEditorApplicationUtilityService
[2025-11-13 오전 1:14:54] [Debug] [Application] Service Initialize: Tripolygon.UModeler.Hub.HubFlashService
[2025-11-13 오전 1:14:55] [Debug] [HubAnalytics] PosthogClient.SetAutoFlush: Value Changed: True
[2025-11-13 오전 1:14:55] [Debug] [Application] Service Initialize: Tripolygon.UModeler.Hub.HubAnalyticsService
[2025-11-13 오전 1:14:55] [Debug] [Application] Service Initialize: Tripolygon.UModeler.Hub.VSAttributionService
[2025-11-13 오전 1:14:55] [Debug] [Application] Service Initialize: Tripolygon.UModeler.Hub.Notifications.UpdateHubNotifier
[2025-11-13 오전 1:14:55] [Debug] [Application] Service Initialize: Tripolygon.UModeler.Hub.Notifications.UpdateProductNotifier
[2025-11-13 오전 1:14:55] [Debug] [Application] Service Initialize: Tripolygon.UModeler.Hub.Noticies.NoticeService
[2025-11-13 오전 1:14:55] [Debug] [Application] Service Initialize: Tripolygon.UModeler.Hub.Views.SceneViews.HubSceneViewService
[2025-11-13 오전 1:14:55] [Debug] [Application] Release: isReloading=True
[2025-11-13 오전 1:14:55] [Debug] [Application] Release: isReloading=True
[2025-11-13 오전 1:14:55] [Debug] [Application] Service Release: Tripolygon.UModeler.Hub.Views.SceneViews.HubSceneViewService
[2025-11-13 오전 1:14:55] [Debug] [Application] Service Release: Tripolygon.UModeler.Hub.Views.SceneViews.HubSceneViewService
[2025-11-13 오전 1:14:55] [Debug] [Application] Service Release: Tripolygon.UModeler.Hub.Noticies.NoticeService
[2025-11-13 오전 1:14:55] [Debug] [Application] Service Release: Tripolygon.UModeler.Hub.Noticies.NoticeService
[2025-11-13 오전 1:14:55] [Debug] [Application] Service Release: Tripolygon.UModeler.Hub.Notifications.UpdateProductNotifier
[2025-11-13 오전 1:14:55] [Debug] [Application] Service Release: Tripolygon.UModeler.Hub.Notifications.UpdateProductNotifier
[2025-11-13 오전 1:14:55] [Debug] [Application] Service Release: Tripolygon.UModeler.Hub.Notifications.UpdateHubNotifier
[2025-11-13 오전 1:14:55] [Debug] [Application] Service Release: Tripolygon.UModeler.Hub.Notifications.UpdateHubNotifier
[2025-11-13 오전 1:14:55] [Debug] [Application] Service Release: Tripolygon.UModeler.Hub.VSAttributionService
[2025-11-13 오전 1:14:55] [Debug] [Application] Service Release: Tripolygon.UModeler.Hub.VSAttributionService
[2025-11-13 오전 1:14:58] [Debug] [Application] service: Tripolygon.UModeler.Hub.HubAuthentication = Tripolygon.UModeler.Hub.HubAuthentication
[2025-11-13 오전 1:14:58] [Debug] [Application] service: Tripolygon.UModeler.UI.IApplicationCache = Tripolygon.UModeler.Editor.UI.UnityEditorApplicationCache
[2025-11-13 오전 1:14:58] [Debug] ActualHost
[2025-11-13 오전 1:14:58] [Debug] [Application] service: Tripolygon.UModeler.Hub.HubAuthentication = Tripolygon.UModeler.Hub.HubAuthentication
[2025-11-13 오전 1:14:58] [Debug] [Application] service: Tripolygon.UModeler.Hub.IHubAnalyticsService = Tripolygon.UModeler.Hub.HubAnalyticsService
[2025-11-13 오전 1:14:58] [Debug] [Application] service: Tripolygon.UModeler.UI.IApplicationCache = Tripolygon.UModeler.Editor.UI.UnityEditorApplicationCache
[2025-11-13 오전 1:14:58] [Debug] [Application] service: Tripolygon.UModeler.Hub.VSAttributionService = Tripolygon.UModeler.Hub.VSAttributionService
[2025-11-13 오전 1:14:58] [Debug] ActualHost
[2025-11-13 오전 1:14:58] [Debug] [Application] service: Tripolygon.UModeler.Hub.Notifications.UpdateHubNotifier = Tripolygon.UModeler.Hub.Notifications.UpdateHubNotifier
[2025-11-13 오전 1:14:58] [Debug] [Application] service: Tripolygon.UModeler.Authentication.IAuthenticationApiProvider = Tripolygon.UModeler.Editor.AuthenticationApiProviderService
[2025-11-13 오전 1:14:58] [Debug] [Application] service: Tripolygon.UModeler.UI.IObjectHierarchyService = Tripolygon.UModeler.Editor.UI.UnityEditorObjectHierarchyService
[2025-11-13 오전 1:14:58] [Debug] [Application] service: Tripolygon.UModeler.UI.IApplicationUtilityService = Tripolygon.UModeler.Editor.UI.UnityEditorApplicationUtilityService
[2025-11-13 오전 1:14:59] [Debug] [Application] Service Initialize: Tripolygon.UModeler.Editor.UI.UnityEditorApplicationUtilityService
[2025-11-13 오전 1:14:58] [Debug] [Application] service: Tripolygon.UModeler.Editor.UI.ApplicationSettings = Tripolygon.UModeler.Editor.UI.ApplicationSettings
[2025-11-13 오전 1:14:59] [Debug] [Application] Service Initialize: Tripolygon.UModeler.Hub.HubFlashService
[2025-11-13 오전 1:14:58] [Debug] [Application] service: Tripolygon.UModeler.UI.ITextureProvider = Tripolygon.UModeler.Editor.UI.UnityEditorTextureProvider
[2025-11-13 오전 1:14:58] [Debug] [Application] service: Tripolygon.UModeler.Hub.Resources.IResourcesApiProvider = Tripolygon.UModeler.Hub.ResourcesApiProviderService
[2025-11-13 오전 1:14:59] [Debug] [HubAnalytics] PosthogClient.SetAutoFlush: Value Changed: True
[2025-11-13 오전 1:14:58] [Debug] [Application] service: Tripolygon.UModeler.Hub.IHubAnalyticsService = Tripolygon.UModeler.Hub.HubAnalyticsService
[2025-11-13 오전 1:14:58] [Debug] [Application] service: Tripolygon.UModeler.Hub.VSAttributionService = Tripolygon.UModeler.Hub.VSAttributionService
[2025-11-13 오전 1:14:58] [Debug] [Application] service: Tripolygon.UModeler.Hub.Notifications.UpdateHubNotifier = Tripolygon.UModeler.Hub.Notifications.UpdateHubNotifier
[2025-11-13 오전 1:14:58] [Debug] [Application] service: Tripolygon.UModeler.Hub.Notifications.UpdateProductNotifier = Tripolygon.UModeler.Hub.Notifications.UpdateProductNotifier
[2025-11-13 오전 1:14:59] [Debug] [Application] Service Initialize: Tripolygon.UModeler.Hub.HubAnalyticsService
[2025-11-13 오전 1:14:58] [Debug] [Application] service: Tripolygon.UModeler.Hub.INoticeService = Tripolygon.UModeler.Hub.Noticies.NoticeService
[2025-11-13 오전 1:14:59] [Debug] [Application] Service Initialize: Tripolygon.UModeler.Hub.VSAttributionService
[2025-11-13 오전 1:14:59] [Debug] [Application] Initialize: isReloading=False
[2025-11-13 오전 1:14:59] [Debug] [Application] Service Initialize: Tripolygon.UModeler.Hub.Notifications.UpdateHubNotifier
[2025-11-13 오전 1:14:59] [Debug] [Application] Service Initialize: Tripolygon.UModeler.Hub.HubAuthentication
[2025-11-13 오전 1:14:59] [Debug] [Application] Service Initialize: Tripolygon.UModeler.Hub.Notifications.UpdateProductNotifier
[2025-11-13 오전 1:14:59] [Debug] [Application] Service Initialize: Tripolygon.UModeler.Editor.UI.UnityEditorApplicationCache
[2025-11-13 오전 1:14:59] [Debug] [Application] Service Initialize: Tripolygon.UModeler.Hub.Noticies.NoticeService
[2025-11-13 오전 1:14:59] [Debug] [Application] Service Initialize: Tripolygon.UModeler.Hub.HubService
[2025-11-13 오전 1:14:59] [Debug] [Application] Service Initialize: Tripolygon.UModeler.Hub.Views.SceneViews.HubSceneViewService
[2025-11-13 오전 1:14:59] [Debug] [Application] Service Initialize: Tripolygon.UModeler.Editor.UI.UnityEditorApplicationUtilityService
[2025-11-13 오전 1:14:59] [Debug] [Application] Service Initialize: Tripolygon.UModeler.Hub.HubFlashService
[2025-11-13 오전 1:14:59] [Debug] [HubAnalytics] PosthogClient.SetAutoFlush: Value Changed: True
[2025-11-13 오전 1:15:00] [Debug] [Application] Service Initialize: Tripolygon.UModeler.Hub.HubAnalyticsService
[2025-11-13 오전 1:15:00] [Debug] [Application] Service Initialize: Tripolygon.UModeler.Hub.VSAttributionService
[2025-11-13 오전 1:15:00] [Debug] [Application] Service Initialize: Tripolygon.UModeler.Hub.Notifications.UpdateHubNotifier
[2025-11-13 오전 1:15:00] [Debug] [Application] Service Initialize: Tripolygon.UModeler.Hub.Notifications.UpdateProductNotifier
[2025-11-13 오전 1:15:00] [Debug] [Application] Service Initialize: Tripolygon.UModeler.Hub.Noticies.NoticeService
[2025-11-13 오전 1:15:00] [Debug] [Application] Service Initialize: Tripolygon.UModeler.Hub.Views.SceneViews.HubSceneViewService
[2025-11-13 오전 1:16:01] [Debug] [Application] Release: isReloading=True
[2025-11-13 오전 1:16:01] [Debug] [Application] Service Release: Tripolygon.UModeler.Hub.Views.SceneViews.HubSceneViewService
[2025-11-13 오전 1:16:01] [Debug] [Application] Service Release: Tripolygon.UModeler.Hub.Noticies.NoticeService
[2025-11-13 오전 1:16:01] [Debug] [Application] Service Release: Tripolygon.UModeler.Hub.Notifications.UpdateProductNotifier
[2025-11-13 오전 1:16:01] [Debug] [Application] Service Release: Tripolygon.UModeler.Hub.Notifications.UpdateHubNotifier
[2025-11-13 오전 1:16:01] [Debug] [Application] Service Release: Tripolygon.UModeler.Hub.VSAttributionService
[2025-11-13 오전 1:16:01] [Debug] [HubAnalytics] PosthogClient.SetAutoFlush: Value Changed: False
[2025-11-13 오전 1:16:01] [Debug] [Application] Service Release: Tripolygon.UModeler.Hub.HubAnalyticsService
[2025-11-13 오전 1:16:01] [Debug] [Application] Service Release: Tripolygon.UModeler.Hub.HubFlashService
[2025-11-13 오전 1:16:01] [Debug] [Application] Service Release: Tripolygon.UModeler.Editor.UI.UnityEditorApplicationUtilityService
[2025-11-13 오전 1:16:01] [Debug] [Application] Service Release: Tripolygon.UModeler.Hub.HubService
[2025-11-13 오전 1:16:01] [Debug] [Application] Service Release: Tripolygon.UModeler.Editor.UI.UnityEditorApplicationCache
[2025-11-13 오전 1:16:01] [Debug] [Application] Service Release: Tripolygon.UModeler.Hub.HubAuthentication
[2025-11-13 오전 1:16:36] [Debug] [Application] service: Tripolygon.UModeler.Hub.HubAuthentication = Tripolygon.UModeler.Hub.HubAuthentication
[2025-11-13 오전 1:16:36] [Debug] [Application] service: Tripolygon.UModeler.UI.IApplicationCache = Tripolygon.UModeler.Editor.UI.UnityEditorApplicationCache
[2025-11-13 오전 1:16:36] [Debug] ActualHost
[2025-11-13 오전 1:16:36] [Debug] [Application] service: Tripolygon.UModeler.Hub.IHubService = Tripolygon.UModeler.Hub.HubService
[2025-11-13 오전 1:16:36] [Debug] [Application] service: Tripolygon.UModeler.Authentication.IAuthenticationApiProvider = Tripolygon.UModeler.Editor.AuthenticationApiProviderService
[2025-11-13 오전 1:16:36] [Debug] [Application] service: Tripolygon.UModeler.UI.IObjectHierarchyService = Tripolygon.UModeler.Editor.UI.UnityEditorObjectHierarchyService
[2025-11-13 오전 1:16:36] [Debug] [Application] service: Tripolygon.UModeler.UI.IApplicationUtilityService = Tripolygon.UModeler.Editor.UI.UnityEditorApplicationUtilityService
[2025-11-13 오전 1:16:36] [Debug] [Application] service: Tripolygon.UModeler.Editor.UI.ApplicationSettings = Tripolygon.UModeler.Editor.UI.ApplicationSettings
[2025-11-13 오전 1:16:36] [Debug] [Application] service: Tripolygon.UModeler.UI.ITextureProvider = Tripolygon.UModeler.Editor.UI.UnityEditorTextureProvider
[2025-11-13 오전 1:16:36] [Debug] [Application] service: Tripolygon.UModeler.Hub.Resources.IResourcesApiProvider = Tripolygon.UModeler.Hub.ResourcesApiProviderService
[2025-11-13 오전 1:16:36] [Debug] [Application] service: Tripolygon.UModeler.Hub.HubFlashService = Tripolygon.UModeler.Hub.HubFlashService
[2025-11-13 오전 1:16:36] [Debug] [Application] service: Tripolygon.UModeler.Hub.IHubAnalyticsService = Tripolygon.UModeler.Hub.HubAnalyticsService
[2025-11-13 오전 1:16:36] [Debug] [Application] service: Tripolygon.UModeler.Hub.VSAttributionService = Tripolygon.UModeler.Hub.VSAttributionService
[2025-11-13 오전 1:16:36] [Debug] [Application] service: Tripolygon.UModeler.Hub.Notifications.UpdateHubNotifier = Tripolygon.UModeler.Hub.Notifications.UpdateHubNotifier
[2025-11-13 오전 1:16:36] [Debug] [Application] service: Tripolygon.UModeler.Hub.Notifications.UpdateProductNotifier = Tripolygon.UModeler.Hub.Notifications.UpdateProductNotifier
[2025-11-13 오전 1:16:36] [Debug] [Application] service: Tripolygon.UModeler.Hub.INoticeService = Tripolygon.UModeler.Hub.Noticies.NoticeService
[2025-11-13 오전 1:16:36] [Debug] [Application] service: Tripolygon.UModeler.Hub.Views.SceneViews.HubSceneViewService = Tripolygon.UModeler.Hub.Views.SceneViews.HubSceneViewService
[2025-11-13 오전 1:16:37] [Debug] [Application] Initialize: isReloading=True
[2025-11-13 오전 1:16:38] [Debug] [Application] Service Initialize: Tripolygon.UModeler.Hub.HubAuthentication
[2025-11-13 오전 1:16:38] [Debug] [Application] Service Initialize: Tripolygon.UModeler.Editor.UI.UnityEditorApplicationCache
[2025-11-13 오전 1:16:38] [Debug] [Application] Service Initialize: Tripolygon.UModeler.Hub.HubService
[2025-11-13 오전 1:16:38] [Debug] [Application] Service Initialize: Tripolygon.UModeler.Editor.UI.UnityEditorApplicationUtilityService
[2025-11-13 오전 1:16:38] [Debug] [Application] Service Initialize: Tripolygon.UModeler.Hub.HubFlashService
[2025-11-13 오전 1:16:38] [Debug] [HubAnalytics] PosthogClient.SetAutoFlush: Value Changed: True
[2025-11-13 오전 1:16:38] [Debug] [Application] Service Initialize: Tripolygon.UModeler.Hub.HubAnalyticsService
[2025-11-13 오전 1:16:38] [Debug] [Application] Service Initialize: Tripolygon.UModeler.Hub.VSAttributionService
[2025-11-13 오전 1:16:38] [Debug] [Application] Service Initialize: Tripolygon.UModeler.Hub.Notifications.UpdateHubNotifier
[2025-11-13 오전 1:16:38] [Debug] [Application] Service Initialize: Tripolygon.UModeler.Hub.Notifications.UpdateProductNotifier
[2025-11-13 오전 1:16:38] [Debug] [Application] Service Initialize: Tripolygon.UModeler.Hub.Noticies.NoticeService
[2025-11-13 오전 1:16:38] [Debug] [Application] Service Initialize: Tripolygon.UModeler.Hub.Views.SceneViews.HubSceneViewService
[2025-11-13 오전 1:16:40] [Debug] [Application] Release: isReloading=True
[2025-11-13 오전 1:16:40] [Debug] [Application] Release: isReloading=True
[2025-11-13 오전 1:16:40] [Debug] [Application] Service Release: Tripolygon.UModeler.Hub.Views.SceneViews.HubSceneViewService
[2025-11-13 오전 1:16:40] [Debug] [Application] Service Release: Tripolygon.UModeler.Hub.Views.SceneViews.HubSceneViewService
[2025-11-13 오전 1:16:40] [Debug] [Application] Service Release: Tripolygon.UModeler.Hub.Noticies.NoticeService
[2025-11-13 오전 1:16:40] [Debug] [Application] Service Release: Tripolygon.UModeler.Hub.Noticies.NoticeService
[2025-11-13 오전 1:16:40] [Debug] [Application] Service Release: Tripolygon.UModeler.Hub.Notifications.UpdateProductNotifier
[2025-11-13 오전 1:16:40] [Debug] [Application] Service Release: Tripolygon.UModeler.Hub.Notifications.UpdateProductNotifier
[2025-11-13 오전 1:16:40] [Debug] [Application] Service Release: Tripolygon.UModeler.Hub.Notifications.UpdateHubNotifier
[2025-11-13 오전 1:16:40] [Debug] [Application] Service Release: Tripolygon.UModeler.Hub.Notifications.UpdateHubNotifier
[2025-11-13 오전 1:16:40] [Debug] [Application] Service Release: Tripolygon.UModeler.Hub.VSAttributionService
[2025-11-13 오전 1:16:40] [Debug] [Application] Service Release: Tripolygon.UModeler.Hub.VSAttributionService
[2025-11-13 오전 1:16:43] [Debug] [Application] service: Tripolygon.UModeler.Hub.HubAuthentication = Tripolygon.UModeler.Hub.HubAuthentication
[2025-11-13 오전 1:16:43] [Debug] [Application] service: Tripolygon.UModeler.Hub.HubAuthentication = Tripolygon.UModeler.Hub.HubAuthentication
[2025-11-13 오전 1:16:43] [Debug] [Application] service: Tripolygon.UModeler.Hub.IHubAnalyticsService = Tripolygon.UModeler.Hub.HubAnalyticsService
[2025-11-13 오전 1:16:43] [Debug] [Application] service: Tripolygon.UModeler.UI.IApplicationCache = Tripolygon.UModeler.Editor.UI.UnityEditorApplicationCache
[2025-11-13 오전 1:16:43] [Debug] [Application] service: Tripolygon.UModeler.Hub.Notifications.UpdateHubNotifier = Tripolygon.UModeler.Hub.Notifications.UpdateHubNotifier
[2025-11-13 오전 1:16:43] [Debug] [Application] service: Tripolygon.UModeler.Hub.IHubService = Tripolygon.UModeler.Hub.HubService
[2025-11-13 오전 1:16:43] [Debug] [Application] service: Tripolygon.UModeler.Hub.INoticeService = Tripolygon.UModeler.Hub.Noticies.NoticeService
[2025-11-13 오전 1:16:43] [Debug] [Application] service: Tripolygon.UModeler.UI.IObjectHierarchyService = Tripolygon.UModeler.Editor.UI.UnityEditorObjectHierarchyService
[2025-11-13 오전 1:16:44] [Debug] [Application] Initialize: isReloading=True
[2025-11-13 오전 1:16:43] [Debug] [Application] service: Tripolygon.UModeler.Editor.UI.ApplicationSettings = Tripolygon.UModeler.Editor.UI.ApplicationSettings
[2025-11-13 오전 1:16:44] [Debug] [Application] Service Initialize: Tripolygon.UModeler.Hub.HubAuthentication
[2025-11-13 오전 1:16:43] [Debug] [Application] service: Tripolygon.UModeler.Hub.Resources.IResourcesApiProvider = Tripolygon.UModeler.Hub.ResourcesApiProviderService
[2025-11-13 오전 1:16:44] [Debug] [Application] Service Initialize: Tripolygon.UModeler.Editor.UI.UnityEditorApplicationCache
[2025-11-13 오전 1:16:43] [Debug] [Application] service: Tripolygon.UModeler.Hub.IHubAnalyticsService = Tripolygon.UModeler.Hub.HubAnalyticsService
[2025-11-13 오전 1:16:43] [Debug] [Application] service: Tripolygon.UModeler.Hub.VSAttributionService = Tripolygon.UModeler.Hub.VSAttributionService
[2025-11-13 오전 1:16:44] [Debug] [Application] Service Initialize: Tripolygon.UModeler.Hub.HubService
[2025-11-13 오전 1:16:43] [Debug] [Application] service: Tripolygon.UModeler.Hub.Notifications.UpdateProductNotifier = Tripolygon.UModeler.Hub.Notifications.UpdateProductNotifier
[2025-11-13 오전 1:16:44] [Debug] [Application] Service Initialize: Tripolygon.UModeler.Editor.UI.UnityEditorApplicationUtilityService
[2025-11-13 오전 1:16:43] [Debug] [Application] service: Tripolygon.UModeler.Hub.Views.SceneViews.HubSceneViewService = Tripolygon.UModeler.Hub.Views.SceneViews.HubSceneViewService
[2025-11-13 오전 1:16:44] [Debug] [Application] Service Initialize: Tripolygon.UModeler.Hub.HubFlashService
[2025-11-13 오전 1:16:44] [Debug] [Application] Initialize: isReloading=False
[2025-11-13 오전 1:16:44] [Debug] [HubAnalytics] PosthogClient.SetAutoFlush: Value Changed: True
[2025-11-13 오전 1:16:44] [Debug] [Application] Service Initialize: Tripolygon.UModeler.Hub.HubAuthentication
[2025-11-13 오전 1:16:44] [Debug] [Application] Service Initialize: Tripolygon.UModeler.Editor.UI.UnityEditorApplicationCache
[2025-11-13 오전 1:16:44] [Debug] [Application] Service Initialize: Tripolygon.UModeler.Hub.HubService
[2025-11-13 오전 1:16:44] [Debug] [Application] Service Initialize: Tripolygon.UModeler.Hub.HubAnalyticsService
[2025-11-13 오전 1:16:44] [Debug] [Application] Service Initialize: Tripolygon.UModeler.Editor.UI.UnityEditorApplicationUtilityService
[2025-11-13 오전 1:16:44] [Debug] [Application] Service Initialize: Tripolygon.UModeler.Hub.VSAttributionService
[2025-11-13 오전 1:16:44] [Debug] [Application] Service Initialize: Tripolygon.UModeler.Hub.HubFlashService
[2025-11-13 오전 1:16:44] [Debug] [Application] Service Initialize: Tripolygon.UModeler.Hub.Notifications.UpdateHubNotifier
[2025-11-13 오전 1:16:44] [Debug] [HubAnalytics] PosthogClient.SetAutoFlush: Value Changed: True
[2025-11-13 오전 1:16:44] [Debug] [Application] Service Initialize: Tripolygon.UModeler.Hub.Notifications.UpdateProductNotifier
[2025-11-13 오전 1:16:44] [Debug] [Application] Service Initialize: Tripolygon.UModeler.Hub.Noticies.NoticeService
[2025-11-13 오전 1:16:44] [Debug] [Application] Service Initialize: Tripolygon.UModeler.Hub.Views.SceneViews.HubSceneViewService
[2025-11-13 오전 1:16:44] [Debug] [Application] Service Initialize: Tripolygon.UModeler.Hub.HubAnalyticsService
[2025-11-13 오전 1:16:44] [Debug] [Application] Service Initialize: Tripolygon.UModeler.Hub.VSAttributionService
[2025-11-13 오전 1:16:44] [Debug] [Application] Service Initialize: Tripolygon.UModeler.Hub.Notifications.UpdateHubNotifier
[2025-11-13 오전 1:16:44] [Debug] [Application] Service Initialize: Tripolygon.UModeler.Hub.Notifications.UpdateProductNotifier
[2025-11-13 오전 1:16:44] [Debug] [Application] Service Initialize: Tripolygon.UModeler.Hub.Noticies.NoticeService
[2025-11-13 오전 1:16:44] [Debug] [Application] Service Initialize: Tripolygon.UModeler.Hub.Views.SceneViews.HubSceneViewService
[2025-11-13 오전 1:17:08] [Debug] [Application] Release: isReloading=True
[2025-11-13 오전 1:17:08] [Debug] [Application] Service Release: Tripolygon.UModeler.Hub.Views.SceneViews.HubSceneViewService
[2025-11-13 오전 1:17:08] [Debug] [Application] Service Release: Tripolygon.UModeler.Hub.Noticies.NoticeService
[2025-11-13 오전 1:17:08] [Debug] [Application] Service Release: Tripolygon.UModeler.Hub.Notifications.UpdateProductNotifier
[2025-11-13 오전 1:17:08] [Debug] [Application] Service Release: Tripolygon.UModeler.Hub.Notifications.UpdateHubNotifier
[2025-11-13 오전 1:17:08] [Debug] [Application] Service Release: Tripolygon.UModeler.Hub.VSAttributionService
[2025-11-13 오전 1:17:08] [Debug] [HubAnalytics] PosthogClient.SetAutoFlush: Value Changed: False
[2025-11-13 오전 1:17:08] [Debug] [Application] Service Release: Tripolygon.UModeler.Hub.HubAnalyticsService
[2025-11-13 오전 1:17:08] [Debug] [Application] Service Release: Tripolygon.UModeler.Hub.HubFlashService
[2025-11-13 오전 1:17:08] [Debug] [Application] Service Release: Tripolygon.UModeler.Editor.UI.UnityEditorApplicationUtilityService
[2025-11-13 오전 1:17:08] [Debug] [Application] Service Release: Tripolygon.UModeler.Hub.HubService
[2025-11-13 오전 1:17:08] [Debug] [Application] Service Release: Tripolygon.UModeler.Editor.UI.UnityEditorApplicationCache
[2025-11-13 오전 1:17:08] [Debug] [Application] Service Release: Tripolygon.UModeler.Hub.HubAuthentication
[2025-11-13 오전 1:17:13] [Debug] [Application] service: Tripolygon.UModeler.Hub.HubAuthentication = Tripolygon.UModeler.Hub.HubAuthentication
[2025-11-13 오전 1:17:13] [Debug] [Application] service: Tripolygon.UModeler.UI.IApplicationCache = Tripolygon.UModeler.Editor.UI.UnityEditorApplicationCache
[2025-11-13 오전 1:17:13] [Debug] ActualHost
[2025-11-13 오전 1:17:13] [Debug] [Application] service: Tripolygon.UModeler.Hub.IHubService = Tripolygon.UModeler.Hub.HubService
[2025-11-13 오전 1:17:13] [Debug] [Application] service: Tripolygon.UModeler.Authentication.IAuthenticationApiProvider = Tripolygon.UModeler.Editor.AuthenticationApiProviderService
[2025-11-13 오전 1:17:13] [Debug] [Application] service: Tripolygon.UModeler.UI.IObjectHierarchyService = Tripolygon.UModeler.Editor.UI.UnityEditorObjectHierarchyService
[2025-11-13 오전 1:17:13] [Debug] [Application] service: Tripolygon.UModeler.UI.IApplicationUtilityService = Tripolygon.UModeler.Editor.UI.UnityEditorApplicationUtilityService
[2025-11-13 오전 1:17:13] [Debug] [Application] service: Tripolygon.UModeler.Editor.UI.ApplicationSettings = Tripolygon.UModeler.Editor.UI.ApplicationSettings
[2025-11-13 오전 1:17:13] [Debug] [Application] service: Tripolygon.UModeler.UI.ITextureProvider = Tripolygon.UModeler.Editor.UI.UnityEditorTextureProvider
[2025-11-13 오전 1:17:13] [Debug] [Application] service: Tripolygon.UModeler.Hub.Resources.IResourcesApiProvider = Tripolygon.UModeler.Hub.ResourcesApiProviderService
[2025-11-13 오전 1:17:13] [Debug] [Application] service: Tripolygon.UModeler.Hub.HubFlashService = Tripolygon.UModeler.Hub.HubFlashService
[2025-11-13 오전 1:17:13] [Debug] [Application] service: Tripolygon.UModeler.Hub.IHubAnalyticsService = Tripolygon.UModeler.Hub.HubAnalyticsService
[2025-11-13 오전 1:17:13] [Debug] [Application] service: Tripolygon.UModeler.Hub.VSAttributionService = Tripolygon.UModeler.Hub.VSAttributionService
[2025-11-13 오전 1:17:13] [Debug] [Application] service: Tripolygon.UModeler.Hub.Notifications.UpdateHubNotifier = Tripolygon.UModeler.Hub.Notifications.UpdateHubNotifier
[2025-11-13 오전 1:17:13] [Debug] [Application] service: Tripolygon.UModeler.Hub.Notifications.UpdateProductNotifier = Tripolygon.UModeler.Hub.Notifications.UpdateProductNotifier
[2025-11-13 오전 1:17:13] [Debug] [Application] service: Tripolygon.UModeler.Hub.INoticeService = Tripolygon.UModeler.Hub.Noticies.NoticeService
[2025-11-13 오전 1:17:13] [Debug] [Application] service: Tripolygon.UModeler.Hub.Views.SceneViews.HubSceneViewService = Tripolygon.UModeler.Hub.Views.SceneViews.HubSceneViewService
[2025-11-13 오전 1:17:15] [Debug] [Application] Initialize: isReloading=True
[2025-11-13 오전 1:17:15] [Debug] [Application] Service Initialize: Tripolygon.UModeler.Hub.HubAuthentication
[2025-11-13 오전 1:17:15] [Debug] [Application] Service Initialize: Tripolygon.UModeler.Editor.UI.UnityEditorApplicationCache
[2025-11-13 오전 1:17:15] [Debug] [Application] Service Initialize: Tripolygon.UModeler.Hub.HubService
[2025-11-13 오전 1:17:15] [Debug] [Application] Service Initialize: Tripolygon.UModeler.Editor.UI.UnityEditorApplicationUtilityService
[2025-11-13 오전 1:17:15] [Debug] [Application] Service Initialize: Tripolygon.UModeler.Hub.HubFlashService
[2025-11-13 오전 1:17:15] [Debug] [HubAnalytics] PosthogClient.SetAutoFlush: Value Changed: True
[2025-11-13 오전 1:17:15] [Debug] [Application] Service Initialize: Tripolygon.UModeler.Hub.HubAnalyticsService
[2025-11-13 오전 1:17:15] [Debug] [Application] Service Initialize: Tripolygon.UModeler.Hub.VSAttributionService
[2025-11-13 오전 1:17:15] [Debug] [Application] Service Initialize: Tripolygon.UModeler.Hub.Notifications.UpdateHubNotifier
[2025-11-13 오전 1:17:15] [Debug] [Application] Service Initialize: Tripolygon.UModeler.Hub.Notifications.UpdateProductNotifier
[2025-11-13 오전 1:17:15] [Debug] [Application] Service Initialize: Tripolygon.UModeler.Hub.Noticies.NoticeService
[2025-11-13 오전 1:17:15] [Debug] [Application] Service Initialize: Tripolygon.UModeler.Hub.Views.SceneViews.HubSceneViewService
[2025-11-13 오전 1:17:16] [Debug] [Application] Release: isReloading=True
[2025-11-13 오전 1:17:16] [Debug] [Application] Release: isReloading=True
[2025-11-13 오전 1:17:16] [Debug] [Application] Service Release: Tripolygon.UModeler.Hub.Views.SceneViews.HubSceneViewService
[2025-11-13 오전 1:17:16] [Debug] [Application] Service Release: Tripolygon.UModeler.Hub.Views.SceneViews.HubSceneViewService
[2025-11-13 오전 1:17:16] [Debug] [Application] Service Release: Tripolygon.UModeler.Hub.Notifications.UpdateProductNotifier
[2025-11-13 오전 1:17:16] [Debug] [Application] Service Release: Tripolygon.UModeler.Hub.Noticies.NoticeService
[2025-11-13 오전 1:17:16] [Debug] [Application] Service Release: Tripolygon.UModeler.Hub.Notifications.UpdateHubNotifier
[2025-11-13 오전 1:17:16] [Debug] [Application] Service Release: Tripolygon.UModeler.Hub.Notifications.UpdateProductNotifier
[2025-11-13 오전 1:17:16] [Debug] [Application] Service Release: Tripolygon.UModeler.Hub.VSAttributionService
[2025-11-13 오전 1:17:16] [Debug] [Application] Service Release: Tripolygon.UModeler.Hub.Notifications.UpdateHubNotifier
[2025-11-13 오전 1:17:16] [Debug] [Application] Service Release: Tripolygon.UModeler.Hub.VSAttributionService
[2025-11-13 오전 1:17:18] [Debug] [Application] service: Tripolygon.UModeler.Hub.HubAuthentication = Tripolygon.UModeler.Hub.HubAuthentication
[2025-11-13 오전 1:17:18] [Debug] [Application] service: Tripolygon.UModeler.UI.IApplicationCache = Tripolygon.UModeler.Editor.UI.UnityEditorApplicationCache
[2025-11-13 오전 1:17:18] [Debug] [Application] service: Tripolygon.UModeler.Hub.HubAuthentication = Tripolygon.UModeler.Hub.HubAuthentication
[2025-11-13 오전 1:17:18] [Debug] [Application] service: Tripolygon.UModeler.Hub.IHubAnalyticsService = Tripolygon.UModeler.Hub.HubAnalyticsService
[2025-11-13 오전 1:17:18] [Debug] ActualHost
[2025-11-13 오전 1:17:18] [Debug] [Application] service: Tripolygon.UModeler.Hub.Notifications.UpdateHubNotifier = Tripolygon.UModeler.Hub.Notifications.UpdateHubNotifier
[2025-11-13 오전 1:17:18] [Debug] [Application] service: Tripolygon.UModeler.Authentication.IAuthenticationApiProvider = Tripolygon.UModeler.Editor.AuthenticationApiProviderService
[2025-11-13 오전 1:17:18] [Debug] [Application] service: Tripolygon.UModeler.Hub.Notifications.UpdateProductNotifier = Tripolygon.UModeler.Hub.Notifications.UpdateProductNotifier
[2025-11-13 오전 1:17:18] [Debug] [Application] service: Tripolygon.UModeler.UI.IObjectHierarchyService = Tripolygon.UModeler.Editor.UI.UnityEditorObjectHierarchyService
[2025-11-13 오전 1:17:18] [Debug] [Application] service: Tripolygon.UModeler.Hub.INoticeService = Tripolygon.UModeler.Hub.Noticies.NoticeService
[2025-11-13 오전 1:17:18] [Debug] [Application] service: Tripolygon.UModeler.UI.IApplicationUtilityService = Tripolygon.UModeler.Editor.UI.UnityEditorApplicationUtilityService
[2025-11-13 오전 1:17:20] [Debug] [Application] Initialize: isReloading=True
[2025-11-13 오전 1:17:18] [Debug] [Application] service: Tripolygon.UModeler.UI.ITextureProvider = Tripolygon.UModeler.Editor.UI.UnityEditorTextureProvider
[2025-11-13 오전 1:17:20] [Debug] [Application] Service Initialize: Tripolygon.UModeler.Hub.HubAuthentication
[2025-11-13 오전 1:17:18] [Debug] [Application] service: Tripolygon.UModeler.Hub.HubFlashService = Tripolygon.UModeler.Hub.HubFlashService
[2025-11-13 오전 1:17:20] [Debug] [Application] Service Initialize: Tripolygon.UModeler.Editor.UI.UnityEditorApplicationCache
[2025-11-13 오전 1:17:19] [Debug] [Application] service: Tripolygon.UModeler.Hub.VSAttributionService = Tripolygon.UModeler.Hub.VSAttributionService
[2025-11-13 오전 1:17:19] [Debug] [Application] service: Tripolygon.UModeler.Hub.Notifications.UpdateHubNotifier = Tripolygon.UModeler.Hub.Notifications.UpdateHubNotifier
[2025-11-13 오전 1:17:20] [Debug] [Application] Service Initialize: Tripolygon.UModeler.Hub.HubService
[2025-11-13 오전 1:17:19] [Debug] [Application] service: Tripolygon.UModeler.Hub.Notifications.UpdateProductNotifier = Tripolygon.UModeler.Hub.Notifications.UpdateProductNotifier
[2025-11-13 오전 1:17:20] [Debug] [Application] Service Initialize: Tripolygon.UModeler.Editor.UI.UnityEditorApplicationUtilityService
[2025-11-13 오전 1:17:19] [Debug] [Application] service: Tripolygon.UModeler.Hub.INoticeService = Tripolygon.UModeler.Hub.Noticies.NoticeService
[2025-11-13 오전 1:17:20] [Debug] [Application] Service Initialize: Tripolygon.UModeler.Hub.HubFlashService
[2025-11-13 오전 1:17:19] [Debug] [Application] service: Tripolygon.UModeler.Hub.Views.SceneViews.HubSceneViewService = Tripolygon.UModeler.Hub.Views.SceneViews.HubSceneViewService
[2025-11-13 오전 1:17:20] [Debug] [Application] Initialize: isReloading=False
[2025-11-13 오전 1:17:20] [Debug] [HubAnalytics] PosthogClient.SetAutoFlush: Value Changed: True
[2025-11-13 오전 1:17:20] [Debug] [Application] Service Initialize: Tripolygon.UModeler.Hub.HubAuthentication
[2025-11-13 오전 1:17:20] [Debug] [Application] Service Initialize: Tripolygon.UModeler.Editor.UI.UnityEditorApplicationCache
[2025-11-13 오전 1:17:20] [Debug] [Application] Service Initialize: Tripolygon.UModeler.Hub.HubService
[2025-11-13 오전 1:17:20] [Debug] [Application] Service Initialize: Tripolygon.UModeler.Hub.HubAnalyticsService
[2025-11-13 오전 1:17:20] [Debug] [Application] Service Initialize: Tripolygon.UModeler.Editor.UI.UnityEditorApplicationUtilityService
[2025-11-13 오전 1:17:20] [Debug] [Application] Service Initialize: Tripolygon.UModeler.Hub.VSAttributionService
[2025-11-13 오전 1:17:20] [Debug] [Application] Service Initialize: Tripolygon.UModeler.Hub.HubFlashService
[2025-11-13 오전 1:17:20] [Debug] [Application] Service Initialize: Tripolygon.UModeler.Hub.Notifications.UpdateHubNotifier
[2025-11-13 오전 1:17:20] [Debug] [HubAnalytics] PosthogClient.SetAutoFlush: Value Changed: True
[2025-11-13 오전 1:17:20] [Debug] [Application] Service Initialize: Tripolygon.UModeler.Hub.Notifications.UpdateProductNotifier
[2025-11-13 오전 1:17:20] [Debug] [Application] Service Initialize: Tripolygon.UModeler.Hub.Noticies.NoticeService
[2025-11-13 오전 1:17:20] [Debug] [Application] Service Initialize: Tripolygon.UModeler.Hub.Views.SceneViews.HubSceneViewService
[2025-11-13 오전 1:17:20] [Debug] [Application] Service Initialize: Tripolygon.UModeler.Hub.HubAnalyticsService
[2025-11-13 오전 1:17:20] [Debug] [Application] Service Initialize: Tripolygon.UModeler.Hub.VSAttributionService
[2025-11-13 오전 1:17:20] [Debug] [Application] Service Initialize: Tripolygon.UModeler.Hub.Notifications.UpdateHubNotifier
[2025-11-13 오전 1:17:20] [Debug] [Application] Service Initialize: Tripolygon.UModeler.Hub.Notifications.UpdateProductNotifier
[2025-11-13 오전 1:17:20] [Debug] [Application] Service Initialize: Tripolygon.UModeler.Hub.Noticies.NoticeService
[2025-11-13 오전 1:17:20] [Debug] [Application] Service Initialize: Tripolygon.UModeler.Hub.Views.SceneViews.HubSceneViewService
[2025-11-13 오전 1:19:46] [Debug] [Application] Release: isReloading=True
[2025-11-13 오전 1:19:46] [Debug] [Application] Service Release: Tripolygon.UModeler.Hub.Views.SceneViews.HubSceneViewService
[2025-11-13 오전 1:19:46] [Debug] [Application] Service Release: Tripolygon.UModeler.Hub.Noticies.NoticeService
[2025-11-13 오전 1:19:46] [Debug] [Application] Service Release: Tripolygon.UModeler.Hub.Notifications.UpdateProductNotifier
[2025-11-13 오전 1:19:46] [Debug] [Application] Service Release: Tripolygon.UModeler.Hub.Notifications.UpdateHubNotifier
[2025-11-13 오전 1:19:46] [Debug] [Application] Service Release: Tripolygon.UModeler.Hub.VSAttributionService
[2025-11-13 오전 1:19:46] [Debug] [HubAnalytics] PosthogClient.SetAutoFlush: Value Changed: False
[2025-11-13 오전 1:19:46] [Debug] [Application] Service Release: Tripolygon.UModeler.Hub.HubAnalyticsService
[2025-11-13 오전 1:19:46] [Debug] [Application] Service Release: Tripolygon.UModeler.Hub.HubFlashService
[2025-11-13 오전 1:19:46] [Debug] [Application] Service Release: Tripolygon.UModeler.Editor.UI.UnityEditorApplicationUtilityService
[2025-11-13 오전 1:19:46] [Debug] [Application] Service Release: Tripolygon.UModeler.Hub.HubService
[2025-11-13 오전 1:19:46] [Debug] [Application] Service Release: Tripolygon.UModeler.Editor.UI.UnityEditorApplicationCache
[2025-11-13 오전 1:19:46] [Debug] [Application] Service Release: Tripolygon.UModeler.Hub.HubAuthentication
[2025-11-13 오전 1:19:51] [Debug] [Application] service: Tripolygon.UModeler.Hub.HubAuthentication = Tripolygon.UModeler.Hub.HubAuthentication
[2025-11-13 오전 1:19:51] [Debug] [Application] service: Tripolygon.UModeler.UI.IApplicationCache = Tripolygon.UModeler.Editor.UI.UnityEditorApplicationCache
[2025-11-13 오전 1:19:51] [Debug] ActualHost
[2025-11-13 오전 1:19:51] [Debug] [Application] service: Tripolygon.UModeler.Hub.IHubService = Tripolygon.UModeler.Hub.HubService
[2025-11-13 오전 1:19:51] [Debug] [Application] service: Tripolygon.UModeler.Authentication.IAuthenticationApiProvider = Tripolygon.UModeler.Editor.AuthenticationApiProviderService
[2025-11-13 오전 1:19:51] [Debug] [Application] service: Tripolygon.UModeler.UI.IObjectHierarchyService = Tripolygon.UModeler.Editor.UI.UnityEditorObjectHierarchyService
[2025-11-13 오전 1:19:51] [Debug] [Application] service: Tripolygon.UModeler.UI.IApplicationUtilityService = Tripolygon.UModeler.Editor.UI.UnityEditorApplicationUtilityService
[2025-11-13 오전 1:19:51] [Debug] [Application] service: Tripolygon.UModeler.Editor.UI.ApplicationSettings = Tripolygon.UModeler.Editor.UI.ApplicationSettings
[2025-11-13 오전 1:19:51] [Debug] [Application] service: Tripolygon.UModeler.UI.ITextureProvider = Tripolygon.UModeler.Editor.UI.UnityEditorTextureProvider
[2025-11-13 오전 1:19:51] [Debug] [Application] service: Tripolygon.UModeler.Hub.Resources.IResourcesApiProvider = Tripolygon.UModeler.Hub.ResourcesApiProviderService
[2025-11-13 오전 1:19:51] [Debug] [Application] service: Tripolygon.UModeler.Hub.HubFlashService = Tripolygon.UModeler.Hub.HubFlashService
[2025-11-13 오전 1:19:51] [Debug] [Application] service: Tripolygon.UModeler.Hub.IHubAnalyticsService = Tripolygon.UModeler.Hub.HubAnalyticsService
[2025-11-13 오전 1:19:51] [Debug] [Application] service: Tripolygon.UModeler.Hub.VSAttributionService = Tripolygon.UModeler.Hub.VSAttributionService
[2025-11-13 오전 1:19:51] [Debug] [Application] service: Tripolygon.UModeler.Hub.Notifications.UpdateHubNotifier = Tripolygon.UModeler.Hub.Notifications.UpdateHubNotifier
[2025-11-13 오전 1:19:51] [Debug] [Application] service: Tripolygon.UModeler.Hub.Notifications.UpdateProductNotifier = Tripolygon.UModeler.Hub.Notifications.UpdateProductNotifier
[2025-11-13 오전 1:19:51] [Debug] [Application] service: Tripolygon.UModeler.Hub.INoticeService = Tripolygon.UModeler.Hub.Noticies.NoticeService
[2025-11-13 오전 1:19:51] [Debug] [Application] service: Tripolygon.UModeler.Hub.Views.SceneViews.HubSceneViewService = Tripolygon.UModeler.Hub.Views.SceneViews.HubSceneViewService
[2025-11-13 오전 1:19:53] [Debug] [Application] Initialize: isReloading=True
[2025-11-13 오전 1:19:53] [Debug] [Application] Service Initialize: Tripolygon.UModeler.Hub.HubAuthentication
[2025-11-13 오전 1:19:53] [Debug] [Application] Service Initialize: Tripolygon.UModeler.Editor.UI.UnityEditorApplicationCache
[2025-11-13 오전 1:19:53] [Debug] [Application] Service Initialize: Tripolygon.UModeler.Hub.HubService
[2025-11-13 오전 1:19:53] [Debug] [Application] Service Initialize: Tripolygon.UModeler.Editor.UI.UnityEditorApplicationUtilityService
[2025-11-13 오전 1:19:53] [Debug] [Application] Service Initialize: Tripolygon.UModeler.Hub.HubFlashService
[2025-11-13 오전 1:19:53] [Debug] [HubAnalytics] PosthogClient.SetAutoFlush: Value Changed: True
[2025-11-13 오전 1:19:53] [Debug] [Application] Service Initialize: Tripolygon.UModeler.Hub.HubAnalyticsService
[2025-11-13 오전 1:19:53] [Debug] [Application] Service Initialize: Tripolygon.UModeler.Hub.VSAttributionService
[2025-11-13 오전 1:19:53] [Debug] [Application] Service Initialize: Tripolygon.UModeler.Hub.Notifications.UpdateHubNotifier
[2025-11-13 오전 1:19:53] [Debug] [Application] Service Initialize: Tripolygon.UModeler.Hub.Notifications.UpdateProductNotifier
[2025-11-13 오전 1:19:53] [Debug] [Application] Service Initialize: Tripolygon.UModeler.Hub.Noticies.NoticeService
[2025-11-13 오전 1:19:53] [Debug] [Application] Service Initialize: Tripolygon.UModeler.Hub.Views.SceneViews.HubSceneViewService
[2025-11-13 오전 1:19:54] [Debug] [Application] Release: isReloading=True
[2025-11-13 오전 1:19:54] [Debug] [Application] Release: isReloading=True
[2025-11-13 오전 1:19:54] [Debug] [Application] Service Release: Tripolygon.UModeler.Hub.Views.SceneViews.HubSceneViewService
[2025-11-13 오전 1:19:54] [Debug] [Application] Service Release: Tripolygon.UModeler.Hub.Views.SceneViews.HubSceneViewService
[2025-11-13 오전 1:19:54] [Debug] [Application] Service Release: Tripolygon.UModeler.Hub.Noticies.NoticeService
[2025-11-13 오전 1:19:54] [Debug] [Application] Service Release: Tripolygon.UModeler.Hub.Noticies.NoticeService
[2025-11-13 오전 1:19:54] [Debug] [Application] Service Release: Tripolygon.UModeler.Hub.Notifications.UpdateProductNotifier
[2025-11-13 오전 1:19:54] [Debug] [Application] Service Release: Tripolygon.UModeler.Hub.Notifications.UpdateProductNotifier
[2025-11-13 오전 1:19:54] [Debug] [Application] Service Release: Tripolygon.UModeler.Hub.Notifications.UpdateHubNotifier
[2025-11-13 오전 1:19:54] [Debug] [Application] Service Release: Tripolygon.UModeler.Hub.Notifications.UpdateHubNotifier
[2025-11-13 오전 1:19:54] [Debug] [Application] Service Release: Tripolygon.UModeler.Hub.VSAttributionService
[2025-11-13 오전 1:19:54] [Debug] [Application] Service Release: Tripolygon.UModeler.Hub.VSAttributionService
[2025-11-13 오전 1:19:57] [Debug] [Application] service: Tripolygon.UModeler.Hub.HubAuthentication = Tripolygon.UModeler.Hub.HubAuthentication
[2025-11-13 오전 1:19:57] [Debug] [Application] service: Tripolygon.UModeler.UI.IApplicationCache = Tripolygon.UModeler.Editor.UI.UnityEditorApplicationCache
[2025-11-13 오전 1:19:57] [Debug] ActualHost
[2025-11-13 오전 1:19:57] [Debug] [Application] service: Tripolygon.UModeler.Hub.HubAuthentication = Tripolygon.UModeler.Hub.HubAuthentication
[2025-11-13 오전 1:19:57] [Debug] [Application] service: Tripolygon.UModeler.Hub.Notifications.UpdateHubNotifier = Tripolygon.UModeler.Hub.Notifications.UpdateHubNotifier
[2025-11-13 오전 1:19:57] [Debug] [Application] service: Tripolygon.UModeler.UI.IApplicationCache = Tripolygon.UModeler.Editor.UI.UnityEditorApplicationCache
[2025-11-13 오전 1:19:57] [Debug] [Application] service: Tripolygon.UModeler.Hub.Notifications.UpdateProductNotifier = Tripolygon.UModeler.Hub.Notifications.UpdateProductNotifier
[2025-11-13 오전 1:19:57] [Debug] [Application] service: Tripolygon.UModeler.Hub.IHubService = Tripolygon.UModeler.Hub.HubService
[2025-11-13 오전 1:19:57] [Debug] [Application] service: Tripolygon.UModeler.Hub.Views.SceneViews.HubSceneViewService = Tripolygon.UModeler.Hub.Views.SceneViews.HubSceneViewService
[2025-11-13 오전 1:19:57] [Debug] [Application] service: Tripolygon.UModeler.UI.IObjectHierarchyService = Tripolygon.UModeler.Editor.UI.UnityEditorObjectHierarchyService
[2025-11-13 오전 1:19:58] [Debug] [Application] Service Initialize: Tripolygon.UModeler.Hub.HubAuthentication
[2025-11-13 오전 1:19:57] [Debug] [Application] service: Tripolygon.UModeler.Editor.UI.ApplicationSettings = Tripolygon.UModeler.Editor.UI.ApplicationSettings
[2025-11-13 오전 1:19:58] [Debug] [Application] Service Initialize: Tripolygon.UModeler.Editor.UI.UnityEditorApplicationCache
[2025-11-13 오전 1:19:57] [Debug] [Application] service: Tripolygon.UModeler.Hub.Resources.IResourcesApiProvider = Tripolygon.UModeler.Hub.ResourcesApiProviderService
[2025-11-13 오전 1:19:57] [Debug] [Application] service: Tripolygon.UModeler.Hub.HubFlashService = Tripolygon.UModeler.Hub.HubFlashService
[2025-11-13 오전 1:19:58] [Debug] [Application] Service Initialize: Tripolygon.UModeler.Hub.HubService
[2025-11-13 오전 1:19:57] [Debug] [Application] service: Tripolygon.UModeler.Hub.VSAttributionService = Tripolygon.UModeler.Hub.VSAttributionService
[2025-11-13 오전 1:19:58] [Debug] [Application] Service Initialize: Tripolygon.UModeler.Editor.UI.UnityEditorApplicationUtilityService
[2025-11-13 오전 1:19:57] [Debug] [Application] service: Tripolygon.UModeler.Hub.Notifications.UpdateProductNotifier = Tripolygon.UModeler.Hub.Notifications.UpdateProductNotifier
[2025-11-13 오전 1:19:58] [Debug] [Application] Service Initialize: Tripolygon.UModeler.Hub.HubFlashService
[2025-11-13 오전 1:19:57] [Debug] [Application] service: Tripolygon.UModeler.Hub.INoticeService = Tripolygon.UModeler.Hub.Noticies.NoticeService
[2025-11-13 오전 1:19:58] [Debug] [HubAnalytics] PosthogClient.SetAutoFlush: Value Changed: True
[2025-11-13 오전 1:19:57] [Debug] [Application] service: Tripolygon.UModeler.Hub.Views.SceneViews.HubSceneViewService = Tripolygon.UModeler.Hub.Views.SceneViews.HubSceneViewService
[2025-11-13 오전 1:19:58] [Debug] [Application] Initialize: isReloading=False
[2025-11-13 오전 1:19:58] [Debug] [Application] Service Initialize: Tripolygon.UModeler.Hub.HubAuthentication
[2025-11-13 오전 1:19:58] [Debug] [Application] Service Initialize: Tripolygon.UModeler.Hub.HubAnalyticsService
[2025-11-13 오전 1:19:58] [Debug] [Application] Service Initialize: Tripolygon.UModeler.Editor.UI.UnityEditorApplicationCache
[2025-11-13 오전 1:19:58] [Debug] [Application] Service Initialize: Tripolygon.UModeler.Hub.VSAttributionService
[2025-11-13 오전 1:19:58] [Debug] [Application] Service Initialize: Tripolygon.UModeler.Hub.HubService
[2025-11-13 오전 1:19:58] [Debug] [Application] Service Initialize: Tripolygon.UModeler.Hub.Notifications.UpdateHubNotifier
[2025-11-13 오전 1:19:58] [Debug] [Application] Service Initialize: Tripolygon.UModeler.Editor.UI.UnityEditorApplicationUtilityService
[2025-11-13 오전 1:19:58] [Debug] [Application] Service Initialize: Tripolygon.UModeler.Hub.Notifications.UpdateProductNotifier
[2025-11-13 오전 1:19:58] [Debug] [Application] Service Initialize: Tripolygon.UModeler.Hub.HubFlashService
[2025-11-13 오전 1:19:58] [Debug] [Application] Service Initialize: Tripolygon.UModeler.Hub.Noticies.NoticeService
[2025-11-13 오전 1:19:58] [Debug] [HubAnalytics] PosthogClient.SetAutoFlush: Value Changed: True
[2025-11-13 오전 1:19:58] [Debug] [Application] Service Initialize: Tripolygon.UModeler.Hub.Views.SceneViews.HubSceneViewService
[2025-11-13 오전 1:19:59] [Debug] [Application] Service Initialize: Tripolygon.UModeler.Hub.HubAnalyticsService
[2025-11-13 오전 1:19:59] [Debug] [Application] Service Initialize: Tripolygon.UModeler.Hub.VSAttributionService
[2025-11-13 오전 1:19:59] [Debug] [Application] Service Initialize: Tripolygon.UModeler.Hub.Notifications.UpdateHubNotifier
[2025-11-13 오전 1:19:59] [Debug] [Application] Service Initialize: Tripolygon.UModeler.Hub.Notifications.UpdateProductNotifier
[2025-11-13 오전 1:19:59] [Debug] [Application] Service Initialize: Tripolygon.UModeler.Hub.Noticies.NoticeService
[2025-11-13 오전 1:19:59] [Debug] [Application] Service Initialize: Tripolygon.UModeler.Hub.Views.SceneViews.HubSceneViewService
[2025-11-13 오전 1:22:31] [Debug] [Application] Release: isReloading=False
[2025-11-13 오전 1:22:31] [Debug] [Application] Service Release: Tripolygon.UModeler.Hub.Views.SceneViews.HubSceneViewService
[2025-11-13 오전 1:22:31] [Debug] [Application] Service Release: Tripolygon.UModeler.Hub.Noticies.NoticeService
[2025-11-13 오전 1:22:31] [Debug] [Application] Service Release: Tripolygon.UModeler.Hub.Notifications.UpdateProductNotifier
[2025-11-13 오전 1:22:31] [Debug] [Application] Service Release: Tripolygon.UModeler.Hub.Notifications.UpdateHubNotifier
[2025-11-13 오전 1:22:31] [Debug] [Application] Service Release: Tripolygon.UModeler.Hub.VSAttributionService
[2025-11-13 오전 1:22:31] [Debug] [HubAnalytics] OnAppEnd
[2025-11-13 오전 1:22:31] [Debug] [HubAnalytics] PosthogClient.SetAutoFlush: Value Changed: False
[2025-11-13 오전 1:22:31] [Debug] [HubAnalytics] PosthogClient.BatchAsync: Sending Queue Items={"api_key":"phc_DQ6tsN03HRXTr9hNBfi3DierOY5Y0SisUxgxjuAmZG5","batch":[{"event":"app end","properties":{"$set":{"sdk_region_id":"ko-KR","sdk_region_name":"South Korea","sdk_language":"Korean","sdk_os_architecture":"X64","sdk_time_zone":"Korea Standard Time","product_version":"1.1.6"},"$os":"WINDOWS","$os_name":"WINDOWS","$session_id":"03d4547c-e029-4512-84f1-5829b9edb0f9_4783d630-857c-48dc-8c5b-d6f04ec8ec09","distinct_id":"b436f785064ea140538673dd9b84f3f59c821871","product_name":"UModeler Hub","product_version":"1.1.6","platform_name":"Unity","platform_version":"6000.0.29f1","screen_width":1920,"screen_height":1080,"viewport_width":1162,"viewport_height":332,"unity_systeminfo_language":"Korean","unity_systeminfo_os":"Windows 10  (10.0.19045) 64bit","unity_systeminfo_graphicsDeviceType":"Direct3D11","unity_systeminfo_graphicsDeviceVendor":"NVIDIA","unity_systeminfo_graphicsDeviceName":"NVIDIA GeForce RTX 2060","unity_systeminfo_deviceType":"Desktop","unity_systeminfo_processorType":"Intel(R) Core(TM) i7-9700F CPU @ 3.00GHz"},"timestamp":"2025-11-12T16:22:31.2655011Z"}]}
[2025-11-13 오전 1:22:31] [Debug] [HubAnalytics] PosthogClient.BatchAsync: Sent 1 queue item(s).
[2025-11-13 오전 1:22:31] [Debug] [Application] Service Release: Tripolygon.UModeler.Hub.HubAnalyticsService
[2025-11-13 오전 1:22:31] [Debug] [Application] Service Release: Tripolygon.UModeler.Hub.HubFlashService
[2025-11-13 오전 1:22:31] [Debug] [Application] Service Release: Tripolygon.UModeler.Editor.UI.UnityEditorApplicationUtilityService
[2025-11-13 오전 1:22:31] [Debug] [Application] Service Release: Tripolygon.UModeler.Hub.HubService
[2025-11-13 오전 1:22:31] [Debug] [Application] Service Release: Tripolygon.UModeler.Editor.UI.UnityEditorApplicationCache
[2025-11-13 오전 1:22:31] [Debug] [Application] Service Release: Tripolygon.UModeler.Hub.HubAuthentication
