[2025-12-03 오후 10:10:04] [Debug] [Application] service: Tripolygon.UModeler.Hub.HubAuthentication = Tripolygon.UModeler.Hub.HubAuthentication
[2025-12-03 오후 10:10:04] [Debug] [Application] service: Tripolygon.UModeler.UI.IApplicationCache = Tripolygon.UModeler.Editor.UI.UnityEditorApplicationCache
[2025-12-03 오후 10:10:04] [Debug] ActualHost
[2025-12-03 오후 10:10:04] [Debug] [Application] service: Tripolygon.UModeler.Hub.IHubService = Tripolygon.UModeler.Hub.HubService
[2025-12-03 오후 10:10:04] [Debug] [Application] service: Tripolygon.UModeler.Authentication.IAuthenticationApiProvider = Tripolygon.UModeler.Editor.AuthenticationApiProviderService
[2025-12-03 오후 10:10:04] [Debug] [Application] service: Tripolygon.UModeler.UI.IObjectHierarchyService = Tripolygon.UModeler.Editor.UI.UnityEditorObjectHierarchyService
[2025-12-03 오후 10:10:04] [Debug] [Application] service: Tripolygon.UModeler.UI.IApplicationUtilityService = Tripolygon.UModeler.Editor.UI.UnityEditorApplicationUtilityService
[2025-12-03 오후 10:10:04] [Debug] [Application] service: Tripolygon.UModeler.Editor.UI.ApplicationSettings = Tripolygon.UModeler.Editor.UI.ApplicationSettings
[2025-12-03 오후 10:10:04] [Debug] [Application] service: Tripolygon.UModeler.UI.ITextureProvider = Tripolygon.UModeler.Editor.UI.UnityEditorTextureProvider
[2025-12-03 오후 10:10:04] [Debug] [Application] service: Tripolygon.UModeler.Hub.Resources.IResourcesApiProvider = Tripolygon.UModeler.Hub.ResourcesApiProviderService
[2025-12-03 오후 10:10:04] [Debug] [Application] service: Tripolygon.UModeler.Hub.HubFlashService = Tripolygon.UModeler.Hub.HubFlashService
[2025-12-03 오후 10:10:04] [Debug] [Application] service: Tripolygon.UModeler.Hub.IHubAnalyticsService = Tripolygon.UModeler.Hub.HubAnalyticsService
[2025-12-03 오후 10:10:04] [Debug] [Application] service: Tripolygon.UModeler.Hub.VSAttributionService = Tripolygon.UModeler.Hub.VSAttributionService
[2025-12-03 오후 10:10:04] [Debug] [Application] service: Tripolygon.UModeler.Hub.Notifications.UpdateHubNotifier = Tripolygon.UModeler.Hub.Notifications.UpdateHubNotifier
[2025-12-03 오후 10:10:04] [Debug] [Application] service: Tripolygon.UModeler.Hub.Notifications.UpdateProductNotifier = Tripolygon.UModeler.Hub.Notifications.UpdateProductNotifier
[2025-12-03 오후 10:10:04] [Debug] [Application] service: Tripolygon.UModeler.Hub.INoticeService = Tripolygon.UModeler.Hub.Noticies.NoticeService
[2025-12-03 오후 10:10:04] [Debug] [Application] service: Tripolygon.UModeler.Hub.Views.SceneViews.HubSceneViewService = Tripolygon.UModeler.Hub.Views.SceneViews.HubSceneViewService
[2025-12-03 오후 10:10:07] [Debug] [Application] Initialize: isReloading=False
[2025-12-03 오후 10:10:08] [Debug] [Application] Service Initialize: Tripolygon.UModeler.Hub.HubAuthentication
[2025-12-03 오후 10:10:08] [Debug] [Application] Service Initialize: Tripolygon.UModeler.Editor.UI.UnityEditorApplicationCache
[2025-12-03 오후 10:10:08] [Debug] [Application] Service Initialize: Tripolygon.UModeler.Hub.HubService
[2025-12-03 오후 10:10:08] [Debug] [Application] Service Initialize: Tripolygon.UModeler.Editor.UI.UnityEditorApplicationUtilityService
[2025-12-03 오후 10:10:08] [Debug] [Application] Service Initialize: Tripolygon.UModeler.Hub.HubFlashService
[2025-12-03 오후 10:10:08] [Debug] [HubAnalytics] PosthogClient.SetAutoFlush: Value Changed: True
[2025-12-03 오후 10:10:08] [Debug] [Application] Service Initialize: Tripolygon.UModeler.Hub.HubAnalyticsService
[2025-12-03 오후 10:10:08] [Debug] [Application] Service Initialize: Tripolygon.UModeler.Hub.VSAttributionService
[2025-12-03 오후 10:10:08] [Debug] [Application] Service Initialize: Tripolygon.UModeler.Hub.Notifications.UpdateHubNotifier
[2025-12-03 오후 10:10:08] [Debug] [Application] Service Initialize: Tripolygon.UModeler.Hub.Notifications.UpdateProductNotifier
[2025-12-03 오후 10:10:08] [Debug] [Application] Service Initialize: Tripolygon.UModeler.Hub.Noticies.NoticeService
[2025-12-03 오후 10:10:08] [Debug] [Application] Service Initialize: Tripolygon.UModeler.Hub.Views.SceneViews.HubSceneViewService
[2025-12-03 오후 10:13:41] [Debug] [HubAnalytics] OnAppStart
[2025-12-03 오후 10:13:42] [Debug] [HubAnalytics] PosthogClient.BatchAsync: Sending Queue Items={"api_key":"phc_DQ6tsN03HRXTr9hNBfi3DierOY5Y0SisUxgxjuAmZG5","batch":[{"event":"app start","properties":{"$set":{"sdk_region_id":"ko-KR","sdk_region_name":"South Korea","sdk_language":"Korean","sdk_os_architecture":"X64","sdk_time_zone":"Korea Standard Time","product_version":"1.1.6","platform_account_id":"anonymous","platform_account_name":"jjev/iRnxmbj+58f9S/dzqD0WRbmfrIU5CCWHjQ3KDQpEPdzU62dhJQCh8qtbXKNQsohLTSGAh+MV7Eui+ho8eHC28V7y3gsc5Bi6XdQQCbSifwzEKPu3Yk+Kw3L38fA6CyqVMPpcHG9RdMD+KJDtWrSY4aFvxnE3o9e3+0J0oHPOCihEZi4mSOpiFi/yIV9HsQtfs/BKumj1jqcox7QDAr4X8saUUgTBAjiioZSIuSrxAo16bRl4SB9pgWcSX32FaQ4EqhY2Xp7PvZLh1p3Ns2rU+jrfw1mQFNtaCiIZEVMc8WwxJYNYk9CdjWPQqe8NfhQlQ5fLN5Sz08J0ffwaw=="},"$os":"WINDOWS","$os_name":"WINDOWS","$session_id":"d2628e71-c0db-44e8-b0b7-0fcb64e748db_f6ec19b1-4816-470f-b5ad-0cfb0a72abb5","distinct_id":"b436f785064ea140538673dd9b84f3f59c821871","product_name":"UModeler Hub","product_version":"1.1.6","platform_name":"Unity","platform_version":"6000.0.29f1","screen_width":1920,"screen_height":1080,"viewport_width":640,"viewport_height":480,"unity_systeminfo_language":"Korean","unity_systeminfo_os":"Windows 10  (10.0.19045) 64bit","unity_systeminfo_graphicsDeviceType":"Direct3D11","unity_systeminfo_graphicsDeviceVendor":"NVIDIA","unity_systeminfo_graphicsDeviceName":"NVIDIA GeForce RTX 2060","unity_systeminfo_deviceType":"Desktop","unity_systeminfo_processorType":"Intel(R) Core(TM) i7-9700F CPU @ 3.00GHz"},"timestamp":"2025-12-03T13:13:41.358748Z"}]}
[2025-12-03 오후 10:13:42] [Debug] [HubAnalytics] PosthogClient.BatchAsync: Sent 1 queue item(s).
[2025-12-03 오후 10:13:58] [Debug] [Application] Release: isReloading=True
[2025-12-03 오후 10:13:58] [Debug] [Application] Service Release: Tripolygon.UModeler.Hub.Views.SceneViews.HubSceneViewService
[2025-12-03 오후 10:13:58] [Debug] [Application] Service Release: Tripolygon.UModeler.Hub.Noticies.NoticeService
[2025-12-03 오후 10:13:58] [Debug] [Application] Service Release: Tripolygon.UModeler.Hub.Notifications.UpdateProductNotifier
[2025-12-03 오후 10:13:58] [Debug] [Application] Service Release: Tripolygon.UModeler.Hub.Notifications.UpdateHubNotifier
[2025-12-03 오후 10:13:58] [Debug] [Application] Service Release: Tripolygon.UModeler.Hub.VSAttributionService
[2025-12-03 오후 10:13:58] [Debug] [HubAnalytics] PosthogClient.SetAutoFlush: Value Changed: False
[2025-12-03 오후 10:13:58] [Debug] [Application] Service Release: Tripolygon.UModeler.Hub.HubAnalyticsService
[2025-12-03 오후 10:13:58] [Debug] [Application] Service Release: Tripolygon.UModeler.Hub.HubFlashService
[2025-12-03 오후 10:13:58] [Debug] [Application] Service Release: Tripolygon.UModeler.Editor.UI.UnityEditorApplicationUtilityService
[2025-12-03 오후 10:13:58] [Debug] [Application] Service Release: Tripolygon.UModeler.Hub.HubService
[2025-12-03 오후 10:13:58] [Debug] [Application] Service Release: Tripolygon.UModeler.Editor.UI.UnityEditorApplicationCache
[2025-12-03 오후 10:13:58] [Debug] [Application] Service Release: Tripolygon.UModeler.Hub.HubAuthentication
[2025-12-03 오후 10:14:37] [Debug] [Application] service: Tripolygon.UModeler.Hub.HubAuthentication = Tripolygon.UModeler.Hub.HubAuthentication
[2025-12-03 오후 10:14:37] [Debug] [Application] service: Tripolygon.UModeler.UI.IObjectHierarchyService = Tripolygon.UModeler.Editor.UI.UnityEditorObjectHierarchyService
[2025-12-03 오후 10:14:38] [Debug] [Application] service: Tripolygon.UModeler.Hub.HubFlashService = Tripolygon.UModeler.Hub.HubFlashService
[2025-12-03 오후 10:14:37] [Debug] [Application] service: Tripolygon.UModeler.Editor.UI.ApplicationSettings = Tripolygon.UModeler.Editor.UI.ApplicationSettings
[2025-12-03 오후 10:14:38] [Debug] [Application] service: Tripolygon.UModeler.Hub.VSAttributionService = Tripolygon.UModeler.Hub.VSAttributionService
[2025-12-03 오후 10:14:37] [Debug] [Application] service: Tripolygon.UModeler.Hub.Resources.IResourcesApiProvider = Tripolygon.UModeler.Hub.ResourcesApiProviderService
[2025-12-03 오후 10:14:38] [Debug] [Application] service: Tripolygon.UModeler.Hub.Notifications.UpdateProductNotifier = Tripolygon.UModeler.Hub.Notifications.UpdateProductNotifier
[2025-12-03 오후 10:14:37] [Debug] [Application] service: Tripolygon.UModeler.Hub.HubFlashService = Tripolygon.UModeler.Hub.HubFlashService
[2025-12-03 오후 10:14:38] [Debug] [Application] service: Tripolygon.UModeler.Hub.Views.SceneViews.HubSceneViewService = Tripolygon.UModeler.Hub.Views.SceneViews.HubSceneViewService
[2025-12-03 오후 10:14:37] [Debug] [Application] service: Tripolygon.UModeler.Hub.VSAttributionService = Tripolygon.UModeler.Hub.VSAttributionService
[2025-12-03 오후 10:14:39] [Debug] [Application] Initialize: isReloading=True
[2025-12-03 오후 10:14:37] [Debug] [Application] service: Tripolygon.UModeler.Hub.Notifications.UpdateHubNotifier = Tripolygon.UModeler.Hub.Notifications.UpdateHubNotifier
[2025-12-03 오후 10:14:39] [Debug] [Application] Service Initialize: Tripolygon.UModeler.Hub.HubAuthentication
[2025-12-03 오후 10:14:37] [Debug] [Application] service: Tripolygon.UModeler.Hub.INoticeService = Tripolygon.UModeler.Hub.Noticies.NoticeService
[2025-12-03 오후 10:14:39] [Debug] [Application] Service Initialize: Tripolygon.UModeler.Editor.UI.UnityEditorApplicationCache
[2025-12-03 오후 10:14:39] [Debug] [Application] Initialize: isReloading=True
[2025-12-03 오후 10:14:37] [Debug] [Application] service: Tripolygon.UModeler.UI.IApplicationCache = Tripolygon.UModeler.Editor.UI.UnityEditorApplicationCache
[2025-12-03 오후 10:14:39] [Debug] [Application] Service Initialize: Tripolygon.UModeler.Hub.HubAuthentication
[2025-12-03 오후 10:14:37] [Debug] [Application] service: Tripolygon.UModeler.Hub.IHubService = Tripolygon.UModeler.Hub.HubService
[2025-12-03 오후 10:14:39] [Debug] [Application] Service Initialize: Tripolygon.UModeler.Editor.UI.UnityEditorApplicationUtilityService
[2025-12-03 오후 10:14:40] [Debug] [Application] Service Initialize: Tripolygon.UModeler.Hub.HubService
[2025-12-03 오후 10:14:37] [Debug] [Application] service: Tripolygon.UModeler.UI.IApplicationUtilityService = Tripolygon.UModeler.Editor.UI.UnityEditorApplicationUtilityService
[2025-12-03 오후 10:14:40] [Debug] [Application] Service Initialize: Tripolygon.UModeler.Editor.UI.UnityEditorApplicationUtilityService
[2025-12-03 오후 10:14:37] [Debug] [Application] service: Tripolygon.UModeler.Editor.UI.ApplicationSettings = Tripolygon.UModeler.Editor.UI.ApplicationSettings
[2025-12-03 오후 10:14:40] [Debug] [Application] Service Initialize: Tripolygon.UModeler.Hub.HubFlashService
[2025-12-03 오후 10:14:40] [Debug] [HubAnalytics] PosthogClient.SetAutoFlush: Value Changed: True
[2025-12-03 오후 10:14:37] [Debug] [Application] service: Tripolygon.UModeler.Hub.HubFlashService = Tripolygon.UModeler.Hub.HubFlashService
[2025-12-03 오후 10:14:37] [Debug] [Application] service: Tripolygon.UModeler.Hub.IHubAnalyticsService = Tripolygon.UModeler.Hub.HubAnalyticsService
[2025-12-03 오후 10:14:40] [Debug] [HubAnalytics] PosthogClient.SetAutoFlush: Value Changed: True
[2025-12-03 오후 10:14:37] [Debug] [Application] service: Tripolygon.UModeler.Hub.Notifications.UpdateHubNotifier = Tripolygon.UModeler.Hub.Notifications.UpdateHubNotifier
[2025-12-03 오후 10:14:40] [Debug] [Application] Service Initialize: Tripolygon.UModeler.Hub.HubAnalyticsService
[2025-12-03 오후 10:14:37] [Debug] [Application] service: Tripolygon.UModeler.Hub.INoticeService = Tripolygon.UModeler.Hub.Noticies.NoticeService
[2025-12-03 오후 10:14:37] [Debug] [Application] service: Tripolygon.UModeler.Hub.Views.SceneViews.HubSceneViewService = Tripolygon.UModeler.Hub.Views.SceneViews.HubSceneViewService
[2025-12-03 오후 10:14:39] [Debug] [Application] Initialize: isReloading=False
[2025-12-03 오후 10:14:40] [Debug] [Application] Service Initialize: Tripolygon.UModeler.Hub.Notifications.UpdateProductNotifier
[2025-12-03 오후 10:14:40] [Debug] [Application] Service Initialize: Tripolygon.UModeler.Hub.Notifications.UpdateProductNotifier
[2025-12-03 오후 10:14:40] [Debug] [Application] Service Initialize: Tripolygon.UModeler.Hub.Noticies.NoticeService
[2025-12-03 오후 10:14:40] [Debug] [Application] Service Initialize: Tripolygon.UModeler.Hub.HubAuthentication
[2025-12-03 오후 10:14:40] [Debug] [Application] Service Initialize: Tripolygon.UModeler.Hub.Views.SceneViews.HubSceneViewService
[2025-12-03 오후 10:14:40] [Debug] [Application] Service Initialize: Tripolygon.UModeler.Editor.UI.UnityEditorApplicationCache
[2025-12-03 오후 10:14:40] [Debug] [Application] Service Initialize: Tripolygon.UModeler.Hub.HubService
[2025-12-03 오후 10:14:40] [Debug] [Application] Service Initialize: Tripolygon.UModeler.Editor.UI.UnityEditorApplicationUtilityService
[2025-12-03 오후 10:14:40] [Debug] [Application] Service Initialize: Tripolygon.UModeler.Hub.HubFlashService
[2025-12-03 오후 10:14:40] [Debug] [HubAnalytics] PosthogClient.SetAutoFlush: Value Changed: True
[2025-12-03 오후 10:14:40] [Debug] [Application] Service Initialize: Tripolygon.UModeler.Hub.HubAnalyticsService
[2025-12-03 오후 10:14:40] [Debug] [Application] Service Initialize: Tripolygon.UModeler.Hub.VSAttributionService
[2025-12-03 오후 10:14:40] [Debug] [Application] Service Initialize: Tripolygon.UModeler.Hub.Notifications.UpdateHubNotifier
[2025-12-03 오후 10:14:40] [Debug] [Application] Service Initialize: Tripolygon.UModeler.Hub.Notifications.UpdateProductNotifier
[2025-12-03 오후 10:14:40] [Debug] [Application] Service Initialize: Tripolygon.UModeler.Hub.Noticies.NoticeService
[2025-12-03 오후 10:14:40] [Debug] [Application] Service Initialize: Tripolygon.UModeler.Hub.Views.SceneViews.HubSceneViewService
[2025-12-03 오후 10:14:40] [Debug] [HubAnalytics] OnAppStart
[2025-12-03 오후 10:14:50] [Debug] [HubAnalytics] PosthogClient.BatchAsync: Sending Queue Items={"api_key":"phc_DQ6tsN03HRXTr9hNBfi3DierOY5Y0SisUxgxjuAmZG5","batch":[{"event":"app start","properties":{"$set":{"sdk_region_id":"ko-KR","sdk_region_name":"South Korea","sdk_language":"Korean","sdk_os_architecture":"X64","sdk_time_zone":"Korea Standard Time","product_version":"1.1.6","platform_account_id":"anonymous","platform_account_name":"F04/fVYJA73nHlatlZixkX0wPI2ww26L9cHzerbxc3vTuxwi0ei2M6yTCuuwQQ82jNnZ6gBZauk+zzhtczbrV8gVfAuxk/sPJtk4F//fLbgyi72TlUq+t0aSquIPICfB5Vc7cOrKi3tzCdZAG3uabfYViIN9s1NPTi6K3HRjDdZpRH2A5vv5UV07aUcLaeCr4WT90Q1xiPcvVYjqHhsesOUXLA6gurGWoC9PyirjQp2uz+iXNJkVKa7H1K7O9uMoTaiYl86SWn/CsKR87J9HaWaSYvw9lkan9FgWYdiO9hJsrHx4lV+kfay2xys+RrlO32QsOKCGtc8Haf+UCCBhvA=="},"$os":"WINDOWS","$os_name":"WINDOWS","$session_id":"3f155d16-56a0-4827-852b-bfb2f8370ca2_c1253e2c-58bb-4165-aba7-b3fe5de2e3c4","distinct_id":"b436f785064ea140538673dd9b84f3f59c821871","product_name":"UModeler Hub","product_version":"1.1.6","platform_name":"Unity","platform_version":"6000.0.29f1","screen_width":1920,"screen_height":1080,"viewport_width":1158,"viewport_height":515,"unity_systeminfo_language":"Korean","unity_systeminfo_os":"Windows 10  (10.0.19045) 64bit","unity_systeminfo_graphicsDeviceType":"Direct3D11","unity_systeminfo_graphicsDeviceVendor":"NVIDIA","unity_systeminfo_graphicsDeviceName":"NVIDIA GeForce RTX 2060","unity_systeminfo_deviceType":"Desktop","unity_systeminfo_processorType":"Intel(R) Core(TM) i7-9700F CPU @ 3.00GHz"},"timestamp":"2025-12-03T13:14:40.9841907Z"}]}
[2025-12-03 오후 10:14:50] [Debug] [HubAnalytics] PosthogClient.BatchAsync: Sent 1 queue item(s).
[2025-12-03 오후 10:14:51] [Debug] [Application] Release: isReloading=True
[2025-12-03 오후 10:14:51] [Debug] [Application] Release: isReloading=True
[2025-12-03 오후 10:14:51] [Debug] [Application] Service Release: Tripolygon.UModeler.Hub.Views.SceneViews.HubSceneViewService
[2025-12-03 오후 10:14:51] [Debug] [Application] Service Release: Tripolygon.UModeler.Hub.Views.SceneViews.HubSceneViewService
[2025-12-03 오후 10:14:51] [Debug] [Application] Service Release: Tripolygon.UModeler.Hub.Noticies.NoticeService
[2025-12-03 오후 10:14:51] [Debug] [Application] Service Release: Tripolygon.UModeler.Hub.Noticies.NoticeService
[2025-12-03 오후 10:14:51] [Debug] [Application] Service Release: Tripolygon.UModeler.Hub.Notifications.UpdateProductNotifier
[2025-12-03 오후 10:14:51] [Debug] [Application] Service Release: Tripolygon.UModeler.Hub.Notifications.UpdateProductNotifier
[2025-12-03 오후 10:14:51] [Debug] [Application] Service Release: Tripolygon.UModeler.Hub.Notifications.UpdateHubNotifier
[2025-12-03 오후 10:14:51] [Debug] [Application] Service Release: Tripolygon.UModeler.Hub.Notifications.UpdateHubNotifier
[2025-12-03 오후 10:14:51] [Debug] [Application] Service Release: Tripolygon.UModeler.Hub.VSAttributionService
[2025-12-03 오후 10:14:51] [Debug] [Application] Service Release: Tripolygon.UModeler.Hub.VSAttributionService
[2025-12-03 오후 10:14:54] [Debug] [Application] service: Tripolygon.UModeler.Hub.HubAuthentication = Tripolygon.UModeler.Hub.HubAuthentication
[2025-12-03 오후 10:14:54] [Debug] [Application] service: Tripolygon.UModeler.Hub.HubAuthentication = Tripolygon.UModeler.Hub.HubAuthentication
[2025-12-03 오후 10:14:54] [Debug] [Application] service: Tripolygon.UModeler.Hub.IHubAnalyticsService = Tripolygon.UModeler.Hub.HubAnalyticsService
[2025-12-03 오후 10:14:54] [Debug] [Application] service: Tripolygon.UModeler.UI.IApplicationCache = Tripolygon.UModeler.Editor.UI.UnityEditorApplicationCache
[2025-12-03 오후 10:14:54] [Debug] [Application] service: Tripolygon.UModeler.Hub.Notifications.UpdateHubNotifier = Tripolygon.UModeler.Hub.Notifications.UpdateHubNotifier
[2025-12-03 오후 10:14:54] [Debug] [Application] service: Tripolygon.UModeler.Hub.IHubService = Tripolygon.UModeler.Hub.HubService
[2025-12-03 오후 10:14:54] [Debug] [Application] service: Tripolygon.UModeler.Hub.INoticeService = Tripolygon.UModeler.Hub.Noticies.NoticeService
[2025-12-03 오후 10:14:54] [Debug] [Application] service: Tripolygon.UModeler.UI.IObjectHierarchyService = Tripolygon.UModeler.Editor.UI.UnityEditorObjectHierarchyService
[2025-12-03 오후 10:14:55] [Debug] [Application] Initialize: isReloading=True
[2025-12-03 오후 10:14:54] [Debug] [Application] service: Tripolygon.UModeler.Editor.UI.ApplicationSettings = Tripolygon.UModeler.Editor.UI.ApplicationSettings
[2025-12-03 오후 10:14:55] [Debug] [Application] Service Initialize: Tripolygon.UModeler.Hub.HubAuthentication
[2025-12-03 오후 10:14:54] [Debug] [Application] service: Tripolygon.UModeler.Hub.Resources.IResourcesApiProvider = Tripolygon.UModeler.Hub.ResourcesApiProviderService
[2025-12-03 오후 10:14:54] [Debug] [Application] service: Tripolygon.UModeler.Hub.HubFlashService = Tripolygon.UModeler.Hub.HubFlashService
[2025-12-03 오후 10:14:54] [Debug] [Application] service: Tripolygon.UModeler.Hub.IHubAnalyticsService = Tripolygon.UModeler.Hub.HubAnalyticsService
[2025-12-03 오후 10:14:55] [Debug] [Application] Service Initialize: Tripolygon.UModeler.Hub.HubService
[2025-12-03 오후 10:14:54] [Debug] [Application] service: Tripolygon.UModeler.Hub.Notifications.UpdateHubNotifier = Tripolygon.UModeler.Hub.Notifications.UpdateHubNotifier
[2025-12-03 오후 10:14:55] [Debug] [Application] Service Initialize: Tripolygon.UModeler.Editor.UI.UnityEditorApplicationUtilityService
[2025-12-03 오후 10:14:54] [Debug] [Application] service: Tripolygon.UModeler.Hub.INoticeService = Tripolygon.UModeler.Hub.Noticies.NoticeService
[2025-12-03 오후 10:14:55] [Debug] [Application] Service Initialize: Tripolygon.UModeler.Hub.HubFlashService
[2025-12-03 오후 10:14:54] [Debug] [Application] service: Tripolygon.UModeler.Hub.Views.SceneViews.HubSceneViewService = Tripolygon.UModeler.Hub.Views.SceneViews.HubSceneViewService
[2025-12-03 오후 10:14:55] [Debug] [Application] Initialize: isReloading=False
[2025-12-03 오후 10:14:55] [Debug] [HubAnalytics] PosthogClient.SetAutoFlush: Value Changed: True
[2025-12-03 오후 10:14:55] [Debug] [Application] Service Initialize: Tripolygon.UModeler.Hub.HubAuthentication
[2025-12-03 오후 10:14:55] [Debug] [Application] Service Initialize: Tripolygon.UModeler.Editor.UI.UnityEditorApplicationCache
[2025-12-03 오후 10:14:55] [Debug] [Application] Service Initialize: Tripolygon.UModeler.Hub.HubService
[2025-12-03 오후 10:14:55] [Debug] [Application] Service Initialize: Tripolygon.UModeler.Hub.HubAnalyticsService
[2025-12-03 오후 10:14:55] [Debug] [Application] Service Initialize: Tripolygon.UModeler.Editor.UI.UnityEditorApplicationUtilityService
[2025-12-03 오후 10:14:55] [Debug] [Application] Service Initialize: Tripolygon.UModeler.Hub.VSAttributionService
[2025-12-03 오후 10:14:55] [Debug] [Application] Service Initialize: Tripolygon.UModeler.Hub.HubFlashService
[2025-12-03 오후 10:14:55] [Debug] [Application] Service Initialize: Tripolygon.UModeler.Hub.Notifications.UpdateHubNotifier
[2025-12-03 오후 10:14:55] [Debug] [HubAnalytics] PosthogClient.SetAutoFlush: Value Changed: True
[2025-12-03 오후 10:14:55] [Debug] [Application] Service Initialize: Tripolygon.UModeler.Hub.Notifications.UpdateProductNotifier
[2025-12-03 오후 10:14:55] [Debug] [Application] Service Initialize: Tripolygon.UModeler.Hub.Noticies.NoticeService
[2025-12-03 오후 10:14:55] [Debug] [Application] Service Initialize: Tripolygon.UModeler.Hub.Views.SceneViews.HubSceneViewService
[2025-12-03 오후 10:14:55] [Debug] [Application] Service Initialize: Tripolygon.UModeler.Hub.HubAnalyticsService
[2025-12-03 오후 10:14:55] [Debug] [Application] Service Initialize: Tripolygon.UModeler.Hub.VSAttributionService
[2025-12-03 오후 10:14:55] [Debug] [Application] Service Initialize: Tripolygon.UModeler.Hub.Notifications.UpdateHubNotifier
[2025-12-03 오후 10:14:55] [Debug] [Application] Service Initialize: Tripolygon.UModeler.Hub.Notifications.UpdateProductNotifier
[2025-12-03 오후 10:14:55] [Debug] [Application] Service Initialize: Tripolygon.UModeler.Hub.Noticies.NoticeService
[2025-12-03 오후 10:14:55] [Debug] [Application] Service Initialize: Tripolygon.UModeler.Hub.Views.SceneViews.HubSceneViewService
[2025-12-03 오후 10:22:24] [Debug] [Application] Release: isReloading=True
[2025-12-03 오후 10:22:24] [Debug] [Application] Service Release: Tripolygon.UModeler.Hub.Views.SceneViews.HubSceneViewService
[2025-12-03 오후 10:22:24] [Debug] [Application] Service Release: Tripolygon.UModeler.Hub.Noticies.NoticeService
[2025-12-03 오후 10:22:24] [Debug] [Application] Service Release: Tripolygon.UModeler.Hub.Notifications.UpdateProductNotifier
[2025-12-03 오후 10:22:24] [Debug] [Application] Service Release: Tripolygon.UModeler.Hub.Notifications.UpdateHubNotifier
[2025-12-03 오후 10:22:24] [Debug] [Application] Service Release: Tripolygon.UModeler.Hub.VSAttributionService
[2025-12-03 오후 10:22:24] [Debug] [HubAnalytics] PosthogClient.SetAutoFlush: Value Changed: False
[2025-12-03 오후 10:22:24] [Debug] [Application] Service Release: Tripolygon.UModeler.Hub.HubAnalyticsService
[2025-12-03 오후 10:22:24] [Debug] [Application] Service Release: Tripolygon.UModeler.Hub.HubFlashService
[2025-12-03 오후 10:22:24] [Debug] [Application] Service Release: Tripolygon.UModeler.Editor.UI.UnityEditorApplicationUtilityService
[2025-12-03 오후 10:22:24] [Debug] [Application] Service Release: Tripolygon.UModeler.Hub.HubService
[2025-12-03 오후 10:22:24] [Debug] [Application] Service Release: Tripolygon.UModeler.Editor.UI.UnityEditorApplicationCache
[2025-12-03 오후 10:22:24] [Debug] [Application] Service Release: Tripolygon.UModeler.Hub.HubAuthentication
[2025-12-03 오후 10:22:28] [Debug] [Application] service: Tripolygon.UModeler.Hub.HubAuthentication = Tripolygon.UModeler.Hub.HubAuthentication
[2025-12-03 오후 10:22:28] [Debug] [Application] service: Tripolygon.UModeler.UI.IApplicationCache = Tripolygon.UModeler.Editor.UI.UnityEditorApplicationCache
[2025-12-03 오후 10:22:28] [Debug] ActualHost
[2025-12-03 오후 10:22:28] [Debug] [Application] service: Tripolygon.UModeler.Hub.IHubService = Tripolygon.UModeler.Hub.HubService
[2025-12-03 오후 10:22:28] [Debug] [Application] service: Tripolygon.UModeler.Authentication.IAuthenticationApiProvider = Tripolygon.UModeler.Editor.AuthenticationApiProviderService
[2025-12-03 오후 10:22:28] [Debug] [Application] service: Tripolygon.UModeler.UI.IObjectHierarchyService = Tripolygon.UModeler.Editor.UI.UnityEditorObjectHierarchyService
[2025-12-03 오후 10:22:28] [Debug] [Application] service: Tripolygon.UModeler.UI.IApplicationUtilityService = Tripolygon.UModeler.Editor.UI.UnityEditorApplicationUtilityService
[2025-12-03 오후 10:22:28] [Debug] [Application] service: Tripolygon.UModeler.Editor.UI.ApplicationSettings = Tripolygon.UModeler.Editor.UI.ApplicationSettings
[2025-12-03 오후 10:22:28] [Debug] [Application] service: Tripolygon.UModeler.UI.ITextureProvider = Tripolygon.UModeler.Editor.UI.UnityEditorTextureProvider
[2025-12-03 오후 10:22:28] [Debug] [Application] service: Tripolygon.UModeler.Hub.Resources.IResourcesApiProvider = Tripolygon.UModeler.Hub.ResourcesApiProviderService
[2025-12-03 오후 10:22:28] [Debug] [Application] service: Tripolygon.UModeler.Hub.HubFlashService = Tripolygon.UModeler.Hub.HubFlashService
[2025-12-03 오후 10:22:28] [Debug] [Application] service: Tripolygon.UModeler.Hub.IHubAnalyticsService = Tripolygon.UModeler.Hub.HubAnalyticsService
[2025-12-03 오후 10:22:28] [Debug] [Application] service: Tripolygon.UModeler.Hub.VSAttributionService = Tripolygon.UModeler.Hub.VSAttributionService
[2025-12-03 오후 10:22:28] [Debug] [Application] service: Tripolygon.UModeler.Hub.Notifications.UpdateHubNotifier = Tripolygon.UModeler.Hub.Notifications.UpdateHubNotifier
[2025-12-03 오후 10:22:28] [Debug] [Application] service: Tripolygon.UModeler.Hub.Notifications.UpdateProductNotifier = Tripolygon.UModeler.Hub.Notifications.UpdateProductNotifier
[2025-12-03 오후 10:22:28] [Debug] [Application] service: Tripolygon.UModeler.Hub.INoticeService = Tripolygon.UModeler.Hub.Noticies.NoticeService
[2025-12-03 오후 10:22:28] [Debug] [Application] service: Tripolygon.UModeler.Hub.Views.SceneViews.HubSceneViewService = Tripolygon.UModeler.Hub.Views.SceneViews.HubSceneViewService
[2025-12-03 오후 10:22:29] [Debug] [Application] Initialize: isReloading=True
[2025-12-03 오후 10:22:29] [Debug] [Application] Service Initialize: Tripolygon.UModeler.Hub.HubAuthentication
[2025-12-03 오후 10:22:29] [Debug] [Application] Service Initialize: Tripolygon.UModeler.Editor.UI.UnityEditorApplicationCache
[2025-12-03 오후 10:22:29] [Debug] [Application] Service Initialize: Tripolygon.UModeler.Hub.HubService
[2025-12-03 오후 10:22:29] [Debug] [Application] Service Initialize: Tripolygon.UModeler.Editor.UI.UnityEditorApplicationUtilityService
[2025-12-03 오후 10:22:29] [Debug] [Application] Service Initialize: Tripolygon.UModeler.Hub.HubFlashService
[2025-12-03 오후 10:22:29] [Debug] [HubAnalytics] PosthogClient.SetAutoFlush: Value Changed: True
[2025-12-03 오후 10:22:29] [Debug] [Application] Service Initialize: Tripolygon.UModeler.Hub.HubAnalyticsService
[2025-12-03 오후 10:22:29] [Debug] [Application] Service Initialize: Tripolygon.UModeler.Hub.VSAttributionService
[2025-12-03 오후 10:22:29] [Debug] [Application] Service Initialize: Tripolygon.UModeler.Hub.Notifications.UpdateHubNotifier
[2025-12-03 오후 10:22:30] [Debug] [Application] Service Initialize: Tripolygon.UModeler.Hub.Notifications.UpdateProductNotifier
[2025-12-03 오후 10:22:30] [Debug] [Application] Service Initialize: Tripolygon.UModeler.Hub.Noticies.NoticeService
[2025-12-03 오후 10:22:30] [Debug] [Application] Service Initialize: Tripolygon.UModeler.Hub.Views.SceneViews.HubSceneViewService
[2025-12-03 오후 10:22:30] [Debug] [Application] Release: isReloading=True
[2025-12-03 오후 10:22:30] [Debug] [Application] Service Release: Tripolygon.UModeler.Hub.Views.SceneViews.HubSceneViewService
[2025-12-03 오후 10:22:30] [Debug] [Application] Service Release: Tripolygon.UModeler.Hub.Views.SceneViews.HubSceneViewService
[2025-12-03 오후 10:22:30] [Debug] [Application] Service Release: Tripolygon.UModeler.Hub.Noticies.NoticeService
[2025-12-03 오후 10:22:30] [Debug] [Application] Service Release: Tripolygon.UModeler.Hub.Noticies.NoticeService
[2025-12-03 오후 10:22:30] [Debug] [Application] Service Release: Tripolygon.UModeler.Hub.Notifications.UpdateProductNotifier
[2025-12-03 오후 10:22:30] [Debug] [Application] Service Release: Tripolygon.UModeler.Hub.Notifications.UpdateProductNotifier
[2025-12-03 오후 10:22:30] [Debug] [Application] Service Release: Tripolygon.UModeler.Hub.Notifications.UpdateHubNotifier
[2025-12-03 오후 10:22:30] [Debug] [Application] Service Release: Tripolygon.UModeler.Hub.Notifications.UpdateHubNotifier
[2025-12-03 오후 10:22:30] [Debug] [Application] Service Release: Tripolygon.UModeler.Hub.VSAttributionService
[2025-12-03 오후 10:22:30] [Debug] [Application] Service Release: Tripolygon.UModeler.Hub.VSAttributionService
[2025-12-03 오후 10:22:33] [Debug] [Application] service: Tripolygon.UModeler.Hub.HubAuthentication = Tripolygon.UModeler.Hub.HubAuthentication
[2025-12-03 오후 10:22:33] [Debug] [Application] service: Tripolygon.UModeler.Hub.HubAuthentication = Tripolygon.UModeler.Hub.HubAuthentication
[2025-12-03 오후 10:22:33] [Debug] [Application] service: Tripolygon.UModeler.Hub.HubFlashService = Tripolygon.UModeler.Hub.HubFlashService
[2025-12-03 오후 10:22:33] [Debug] ActualHost
[2025-12-03 오후 10:22:33] [Debug] [Application] service: Tripolygon.UModeler.Hub.IHubService = Tripolygon.UModeler.Hub.HubService
[2025-12-03 오후 10:22:33] [Debug] [Application] service: Tripolygon.UModeler.Hub.Notifications.UpdateHubNotifier = Tripolygon.UModeler.Hub.Notifications.UpdateHubNotifier
[2025-12-03 오후 10:22:33] [Debug] [Application] service: Tripolygon.UModeler.UI.IObjectHierarchyService = Tripolygon.UModeler.Editor.UI.UnityEditorObjectHierarchyService
[2025-12-03 오후 10:22:33] [Debug] [Application] service: Tripolygon.UModeler.Hub.INoticeService = Tripolygon.UModeler.Hub.Noticies.NoticeService
[2025-12-03 오후 10:22:33] [Debug] [Application] service: Tripolygon.UModeler.Hub.Views.SceneViews.HubSceneViewService = Tripolygon.UModeler.Hub.Views.SceneViews.HubSceneViewService
[2025-12-03 오후 10:22:33] [Debug] [Application] service: Tripolygon.UModeler.UI.ITextureProvider = Tripolygon.UModeler.Editor.UI.UnityEditorTextureProvider
[2025-12-03 오후 10:22:34] [Debug] [Application] Service Initialize: Tripolygon.UModeler.Hub.HubAuthentication
[2025-12-03 오후 10:22:33] [Debug] [Application] service: Tripolygon.UModeler.Hub.HubFlashService = Tripolygon.UModeler.Hub.HubFlashService
[2025-12-03 오후 10:22:34] [Debug] [Application] Service Initialize: Tripolygon.UModeler.Editor.UI.UnityEditorApplicationCache
[2025-12-03 오후 10:22:33] [Debug] [Application] service: Tripolygon.UModeler.Hub.VSAttributionService = Tripolygon.UModeler.Hub.VSAttributionService
[2025-12-03 오후 10:22:33] [Debug] [Application] service: Tripolygon.UModeler.Hub.Notifications.UpdateHubNotifier = Tripolygon.UModeler.Hub.Notifications.UpdateHubNotifier
[2025-12-03 오후 10:22:34] [Debug] [Application] Service Initialize: Tripolygon.UModeler.Hub.HubService
[2025-12-03 오후 10:22:33] [Debug] [Application] service: Tripolygon.UModeler.Hub.INoticeService = Tripolygon.UModeler.Hub.Noticies.NoticeService
[2025-12-03 오후 10:22:34] [Debug] [Application] Service Initialize: Tripolygon.UModeler.Hub.HubFlashService
[2025-12-03 오후 10:22:34] [Debug] [Application] Initialize: isReloading=False
[2025-12-03 오후 10:22:34] [Debug] [Application] Service Initialize: Tripolygon.UModeler.Hub.HubAuthentication
[2025-12-03 오후 10:22:34] [Debug] [HubAnalytics] PosthogClient.SetAutoFlush: Value Changed: True
[2025-12-03 오후 10:22:34] [Debug] [Application] Service Initialize: Tripolygon.UModeler.Editor.UI.UnityEditorApplicationCache
[2025-12-03 오후 10:22:34] [Debug] [Application] Service Initialize: Tripolygon.UModeler.Hub.HubService
[2025-12-03 오후 10:22:34] [Debug] [Application] Service Initialize: Tripolygon.UModeler.Editor.UI.UnityEditorApplicationUtilityService
[2025-12-03 오후 10:22:34] [Debug] [Application] Service Initialize: Tripolygon.UModeler.Hub.HubAnalyticsService
[2025-12-03 오후 10:22:34] [Debug] [Application] Service Initialize: Tripolygon.UModeler.Hub.HubFlashService
[2025-12-03 오후 10:22:34] [Debug] [Application] Service Initialize: Tripolygon.UModeler.Hub.VSAttributionService
[2025-12-03 오후 10:22:34] [Debug] [Application] Service Initialize: Tripolygon.UModeler.Hub.Notifications.UpdateHubNotifier
[2025-12-03 오후 10:22:34] [Debug] [HubAnalytics] PosthogClient.SetAutoFlush: Value Changed: True
[2025-12-03 오후 10:22:34] [Debug] [Application] Service Initialize: Tripolygon.UModeler.Hub.Notifications.UpdateProductNotifier
[2025-12-03 오후 10:22:34] [Debug] [Application] Service Initialize: Tripolygon.UModeler.Hub.Noticies.NoticeService
[2025-12-03 오후 10:22:34] [Debug] [Application] Service Initialize: Tripolygon.UModeler.Hub.Views.SceneViews.HubSceneViewService
[2025-12-03 오후 10:22:34] [Debug] [Application] Service Initialize: Tripolygon.UModeler.Hub.HubAnalyticsService
[2025-12-03 오후 10:22:34] [Debug] [Application] Service Initialize: Tripolygon.UModeler.Hub.VSAttributionService
[2025-12-03 오후 10:22:34] [Debug] [Application] Service Initialize: Tripolygon.UModeler.Hub.Notifications.UpdateHubNotifier
[2025-12-03 오후 10:22:34] [Debug] [Application] Service Initialize: Tripolygon.UModeler.Hub.Notifications.UpdateProductNotifier
[2025-12-03 오후 10:22:34] [Debug] [Application] Service Initialize: Tripolygon.UModeler.Hub.Noticies.NoticeService
[2025-12-03 오후 10:22:34] [Debug] [Application] Service Initialize: Tripolygon.UModeler.Hub.Views.SceneViews.HubSceneViewService
[2025-12-03 오후 10:32:03] [Debug] [Application] Release: isReloading=True
[2025-12-03 오후 10:32:03] [Debug] [Application] Service Release: Tripolygon.UModeler.Hub.Views.SceneViews.HubSceneViewService
[2025-12-03 오후 10:32:03] [Debug] [Application] Service Release: Tripolygon.UModeler.Hub.Noticies.NoticeService
[2025-12-03 오후 10:32:03] [Debug] [Application] Service Release: Tripolygon.UModeler.Hub.Notifications.UpdateProductNotifier
[2025-12-03 오후 10:32:03] [Debug] [Application] Service Release: Tripolygon.UModeler.Hub.Notifications.UpdateHubNotifier
[2025-12-03 오후 10:32:03] [Debug] [Application] Service Release: Tripolygon.UModeler.Hub.VSAttributionService
[2025-12-03 오후 10:32:03] [Debug] [HubAnalytics] PosthogClient.SetAutoFlush: Value Changed: False
[2025-12-03 오후 10:32:03] [Debug] [Application] Service Release: Tripolygon.UModeler.Hub.HubAnalyticsService
[2025-12-03 오후 10:32:03] [Debug] [Application] Service Release: Tripolygon.UModeler.Hub.HubFlashService
[2025-12-03 오후 10:32:03] [Debug] [Application] Service Release: Tripolygon.UModeler.Editor.UI.UnityEditorApplicationUtilityService
[2025-12-03 오후 10:32:03] [Debug] [Application] Service Release: Tripolygon.UModeler.Hub.HubService
[2025-12-03 오후 10:32:03] [Debug] [Application] Service Release: Tripolygon.UModeler.Editor.UI.UnityEditorApplicationCache
[2025-12-03 오후 10:32:03] [Debug] [Application] Service Release: Tripolygon.UModeler.Hub.HubAuthentication
[2025-12-03 오후 10:32:36] [Debug] [Application] service: Tripolygon.UModeler.Hub.HubAuthentication = Tripolygon.UModeler.Hub.HubAuthentication
[2025-12-03 오후 10:32:36] [Debug] [Application] service: Tripolygon.UModeler.UI.IApplicationCache = Tripolygon.UModeler.Editor.UI.UnityEditorApplicationCache
[2025-12-03 오후 10:32:36] [Debug] ActualHost
[2025-12-03 오후 10:32:36] [Debug] [Application] service: Tripolygon.UModeler.Hub.IHubService = Tripolygon.UModeler.Hub.HubService
[2025-12-03 오후 10:32:36] [Debug] [Application] service: Tripolygon.UModeler.Authentication.IAuthenticationApiProvider = Tripolygon.UModeler.Editor.AuthenticationApiProviderService
[2025-12-03 오후 10:32:36] [Debug] [Application] service: Tripolygon.UModeler.UI.IObjectHierarchyService = Tripolygon.UModeler.Editor.UI.UnityEditorObjectHierarchyService
[2025-12-03 오후 10:32:36] [Debug] [Application] service: Tripolygon.UModeler.UI.IApplicationUtilityService = Tripolygon.UModeler.Editor.UI.UnityEditorApplicationUtilityService
[2025-12-03 오후 10:32:36] [Debug] [Application] service: Tripolygon.UModeler.Editor.UI.ApplicationSettings = Tripolygon.UModeler.Editor.UI.ApplicationSettings
[2025-12-03 오후 10:32:36] [Debug] [Application] service: Tripolygon.UModeler.UI.ITextureProvider = Tripolygon.UModeler.Editor.UI.UnityEditorTextureProvider
[2025-12-03 오후 10:32:36] [Debug] [Application] service: Tripolygon.UModeler.Hub.Resources.IResourcesApiProvider = Tripolygon.UModeler.Hub.ResourcesApiProviderService
[2025-12-03 오후 10:32:36] [Debug] [Application] service: Tripolygon.UModeler.Hub.HubFlashService = Tripolygon.UModeler.Hub.HubFlashService
[2025-12-03 오후 10:32:36] [Debug] [Application] service: Tripolygon.UModeler.Hub.IHubAnalyticsService = Tripolygon.UModeler.Hub.HubAnalyticsService
[2025-12-03 오후 10:32:36] [Debug] [Application] service: Tripolygon.UModeler.Hub.VSAttributionService = Tripolygon.UModeler.Hub.VSAttributionService
[2025-12-03 오후 10:32:36] [Debug] [Application] service: Tripolygon.UModeler.Hub.Notifications.UpdateHubNotifier = Tripolygon.UModeler.Hub.Notifications.UpdateHubNotifier
[2025-12-03 오후 10:32:36] [Debug] [Application] service: Tripolygon.UModeler.Hub.Notifications.UpdateProductNotifier = Tripolygon.UModeler.Hub.Notifications.UpdateProductNotifier
[2025-12-03 오후 10:32:36] [Debug] [Application] service: Tripolygon.UModeler.Hub.INoticeService = Tripolygon.UModeler.Hub.Noticies.NoticeService
[2025-12-03 오후 10:32:36] [Debug] [Application] service: Tripolygon.UModeler.Hub.Views.SceneViews.HubSceneViewService = Tripolygon.UModeler.Hub.Views.SceneViews.HubSceneViewService
[2025-12-03 오후 10:32:38] [Debug] [Application] Initialize: isReloading=True
[2025-12-03 오후 10:32:38] [Debug] [Application] Service Initialize: Tripolygon.UModeler.Hub.HubAuthentication
[2025-12-03 오후 10:32:38] [Debug] [Application] Service Initialize: Tripolygon.UModeler.Editor.UI.UnityEditorApplicationCache
[2025-12-03 오후 10:32:38] [Debug] [Application] Service Initialize: Tripolygon.UModeler.Hub.HubService
[2025-12-03 오후 10:32:38] [Debug] [Application] Service Initialize: Tripolygon.UModeler.Editor.UI.UnityEditorApplicationUtilityService
[2025-12-03 오후 10:32:38] [Debug] [Application] Service Initialize: Tripolygon.UModeler.Hub.HubFlashService
[2025-12-03 오후 10:32:38] [Debug] [HubAnalytics] PosthogClient.SetAutoFlush: Value Changed: True
[2025-12-03 오후 10:32:38] [Debug] [Application] Service Initialize: Tripolygon.UModeler.Hub.HubAnalyticsService
[2025-12-03 오후 10:32:38] [Debug] [Application] Service Initialize: Tripolygon.UModeler.Hub.VSAttributionService
[2025-12-03 오후 10:32:39] [Debug] [Application] Service Initialize: Tripolygon.UModeler.Hub.Notifications.UpdateHubNotifier
[2025-12-03 오후 10:32:39] [Debug] [Application] Service Initialize: Tripolygon.UModeler.Hub.Notifications.UpdateProductNotifier
[2025-12-03 오후 10:32:39] [Debug] [Application] Service Initialize: Tripolygon.UModeler.Hub.Noticies.NoticeService
[2025-12-03 오후 10:32:39] [Debug] [Application] Service Initialize: Tripolygon.UModeler.Hub.Views.SceneViews.HubSceneViewService
[2025-12-03 오후 10:32:41] [Debug] [Application] Release: isReloading=True
[2025-12-03 오후 10:32:41] [Debug] [Application] Release: isReloading=True
[2025-12-03 오후 10:32:41] [Debug] [Application] Service Release: Tripolygon.UModeler.Hub.Views.SceneViews.HubSceneViewService
[2025-12-03 오후 10:32:41] [Debug] [Application] Service Release: Tripolygon.UModeler.Hub.Views.SceneViews.HubSceneViewService
[2025-12-03 오후 10:32:41] [Debug] [Application] Service Release: Tripolygon.UModeler.Hub.Noticies.NoticeService
[2025-12-03 오후 10:32:41] [Debug] [Application] Service Release: Tripolygon.UModeler.Hub.Noticies.NoticeService
[2025-12-03 오후 10:32:41] [Debug] [Application] Service Release: Tripolygon.UModeler.Hub.Notifications.UpdateProductNotifier
[2025-12-03 오후 10:32:41] [Debug] [Application] Service Release: Tripolygon.UModeler.Hub.Notifications.UpdateProductNotifier
[2025-12-03 오후 10:32:41] [Debug] [Application] Service Release: Tripolygon.UModeler.Hub.Notifications.UpdateHubNotifier
[2025-12-03 오후 10:32:41] [Debug] [Application] Service Release: Tripolygon.UModeler.Hub.Notifications.UpdateHubNotifier
[2025-12-03 오후 10:32:41] [Debug] [Application] Service Release: Tripolygon.UModeler.Hub.VSAttributionService
[2025-12-03 오후 10:32:41] [Debug] [Application] Service Release: Tripolygon.UModeler.Hub.VSAttributionService
[2025-12-03 오후 10:32:44] [Debug] [Application] service: Tripolygon.UModeler.Hub.HubAuthentication = Tripolygon.UModeler.Hub.HubAuthentication
[2025-12-03 오후 10:32:44] [Debug] [Application] service: Tripolygon.UModeler.UI.IApplicationCache = Tripolygon.UModeler.Editor.UI.UnityEditorApplicationCache
[2025-12-03 오후 10:32:44] [Debug] [Application] service: Tripolygon.UModeler.Hub.Resources.IResourcesApiProvider = Tripolygon.UModeler.Hub.ResourcesApiProviderService
[2025-12-03 오후 10:32:44] [Debug] [Application] service: Tripolygon.UModeler.Hub.IHubService = Tripolygon.UModeler.Hub.HubService
[2025-12-03 오후 10:32:44] [Debug] [Application] service: Tripolygon.UModeler.Hub.IHubAnalyticsService = Tripolygon.UModeler.Hub.HubAnalyticsService
[2025-12-03 오후 10:32:44] [Debug] [Application] service: Tripolygon.UModeler.UI.IObjectHierarchyService = Tripolygon.UModeler.Editor.UI.UnityEditorObjectHierarchyService
[2025-12-03 오후 10:32:44] [Debug] [Application] service: Tripolygon.UModeler.Hub.Notifications.UpdateHubNotifier = Tripolygon.UModeler.Hub.Notifications.UpdateHubNotifier
[2025-12-03 오후 10:32:44] [Debug] [Application] service: Tripolygon.UModeler.Editor.UI.ApplicationSettings = Tripolygon.UModeler.Editor.UI.ApplicationSettings
[2025-12-03 오후 10:32:44] [Debug] [Application] service: Tripolygon.UModeler.Hub.INoticeService = Tripolygon.UModeler.Hub.Noticies.NoticeService
[2025-12-03 오후 10:32:44] [Debug] [Application] service: Tripolygon.UModeler.Hub.Resources.IResourcesApiProvider = Tripolygon.UModeler.Hub.ResourcesApiProviderService
[2025-12-03 오후 10:32:45] [Debug] [Application] Initialize: isReloading=True
[2025-12-03 오후 10:32:44] [Debug] [Application] service: Tripolygon.UModeler.Hub.IHubAnalyticsService = Tripolygon.UModeler.Hub.HubAnalyticsService
[2025-12-03 오후 10:32:45] [Debug] [Application] Service Initialize: Tripolygon.UModeler.Hub.HubAuthentication
[2025-12-03 오후 10:32:44] [Debug] [Application] service: Tripolygon.UModeler.Hub.Notifications.UpdateHubNotifier = Tripolygon.UModeler.Hub.Notifications.UpdateHubNotifier
[2025-12-03 오후 10:32:45] [Debug] [Application] Service Initialize: Tripolygon.UModeler.Editor.UI.UnityEditorApplicationCache
[2025-12-03 오후 10:32:44] [Debug] [Application] service: Tripolygon.UModeler.Hub.Notifications.UpdateProductNotifier = Tripolygon.UModeler.Hub.Notifications.UpdateProductNotifier
[2025-12-03 오후 10:32:44] [Debug] [Application] service: Tripolygon.UModeler.Hub.INoticeService = Tripolygon.UModeler.Hub.Noticies.NoticeService
[2025-12-03 오후 10:32:45] [Debug] [Application] Service Initialize: Tripolygon.UModeler.Hub.HubService
[2025-12-03 오후 10:32:45] [Debug] [Application] Initialize: isReloading=False
[2025-12-03 오후 10:32:45] [Debug] [Application] Service Initialize: Tripolygon.UModeler.Editor.UI.UnityEditorApplicationUtilityService
[2025-12-03 오후 10:32:45] [Debug] [Application] Service Initialize: Tripolygon.UModeler.Hub.HubAuthentication
[2025-12-03 오후 10:32:45] [Debug] [Application] Service Initialize: Tripolygon.UModeler.Hub.HubFlashService
[2025-12-03 오후 10:32:45] [Debug] [Application] Service Initialize: Tripolygon.UModeler.Editor.UI.UnityEditorApplicationCache
[2025-12-03 오후 10:32:46] [Debug] [HubAnalytics] PosthogClient.SetAutoFlush: Value Changed: True
[2025-12-03 오후 10:32:46] [Debug] [Application] Service Initialize: Tripolygon.UModeler.Hub.HubService
[2025-12-03 오후 10:32:46] [Debug] [Application] Service Initialize: Tripolygon.UModeler.Editor.UI.UnityEditorApplicationUtilityService
[2025-12-03 오후 10:32:46] [Debug] [Application] Service Initialize: Tripolygon.UModeler.Hub.HubFlashService
[2025-12-03 오후 10:32:46] [Debug] [Application] Service Initialize: Tripolygon.UModeler.Hub.HubAnalyticsService
[2025-12-03 오후 10:32:46] [Debug] [HubAnalytics] PosthogClient.SetAutoFlush: Value Changed: True
[2025-12-03 오후 10:32:46] [Debug] [Application] Service Initialize: Tripolygon.UModeler.Hub.VSAttributionService
[2025-12-03 오후 10:32:46] [Debug] [Application] Service Initialize: Tripolygon.UModeler.Hub.Notifications.UpdateHubNotifier
[2025-12-03 오후 10:32:46] [Debug] [Application] Service Initialize: Tripolygon.UModeler.Hub.Notifications.UpdateProductNotifier
[2025-12-03 오후 10:32:46] [Debug] [Application] Service Initialize: Tripolygon.UModeler.Hub.HubAnalyticsService
[2025-12-03 오후 10:32:46] [Debug] [Application] Service Initialize: Tripolygon.UModeler.Hub.Noticies.NoticeService
[2025-12-03 오후 10:32:46] [Debug] [Application] Service Initialize: Tripolygon.UModeler.Hub.VSAttributionService
[2025-12-03 오후 10:32:46] [Debug] [Application] Service Initialize: Tripolygon.UModeler.Hub.Views.SceneViews.HubSceneViewService
[2025-12-03 오후 10:32:46] [Debug] [Application] Service Initialize: Tripolygon.UModeler.Hub.Notifications.UpdateHubNotifier
[2025-12-03 오후 10:32:46] [Debug] [Application] Service Initialize: Tripolygon.UModeler.Hub.Notifications.UpdateProductNotifier
[2025-12-03 오후 10:32:46] [Debug] [Application] Service Initialize: Tripolygon.UModeler.Hub.Noticies.NoticeService
[2025-12-03 오후 10:32:46] [Debug] [Application] Service Initialize: Tripolygon.UModeler.Hub.Views.SceneViews.HubSceneViewService
[2025-12-03 오후 10:33:01] [Debug] [Application] Release: isReloading=True
[2025-12-03 오후 10:33:01] [Debug] [Application] Service Release: Tripolygon.UModeler.Hub.Views.SceneViews.HubSceneViewService
[2025-12-03 오후 10:33:01] [Debug] [Application] Service Release: Tripolygon.UModeler.Hub.Noticies.NoticeService
[2025-12-03 오후 10:33:01] [Debug] [Application] Service Release: Tripolygon.UModeler.Hub.Notifications.UpdateProductNotifier
[2025-12-03 오후 10:33:01] [Debug] [Application] Service Release: Tripolygon.UModeler.Hub.Notifications.UpdateHubNotifier
[2025-12-03 오후 10:33:01] [Debug] [Application] Service Release: Tripolygon.UModeler.Hub.VSAttributionService
[2025-12-03 오후 10:33:01] [Debug] [HubAnalytics] PosthogClient.SetAutoFlush: Value Changed: False
[2025-12-03 오후 10:33:01] [Debug] [Application] Service Release: Tripolygon.UModeler.Hub.HubAnalyticsService
[2025-12-03 오후 10:33:01] [Debug] [Application] Service Release: Tripolygon.UModeler.Hub.HubFlashService
[2025-12-03 오후 10:33:01] [Debug] [Application] Service Release: Tripolygon.UModeler.Editor.UI.UnityEditorApplicationUtilityService
[2025-12-03 오후 10:33:01] [Debug] [Application] Service Release: Tripolygon.UModeler.Hub.HubService
[2025-12-03 오후 10:33:01] [Debug] [Application] Service Release: Tripolygon.UModeler.Editor.UI.UnityEditorApplicationCache
[2025-12-03 오후 10:33:01] [Debug] [Application] Service Release: Tripolygon.UModeler.Hub.HubAuthentication
[2025-12-03 오후 10:33:04] [Debug] [Application] service: Tripolygon.UModeler.Hub.HubAuthentication = Tripolygon.UModeler.Hub.HubAuthentication
[2025-12-03 오후 10:33:04] [Debug] [Application] service: Tripolygon.UModeler.UI.IApplicationCache = Tripolygon.UModeler.Editor.UI.UnityEditorApplicationCache
[2025-12-03 오후 10:33:04] [Debug] ActualHost
[2025-12-03 오후 10:33:04] [Debug] [Application] service: Tripolygon.UModeler.Hub.IHubService = Tripolygon.UModeler.Hub.HubService
[2025-12-03 오후 10:33:04] [Debug] [Application] service: Tripolygon.UModeler.Authentication.IAuthenticationApiProvider = Tripolygon.UModeler.Editor.AuthenticationApiProviderService
[2025-12-03 오후 10:33:04] [Debug] [Application] service: Tripolygon.UModeler.UI.IObjectHierarchyService = Tripolygon.UModeler.Editor.UI.UnityEditorObjectHierarchyService
[2025-12-03 오후 10:33:04] [Debug] [Application] service: Tripolygon.UModeler.UI.IApplicationUtilityService = Tripolygon.UModeler.Editor.UI.UnityEditorApplicationUtilityService
[2025-12-03 오후 10:33:04] [Debug] [Application] service: Tripolygon.UModeler.Editor.UI.ApplicationSettings = Tripolygon.UModeler.Editor.UI.ApplicationSettings
[2025-12-03 오후 10:33:04] [Debug] [Application] service: Tripolygon.UModeler.UI.ITextureProvider = Tripolygon.UModeler.Editor.UI.UnityEditorTextureProvider
[2025-12-03 오후 10:33:04] [Debug] [Application] service: Tripolygon.UModeler.Hub.Resources.IResourcesApiProvider = Tripolygon.UModeler.Hub.ResourcesApiProviderService
[2025-12-03 오후 10:33:04] [Debug] [Application] service: Tripolygon.UModeler.Hub.HubFlashService = Tripolygon.UModeler.Hub.HubFlashService
[2025-12-03 오후 10:33:04] [Debug] [Application] service: Tripolygon.UModeler.Hub.IHubAnalyticsService = Tripolygon.UModeler.Hub.HubAnalyticsService
[2025-12-03 오후 10:33:04] [Debug] [Application] service: Tripolygon.UModeler.Hub.VSAttributionService = Tripolygon.UModeler.Hub.VSAttributionService
[2025-12-03 오후 10:33:04] [Debug] [Application] service: Tripolygon.UModeler.Hub.Notifications.UpdateHubNotifier = Tripolygon.UModeler.Hub.Notifications.UpdateHubNotifier
[2025-12-03 오후 10:33:04] [Debug] [Application] service: Tripolygon.UModeler.Hub.Notifications.UpdateProductNotifier = Tripolygon.UModeler.Hub.Notifications.UpdateProductNotifier
[2025-12-03 오후 10:33:04] [Debug] [Application] service: Tripolygon.UModeler.Hub.INoticeService = Tripolygon.UModeler.Hub.Noticies.NoticeService
[2025-12-03 오후 10:33:04] [Debug] [Application] service: Tripolygon.UModeler.Hub.Views.SceneViews.HubSceneViewService = Tripolygon.UModeler.Hub.Views.SceneViews.HubSceneViewService
[2025-12-03 오후 10:33:06] [Debug] [Application] Initialize: isReloading=True
[2025-12-03 오후 10:33:06] [Debug] [Application] Service Initialize: Tripolygon.UModeler.Hub.HubAuthentication
[2025-12-03 오후 10:33:06] [Debug] [Application] Service Initialize: Tripolygon.UModeler.Editor.UI.UnityEditorApplicationCache
[2025-12-03 오후 10:33:06] [Debug] [Application] Service Initialize: Tripolygon.UModeler.Hub.HubService
[2025-12-03 오후 10:33:06] [Debug] [Application] Service Initialize: Tripolygon.UModeler.Editor.UI.UnityEditorApplicationUtilityService
[2025-12-03 오후 10:33:06] [Debug] [Application] Service Initialize: Tripolygon.UModeler.Hub.HubFlashService
[2025-12-03 오후 10:33:06] [Debug] [HubAnalytics] PosthogClient.SetAutoFlush: Value Changed: True
[2025-12-03 오후 10:33:06] [Debug] [Application] Service Initialize: Tripolygon.UModeler.Hub.HubAnalyticsService
[2025-12-03 오후 10:33:06] [Debug] [Application] Service Initialize: Tripolygon.UModeler.Hub.VSAttributionService
[2025-12-03 오후 10:33:06] [Debug] [Application] Service Initialize: Tripolygon.UModeler.Hub.Notifications.UpdateHubNotifier
[2025-12-03 오후 10:33:06] [Debug] [Application] Service Initialize: Tripolygon.UModeler.Hub.Notifications.UpdateProductNotifier
[2025-12-03 오후 10:33:06] [Debug] [Application] Service Initialize: Tripolygon.UModeler.Hub.Noticies.NoticeService
[2025-12-03 오후 10:33:06] [Debug] [Application] Service Initialize: Tripolygon.UModeler.Hub.Views.SceneViews.HubSceneViewService
[2025-12-03 오후 10:33:07] [Debug] [Application] Release: isReloading=True
[2025-12-03 오후 10:33:07] [Debug] [Application] Release: isReloading=True
[2025-12-03 오후 10:33:07] [Debug] [Application] Service Release: Tripolygon.UModeler.Hub.Views.SceneViews.HubSceneViewService
[2025-12-03 오후 10:33:07] [Debug] [Application] Service Release: Tripolygon.UModeler.Hub.Views.SceneViews.HubSceneViewService
[2025-12-03 오후 10:33:07] [Debug] [Application] Service Release: Tripolygon.UModeler.Hub.Noticies.NoticeService
[2025-12-03 오후 10:33:07] [Debug] [Application] Service Release: Tripolygon.UModeler.Hub.Noticies.NoticeService
[2025-12-03 오후 10:33:07] [Debug] [Application] Service Release: Tripolygon.UModeler.Hub.Notifications.UpdateProductNotifier
[2025-12-03 오후 10:33:07] [Debug] [Application] Service Release: Tripolygon.UModeler.Hub.Notifications.UpdateProductNotifier
[2025-12-03 오후 10:33:07] [Debug] [Application] Service Release: Tripolygon.UModeler.Hub.Notifications.UpdateHubNotifier
[2025-12-03 오후 10:33:07] [Debug] [Application] Service Release: Tripolygon.UModeler.Hub.Notifications.UpdateHubNotifier
[2025-12-03 오후 10:33:07] [Debug] [Application] Service Release: Tripolygon.UModeler.Hub.VSAttributionService
[2025-12-03 오후 10:33:07] [Debug] [Application] Service Release: Tripolygon.UModeler.Hub.VSAttributionService
[2025-12-03 오후 10:33:09] [Debug] [Application] service: Tripolygon.UModeler.Hub.HubAuthentication = Tripolygon.UModeler.Hub.HubAuthentication
[2025-12-03 오후 10:33:09] [Debug] [Application] service: Tripolygon.UModeler.UI.IApplicationCache = Tripolygon.UModeler.Editor.UI.UnityEditorApplicationCache
[2025-12-03 오후 10:33:09] [Debug] [Application] service: Tripolygon.UModeler.Hub.HubAuthentication = Tripolygon.UModeler.Hub.HubAuthentication
[2025-12-03 오후 10:33:09] [Debug] [Application] service: Tripolygon.UModeler.Hub.HubFlashService = Tripolygon.UModeler.Hub.HubFlashService
[2025-12-03 오후 10:33:09] [Debug] [Application] service: Tripolygon.UModeler.UI.IApplicationCache = Tripolygon.UModeler.Editor.UI.UnityEditorApplicationCache
[2025-12-03 오후 10:33:09] [Debug] [Application] service: Tripolygon.UModeler.Hub.IHubAnalyticsService = Tripolygon.UModeler.Hub.HubAnalyticsService
[2025-12-03 오후 10:33:09] [Debug] ActualHost
[2025-12-03 오후 10:33:09] [Debug] [Application] service: Tripolygon.UModeler.Hub.VSAttributionService = Tripolygon.UModeler.Hub.VSAttributionService
[2025-12-03 오후 10:33:09] [Debug] [Application] service: Tripolygon.UModeler.Hub.IHubService = Tripolygon.UModeler.Hub.HubService
[2025-12-03 오후 10:33:09] [Debug] [Application] service: Tripolygon.UModeler.Hub.Notifications.UpdateHubNotifier = Tripolygon.UModeler.Hub.Notifications.UpdateHubNotifier
[2025-12-03 오후 10:33:09] [Debug] [Application] service: Tripolygon.UModeler.UI.IObjectHierarchyService = Tripolygon.UModeler.Editor.UI.UnityEditorObjectHierarchyService
[2025-12-03 오후 10:33:09] [Debug] [Application] service: Tripolygon.UModeler.Hub.INoticeService = Tripolygon.UModeler.Hub.Noticies.NoticeService
[2025-12-03 오후 10:33:09] [Debug] [Application] service: Tripolygon.UModeler.Editor.UI.ApplicationSettings = Tripolygon.UModeler.Editor.UI.ApplicationSettings
[2025-12-03 오후 10:33:10] [Debug] [Application] Initialize: isReloading=True
[2025-12-03 오후 10:33:09] [Debug] [Application] service: Tripolygon.UModeler.Hub.Resources.IResourcesApiProvider = Tripolygon.UModeler.Hub.ResourcesApiProviderService
[2025-12-03 오후 10:33:10] [Debug] [Application] Service Initialize: Tripolygon.UModeler.Hub.HubAuthentication
[2025-12-03 오후 10:33:09] [Debug] [Application] service: Tripolygon.UModeler.Hub.IHubAnalyticsService = Tripolygon.UModeler.Hub.HubAnalyticsService
[2025-12-03 오후 10:33:10] [Debug] [Application] Service Initialize: Tripolygon.UModeler.Editor.UI.UnityEditorApplicationCache
[2025-12-03 오후 10:33:09] [Debug] [Application] service: Tripolygon.UModeler.Hub.Notifications.UpdateHubNotifier = Tripolygon.UModeler.Hub.Notifications.UpdateHubNotifier
[2025-12-03 오후 10:33:09] [Debug] [Application] service: Tripolygon.UModeler.Hub.Notifications.UpdateProductNotifier = Tripolygon.UModeler.Hub.Notifications.UpdateProductNotifier
[2025-12-03 오후 10:33:10] [Debug] [Application] Service Initialize: Tripolygon.UModeler.Hub.HubService
[2025-12-03 오후 10:33:09] [Debug] [Application] service: Tripolygon.UModeler.Hub.Views.SceneViews.HubSceneViewService = Tripolygon.UModeler.Hub.Views.SceneViews.HubSceneViewService
[2025-12-03 오후 10:33:10] [Debug] [Application] Service Initialize: Tripolygon.UModeler.Editor.UI.UnityEditorApplicationUtilityService
[2025-12-03 오후 10:33:10] [Debug] [Application] Initialize: isReloading=False
[2025-12-03 오후 10:33:10] [Debug] [Application] Service Initialize: Tripolygon.UModeler.Hub.HubFlashService
[2025-12-03 오후 10:33:10] [Debug] [Application] Service Initialize: Tripolygon.UModeler.Hub.HubAuthentication
[2025-12-03 오후 10:33:10] [Debug] [Application] Service Initialize: Tripolygon.UModeler.Editor.UI.UnityEditorApplicationCache
[2025-12-03 오후 10:33:10] [Debug] [HubAnalytics] PosthogClient.SetAutoFlush: Value Changed: True
[2025-12-03 오후 10:33:10] [Debug] [Application] Service Initialize: Tripolygon.UModeler.Hub.HubService
[2025-12-03 오후 10:33:10] [Debug] [Application] Service Initialize: Tripolygon.UModeler.Editor.UI.UnityEditorApplicationUtilityService
[2025-12-03 오후 10:33:10] [Debug] [Application] Service Initialize: Tripolygon.UModeler.Hub.HubFlashService
[2025-12-03 오후 10:33:10] [Debug] [Application] Service Initialize: Tripolygon.UModeler.Hub.HubAnalyticsService
[2025-12-03 오후 10:33:10] [Debug] [HubAnalytics] PosthogClient.SetAutoFlush: Value Changed: True
[2025-12-03 오후 10:33:10] [Debug] [Application] Service Initialize: Tripolygon.UModeler.Hub.VSAttributionService
[2025-12-03 오후 10:33:10] [Debug] [Application] Service Initialize: Tripolygon.UModeler.Hub.Notifications.UpdateHubNotifier
[2025-12-03 오후 10:33:10] [Debug] [Application] Service Initialize: Tripolygon.UModeler.Hub.Notifications.UpdateProductNotifier
[2025-12-03 오후 10:33:10] [Debug] [Application] Service Initialize: Tripolygon.UModeler.Hub.HubAnalyticsService
[2025-12-03 오후 10:33:10] [Debug] [Application] Service Initialize: Tripolygon.UModeler.Hub.Noticies.NoticeService
[2025-12-03 오후 10:33:10] [Debug] [Application] Service Initialize: Tripolygon.UModeler.Hub.VSAttributionService
[2025-12-03 오후 10:33:10] [Debug] [Application] Service Initialize: Tripolygon.UModeler.Hub.Views.SceneViews.HubSceneViewService
[2025-12-03 오후 10:33:10] [Debug] [Application] Service Initialize: Tripolygon.UModeler.Hub.Notifications.UpdateHubNotifier
[2025-12-03 오후 10:33:10] [Debug] [Application] Service Initialize: Tripolygon.UModeler.Hub.Notifications.UpdateProductNotifier
[2025-12-03 오후 10:33:10] [Debug] [Application] Service Initialize: Tripolygon.UModeler.Hub.Noticies.NoticeService
[2025-12-03 오후 10:33:10] [Debug] [Application] Service Initialize: Tripolygon.UModeler.Hub.Views.SceneViews.HubSceneViewService
[2025-12-03 오후 10:34:04] [Debug] [Application] Release: isReloading=True
[2025-12-03 오후 10:34:04] [Debug] [Application] Service Release: Tripolygon.UModeler.Hub.Views.SceneViews.HubSceneViewService
[2025-12-03 오후 10:34:04] [Debug] [Application] Service Release: Tripolygon.UModeler.Hub.Noticies.NoticeService
[2025-12-03 오후 10:34:04] [Debug] [Application] Service Release: Tripolygon.UModeler.Hub.Notifications.UpdateProductNotifier
[2025-12-03 오후 10:34:04] [Debug] [Application] Service Release: Tripolygon.UModeler.Hub.Notifications.UpdateHubNotifier
[2025-12-03 오후 10:34:04] [Debug] [Application] Service Release: Tripolygon.UModeler.Hub.VSAttributionService
[2025-12-03 오후 10:34:04] [Debug] [HubAnalytics] PosthogClient.SetAutoFlush: Value Changed: False
[2025-12-03 오후 10:34:04] [Debug] [Application] Service Release: Tripolygon.UModeler.Hub.HubAnalyticsService
[2025-12-03 오후 10:34:04] [Debug] [Application] Service Release: Tripolygon.UModeler.Hub.HubFlashService
[2025-12-03 오후 10:34:04] [Debug] [Application] Service Release: Tripolygon.UModeler.Editor.UI.UnityEditorApplicationUtilityService
[2025-12-03 오후 10:34:04] [Debug] [Application] Service Release: Tripolygon.UModeler.Hub.HubService
[2025-12-03 오후 10:34:04] [Debug] [Application] Service Release: Tripolygon.UModeler.Editor.UI.UnityEditorApplicationCache
[2025-12-03 오후 10:34:04] [Debug] [Application] Service Release: Tripolygon.UModeler.Hub.HubAuthentication
[2025-12-03 오후 10:34:07] [Debug] [Application] service: Tripolygon.UModeler.Hub.HubAuthentication = Tripolygon.UModeler.Hub.HubAuthentication
[2025-12-03 오후 10:34:07] [Debug] [Application] service: Tripolygon.UModeler.UI.IApplicationCache = Tripolygon.UModeler.Editor.UI.UnityEditorApplicationCache
[2025-12-03 오후 10:34:07] [Debug] ActualHost
[2025-12-03 오후 10:34:07] [Debug] [Application] service: Tripolygon.UModeler.Hub.IHubService = Tripolygon.UModeler.Hub.HubService
[2025-12-03 오후 10:34:07] [Debug] [Application] service: Tripolygon.UModeler.Authentication.IAuthenticationApiProvider = Tripolygon.UModeler.Editor.AuthenticationApiProviderService
[2025-12-03 오후 10:34:07] [Debug] [Application] service: Tripolygon.UModeler.UI.IObjectHierarchyService = Tripolygon.UModeler.Editor.UI.UnityEditorObjectHierarchyService
[2025-12-03 오후 10:34:07] [Debug] [Application] service: Tripolygon.UModeler.UI.IApplicationUtilityService = Tripolygon.UModeler.Editor.UI.UnityEditorApplicationUtilityService
[2025-12-03 오후 10:34:07] [Debug] [Application] service: Tripolygon.UModeler.Editor.UI.ApplicationSettings = Tripolygon.UModeler.Editor.UI.ApplicationSettings
[2025-12-03 오후 10:34:07] [Debug] [Application] service: Tripolygon.UModeler.UI.ITextureProvider = Tripolygon.UModeler.Editor.UI.UnityEditorTextureProvider
[2025-12-03 오후 10:34:07] [Debug] [Application] service: Tripolygon.UModeler.Hub.Resources.IResourcesApiProvider = Tripolygon.UModeler.Hub.ResourcesApiProviderService
[2025-12-03 오후 10:34:07] [Debug] [Application] service: Tripolygon.UModeler.Hub.HubFlashService = Tripolygon.UModeler.Hub.HubFlashService
[2025-12-03 오후 10:34:07] [Debug] [Application] service: Tripolygon.UModeler.Hub.IHubAnalyticsService = Tripolygon.UModeler.Hub.HubAnalyticsService
[2025-12-03 오후 10:34:07] [Debug] [Application] service: Tripolygon.UModeler.Hub.VSAttributionService = Tripolygon.UModeler.Hub.VSAttributionService
[2025-12-03 오후 10:34:07] [Debug] [Application] service: Tripolygon.UModeler.Hub.Notifications.UpdateHubNotifier = Tripolygon.UModeler.Hub.Notifications.UpdateHubNotifier
[2025-12-03 오후 10:34:07] [Debug] [Application] service: Tripolygon.UModeler.Hub.Notifications.UpdateProductNotifier = Tripolygon.UModeler.Hub.Notifications.UpdateProductNotifier
[2025-12-03 오후 10:34:07] [Debug] [Application] service: Tripolygon.UModeler.Hub.INoticeService = Tripolygon.UModeler.Hub.Noticies.NoticeService
[2025-12-03 오후 10:34:07] [Debug] [Application] service: Tripolygon.UModeler.Hub.Views.SceneViews.HubSceneViewService = Tripolygon.UModeler.Hub.Views.SceneViews.HubSceneViewService
[2025-12-03 오후 10:34:08] [Debug] [Application] Initialize: isReloading=True
[2025-12-03 오후 10:34:08] [Debug] [Application] Service Initialize: Tripolygon.UModeler.Hub.HubAuthentication
[2025-12-03 오후 10:34:08] [Debug] [Application] Service Initialize: Tripolygon.UModeler.Editor.UI.UnityEditorApplicationCache
[2025-12-03 오후 10:34:08] [Debug] [Application] Service Initialize: Tripolygon.UModeler.Hub.HubService
[2025-12-03 오후 10:34:08] [Debug] [Application] Service Initialize: Tripolygon.UModeler.Editor.UI.UnityEditorApplicationUtilityService
[2025-12-03 오후 10:34:08] [Debug] [Application] Service Initialize: Tripolygon.UModeler.Hub.HubFlashService
[2025-12-03 오후 10:34:09] [Debug] [HubAnalytics] PosthogClient.SetAutoFlush: Value Changed: True
[2025-12-03 오후 10:34:09] [Debug] [Application] Service Initialize: Tripolygon.UModeler.Hub.HubAnalyticsService
[2025-12-03 오후 10:34:09] [Debug] [Application] Service Initialize: Tripolygon.UModeler.Hub.VSAttributionService
[2025-12-03 오후 10:34:09] [Debug] [Application] Service Initialize: Tripolygon.UModeler.Hub.Notifications.UpdateHubNotifier
[2025-12-03 오후 10:34:09] [Debug] [Application] Service Initialize: Tripolygon.UModeler.Hub.Notifications.UpdateProductNotifier
[2025-12-03 오후 10:34:09] [Debug] [Application] Service Initialize: Tripolygon.UModeler.Hub.Noticies.NoticeService
[2025-12-03 오후 10:34:09] [Debug] [Application] Service Initialize: Tripolygon.UModeler.Hub.Views.SceneViews.HubSceneViewService
[2025-12-03 오후 10:34:09] [Debug] [Application] Release: isReloading=True
[2025-12-03 오후 10:34:09] [Debug] [Application] Release: isReloading=True
[2025-12-03 오후 10:34:09] [Debug] [Application] Service Release: Tripolygon.UModeler.Hub.Views.SceneViews.HubSceneViewService
[2025-12-03 오후 10:34:09] [Debug] [Application] Service Release: Tripolygon.UModeler.Hub.Views.SceneViews.HubSceneViewService
[2025-12-03 오후 10:34:09] [Debug] [Application] Service Release: Tripolygon.UModeler.Hub.Noticies.NoticeService
[2025-12-03 오후 10:34:09] [Debug] [Application] Service Release: Tripolygon.UModeler.Hub.Noticies.NoticeService
[2025-12-03 오후 10:34:09] [Debug] [Application] Service Release: Tripolygon.UModeler.Hub.Notifications.UpdateProductNotifier
[2025-12-03 오후 10:34:09] [Debug] [Application] Service Release: Tripolygon.UModeler.Hub.Notifications.UpdateProductNotifier
[2025-12-03 오후 10:34:09] [Debug] [Application] Service Release: Tripolygon.UModeler.Hub.Notifications.UpdateHubNotifier
[2025-12-03 오후 10:34:09] [Debug] [Application] Service Release: Tripolygon.UModeler.Hub.Notifications.UpdateHubNotifier
[2025-12-03 오후 10:34:09] [Debug] [Application] Service Release: Tripolygon.UModeler.Hub.VSAttributionService
[2025-12-03 오후 10:34:09] [Debug] [Application] Service Release: Tripolygon.UModeler.Hub.VSAttributionService
[2025-12-03 오후 10:34:12] [Debug] [Application] service: Tripolygon.UModeler.Hub.HubAuthentication = Tripolygon.UModeler.Hub.HubAuthentication
[2025-12-03 오후 10:34:12] [Debug] [Application] service: Tripolygon.UModeler.Authentication.IAuthenticationApiProvider = Tripolygon.UModeler.Editor.AuthenticationApiProviderService
[2025-12-03 오후 10:34:12] [Debug] [Application] service: Tripolygon.UModeler.Hub.Resources.IResourcesApiProvider = Tripolygon.UModeler.Hub.ResourcesApiProviderService
[2025-12-03 오후 10:34:12] [Debug] [Application] service: Tripolygon.UModeler.UI.IApplicationUtilityService = Tripolygon.UModeler.Editor.UI.UnityEditorApplicationUtilityService
[2025-12-03 오후 10:34:12] [Debug] [Application] service: Tripolygon.UModeler.Hub.HubFlashService = Tripolygon.UModeler.Hub.HubFlashService
[2025-12-03 오후 10:34:12] [Debug] [Application] service: Tripolygon.UModeler.Editor.UI.ApplicationSettings = Tripolygon.UModeler.Editor.UI.ApplicationSettings
[2025-12-03 오후 10:34:12] [Debug] [Application] service: Tripolygon.UModeler.Hub.IHubAnalyticsService = Tripolygon.UModeler.Hub.HubAnalyticsService
[2025-12-03 오후 10:34:12] [Debug] [Application] service: Tripolygon.UModeler.UI.ITextureProvider = Tripolygon.UModeler.Editor.UI.UnityEditorTextureProvider
[2025-12-03 오후 10:34:12] [Debug] [Application] service: Tripolygon.UModeler.Hub.VSAttributionService = Tripolygon.UModeler.Hub.VSAttributionService
[2025-12-03 오후 10:34:12] [Debug] [Application] service: Tripolygon.UModeler.Hub.Resources.IResourcesApiProvider = Tripolygon.UModeler.Hub.ResourcesApiProviderService
[2025-12-03 오후 10:34:12] [Debug] [Application] service: Tripolygon.UModeler.Hub.Notifications.UpdateHubNotifier = Tripolygon.UModeler.Hub.Notifications.UpdateHubNotifier
[2025-12-03 오후 10:34:12] [Debug] [Application] service: Tripolygon.UModeler.Hub.HubFlashService = Tripolygon.UModeler.Hub.HubFlashService
[2025-12-03 오후 10:34:12] [Debug] [Application] service: Tripolygon.UModeler.Hub.Notifications.UpdateProductNotifier = Tripolygon.UModeler.Hub.Notifications.UpdateProductNotifier
[2025-12-03 오후 10:34:12] [Debug] [Application] service: Tripolygon.UModeler.Hub.IHubAnalyticsService = Tripolygon.UModeler.Hub.HubAnalyticsService
[2025-12-03 오후 10:34:12] [Debug] [Application] service: Tripolygon.UModeler.Hub.Views.SceneViews.HubSceneViewService = Tripolygon.UModeler.Hub.Views.SceneViews.HubSceneViewService
[2025-12-03 오후 10:34:12] [Debug] [Application] service: Tripolygon.UModeler.Hub.Notifications.UpdateHubNotifier = Tripolygon.UModeler.Hub.Notifications.UpdateHubNotifier
[2025-12-03 오후 10:34:13] [Debug] [Application] Initialize: isReloading=True
[2025-12-03 오후 10:34:12] [Debug] [Application] service: Tripolygon.UModeler.Hub.Notifications.UpdateProductNotifier = Tripolygon.UModeler.Hub.Notifications.UpdateProductNotifier
[2025-12-03 오후 10:34:13] [Debug] [Application] Service Initialize: Tripolygon.UModeler.Hub.HubAuthentication
[2025-12-03 오후 10:34:12] [Debug] [Application] service: Tripolygon.UModeler.Hub.INoticeService = Tripolygon.UModeler.Hub.Noticies.NoticeService
[2025-12-03 오후 10:34:13] [Debug] [Application] Service Initialize: Tripolygon.UModeler.Editor.UI.UnityEditorApplicationCache
[2025-12-03 오후 10:34:13] [Debug] [Application] Initialize: isReloading=False
[2025-12-03 오후 10:34:13] [Debug] [Application] Service Initialize: Tripolygon.UModeler.Hub.HubAuthentication
[2025-12-03 오후 10:34:13] [Debug] [Application] Service Initialize: Tripolygon.UModeler.Hub.HubService
[2025-12-03 오후 10:34:13] [Debug] [Application] Service Initialize: Tripolygon.UModeler.Editor.UI.UnityEditorApplicationCache
[2025-12-03 오후 10:34:13] [Debug] [Application] Service Initialize: Tripolygon.UModeler.Hub.HubFlashService
[2025-12-03 오후 10:34:13] [Debug] [Application] Service Initialize: Tripolygon.UModeler.Hub.HubService
[2025-12-03 오후 10:34:13] [Debug] [Application] Service Initialize: Tripolygon.UModeler.Editor.UI.UnityEditorApplicationUtilityService
[2025-12-03 오후 10:34:13] [Debug] [HubAnalytics] PosthogClient.SetAutoFlush: Value Changed: True
[2025-12-03 오후 10:34:13] [Debug] [Application] Service Initialize: Tripolygon.UModeler.Hub.HubFlashService
[2025-12-03 오후 10:34:13] [Debug] [HubAnalytics] PosthogClient.SetAutoFlush: Value Changed: True
[2025-12-03 오후 10:34:13] [Debug] [Application] Service Initialize: Tripolygon.UModeler.Hub.HubAnalyticsService
[2025-12-03 오후 10:34:13] [Debug] [Application] Service Initialize: Tripolygon.UModeler.Hub.VSAttributionService
[2025-12-03 오후 10:34:13] [Debug] [Application] Service Initialize: Tripolygon.UModeler.Hub.Notifications.UpdateHubNotifier
[2025-12-03 오후 10:34:13] [Debug] [Application] Service Initialize: Tripolygon.UModeler.Hub.HubAnalyticsService
[2025-12-03 오후 10:34:13] [Debug] [Application] Service Initialize: Tripolygon.UModeler.Hub.Notifications.UpdateProductNotifier
[2025-12-03 오후 10:34:13] [Debug] [Application] Service Initialize: Tripolygon.UModeler.Hub.VSAttributionService
[2025-12-03 오후 10:34:13] [Debug] [Application] Service Initialize: Tripolygon.UModeler.Hub.Noticies.NoticeService
[2025-12-03 오후 10:34:13] [Debug] [Application] Service Initialize: Tripolygon.UModeler.Hub.Notifications.UpdateHubNotifier
[2025-12-03 오후 10:34:13] [Debug] [Application] Service Initialize: Tripolygon.UModeler.Hub.Views.SceneViews.HubSceneViewService
[2025-12-03 오후 10:34:13] [Debug] [Application] Service Initialize: Tripolygon.UModeler.Hub.Notifications.UpdateProductNotifier
[2025-12-03 오후 10:34:13] [Debug] [Application] Service Initialize: Tripolygon.UModeler.Hub.Noticies.NoticeService
[2025-12-03 오후 10:34:13] [Debug] [Application] Service Initialize: Tripolygon.UModeler.Hub.Views.SceneViews.HubSceneViewService
[2025-12-03 오후 10:37:12] [Debug] [Application] Release: isReloading=True
[2025-12-03 오후 10:37:12] [Debug] [Application] Service Release: Tripolygon.UModeler.Hub.Views.SceneViews.HubSceneViewService
[2025-12-03 오후 10:37:12] [Debug] [Application] Service Release: Tripolygon.UModeler.Hub.Noticies.NoticeService
[2025-12-03 오후 10:37:12] [Debug] [Application] Service Release: Tripolygon.UModeler.Hub.Notifications.UpdateProductNotifier
[2025-12-03 오후 10:37:12] [Debug] [Application] Service Release: Tripolygon.UModeler.Hub.Notifications.UpdateHubNotifier
[2025-12-03 오후 10:37:12] [Debug] [Application] Service Release: Tripolygon.UModeler.Hub.VSAttributionService
[2025-12-03 오후 10:37:12] [Debug] [HubAnalytics] PosthogClient.SetAutoFlush: Value Changed: False
[2025-12-03 오후 10:37:12] [Debug] [Application] Service Release: Tripolygon.UModeler.Hub.HubAnalyticsService
[2025-12-03 오후 10:37:12] [Debug] [Application] Service Release: Tripolygon.UModeler.Hub.HubFlashService
[2025-12-03 오후 10:37:12] [Debug] [Application] Service Release: Tripolygon.UModeler.Editor.UI.UnityEditorApplicationUtilityService
[2025-12-03 오후 10:37:12] [Debug] [Application] Service Release: Tripolygon.UModeler.Hub.HubService
[2025-12-03 오후 10:37:12] [Debug] [Application] Service Release: Tripolygon.UModeler.Editor.UI.UnityEditorApplicationCache
[2025-12-03 오후 10:37:12] [Debug] [Application] Service Release: Tripolygon.UModeler.Hub.HubAuthentication
[2025-12-03 오후 10:37:15] [Debug] [Application] service: Tripolygon.UModeler.Hub.HubAuthentication = Tripolygon.UModeler.Hub.HubAuthentication
[2025-12-03 오후 10:37:15] [Debug] [Application] service: Tripolygon.UModeler.UI.IApplicationCache = Tripolygon.UModeler.Editor.UI.UnityEditorApplicationCache
[2025-12-03 오후 10:37:15] [Debug] ActualHost
[2025-12-03 오후 10:37:15] [Debug] [Application] service: Tripolygon.UModeler.Hub.IHubService = Tripolygon.UModeler.Hub.HubService
[2025-12-03 오후 10:37:15] [Debug] [Application] service: Tripolygon.UModeler.Authentication.IAuthenticationApiProvider = Tripolygon.UModeler.Editor.AuthenticationApiProviderService
[2025-12-03 오후 10:37:15] [Debug] [Application] service: Tripolygon.UModeler.UI.IObjectHierarchyService = Tripolygon.UModeler.Editor.UI.UnityEditorObjectHierarchyService
[2025-12-03 오후 10:37:15] [Debug] [Application] service: Tripolygon.UModeler.UI.IApplicationUtilityService = Tripolygon.UModeler.Editor.UI.UnityEditorApplicationUtilityService
[2025-12-03 오후 10:37:16] [Debug] [Application] service: Tripolygon.UModeler.Editor.UI.ApplicationSettings = Tripolygon.UModeler.Editor.UI.ApplicationSettings
[2025-12-03 오후 10:37:16] [Debug] [Application] service: Tripolygon.UModeler.UI.ITextureProvider = Tripolygon.UModeler.Editor.UI.UnityEditorTextureProvider
[2025-12-03 오후 10:37:16] [Debug] [Application] service: Tripolygon.UModeler.Hub.Resources.IResourcesApiProvider = Tripolygon.UModeler.Hub.ResourcesApiProviderService
[2025-12-03 오후 10:37:16] [Debug] [Application] service: Tripolygon.UModeler.Hub.HubFlashService = Tripolygon.UModeler.Hub.HubFlashService
[2025-12-03 오후 10:37:16] [Debug] [Application] service: Tripolygon.UModeler.Hub.IHubAnalyticsService = Tripolygon.UModeler.Hub.HubAnalyticsService
[2025-12-03 오후 10:37:16] [Debug] [Application] service: Tripolygon.UModeler.Hub.VSAttributionService = Tripolygon.UModeler.Hub.VSAttributionService
[2025-12-03 오후 10:37:16] [Debug] [Application] service: Tripolygon.UModeler.Hub.Notifications.UpdateHubNotifier = Tripolygon.UModeler.Hub.Notifications.UpdateHubNotifier
[2025-12-03 오후 10:37:16] [Debug] [Application] service: Tripolygon.UModeler.Hub.Notifications.UpdateProductNotifier = Tripolygon.UModeler.Hub.Notifications.UpdateProductNotifier
[2025-12-03 오후 10:37:16] [Debug] [Application] service: Tripolygon.UModeler.Hub.INoticeService = Tripolygon.UModeler.Hub.Noticies.NoticeService
[2025-12-03 오후 10:37:16] [Debug] [Application] service: Tripolygon.UModeler.Hub.Views.SceneViews.HubSceneViewService = Tripolygon.UModeler.Hub.Views.SceneViews.HubSceneViewService
[2025-12-03 오후 10:37:17] [Debug] [Application] Initialize: isReloading=True
[2025-12-03 오후 10:37:17] [Debug] [Application] Service Initialize: Tripolygon.UModeler.Hub.HubAuthentication
[2025-12-03 오후 10:37:17] [Debug] [Application] Service Initialize: Tripolygon.UModeler.Editor.UI.UnityEditorApplicationCache
[2025-12-03 오후 10:37:17] [Debug] [Application] Service Initialize: Tripolygon.UModeler.Hub.HubService
[2025-12-03 오후 10:37:17] [Debug] [Application] Service Initialize: Tripolygon.UModeler.Editor.UI.UnityEditorApplicationUtilityService
[2025-12-03 오후 10:37:17] [Debug] [Application] Service Initialize: Tripolygon.UModeler.Hub.HubFlashService
[2025-12-03 오후 10:37:17] [Debug] [HubAnalytics] PosthogClient.SetAutoFlush: Value Changed: True
[2025-12-03 오후 10:37:17] [Debug] [Application] Service Initialize: Tripolygon.UModeler.Hub.HubAnalyticsService
[2025-12-03 오후 10:37:17] [Debug] [Application] Service Initialize: Tripolygon.UModeler.Hub.VSAttributionService
[2025-12-03 오후 10:37:17] [Debug] [Application] Service Initialize: Tripolygon.UModeler.Hub.Notifications.UpdateHubNotifier
[2025-12-03 오후 10:37:17] [Debug] [Application] Service Initialize: Tripolygon.UModeler.Hub.Notifications.UpdateProductNotifier
[2025-12-03 오후 10:37:17] [Debug] [Application] Service Initialize: Tripolygon.UModeler.Hub.Noticies.NoticeService
[2025-12-03 오후 10:37:17] [Debug] [Application] Service Initialize: Tripolygon.UModeler.Hub.Views.SceneViews.HubSceneViewService
[2025-12-03 오후 10:37:18] [Debug] [Application] Release: isReloading=True
[2025-12-03 오후 10:37:18] [Debug] [Application] Release: isReloading=True
[2025-12-03 오후 10:37:18] [Debug] [Application] Service Release: Tripolygon.UModeler.Hub.Views.SceneViews.HubSceneViewService
[2025-12-03 오후 10:37:18] [Debug] [Application] Service Release: Tripolygon.UModeler.Hub.Views.SceneViews.HubSceneViewService
[2025-12-03 오후 10:37:18] [Debug] [Application] Service Release: Tripolygon.UModeler.Hub.Noticies.NoticeService
[2025-12-03 오후 10:37:18] [Debug] [Application] Service Release: Tripolygon.UModeler.Hub.Noticies.NoticeService
[2025-12-03 오후 10:37:18] [Debug] [Application] Service Release: Tripolygon.UModeler.Hub.Notifications.UpdateProductNotifier
[2025-12-03 오후 10:37:18] [Debug] [Application] Service Release: Tripolygon.UModeler.Hub.Notifications.UpdateProductNotifier
[2025-12-03 오후 10:37:18] [Debug] [Application] Service Release: Tripolygon.UModeler.Hub.Notifications.UpdateHubNotifier
[2025-12-03 오후 10:37:18] [Debug] [Application] Service Release: Tripolygon.UModeler.Hub.Notifications.UpdateHubNotifier
[2025-12-03 오후 10:37:18] [Debug] [Application] Service Release: Tripolygon.UModeler.Hub.VSAttributionService
[2025-12-03 오후 10:37:18] [Debug] [Application] Service Release: Tripolygon.UModeler.Hub.VSAttributionService
[2025-12-03 오후 10:37:20] [Debug] [Application] service: Tripolygon.UModeler.Hub.HubAuthentication = Tripolygon.UModeler.Hub.HubAuthentication
[2025-12-03 오후 10:37:20] [Debug] [Application] service: Tripolygon.UModeler.UI.IApplicationCache = Tripolygon.UModeler.Editor.UI.UnityEditorApplicationCache
[2025-12-03 오후 10:37:20] [Debug] [Application] service: Tripolygon.UModeler.Hub.HubAuthentication = Tripolygon.UModeler.Hub.HubAuthentication
[2025-12-03 오후 10:37:20] [Debug] [Application] service: Tripolygon.UModeler.Hub.IHubAnalyticsService = Tripolygon.UModeler.Hub.HubAnalyticsService
[2025-12-03 오후 10:37:20] [Debug] ActualHost
[2025-12-03 오후 10:37:20] [Debug] [Application] service: Tripolygon.UModeler.Hub.VSAttributionService = Tripolygon.UModeler.Hub.VSAttributionService
[2025-12-03 오후 10:37:20] [Debug] [Application] service: Tripolygon.UModeler.Hub.IHubService = Tripolygon.UModeler.Hub.HubService
[2025-12-03 오후 10:37:20] [Debug] [Application] service: Tripolygon.UModeler.Hub.Notifications.UpdateProductNotifier = Tripolygon.UModeler.Hub.Notifications.UpdateProductNotifier
[2025-12-03 오후 10:37:20] [Debug] [Application] service: Tripolygon.UModeler.UI.IObjectHierarchyService = Tripolygon.UModeler.Editor.UI.UnityEditorObjectHierarchyService
[2025-12-03 오후 10:37:20] [Debug] [Application] service: Tripolygon.UModeler.Hub.Views.SceneViews.HubSceneViewService = Tripolygon.UModeler.Hub.Views.SceneViews.HubSceneViewService
[2025-12-03 오후 10:37:20] [Debug] [Application] service: Tripolygon.UModeler.Editor.UI.ApplicationSettings = Tripolygon.UModeler.Editor.UI.ApplicationSettings
[2025-12-03 오후 10:37:21] [Debug] [Application] Initialize: isReloading=True
[2025-12-03 오후 10:37:20] [Debug] [Application] service: Tripolygon.UModeler.UI.ITextureProvider = Tripolygon.UModeler.Editor.UI.UnityEditorTextureProvider
[2025-12-03 오후 10:37:21] [Debug] [Application] Service Initialize: Tripolygon.UModeler.Hub.HubAuthentication
[2025-12-03 오후 10:37:20] [Debug] [Application] service: Tripolygon.UModeler.Hub.Resources.IResourcesApiProvider = Tripolygon.UModeler.Hub.ResourcesApiProviderService
[2025-12-03 오후 10:37:21] [Debug] [Application] Service Initialize: Tripolygon.UModeler.Editor.UI.UnityEditorApplicationCache
[2025-12-03 오후 10:37:20] [Debug] [Application] service: Tripolygon.UModeler.Hub.HubFlashService = Tripolygon.UModeler.Hub.HubFlashService
[2025-12-03 오후 10:37:20] [Debug] [Application] service: Tripolygon.UModeler.Hub.IHubAnalyticsService = Tripolygon.UModeler.Hub.HubAnalyticsService
[2025-12-03 오후 10:37:21] [Debug] [Application] Service Initialize: Tripolygon.UModeler.Hub.HubService
[2025-12-03 오후 10:37:20] [Debug] [Application] service: Tripolygon.UModeler.Hub.VSAttributionService = Tripolygon.UModeler.Hub.VSAttributionService
[2025-12-03 오후 10:37:21] [Debug] [Application] Service Initialize: Tripolygon.UModeler.Editor.UI.UnityEditorApplicationUtilityService
[2025-12-03 오후 10:37:20] [Debug] [Application] service: Tripolygon.UModeler.Hub.Notifications.UpdateProductNotifier = Tripolygon.UModeler.Hub.Notifications.UpdateProductNotifier
[2025-12-03 오후 10:37:20] [Debug] [Application] service: Tripolygon.UModeler.Hub.INoticeService = Tripolygon.UModeler.Hub.Noticies.NoticeService
[2025-12-03 오후 10:37:20] [Debug] [Application] service: Tripolygon.UModeler.Hub.Views.SceneViews.HubSceneViewService = Tripolygon.UModeler.Hub.Views.SceneViews.HubSceneViewService
[2025-12-03 오후 10:37:21] [Debug] [HubAnalytics] PosthogClient.SetAutoFlush: Value Changed: True
[2025-12-03 오후 10:37:21] [Debug] [Application] Initialize: isReloading=False
[2025-12-03 오후 10:37:21] [Debug] [Application] Service Initialize: Tripolygon.UModeler.Hub.HubAuthentication
[2025-12-03 오후 10:37:21] [Debug] [Application] Service Initialize: Tripolygon.UModeler.Editor.UI.UnityEditorApplicationCache
[2025-12-03 오후 10:37:22] [Debug] [Application] Service Initialize: Tripolygon.UModeler.Hub.HubAnalyticsService
[2025-12-03 오후 10:37:22] [Debug] [Application] Service Initialize: Tripolygon.UModeler.Hub.HubService
[2025-12-03 오후 10:37:22] [Debug] [Application] Service Initialize: Tripolygon.UModeler.Hub.VSAttributionService
[2025-12-03 오후 10:37:22] [Debug] [Application] Service Initialize: Tripolygon.UModeler.Editor.UI.UnityEditorApplicationUtilityService
[2025-12-03 오후 10:37:22] [Debug] [Application] Service Initialize: Tripolygon.UModeler.Hub.Notifications.UpdateHubNotifier
[2025-12-03 오후 10:37:22] [Debug] [Application] Service Initialize: Tripolygon.UModeler.Hub.HubFlashService
[2025-12-03 오후 10:37:22] [Debug] [Application] Service Initialize: Tripolygon.UModeler.Hub.Notifications.UpdateProductNotifier
[2025-12-03 오후 10:37:22] [Debug] [Application] Service Initialize: Tripolygon.UModeler.Hub.Noticies.NoticeService
[2025-12-03 오후 10:37:22] [Debug] [HubAnalytics] PosthogClient.SetAutoFlush: Value Changed: True
[2025-12-03 오후 10:37:22] [Debug] [Application] Service Initialize: Tripolygon.UModeler.Hub.Views.SceneViews.HubSceneViewService
[2025-12-03 오후 10:37:22] [Debug] [Application] Service Initialize: Tripolygon.UModeler.Hub.HubAnalyticsService
[2025-12-03 오후 10:37:22] [Debug] [Application] Service Initialize: Tripolygon.UModeler.Hub.VSAttributionService
[2025-12-03 오후 10:37:22] [Debug] [Application] Service Initialize: Tripolygon.UModeler.Hub.Notifications.UpdateHubNotifier
[2025-12-03 오후 10:37:22] [Debug] [Application] Service Initialize: Tripolygon.UModeler.Hub.Notifications.UpdateProductNotifier
[2025-12-03 오후 10:37:22] [Debug] [Application] Service Initialize: Tripolygon.UModeler.Hub.Noticies.NoticeService
[2025-12-03 오후 10:37:22] [Debug] [Application] Service Initialize: Tripolygon.UModeler.Hub.Views.SceneViews.HubSceneViewService
[2025-12-03 오후 10:45:45] [Debug] [Application] Release: isReloading=True
[2025-12-03 오후 10:45:45] [Debug] [Application] Service Release: Tripolygon.UModeler.Hub.Views.SceneViews.HubSceneViewService
[2025-12-03 오후 10:45:45] [Debug] [Application] Service Release: Tripolygon.UModeler.Hub.Noticies.NoticeService
[2025-12-03 오후 10:45:45] [Debug] [Application] Service Release: Tripolygon.UModeler.Hub.Notifications.UpdateProductNotifier
[2025-12-03 오후 10:45:45] [Debug] [Application] Service Release: Tripolygon.UModeler.Hub.Notifications.UpdateHubNotifier
[2025-12-03 오후 10:45:45] [Debug] [Application] Service Release: Tripolygon.UModeler.Hub.VSAttributionService
[2025-12-03 오후 10:45:45] [Debug] [HubAnalytics] PosthogClient.SetAutoFlush: Value Changed: False
[2025-12-03 오후 10:45:45] [Debug] [Application] Service Release: Tripolygon.UModeler.Hub.HubAnalyticsService
[2025-12-03 오후 10:45:45] [Debug] [Application] Service Release: Tripolygon.UModeler.Hub.HubFlashService
[2025-12-03 오후 10:45:45] [Debug] [Application] Service Release: Tripolygon.UModeler.Editor.UI.UnityEditorApplicationUtilityService
[2025-12-03 오후 10:45:45] [Debug] [Application] Service Release: Tripolygon.UModeler.Hub.HubService
[2025-12-03 오후 10:45:45] [Debug] [Application] Service Release: Tripolygon.UModeler.Editor.UI.UnityEditorApplicationCache
[2025-12-03 오후 10:45:45] [Debug] [Application] Service Release: Tripolygon.UModeler.Hub.HubAuthentication
[2025-12-03 오후 10:45:48] [Debug] [Application] service: Tripolygon.UModeler.Hub.HubAuthentication = Tripolygon.UModeler.Hub.HubAuthentication
[2025-12-03 오후 10:45:48] [Debug] [Application] service: Tripolygon.UModeler.UI.IApplicationCache = Tripolygon.UModeler.Editor.UI.UnityEditorApplicationCache
[2025-12-03 오후 10:45:48] [Debug] ActualHost
[2025-12-03 오후 10:45:48] [Debug] [Application] service: Tripolygon.UModeler.Hub.IHubService = Tripolygon.UModeler.Hub.HubService
[2025-12-03 오후 10:45:48] [Debug] [Application] service: Tripolygon.UModeler.Authentication.IAuthenticationApiProvider = Tripolygon.UModeler.Editor.AuthenticationApiProviderService
[2025-12-03 오후 10:45:48] [Debug] [Application] service: Tripolygon.UModeler.UI.IObjectHierarchyService = Tripolygon.UModeler.Editor.UI.UnityEditorObjectHierarchyService
[2025-12-03 오후 10:45:48] [Debug] [Application] service: Tripolygon.UModeler.UI.IApplicationUtilityService = Tripolygon.UModeler.Editor.UI.UnityEditorApplicationUtilityService
[2025-12-03 오후 10:45:48] [Debug] [Application] service: Tripolygon.UModeler.Editor.UI.ApplicationSettings = Tripolygon.UModeler.Editor.UI.ApplicationSettings
[2025-12-03 오후 10:45:48] [Debug] [Application] service: Tripolygon.UModeler.UI.ITextureProvider = Tripolygon.UModeler.Editor.UI.UnityEditorTextureProvider
[2025-12-03 오후 10:45:48] [Debug] [Application] service: Tripolygon.UModeler.Hub.Resources.IResourcesApiProvider = Tripolygon.UModeler.Hub.ResourcesApiProviderService
[2025-12-03 오후 10:45:48] [Debug] [Application] service: Tripolygon.UModeler.Hub.HubFlashService = Tripolygon.UModeler.Hub.HubFlashService
[2025-12-03 오후 10:45:48] [Debug] [Application] service: Tripolygon.UModeler.Hub.IHubAnalyticsService = Tripolygon.UModeler.Hub.HubAnalyticsService
[2025-12-03 오후 10:45:48] [Debug] [Application] service: Tripolygon.UModeler.Hub.VSAttributionService = Tripolygon.UModeler.Hub.VSAttributionService
[2025-12-03 오후 10:45:48] [Debug] [Application] service: Tripolygon.UModeler.Hub.Notifications.UpdateHubNotifier = Tripolygon.UModeler.Hub.Notifications.UpdateHubNotifier
[2025-12-03 오후 10:45:48] [Debug] [Application] service: Tripolygon.UModeler.Hub.Notifications.UpdateProductNotifier = Tripolygon.UModeler.Hub.Notifications.UpdateProductNotifier
[2025-12-03 오후 10:45:48] [Debug] [Application] service: Tripolygon.UModeler.Hub.INoticeService = Tripolygon.UModeler.Hub.Noticies.NoticeService
[2025-12-03 오후 10:45:48] [Debug] [Application] service: Tripolygon.UModeler.Hub.Views.SceneViews.HubSceneViewService = Tripolygon.UModeler.Hub.Views.SceneViews.HubSceneViewService
[2025-12-03 오후 10:45:50] [Debug] [Application] Initialize: isReloading=True
[2025-12-03 오후 10:45:50] [Debug] [Application] Service Initialize: Tripolygon.UModeler.Hub.HubAuthentication
[2025-12-03 오후 10:45:50] [Debug] [Application] Service Initialize: Tripolygon.UModeler.Editor.UI.UnityEditorApplicationCache
[2025-12-03 오후 10:45:50] [Debug] [Application] Service Initialize: Tripolygon.UModeler.Hub.HubService
[2025-12-03 오후 10:45:50] [Debug] [Application] Service Initialize: Tripolygon.UModeler.Editor.UI.UnityEditorApplicationUtilityService
[2025-12-03 오후 10:45:50] [Debug] [Application] Service Initialize: Tripolygon.UModeler.Hub.HubFlashService
[2025-12-03 오후 10:45:50] [Debug] [HubAnalytics] PosthogClient.SetAutoFlush: Value Changed: True
[2025-12-03 오후 10:45:50] [Debug] [Application] Service Initialize: Tripolygon.UModeler.Hub.HubAnalyticsService
[2025-12-03 오후 10:45:50] [Debug] [Application] Service Initialize: Tripolygon.UModeler.Hub.VSAttributionService
[2025-12-03 오후 10:45:50] [Debug] [Application] Service Initialize: Tripolygon.UModeler.Hub.Notifications.UpdateHubNotifier
[2025-12-03 오후 10:45:50] [Debug] [Application] Service Initialize: Tripolygon.UModeler.Hub.Notifications.UpdateProductNotifier
[2025-12-03 오후 10:45:50] [Debug] [Application] Service Initialize: Tripolygon.UModeler.Hub.Noticies.NoticeService
[2025-12-03 오후 10:45:50] [Debug] [Application] Service Initialize: Tripolygon.UModeler.Hub.Views.SceneViews.HubSceneViewService
[2025-12-03 오후 10:45:51] [Debug] [Application] Release: isReloading=True
[2025-12-03 오후 10:45:51] [Debug] [Application] Release: isReloading=True
[2025-12-03 오후 10:45:51] [Debug] [Application] Service Release: Tripolygon.UModeler.Hub.Views.SceneViews.HubSceneViewService
[2025-12-03 오후 10:45:51] [Debug] [Application] Service Release: Tripolygon.UModeler.Hub.Views.SceneViews.HubSceneViewService
[2025-12-03 오후 10:45:51] [Debug] [Application] Service Release: Tripolygon.UModeler.Hub.Noticies.NoticeService
[2025-12-03 오후 10:45:51] [Debug] [Application] Service Release: Tripolygon.UModeler.Hub.Noticies.NoticeService
[2025-12-03 오후 10:45:51] [Debug] [Application] Service Release: Tripolygon.UModeler.Hub.Notifications.UpdateProductNotifier
[2025-12-03 오후 10:45:51] [Debug] [Application] Service Release: Tripolygon.UModeler.Hub.Notifications.UpdateProductNotifier
[2025-12-03 오후 10:45:51] [Debug] [Application] Service Release: Tripolygon.UModeler.Hub.Notifications.UpdateHubNotifier
[2025-12-03 오후 10:45:51] [Debug] [Application] Service Release: Tripolygon.UModeler.Hub.Notifications.UpdateHubNotifier
[2025-12-03 오후 10:45:51] [Debug] [Application] Service Release: Tripolygon.UModeler.Hub.VSAttributionService
[2025-12-03 오후 10:45:51] [Debug] [Application] Service Release: Tripolygon.UModeler.Hub.VSAttributionService
[2025-12-03 오후 10:45:53] [Debug] [Application] service: Tripolygon.UModeler.Hub.HubAuthentication = Tripolygon.UModeler.Hub.HubAuthentication
[2025-12-03 오후 10:45:53] [Debug] [Application] service: Tripolygon.UModeler.Hub.HubAuthentication = Tripolygon.UModeler.Hub.HubAuthentication
[2025-12-03 오후 10:45:53] [Debug] [Application] service: Tripolygon.UModeler.UI.IObjectHierarchyService = Tripolygon.UModeler.Editor.UI.UnityEditorObjectHierarchyService
[2025-12-03 오후 10:45:53] [Debug] [Application] service: Tripolygon.UModeler.UI.IApplicationCache = Tripolygon.UModeler.Editor.UI.UnityEditorApplicationCache
[2025-12-03 오후 10:45:53] [Debug] [Application] service: Tripolygon.UModeler.UI.IApplicationUtilityService = Tripolygon.UModeler.Editor.UI.UnityEditorApplicationUtilityService
[2025-12-03 오후 10:45:53] [Debug] ActualHost
[2025-12-03 오후 10:45:53] [Debug] [Application] service: Tripolygon.UModeler.Editor.UI.ApplicationSettings = Tripolygon.UModeler.Editor.UI.ApplicationSettings
[2025-12-03 오후 10:45:53] [Debug] [Application] service: Tripolygon.UModeler.Authentication.IAuthenticationApiProvider = Tripolygon.UModeler.Editor.AuthenticationApiProviderService
[2025-12-03 오후 10:45:53] [Debug] [Application] service: Tripolygon.UModeler.Hub.Resources.IResourcesApiProvider = Tripolygon.UModeler.Hub.ResourcesApiProviderService
[2025-12-03 오후 10:45:53] [Debug] [Application] service: Tripolygon.UModeler.UI.IApplicationUtilityService = Tripolygon.UModeler.Editor.UI.UnityEditorApplicationUtilityService
[2025-12-03 오후 10:45:53] [Debug] [Application] service: Tripolygon.UModeler.Hub.IHubAnalyticsService = Tripolygon.UModeler.Hub.HubAnalyticsService
[2025-12-03 오후 10:45:53] [Debug] [Application] service: Tripolygon.UModeler.UI.ITextureProvider = Tripolygon.UModeler.Editor.UI.UnityEditorTextureProvider
[2025-12-03 오후 10:45:53] [Debug] [Application] service: Tripolygon.UModeler.Hub.Notifications.UpdateHubNotifier = Tripolygon.UModeler.Hub.Notifications.UpdateHubNotifier
[2025-12-03 오후 10:45:53] [Debug] [Application] service: Tripolygon.UModeler.Hub.HubFlashService = Tripolygon.UModeler.Hub.HubFlashService
[2025-12-03 오후 10:45:53] [Debug] [Application] service: Tripolygon.UModeler.Hub.Notifications.UpdateProductNotifier = Tripolygon.UModeler.Hub.Notifications.UpdateProductNotifier
[2025-12-03 오후 10:45:53] [Debug] [Application] service: Tripolygon.UModeler.Hub.IHubAnalyticsService = Tripolygon.UModeler.Hub.HubAnalyticsService
[2025-12-03 오후 10:45:53] [Debug] [Application] service: Tripolygon.UModeler.Hub.INoticeService = Tripolygon.UModeler.Hub.Noticies.NoticeService
[2025-12-03 오후 10:45:53] [Debug] [Application] service: Tripolygon.UModeler.Hub.VSAttributionService = Tripolygon.UModeler.Hub.VSAttributionService
[2025-12-03 오후 10:45:54] [Debug] [Application] Initialize: isReloading=True
[2025-12-03 오후 10:45:53] [Debug] [Application] service: Tripolygon.UModeler.Hub.Notifications.UpdateProductNotifier = Tripolygon.UModeler.Hub.Notifications.UpdateProductNotifier
[2025-12-03 오후 10:45:53] [Debug] [Application] service: Tripolygon.UModeler.Hub.INoticeService = Tripolygon.UModeler.Hub.Noticies.NoticeService
[2025-12-03 오후 10:45:53] [Debug] [Application] service: Tripolygon.UModeler.Hub.Views.SceneViews.HubSceneViewService = Tripolygon.UModeler.Hub.Views.SceneViews.HubSceneViewService
[2025-12-03 오후 10:45:54] [Debug] [Application] Initialize: isReloading=False
[2025-12-03 오후 10:45:55] [Debug] [Application] Service Initialize: Tripolygon.UModeler.Hub.HubService
[2025-12-03 오후 10:45:55] [Debug] [Application] Service Initialize: Tripolygon.UModeler.Hub.HubAuthentication
[2025-12-03 오후 10:45:55] [Debug] [Application] Service Initialize: Tripolygon.UModeler.Editor.UI.UnityEditorApplicationUtilityService
[2025-12-03 오후 10:45:55] [Debug] [Application] Service Initialize: Tripolygon.UModeler.Editor.UI.UnityEditorApplicationCache
[2025-12-03 오후 10:45:55] [Debug] [Application] Service Initialize: Tripolygon.UModeler.Hub.HubFlashService
[2025-12-03 오후 10:45:55] [Debug] [Application] Service Initialize: Tripolygon.UModeler.Hub.HubService
[2025-12-03 오후 10:45:55] [Debug] [Application] Service Initialize: Tripolygon.UModeler.Editor.UI.UnityEditorApplicationUtilityService
[2025-12-03 오후 10:45:55] [Debug] [HubAnalytics] PosthogClient.SetAutoFlush: Value Changed: True
[2025-12-03 오후 10:45:55] [Debug] [Application] Service Initialize: Tripolygon.UModeler.Hub.HubFlashService
[2025-12-03 오후 10:45:55] [Debug] [HubAnalytics] PosthogClient.SetAutoFlush: Value Changed: True
[2025-12-03 오후 10:45:55] [Debug] [Application] Service Initialize: Tripolygon.UModeler.Hub.HubAnalyticsService
[2025-12-03 오후 10:45:55] [Debug] [Application] Service Initialize: Tripolygon.UModeler.Hub.VSAttributionService
[2025-12-03 오후 10:45:55] [Debug] [Application] Service Initialize: Tripolygon.UModeler.Hub.Notifications.UpdateHubNotifier
[2025-12-03 오후 10:45:55] [Debug] [Application] Service Initialize: Tripolygon.UModeler.Hub.HubAnalyticsService
[2025-12-03 오후 10:45:55] [Debug] [Application] Service Initialize: Tripolygon.UModeler.Hub.Notifications.UpdateProductNotifier
[2025-12-03 오후 10:45:55] [Debug] [Application] Service Initialize: Tripolygon.UModeler.Hub.VSAttributionService
[2025-12-03 오후 10:45:55] [Debug] [Application] Service Initialize: Tripolygon.UModeler.Hub.Noticies.NoticeService
[2025-12-03 오후 10:45:55] [Debug] [Application] Service Initialize: Tripolygon.UModeler.Hub.Notifications.UpdateHubNotifier
[2025-12-03 오후 10:45:55] [Debug] [Application] Service Initialize: Tripolygon.UModeler.Hub.Views.SceneViews.HubSceneViewService
[2025-12-03 오후 10:45:55] [Debug] [Application] Service Initialize: Tripolygon.UModeler.Hub.Notifications.UpdateProductNotifier
[2025-12-03 오후 10:45:55] [Debug] [Application] Service Initialize: Tripolygon.UModeler.Hub.Noticies.NoticeService
[2025-12-03 오후 10:45:55] [Debug] [Application] Service Initialize: Tripolygon.UModeler.Hub.Views.SceneViews.HubSceneViewService
[2025-12-03 오후 10:56:28] [Debug] [Application] Release: isReloading=True
[2025-12-03 오후 10:56:28] [Debug] [Application] Service Release: Tripolygon.UModeler.Hub.Views.SceneViews.HubSceneViewService
[2025-12-03 오후 10:56:28] [Debug] [Application] Service Release: Tripolygon.UModeler.Hub.Noticies.NoticeService
[2025-12-03 오후 10:56:28] [Debug] [Application] Service Release: Tripolygon.UModeler.Hub.Notifications.UpdateProductNotifier
[2025-12-03 오후 10:56:28] [Debug] [Application] Service Release: Tripolygon.UModeler.Hub.Notifications.UpdateHubNotifier
[2025-12-03 오후 10:56:28] [Debug] [Application] Service Release: Tripolygon.UModeler.Hub.VSAttributionService
[2025-12-03 오후 10:56:28] [Debug] [HubAnalytics] PosthogClient.SetAutoFlush: Value Changed: False
[2025-12-03 오후 10:56:28] [Debug] [Application] Service Release: Tripolygon.UModeler.Hub.HubAnalyticsService
[2025-12-03 오후 10:56:28] [Debug] [Application] Service Release: Tripolygon.UModeler.Hub.HubFlashService
[2025-12-03 오후 10:56:28] [Debug] [Application] Service Release: Tripolygon.UModeler.Editor.UI.UnityEditorApplicationUtilityService
[2025-12-03 오후 10:56:28] [Debug] [Application] Service Release: Tripolygon.UModeler.Hub.HubService
[2025-12-03 오후 10:56:28] [Debug] [Application] Service Release: Tripolygon.UModeler.Editor.UI.UnityEditorApplicationCache
[2025-12-03 오후 10:56:28] [Debug] [Application] Service Release: Tripolygon.UModeler.Hub.HubAuthentication
[2025-12-03 오후 10:56:31] [Debug] [Application] service: Tripolygon.UModeler.Hub.HubAuthentication = Tripolygon.UModeler.Hub.HubAuthentication
[2025-12-03 오후 10:56:31] [Debug] [Application] service: Tripolygon.UModeler.UI.IApplicationCache = Tripolygon.UModeler.Editor.UI.UnityEditorApplicationCache
[2025-12-03 오후 10:56:31] [Debug] ActualHost
[2025-12-03 오후 10:56:31] [Debug] [Application] service: Tripolygon.UModeler.Hub.IHubService = Tripolygon.UModeler.Hub.HubService
[2025-12-03 오후 10:56:31] [Debug] [Application] service: Tripolygon.UModeler.Authentication.IAuthenticationApiProvider = Tripolygon.UModeler.Editor.AuthenticationApiProviderService
[2025-12-03 오후 10:56:31] [Debug] [Application] service: Tripolygon.UModeler.UI.IObjectHierarchyService = Tripolygon.UModeler.Editor.UI.UnityEditorObjectHierarchyService
[2025-12-03 오후 10:56:31] [Debug] [Application] service: Tripolygon.UModeler.UI.IApplicationUtilityService = Tripolygon.UModeler.Editor.UI.UnityEditorApplicationUtilityService
[2025-12-03 오후 10:56:31] [Debug] [Application] service: Tripolygon.UModeler.Editor.UI.ApplicationSettings = Tripolygon.UModeler.Editor.UI.ApplicationSettings
[2025-12-03 오후 10:56:31] [Debug] [Application] service: Tripolygon.UModeler.UI.ITextureProvider = Tripolygon.UModeler.Editor.UI.UnityEditorTextureProvider
[2025-12-03 오후 10:56:31] [Debug] [Application] service: Tripolygon.UModeler.Hub.Resources.IResourcesApiProvider = Tripolygon.UModeler.Hub.ResourcesApiProviderService
[2025-12-03 오후 10:56:31] [Debug] [Application] service: Tripolygon.UModeler.Hub.HubFlashService = Tripolygon.UModeler.Hub.HubFlashService
[2025-12-03 오후 10:56:31] [Debug] [Application] service: Tripolygon.UModeler.Hub.IHubAnalyticsService = Tripolygon.UModeler.Hub.HubAnalyticsService
[2025-12-03 오후 10:56:31] [Debug] [Application] service: Tripolygon.UModeler.Hub.VSAttributionService = Tripolygon.UModeler.Hub.VSAttributionService
[2025-12-03 오후 10:56:31] [Debug] [Application] service: Tripolygon.UModeler.Hub.Notifications.UpdateHubNotifier = Tripolygon.UModeler.Hub.Notifications.UpdateHubNotifier
[2025-12-03 오후 10:56:31] [Debug] [Application] service: Tripolygon.UModeler.Hub.Notifications.UpdateProductNotifier = Tripolygon.UModeler.Hub.Notifications.UpdateProductNotifier
[2025-12-03 오후 10:56:31] [Debug] [Application] service: Tripolygon.UModeler.Hub.INoticeService = Tripolygon.UModeler.Hub.Noticies.NoticeService
[2025-12-03 오후 10:56:31] [Debug] [Application] service: Tripolygon.UModeler.Hub.Views.SceneViews.HubSceneViewService = Tripolygon.UModeler.Hub.Views.SceneViews.HubSceneViewService
[2025-12-03 오후 10:56:33] [Debug] [Application] Initialize: isReloading=True
[2025-12-03 오후 10:56:33] [Debug] [Application] Service Initialize: Tripolygon.UModeler.Hub.HubAuthentication
[2025-12-03 오후 10:56:33] [Debug] [Application] Service Initialize: Tripolygon.UModeler.Editor.UI.UnityEditorApplicationCache
[2025-12-03 오후 10:56:33] [Debug] [Application] Service Initialize: Tripolygon.UModeler.Hub.HubService
[2025-12-03 오후 10:56:33] [Debug] [Application] Service Initialize: Tripolygon.UModeler.Editor.UI.UnityEditorApplicationUtilityService
[2025-12-03 오후 10:56:33] [Debug] [Application] Service Initialize: Tripolygon.UModeler.Hub.HubFlashService
[2025-12-03 오후 10:56:33] [Debug] [HubAnalytics] PosthogClient.SetAutoFlush: Value Changed: True
[2025-12-03 오후 10:56:33] [Debug] [Application] Service Initialize: Tripolygon.UModeler.Hub.HubAnalyticsService
[2025-12-03 오후 10:56:33] [Debug] [Application] Service Initialize: Tripolygon.UModeler.Hub.VSAttributionService
[2025-12-03 오후 10:56:33] [Debug] [Application] Service Initialize: Tripolygon.UModeler.Hub.Notifications.UpdateHubNotifier
[2025-12-03 오후 10:56:33] [Debug] [Application] Service Initialize: Tripolygon.UModeler.Hub.Notifications.UpdateProductNotifier
[2025-12-03 오후 10:56:33] [Debug] [Application] Service Initialize: Tripolygon.UModeler.Hub.Noticies.NoticeService
[2025-12-03 오후 10:56:33] [Debug] [Application] Service Initialize: Tripolygon.UModeler.Hub.Views.SceneViews.HubSceneViewService
[2025-12-03 오후 10:56:34] [Debug] [Application] Release: isReloading=True
[2025-12-03 오후 10:56:34] [Debug] [Application] Release: isReloading=True
[2025-12-03 오후 10:56:34] [Debug] [Application] Service Release: Tripolygon.UModeler.Hub.Views.SceneViews.HubSceneViewService
[2025-12-03 오후 10:56:34] [Debug] [Application] Service Release: Tripolygon.UModeler.Hub.Views.SceneViews.HubSceneViewService
[2025-12-03 오후 10:56:34] [Debug] [Application] Service Release: Tripolygon.UModeler.Hub.Noticies.NoticeService
[2025-12-03 오후 10:56:34] [Debug] [Application] Service Release: Tripolygon.UModeler.Hub.Noticies.NoticeService
[2025-12-03 오후 10:56:34] [Debug] [Application] Service Release: Tripolygon.UModeler.Hub.Notifications.UpdateProductNotifier
[2025-12-03 오후 10:56:34] [Debug] [Application] Service Release: Tripolygon.UModeler.Hub.Notifications.UpdateProductNotifier
[2025-12-03 오후 10:56:34] [Debug] [Application] Service Release: Tripolygon.UModeler.Hub.Notifications.UpdateHubNotifier
[2025-12-03 오후 10:56:34] [Debug] [Application] Service Release: Tripolygon.UModeler.Hub.Notifications.UpdateHubNotifier
[2025-12-03 오후 10:56:34] [Debug] [Application] Service Release: Tripolygon.UModeler.Hub.VSAttributionService
[2025-12-03 오후 10:56:34] [Debug] [Application] Service Release: Tripolygon.UModeler.Hub.VSAttributionService
[2025-12-03 오후 10:56:36] [Debug] [Application] service: Tripolygon.UModeler.Hub.HubAuthentication = Tripolygon.UModeler.Hub.HubAuthentication
[2025-12-03 오후 10:56:36] [Debug] [Application] service: Tripolygon.UModeler.Hub.HubAuthentication = Tripolygon.UModeler.Hub.HubAuthentication
[2025-12-03 오후 10:56:36] [Debug] [Application] service: Tripolygon.UModeler.UI.IApplicationUtilityService = Tripolygon.UModeler.Editor.UI.UnityEditorApplicationUtilityService
[2025-12-03 오후 10:56:36] [Debug] ActualHost
[2025-12-03 오후 10:56:36] [Debug] [Application] service: Tripolygon.UModeler.UI.ITextureProvider = Tripolygon.UModeler.Editor.UI.UnityEditorTextureProvider
[2025-12-03 오후 10:56:36] [Debug] [Application] service: Tripolygon.UModeler.Hub.IHubService = Tripolygon.UModeler.Hub.HubService
[2025-12-03 오후 10:56:36] [Debug] [Application] service: Tripolygon.UModeler.Hub.Resources.IResourcesApiProvider = Tripolygon.UModeler.Hub.ResourcesApiProviderService
[2025-12-03 오후 10:56:36] [Debug] [Application] service: Tripolygon.UModeler.Authentication.IAuthenticationApiProvider = Tripolygon.UModeler.Editor.AuthenticationApiProviderService
[2025-12-03 오후 10:56:36] [Debug] [Application] service: Tripolygon.UModeler.Hub.HubFlashService = Tripolygon.UModeler.Hub.HubFlashService
[2025-12-03 오후 10:56:36] [Debug] [Application] service: Tripolygon.UModeler.UI.IObjectHierarchyService = Tripolygon.UModeler.Editor.UI.UnityEditorObjectHierarchyService
[2025-12-03 오후 10:56:36] [Debug] [Application] service: Tripolygon.UModeler.Hub.IHubAnalyticsService = Tripolygon.UModeler.Hub.HubAnalyticsService
[2025-12-03 오후 10:56:36] [Debug] [Application] service: Tripolygon.UModeler.UI.IApplicationUtilityService = Tripolygon.UModeler.Editor.UI.UnityEditorApplicationUtilityService
[2025-12-03 오후 10:56:36] [Debug] [Application] service: Tripolygon.UModeler.Hub.Notifications.UpdateHubNotifier = Tripolygon.UModeler.Hub.Notifications.UpdateHubNotifier
[2025-12-03 오후 10:56:36] [Debug] [Application] service: Tripolygon.UModeler.UI.ITextureProvider = Tripolygon.UModeler.Editor.UI.UnityEditorTextureProvider
[2025-12-03 오후 10:56:36] [Debug] [Application] service: Tripolygon.UModeler.Hub.Notifications.UpdateProductNotifier = Tripolygon.UModeler.Hub.Notifications.UpdateProductNotifier
[2025-12-03 오후 10:56:36] [Debug] [Application] service: Tripolygon.UModeler.Hub.Resources.IResourcesApiProvider = Tripolygon.UModeler.Hub.ResourcesApiProviderService
[2025-12-03 오후 10:56:36] [Debug] [Application] service: Tripolygon.UModeler.Hub.INoticeService = Tripolygon.UModeler.Hub.Noticies.NoticeService
[2025-12-03 오후 10:56:36] [Debug] [Application] service: Tripolygon.UModeler.Hub.HubFlashService = Tripolygon.UModeler.Hub.HubFlashService
[2025-12-03 오후 10:56:36] [Debug] [Application] service: Tripolygon.UModeler.Hub.Views.SceneViews.HubSceneViewService = Tripolygon.UModeler.Hub.Views.SceneViews.HubSceneViewService
[2025-12-03 오후 10:56:36] [Debug] [Application] service: Tripolygon.UModeler.Hub.IHubAnalyticsService = Tripolygon.UModeler.Hub.HubAnalyticsService
[2025-12-03 오후 10:56:37] [Debug] [Application] Initialize: isReloading=True
[2025-12-03 오후 10:56:36] [Debug] [Application] service: Tripolygon.UModeler.Hub.VSAttributionService = Tripolygon.UModeler.Hub.VSAttributionService
[2025-12-03 오후 10:56:37] [Debug] [Application] Service Initialize: Tripolygon.UModeler.Hub.HubAuthentication
[2025-12-03 오후 10:56:36] [Debug] [Application] service: Tripolygon.UModeler.Hub.Notifications.UpdateProductNotifier = Tripolygon.UModeler.Hub.Notifications.UpdateProductNotifier
[2025-12-03 오후 10:56:37] [Debug] [Application] Service Initialize: Tripolygon.UModeler.Editor.UI.UnityEditorApplicationCache
[2025-12-03 오후 10:56:36] [Debug] [Application] service: Tripolygon.UModeler.Hub.Views.SceneViews.HubSceneViewService = Tripolygon.UModeler.Hub.Views.SceneViews.HubSceneViewService
[2025-12-03 오후 10:56:37] [Debug] [Application] Initialize: isReloading=False
[2025-12-03 오후 10:56:38] [Debug] [Application] Service Initialize: Tripolygon.UModeler.Hub.HubService
[2025-12-03 오후 10:56:38] [Debug] [Application] Service Initialize: Tripolygon.UModeler.Hub.HubAuthentication
[2025-12-03 오후 10:56:38] [Debug] [Application] Service Initialize: Tripolygon.UModeler.Editor.UI.UnityEditorApplicationUtilityService
[2025-12-03 오후 10:56:38] [Debug] [Application] Service Initialize: Tripolygon.UModeler.Editor.UI.UnityEditorApplicationCache
[2025-12-03 오후 10:56:38] [Debug] [Application] Service Initialize: Tripolygon.UModeler.Hub.HubFlashService
[2025-12-03 오후 10:56:38] [Debug] [Application] Service Initialize: Tripolygon.UModeler.Hub.HubService
[2025-12-03 오후 10:56:38] [Debug] [HubAnalytics] PosthogClient.SetAutoFlush: Value Changed: True
[2025-12-03 오후 10:56:38] [Debug] [Application] Service Initialize: Tripolygon.UModeler.Editor.UI.UnityEditorApplicationUtilityService
[2025-12-03 오후 10:56:38] [Debug] [Application] Service Initialize: Tripolygon.UModeler.Hub.HubFlashService
[2025-12-03 오후 10:56:38] [Debug] [HubAnalytics] PosthogClient.SetAutoFlush: Value Changed: True
[2025-12-03 오후 10:56:38] [Debug] [Application] Service Initialize: Tripolygon.UModeler.Hub.HubAnalyticsService
[2025-12-03 오후 10:56:38] [Debug] [Application] Service Initialize: Tripolygon.UModeler.Hub.VSAttributionService
[2025-12-03 오후 10:56:38] [Debug] [Application] Service Initialize: Tripolygon.UModeler.Hub.Notifications.UpdateHubNotifier
[2025-12-03 오후 10:56:38] [Debug] [Application] Service Initialize: Tripolygon.UModeler.Hub.HubAnalyticsService
[2025-12-03 오후 10:56:38] [Debug] [Application] Service Initialize: Tripolygon.UModeler.Hub.Notifications.UpdateProductNotifier
[2025-12-03 오후 10:56:38] [Debug] [Application] Service Initialize: Tripolygon.UModeler.Hub.Notifications.UpdateHubNotifier
[2025-12-03 오후 10:56:38] [Debug] [Application] Service Initialize: Tripolygon.UModeler.Hub.Noticies.NoticeService
[2025-12-03 오후 10:56:38] [Debug] [Application] Service Initialize: Tripolygon.UModeler.Hub.Notifications.UpdateProductNotifier
[2025-12-03 오후 10:56:38] [Debug] [Application] Service Initialize: Tripolygon.UModeler.Hub.Views.SceneViews.HubSceneViewService
[2025-12-03 오후 10:56:38] [Debug] [Application] Service Initialize: Tripolygon.UModeler.Hub.Noticies.NoticeService
[2025-12-03 오후 10:56:38] [Debug] [Application] Service Initialize: Tripolygon.UModeler.Hub.Views.SceneViews.HubSceneViewService
[2025-12-03 오후 10:59:38] [Debug] [Application] Release: isReloading=True
[2025-12-03 오후 10:59:38] [Debug] [Application] Service Release: Tripolygon.UModeler.Hub.Views.SceneViews.HubSceneViewService
[2025-12-03 오후 10:59:38] [Debug] [Application] Service Release: Tripolygon.UModeler.Hub.Noticies.NoticeService
[2025-12-03 오후 10:59:38] [Debug] [Application] Service Release: Tripolygon.UModeler.Hub.Notifications.UpdateProductNotifier
[2025-12-03 오후 10:59:38] [Debug] [Application] Service Release: Tripolygon.UModeler.Hub.Notifications.UpdateHubNotifier
[2025-12-03 오후 10:59:38] [Debug] [Application] Service Release: Tripolygon.UModeler.Hub.VSAttributionService
[2025-12-03 오후 10:59:38] [Debug] [HubAnalytics] PosthogClient.SetAutoFlush: Value Changed: False
[2025-12-03 오후 10:59:38] [Debug] [Application] Service Release: Tripolygon.UModeler.Hub.HubAnalyticsService
[2025-12-03 오후 10:59:38] [Debug] [Application] Service Release: Tripolygon.UModeler.Hub.HubFlashService
[2025-12-03 오후 10:59:38] [Debug] [Application] Service Release: Tripolygon.UModeler.Editor.UI.UnityEditorApplicationUtilityService
[2025-12-03 오후 10:59:38] [Debug] [Application] Service Release: Tripolygon.UModeler.Hub.HubService
[2025-12-03 오후 10:59:38] [Debug] [Application] Service Release: Tripolygon.UModeler.Editor.UI.UnityEditorApplicationCache
[2025-12-03 오후 10:59:38] [Debug] [Application] Service Release: Tripolygon.UModeler.Hub.HubAuthentication
[2025-12-03 오후 10:59:42] [Debug] [Application] service: Tripolygon.UModeler.Hub.HubAuthentication = Tripolygon.UModeler.Hub.HubAuthentication
[2025-12-03 오후 10:59:42] [Debug] [Application] service: Tripolygon.UModeler.UI.IApplicationCache = Tripolygon.UModeler.Editor.UI.UnityEditorApplicationCache
[2025-12-03 오후 10:59:42] [Debug] ActualHost
[2025-12-03 오후 10:59:42] [Debug] [Application] service: Tripolygon.UModeler.Hub.IHubService = Tripolygon.UModeler.Hub.HubService
[2025-12-03 오후 10:59:42] [Debug] [Application] service: Tripolygon.UModeler.Authentication.IAuthenticationApiProvider = Tripolygon.UModeler.Editor.AuthenticationApiProviderService
[2025-12-03 오후 10:59:42] [Debug] [Application] service: Tripolygon.UModeler.UI.IObjectHierarchyService = Tripolygon.UModeler.Editor.UI.UnityEditorObjectHierarchyService
[2025-12-03 오후 10:59:42] [Debug] [Application] service: Tripolygon.UModeler.UI.IApplicationUtilityService = Tripolygon.UModeler.Editor.UI.UnityEditorApplicationUtilityService
[2025-12-03 오후 10:59:42] [Debug] [Application] service: Tripolygon.UModeler.Editor.UI.ApplicationSettings = Tripolygon.UModeler.Editor.UI.ApplicationSettings
[2025-12-03 오후 10:59:42] [Debug] [Application] service: Tripolygon.UModeler.UI.ITextureProvider = Tripolygon.UModeler.Editor.UI.UnityEditorTextureProvider
[2025-12-03 오후 10:59:42] [Debug] [Application] service: Tripolygon.UModeler.Hub.Resources.IResourcesApiProvider = Tripolygon.UModeler.Hub.ResourcesApiProviderService
[2025-12-03 오후 10:59:42] [Debug] [Application] service: Tripolygon.UModeler.Hub.HubFlashService = Tripolygon.UModeler.Hub.HubFlashService
[2025-12-03 오후 10:59:42] [Debug] [Application] service: Tripolygon.UModeler.Hub.IHubAnalyticsService = Tripolygon.UModeler.Hub.HubAnalyticsService
[2025-12-03 오후 10:59:42] [Debug] [Application] service: Tripolygon.UModeler.Hub.VSAttributionService = Tripolygon.UModeler.Hub.VSAttributionService
[2025-12-03 오후 10:59:42] [Debug] [Application] service: Tripolygon.UModeler.Hub.Notifications.UpdateHubNotifier = Tripolygon.UModeler.Hub.Notifications.UpdateHubNotifier
[2025-12-03 오후 10:59:42] [Debug] [Application] service: Tripolygon.UModeler.Hub.Notifications.UpdateProductNotifier = Tripolygon.UModeler.Hub.Notifications.UpdateProductNotifier
[2025-12-03 오후 10:59:42] [Debug] [Application] service: Tripolygon.UModeler.Hub.INoticeService = Tripolygon.UModeler.Hub.Noticies.NoticeService
[2025-12-03 오후 10:59:42] [Debug] [Application] service: Tripolygon.UModeler.Hub.Views.SceneViews.HubSceneViewService = Tripolygon.UModeler.Hub.Views.SceneViews.HubSceneViewService
[2025-12-03 오후 10:59:44] [Debug] [Application] Initialize: isReloading=True
[2025-12-03 오후 10:59:44] [Debug] [Application] Service Initialize: Tripolygon.UModeler.Hub.HubAuthentication
[2025-12-03 오후 10:59:44] [Debug] [Application] Service Initialize: Tripolygon.UModeler.Editor.UI.UnityEditorApplicationCache
[2025-12-03 오후 10:59:44] [Debug] [Application] Service Initialize: Tripolygon.UModeler.Hub.HubService
[2025-12-03 오후 10:59:44] [Debug] [Application] Service Initialize: Tripolygon.UModeler.Editor.UI.UnityEditorApplicationUtilityService
[2025-12-03 오후 10:59:44] [Debug] [Application] Service Initialize: Tripolygon.UModeler.Hub.HubFlashService
[2025-12-03 오후 10:59:44] [Debug] [HubAnalytics] PosthogClient.SetAutoFlush: Value Changed: True
[2025-12-03 오후 10:59:44] [Debug] [Application] Service Initialize: Tripolygon.UModeler.Hub.HubAnalyticsService
[2025-12-03 오후 10:59:44] [Debug] [Application] Service Initialize: Tripolygon.UModeler.Hub.VSAttributionService
[2025-12-03 오후 10:59:44] [Debug] [Application] Service Initialize: Tripolygon.UModeler.Hub.Notifications.UpdateHubNotifier
[2025-12-03 오후 10:59:44] [Debug] [Application] Service Initialize: Tripolygon.UModeler.Hub.Notifications.UpdateProductNotifier
[2025-12-03 오후 10:59:44] [Debug] [Application] Service Initialize: Tripolygon.UModeler.Hub.Noticies.NoticeService
[2025-12-03 오후 10:59:44] [Debug] [Application] Service Initialize: Tripolygon.UModeler.Hub.Views.SceneViews.HubSceneViewService
[2025-12-03 오후 10:59:45] [Debug] [Application] Release: isReloading=True
[2025-12-03 오후 10:59:45] [Debug] [Application] Release: isReloading=True
[2025-12-03 오후 10:59:45] [Debug] [Application] Service Release: Tripolygon.UModeler.Hub.Views.SceneViews.HubSceneViewService
[2025-12-03 오후 10:59:45] [Debug] [Application] Service Release: Tripolygon.UModeler.Hub.Views.SceneViews.HubSceneViewService
[2025-12-03 오후 10:59:45] [Debug] [Application] Service Release: Tripolygon.UModeler.Hub.Noticies.NoticeService
[2025-12-03 오후 10:59:45] [Debug] [Application] Service Release: Tripolygon.UModeler.Hub.Noticies.NoticeService
[2025-12-03 오후 10:59:45] [Debug] [Application] Service Release: Tripolygon.UModeler.Hub.Notifications.UpdateProductNotifier
[2025-12-03 오후 10:59:45] [Debug] [Application] Service Release: Tripolygon.UModeler.Hub.Notifications.UpdateProductNotifier
[2025-12-03 오후 10:59:45] [Debug] [Application] Service Release: Tripolygon.UModeler.Hub.Notifications.UpdateHubNotifier
[2025-12-03 오후 10:59:45] [Debug] [Application] Service Release: Tripolygon.UModeler.Hub.Notifications.UpdateHubNotifier
[2025-12-03 오후 10:59:45] [Debug] [Application] Service Release: Tripolygon.UModeler.Hub.VSAttributionService
[2025-12-03 오후 10:59:45] [Debug] [Application] Service Release: Tripolygon.UModeler.Hub.VSAttributionService
[2025-12-03 오후 10:59:48] [Debug] [Application] service: Tripolygon.UModeler.Hub.HubAuthentication = Tripolygon.UModeler.Hub.HubAuthentication
[2025-12-03 오후 10:59:48] [Debug] [Application] service: Tripolygon.UModeler.UI.IApplicationCache = Tripolygon.UModeler.Editor.UI.UnityEditorApplicationCache
[2025-12-03 오후 10:59:48] [Debug] [Application] service: Tripolygon.UModeler.Hub.HubAuthentication = Tripolygon.UModeler.Hub.HubAuthentication
[2025-12-03 오후 10:59:48] [Debug] [Application] service: Tripolygon.UModeler.Editor.UI.ApplicationSettings = Tripolygon.UModeler.Editor.UI.ApplicationSettings
[2025-12-03 오후 10:59:48] [Debug] ActualHost
[2025-12-03 오후 10:59:48] [Debug] [Application] service: Tripolygon.UModeler.Hub.Resources.IResourcesApiProvider = Tripolygon.UModeler.Hub.ResourcesApiProviderService
[2025-12-03 오후 10:59:48] [Debug] [Application] service: Tripolygon.UModeler.Hub.IHubService = Tripolygon.UModeler.Hub.HubService
[2025-12-03 오후 10:59:48] [Debug] [Application] service: Tripolygon.UModeler.Hub.HubFlashService = Tripolygon.UModeler.Hub.HubFlashService
[2025-12-03 오후 10:59:48] [Debug] [Application] service: Tripolygon.UModeler.Authentication.IAuthenticationApiProvider = Tripolygon.UModeler.Editor.AuthenticationApiProviderService
[2025-12-03 오후 10:59:48] [Debug] [Application] service: Tripolygon.UModeler.Hub.IHubAnalyticsService = Tripolygon.UModeler.Hub.HubAnalyticsService
[2025-12-03 오후 10:59:48] [Debug] [Application] service: Tripolygon.UModeler.UI.IApplicationUtilityService = Tripolygon.UModeler.Editor.UI.UnityEditorApplicationUtilityService
[2025-12-03 오후 10:59:48] [Debug] [Application] service: Tripolygon.UModeler.Hub.Notifications.UpdateHubNotifier = Tripolygon.UModeler.Hub.Notifications.UpdateHubNotifier
[2025-12-03 오후 10:59:48] [Debug] [Application] service: Tripolygon.UModeler.Editor.UI.ApplicationSettings = Tripolygon.UModeler.Editor.UI.ApplicationSettings
[2025-12-03 오후 10:59:48] [Debug] [Application] service: Tripolygon.UModeler.Hub.Notifications.UpdateProductNotifier = Tripolygon.UModeler.Hub.Notifications.UpdateProductNotifier
[2025-12-03 오후 10:59:48] [Debug] [Application] service: Tripolygon.UModeler.UI.ITextureProvider = Tripolygon.UModeler.Editor.UI.UnityEditorTextureProvider
[2025-12-03 오후 10:59:48] [Debug] [Application] service: Tripolygon.UModeler.Hub.INoticeService = Tripolygon.UModeler.Hub.Noticies.NoticeService
[2025-12-03 오후 10:59:48] [Debug] [Application] service: Tripolygon.UModeler.Hub.Resources.IResourcesApiProvider = Tripolygon.UModeler.Hub.ResourcesApiProviderService
[2025-12-03 오후 10:59:49] [Debug] [Application] Initialize: isReloading=True
[2025-12-03 오후 10:59:48] [Debug] [Application] service: Tripolygon.UModeler.Hub.HubFlashService = Tripolygon.UModeler.Hub.HubFlashService
[2025-12-03 오후 10:59:49] [Debug] [Application] Service Initialize: Tripolygon.UModeler.Hub.HubAuthentication
[2025-12-03 오후 10:59:48] [Debug] [Application] service: Tripolygon.UModeler.Hub.VSAttributionService = Tripolygon.UModeler.Hub.VSAttributionService
[2025-12-03 오후 10:59:49] [Debug] [Application] Service Initialize: Tripolygon.UModeler.Editor.UI.UnityEditorApplicationCache
[2025-12-03 오후 10:59:48] [Debug] [Application] service: Tripolygon.UModeler.Hub.Notifications.UpdateHubNotifier = Tripolygon.UModeler.Hub.Notifications.UpdateHubNotifier
[2025-12-03 오후 10:59:48] [Debug] [Application] service: Tripolygon.UModeler.Hub.Notifications.UpdateProductNotifier = Tripolygon.UModeler.Hub.Notifications.UpdateProductNotifier
[2025-12-03 오후 10:59:49] [Debug] [Application] Service Initialize: Tripolygon.UModeler.Hub.HubService
[2025-12-03 오후 10:59:48] [Debug] [Application] service: Tripolygon.UModeler.Hub.Views.SceneViews.HubSceneViewService = Tripolygon.UModeler.Hub.Views.SceneViews.HubSceneViewService
[2025-12-03 오후 10:59:49] [Debug] [Application] Service Initialize: Tripolygon.UModeler.Editor.UI.UnityEditorApplicationUtilityService
[2025-12-03 오후 10:59:49] [Debug] [Application] Initialize: isReloading=False
[2025-12-03 오후 10:59:49] [Debug] [Application] Service Initialize: Tripolygon.UModeler.Hub.HubFlashService
[2025-12-03 오후 10:59:49] [Debug] [Application] Service Initialize: Tripolygon.UModeler.Hub.HubAuthentication
[2025-12-03 오후 10:59:49] [Debug] [Application] Service Initialize: Tripolygon.UModeler.Editor.UI.UnityEditorApplicationCache
[2025-12-03 오후 10:59:49] [Debug] [HubAnalytics] PosthogClient.SetAutoFlush: Value Changed: True
[2025-12-03 오후 10:59:49] [Debug] [Application] Service Initialize: Tripolygon.UModeler.Hub.HubService
[2025-12-03 오후 10:59:50] [Debug] [Application] Service Initialize: Tripolygon.UModeler.Editor.UI.UnityEditorApplicationUtilityService
[2025-12-03 오후 10:59:50] [Debug] [Application] Service Initialize: Tripolygon.UModeler.Hub.HubFlashService
[2025-12-03 오후 10:59:50] [Debug] [Application] Service Initialize: Tripolygon.UModeler.Hub.HubAnalyticsService
[2025-12-03 오후 10:59:50] [Debug] [HubAnalytics] PosthogClient.SetAutoFlush: Value Changed: True
[2025-12-03 오후 10:59:50] [Debug] [Application] Service Initialize: Tripolygon.UModeler.Hub.VSAttributionService
[2025-12-03 오후 10:59:50] [Debug] [Application] Service Initialize: Tripolygon.UModeler.Hub.Notifications.UpdateHubNotifier
[2025-12-03 오후 10:59:50] [Debug] [Application] Service Initialize: Tripolygon.UModeler.Hub.Notifications.UpdateProductNotifier
[2025-12-03 오후 10:59:50] [Debug] [Application] Service Initialize: Tripolygon.UModeler.Hub.HubAnalyticsService
[2025-12-03 오후 10:59:50] [Debug] [Application] Service Initialize: Tripolygon.UModeler.Hub.Noticies.NoticeService
[2025-12-03 오후 10:59:50] [Debug] [Application] Service Initialize: Tripolygon.UModeler.Hub.VSAttributionService
[2025-12-03 오후 10:59:50] [Debug] [Application] Service Initialize: Tripolygon.UModeler.Hub.Views.SceneViews.HubSceneViewService
[2025-12-03 오후 10:59:50] [Debug] [Application] Service Initialize: Tripolygon.UModeler.Hub.Notifications.UpdateHubNotifier
[2025-12-03 오후 10:59:50] [Debug] [Application] Service Initialize: Tripolygon.UModeler.Hub.Notifications.UpdateProductNotifier
[2025-12-03 오후 10:59:50] [Debug] [Application] Service Initialize: Tripolygon.UModeler.Hub.Noticies.NoticeService
[2025-12-03 오후 10:59:50] [Debug] [Application] Service Initialize: Tripolygon.UModeler.Hub.Views.SceneViews.HubSceneViewService
[2025-12-03 오후 11:00:36] [Debug] [Application] Release: isReloading=True
[2025-12-03 오후 11:00:36] [Debug] [Application] Service Release: Tripolygon.UModeler.Hub.Views.SceneViews.HubSceneViewService
[2025-12-03 오후 11:00:36] [Debug] [Application] Service Release: Tripolygon.UModeler.Hub.Noticies.NoticeService
[2025-12-03 오후 11:00:36] [Debug] [Application] Service Release: Tripolygon.UModeler.Hub.Notifications.UpdateProductNotifier
[2025-12-03 오후 11:00:36] [Debug] [Application] Service Release: Tripolygon.UModeler.Hub.Notifications.UpdateHubNotifier
[2025-12-03 오후 11:00:36] [Debug] [Application] Service Release: Tripolygon.UModeler.Hub.VSAttributionService
[2025-12-03 오후 11:00:36] [Debug] [HubAnalytics] PosthogClient.SetAutoFlush: Value Changed: False
[2025-12-03 오후 11:00:36] [Debug] [Application] Service Release: Tripolygon.UModeler.Hub.HubAnalyticsService
[2025-12-03 오후 11:00:36] [Debug] [Application] Service Release: Tripolygon.UModeler.Hub.HubFlashService
[2025-12-03 오후 11:00:36] [Debug] [Application] Service Release: Tripolygon.UModeler.Editor.UI.UnityEditorApplicationUtilityService
[2025-12-03 오후 11:00:36] [Debug] [Application] Service Release: Tripolygon.UModeler.Hub.HubService
[2025-12-03 오후 11:00:36] [Debug] [Application] Service Release: Tripolygon.UModeler.Editor.UI.UnityEditorApplicationCache
[2025-12-03 오후 11:00:36] [Debug] [Application] Service Release: Tripolygon.UModeler.Hub.HubAuthentication
[2025-12-03 오후 11:00:40] [Debug] [Application] service: Tripolygon.UModeler.Hub.HubAuthentication = Tripolygon.UModeler.Hub.HubAuthentication
[2025-12-03 오후 11:00:40] [Debug] [Application] service: Tripolygon.UModeler.UI.IApplicationCache = Tripolygon.UModeler.Editor.UI.UnityEditorApplicationCache
[2025-12-03 오후 11:00:40] [Debug] ActualHost
[2025-12-03 오후 11:00:40] [Debug] [Application] service: Tripolygon.UModeler.Hub.IHubService = Tripolygon.UModeler.Hub.HubService
[2025-12-03 오후 11:00:40] [Debug] [Application] service: Tripolygon.UModeler.Authentication.IAuthenticationApiProvider = Tripolygon.UModeler.Editor.AuthenticationApiProviderService
[2025-12-03 오후 11:00:40] [Debug] [Application] service: Tripolygon.UModeler.UI.IObjectHierarchyService = Tripolygon.UModeler.Editor.UI.UnityEditorObjectHierarchyService
[2025-12-03 오후 11:00:40] [Debug] [Application] service: Tripolygon.UModeler.UI.IApplicationUtilityService = Tripolygon.UModeler.Editor.UI.UnityEditorApplicationUtilityService
[2025-12-03 오후 11:00:40] [Debug] [Application] service: Tripolygon.UModeler.Editor.UI.ApplicationSettings = Tripolygon.UModeler.Editor.UI.ApplicationSettings
[2025-12-03 오후 11:00:40] [Debug] [Application] service: Tripolygon.UModeler.UI.ITextureProvider = Tripolygon.UModeler.Editor.UI.UnityEditorTextureProvider
[2025-12-03 오후 11:00:40] [Debug] [Application] service: Tripolygon.UModeler.Hub.Resources.IResourcesApiProvider = Tripolygon.UModeler.Hub.ResourcesApiProviderService
[2025-12-03 오후 11:00:40] [Debug] [Application] service: Tripolygon.UModeler.Hub.HubFlashService = Tripolygon.UModeler.Hub.HubFlashService
[2025-12-03 오후 11:00:40] [Debug] [Application] service: Tripolygon.UModeler.Hub.IHubAnalyticsService = Tripolygon.UModeler.Hub.HubAnalyticsService
[2025-12-03 오후 11:00:40] [Debug] [Application] service: Tripolygon.UModeler.Hub.VSAttributionService = Tripolygon.UModeler.Hub.VSAttributionService
[2025-12-03 오후 11:00:40] [Debug] [Application] service: Tripolygon.UModeler.Hub.Notifications.UpdateHubNotifier = Tripolygon.UModeler.Hub.Notifications.UpdateHubNotifier
[2025-12-03 오후 11:00:40] [Debug] [Application] service: Tripolygon.UModeler.Hub.Notifications.UpdateProductNotifier = Tripolygon.UModeler.Hub.Notifications.UpdateProductNotifier
[2025-12-03 오후 11:00:40] [Debug] [Application] service: Tripolygon.UModeler.Hub.INoticeService = Tripolygon.UModeler.Hub.Noticies.NoticeService
[2025-12-03 오후 11:00:40] [Debug] [Application] service: Tripolygon.UModeler.Hub.Views.SceneViews.HubSceneViewService = Tripolygon.UModeler.Hub.Views.SceneViews.HubSceneViewService
[2025-12-03 오후 11:00:41] [Debug] [Application] Initialize: isReloading=True
[2025-12-03 오후 11:00:42] [Debug] [Application] Service Initialize: Tripolygon.UModeler.Hub.HubAuthentication
[2025-12-03 오후 11:00:42] [Debug] [Application] Service Initialize: Tripolygon.UModeler.Editor.UI.UnityEditorApplicationCache
[2025-12-03 오후 11:00:42] [Debug] [Application] Service Initialize: Tripolygon.UModeler.Hub.HubService
[2025-12-03 오후 11:00:42] [Debug] [Application] Service Initialize: Tripolygon.UModeler.Editor.UI.UnityEditorApplicationUtilityService
[2025-12-03 오후 11:00:42] [Debug] [Application] Service Initialize: Tripolygon.UModeler.Hub.HubFlashService
[2025-12-03 오후 11:00:42] [Debug] [HubAnalytics] PosthogClient.SetAutoFlush: Value Changed: True
[2025-12-03 오후 11:00:42] [Debug] [Application] Service Initialize: Tripolygon.UModeler.Hub.HubAnalyticsService
[2025-12-03 오후 11:00:42] [Debug] [Application] Service Initialize: Tripolygon.UModeler.Hub.VSAttributionService
[2025-12-03 오후 11:00:42] [Debug] [Application] Service Initialize: Tripolygon.UModeler.Hub.Notifications.UpdateHubNotifier
[2025-12-03 오후 11:00:42] [Debug] [Application] Service Initialize: Tripolygon.UModeler.Hub.Notifications.UpdateProductNotifier
[2025-12-03 오후 11:00:42] [Debug] [Application] Service Initialize: Tripolygon.UModeler.Hub.Noticies.NoticeService
[2025-12-03 오후 11:00:42] [Debug] [Application] Service Initialize: Tripolygon.UModeler.Hub.Views.SceneViews.HubSceneViewService
[2025-12-03 오후 11:00:43] [Debug] [Application] Release: isReloading=True
[2025-12-03 오후 11:00:43] [Debug] [Application] Release: isReloading=True
[2025-12-03 오후 11:00:43] [Debug] [Application] Service Release: Tripolygon.UModeler.Hub.Views.SceneViews.HubSceneViewService
[2025-12-03 오후 11:00:43] [Debug] [Application] Service Release: Tripolygon.UModeler.Hub.Views.SceneViews.HubSceneViewService
[2025-12-03 오후 11:00:43] [Debug] [Application] Service Release: Tripolygon.UModeler.Hub.Noticies.NoticeService
[2025-12-03 오후 11:00:43] [Debug] [Application] Service Release: Tripolygon.UModeler.Hub.Noticies.NoticeService
[2025-12-03 오후 11:00:43] [Debug] [Application] Service Release: Tripolygon.UModeler.Hub.Notifications.UpdateProductNotifier
[2025-12-03 오후 11:00:43] [Debug] [Application] Service Release: Tripolygon.UModeler.Hub.Notifications.UpdateProductNotifier
[2025-12-03 오후 11:00:43] [Debug] [Application] Service Release: Tripolygon.UModeler.Hub.Notifications.UpdateHubNotifier
[2025-12-03 오후 11:00:43] [Debug] [Application] Service Release: Tripolygon.UModeler.Hub.Notifications.UpdateHubNotifier
[2025-12-03 오후 11:00:43] [Debug] [Application] Service Release: Tripolygon.UModeler.Hub.VSAttributionService
[2025-12-03 오후 11:00:43] [Debug] [Application] Service Release: Tripolygon.UModeler.Hub.VSAttributionService
[2025-12-03 오후 11:00:46] [Debug] [Application] service: Tripolygon.UModeler.Hub.HubAuthentication = Tripolygon.UModeler.Hub.HubAuthentication
[2025-12-03 오후 11:00:46] [Debug] [Application] service: Tripolygon.UModeler.UI.IApplicationCache = Tripolygon.UModeler.Editor.UI.UnityEditorApplicationCache
[2025-12-03 오후 11:00:46] [Debug] ActualHost
[2025-12-03 오후 11:00:46] [Debug] [Application] service: Tripolygon.UModeler.Hub.HubAuthentication = Tripolygon.UModeler.Hub.HubAuthentication
[2025-12-03 오후 11:00:46] [Debug] [Application] service: Tripolygon.UModeler.Editor.UI.ApplicationSettings = Tripolygon.UModeler.Editor.UI.ApplicationSettings
[2025-12-03 오후 11:00:46] [Debug] [Application] service: Tripolygon.UModeler.UI.IApplicationCache = Tripolygon.UModeler.Editor.UI.UnityEditorApplicationCache
[2025-12-03 오후 11:00:46] [Debug] [Application] service: Tripolygon.UModeler.Hub.Resources.IResourcesApiProvider = Tripolygon.UModeler.Hub.ResourcesApiProviderService
[2025-12-03 오후 11:00:46] [Debug] ActualHost
[2025-12-03 오후 11:00:46] [Debug] [Application] service: Tripolygon.UModeler.Hub.HubFlashService = Tripolygon.UModeler.Hub.HubFlashService
[2025-12-03 오후 11:00:46] [Debug] [Application] service: Tripolygon.UModeler.Hub.IHubService = Tripolygon.UModeler.Hub.HubService
[2025-12-03 오후 11:00:46] [Debug] [Application] service: Tripolygon.UModeler.Hub.VSAttributionService = Tripolygon.UModeler.Hub.VSAttributionService
[2025-12-03 오후 11:00:46] [Debug] [Application] service: Tripolygon.UModeler.UI.IObjectHierarchyService = Tripolygon.UModeler.Editor.UI.UnityEditorObjectHierarchyService
[2025-12-03 오후 11:00:46] [Debug] [Application] service: Tripolygon.UModeler.Hub.Notifications.UpdateHubNotifier = Tripolygon.UModeler.Hub.Notifications.UpdateHubNotifier
[2025-12-03 오후 11:00:46] [Debug] [Application] service: Tripolygon.UModeler.UI.IApplicationUtilityService = Tripolygon.UModeler.Editor.UI.UnityEditorApplicationUtilityService
[2025-12-03 오후 11:00:46] [Debug] [Application] service: Tripolygon.UModeler.Hub.INoticeService = Tripolygon.UModeler.Hub.Noticies.NoticeService
[2025-12-03 오후 11:00:46] [Debug] [Application] service: Tripolygon.UModeler.UI.ITextureProvider = Tripolygon.UModeler.Editor.UI.UnityEditorTextureProvider
[2025-12-03 오후 11:00:46] [Debug] [Application] service: Tripolygon.UModeler.Hub.Resources.IResourcesApiProvider = Tripolygon.UModeler.Hub.ResourcesApiProviderService
[2025-12-03 오후 11:00:47] [Debug] [Application] Service Initialize: Tripolygon.UModeler.Hub.HubAuthentication
[2025-12-03 오후 11:00:46] [Debug] [Application] service: Tripolygon.UModeler.Hub.IHubAnalyticsService = Tripolygon.UModeler.Hub.HubAnalyticsService
[2025-12-03 오후 11:00:47] [Debug] [Application] Service Initialize: Tripolygon.UModeler.Editor.UI.UnityEditorApplicationCache
[2025-12-03 오후 11:00:46] [Debug] [Application] service: Tripolygon.UModeler.Hub.Notifications.UpdateHubNotifier = Tripolygon.UModeler.Hub.Notifications.UpdateHubNotifier
[2025-12-03 오후 11:00:46] [Debug] [Application] service: Tripolygon.UModeler.Hub.Notifications.UpdateProductNotifier = Tripolygon.UModeler.Hub.Notifications.UpdateProductNotifier
[2025-12-03 오후 11:00:47] [Debug] [Application] Service Initialize: Tripolygon.UModeler.Hub.HubService
[2025-12-03 오후 11:00:46] [Debug] [Application] service: Tripolygon.UModeler.Hub.Views.SceneViews.HubSceneViewService = Tripolygon.UModeler.Hub.Views.SceneViews.HubSceneViewService
[2025-12-03 오후 11:00:47] [Debug] [Application] Service Initialize: Tripolygon.UModeler.Editor.UI.UnityEditorApplicationUtilityService
[2025-12-03 오후 11:00:47] [Debug] [Application] Initialize: isReloading=False
[2025-12-03 오후 11:00:47] [Debug] [Application] Service Initialize: Tripolygon.UModeler.Hub.HubFlashService
[2025-12-03 오후 11:00:47] [Debug] [Application] Service Initialize: Tripolygon.UModeler.Hub.HubAuthentication
[2025-12-03 오후 11:00:47] [Debug] [HubAnalytics] PosthogClient.SetAutoFlush: Value Changed: True
[2025-12-03 오후 11:00:47] [Debug] [Application] Service Initialize: Tripolygon.UModeler.Editor.UI.UnityEditorApplicationCache
[2025-12-03 오후 11:00:47] [Debug] [Application] Service Initialize: Tripolygon.UModeler.Hub.HubService
[2025-12-03 오후 11:00:47] [Debug] [Application] Service Initialize: Tripolygon.UModeler.Editor.UI.UnityEditorApplicationUtilityService
[2025-12-03 오후 11:00:47] [Debug] [Application] Service Initialize: Tripolygon.UModeler.Hub.HubAnalyticsService
[2025-12-03 오후 11:00:47] [Debug] [Application] Service Initialize: Tripolygon.UModeler.Hub.HubFlashService
[2025-12-03 오후 11:00:47] [Debug] [Application] Service Initialize: Tripolygon.UModeler.Hub.VSAttributionService
[2025-12-03 오후 11:00:47] [Debug] [Application] Service Initialize: Tripolygon.UModeler.Hub.Notifications.UpdateHubNotifier
[2025-12-03 오후 11:00:47] [Debug] [HubAnalytics] PosthogClient.SetAutoFlush: Value Changed: True
[2025-12-03 오후 11:00:47] [Debug] [Application] Service Initialize: Tripolygon.UModeler.Hub.Notifications.UpdateProductNotifier
[2025-12-03 오후 11:00:47] [Debug] [Application] Service Initialize: Tripolygon.UModeler.Hub.Noticies.NoticeService
[2025-12-03 오후 11:00:47] [Debug] [Application] Service Initialize: Tripolygon.UModeler.Hub.Views.SceneViews.HubSceneViewService
[2025-12-03 오후 11:00:47] [Debug] [Application] Service Initialize: Tripolygon.UModeler.Hub.HubAnalyticsService
[2025-12-03 오후 11:00:47] [Debug] [Application] Service Initialize: Tripolygon.UModeler.Hub.VSAttributionService
[2025-12-03 오후 11:00:47] [Debug] [Application] Service Initialize: Tripolygon.UModeler.Hub.Notifications.UpdateHubNotifier
[2025-12-03 오후 11:00:47] [Debug] [Application] Service Initialize: Tripolygon.UModeler.Hub.Notifications.UpdateProductNotifier
[2025-12-03 오후 11:00:47] [Debug] [Application] Service Initialize: Tripolygon.UModeler.Hub.Noticies.NoticeService
[2025-12-03 오후 11:00:47] [Debug] [Application] Service Initialize: Tripolygon.UModeler.Hub.Views.SceneViews.HubSceneViewService
[2025-12-03 오후 11:01:15] [Debug] [Application] Release: isReloading=True
[2025-12-03 오후 11:01:15] [Debug] [Application] Service Release: Tripolygon.UModeler.Hub.Views.SceneViews.HubSceneViewService
[2025-12-03 오후 11:01:15] [Debug] [Application] Service Release: Tripolygon.UModeler.Hub.Noticies.NoticeService
[2025-12-03 오후 11:01:15] [Debug] [Application] Service Release: Tripolygon.UModeler.Hub.Notifications.UpdateProductNotifier
[2025-12-03 오후 11:01:15] [Debug] [Application] Service Release: Tripolygon.UModeler.Hub.Notifications.UpdateHubNotifier
[2025-12-03 오후 11:01:15] [Debug] [Application] Service Release: Tripolygon.UModeler.Hub.VSAttributionService
[2025-12-03 오후 11:01:15] [Debug] [HubAnalytics] PosthogClient.SetAutoFlush: Value Changed: False
[2025-12-03 오후 11:01:15] [Debug] [Application] Service Release: Tripolygon.UModeler.Hub.HubAnalyticsService
[2025-12-03 오후 11:01:15] [Debug] [Application] Service Release: Tripolygon.UModeler.Hub.HubFlashService
[2025-12-03 오후 11:01:15] [Debug] [Application] Service Release: Tripolygon.UModeler.Editor.UI.UnityEditorApplicationUtilityService
[2025-12-03 오후 11:01:15] [Debug] [Application] Service Release: Tripolygon.UModeler.Hub.HubService
[2025-12-03 오후 11:01:15] [Debug] [Application] Service Release: Tripolygon.UModeler.Editor.UI.UnityEditorApplicationCache
[2025-12-03 오후 11:01:15] [Debug] [Application] Service Release: Tripolygon.UModeler.Hub.HubAuthentication
[2025-12-03 오후 11:01:19] [Debug] [Application] service: Tripolygon.UModeler.Hub.HubAuthentication = Tripolygon.UModeler.Hub.HubAuthentication
[2025-12-03 오후 11:01:19] [Debug] [Application] service: Tripolygon.UModeler.UI.IApplicationCache = Tripolygon.UModeler.Editor.UI.UnityEditorApplicationCache
[2025-12-03 오후 11:01:19] [Debug] ActualHost
[2025-12-03 오후 11:01:19] [Debug] [Application] service: Tripolygon.UModeler.Hub.IHubService = Tripolygon.UModeler.Hub.HubService
[2025-12-03 오후 11:01:19] [Debug] [Application] service: Tripolygon.UModeler.Authentication.IAuthenticationApiProvider = Tripolygon.UModeler.Editor.AuthenticationApiProviderService
[2025-12-03 오후 11:01:19] [Debug] [Application] service: Tripolygon.UModeler.UI.IObjectHierarchyService = Tripolygon.UModeler.Editor.UI.UnityEditorObjectHierarchyService
[2025-12-03 오후 11:01:19] [Debug] [Application] service: Tripolygon.UModeler.UI.IApplicationUtilityService = Tripolygon.UModeler.Editor.UI.UnityEditorApplicationUtilityService
[2025-12-03 오후 11:01:19] [Debug] [Application] service: Tripolygon.UModeler.Editor.UI.ApplicationSettings = Tripolygon.UModeler.Editor.UI.ApplicationSettings
[2025-12-03 오후 11:01:19] [Debug] [Application] service: Tripolygon.UModeler.UI.ITextureProvider = Tripolygon.UModeler.Editor.UI.UnityEditorTextureProvider
[2025-12-03 오후 11:01:19] [Debug] [Application] service: Tripolygon.UModeler.Hub.Resources.IResourcesApiProvider = Tripolygon.UModeler.Hub.ResourcesApiProviderService
[2025-12-03 오후 11:01:19] [Debug] [Application] service: Tripolygon.UModeler.Hub.HubFlashService = Tripolygon.UModeler.Hub.HubFlashService
[2025-12-03 오후 11:01:19] [Debug] [Application] service: Tripolygon.UModeler.Hub.IHubAnalyticsService = Tripolygon.UModeler.Hub.HubAnalyticsService
[2025-12-03 오후 11:01:19] [Debug] [Application] service: Tripolygon.UModeler.Hub.VSAttributionService = Tripolygon.UModeler.Hub.VSAttributionService
[2025-12-03 오후 11:01:19] [Debug] [Application] service: Tripolygon.UModeler.Hub.Notifications.UpdateHubNotifier = Tripolygon.UModeler.Hub.Notifications.UpdateHubNotifier
[2025-12-03 오후 11:01:19] [Debug] [Application] service: Tripolygon.UModeler.Hub.Notifications.UpdateProductNotifier = Tripolygon.UModeler.Hub.Notifications.UpdateProductNotifier
[2025-12-03 오후 11:01:19] [Debug] [Application] service: Tripolygon.UModeler.Hub.INoticeService = Tripolygon.UModeler.Hub.Noticies.NoticeService
[2025-12-03 오후 11:01:19] [Debug] [Application] service: Tripolygon.UModeler.Hub.Views.SceneViews.HubSceneViewService = Tripolygon.UModeler.Hub.Views.SceneViews.HubSceneViewService
[2025-12-03 오후 11:01:21] [Debug] [Application] Initialize: isReloading=True
[2025-12-03 오후 11:01:21] [Debug] [Application] Service Initialize: Tripolygon.UModeler.Hub.HubAuthentication
[2025-12-03 오후 11:01:21] [Debug] [Application] Service Initialize: Tripolygon.UModeler.Editor.UI.UnityEditorApplicationCache
[2025-12-03 오후 11:01:21] [Debug] [Application] Service Initialize: Tripolygon.UModeler.Hub.HubService
[2025-12-03 오후 11:01:21] [Debug] [Application] Service Initialize: Tripolygon.UModeler.Editor.UI.UnityEditorApplicationUtilityService
[2025-12-03 오후 11:01:21] [Debug] [Application] Service Initialize: Tripolygon.UModeler.Hub.HubFlashService
[2025-12-03 오후 11:01:21] [Debug] [HubAnalytics] PosthogClient.SetAutoFlush: Value Changed: True
[2025-12-03 오후 11:01:21] [Debug] [Application] Service Initialize: Tripolygon.UModeler.Hub.HubAnalyticsService
[2025-12-03 오후 11:01:21] [Debug] [Application] Service Initialize: Tripolygon.UModeler.Hub.VSAttributionService
[2025-12-03 오후 11:01:21] [Debug] [Application] Service Initialize: Tripolygon.UModeler.Hub.Notifications.UpdateHubNotifier
[2025-12-03 오후 11:01:21] [Debug] [Application] Service Initialize: Tripolygon.UModeler.Hub.Notifications.UpdateProductNotifier
[2025-12-03 오후 11:01:21] [Debug] [Application] Service Initialize: Tripolygon.UModeler.Hub.Noticies.NoticeService
[2025-12-03 오후 11:01:21] [Debug] [Application] Service Initialize: Tripolygon.UModeler.Hub.Views.SceneViews.HubSceneViewService
[2025-12-03 오후 11:01:22] [Debug] [Application] Release: isReloading=True
[2025-12-03 오후 11:01:22] [Debug] [Application] Release: isReloading=True
[2025-12-03 오후 11:01:22] [Debug] [Application] Service Release: Tripolygon.UModeler.Hub.Views.SceneViews.HubSceneViewService
[2025-12-03 오후 11:01:22] [Debug] [Application] Service Release: Tripolygon.UModeler.Hub.Views.SceneViews.HubSceneViewService
[2025-12-03 오후 11:01:22] [Debug] [Application] Service Release: Tripolygon.UModeler.Hub.Noticies.NoticeService
[2025-12-03 오후 11:01:22] [Debug] [Application] Service Release: Tripolygon.UModeler.Hub.Noticies.NoticeService
[2025-12-03 오후 11:01:22] [Debug] [Application] Service Release: Tripolygon.UModeler.Hub.Notifications.UpdateProductNotifier
[2025-12-03 오후 11:01:22] [Debug] [Application] Service Release: Tripolygon.UModeler.Hub.Notifications.UpdateProductNotifier
[2025-12-03 오후 11:01:22] [Debug] [Application] Service Release: Tripolygon.UModeler.Hub.Notifications.UpdateHubNotifier
[2025-12-03 오후 11:01:22] [Debug] [Application] Service Release: Tripolygon.UModeler.Hub.Notifications.UpdateHubNotifier
[2025-12-03 오후 11:01:22] [Debug] [Application] Service Release: Tripolygon.UModeler.Hub.VSAttributionService
[2025-12-03 오후 11:01:22] [Debug] [Application] Service Release: Tripolygon.UModeler.Hub.VSAttributionService
[2025-12-03 오후 11:01:25] [Debug] [Application] service: Tripolygon.UModeler.Hub.HubAuthentication = Tripolygon.UModeler.Hub.HubAuthentication
[2025-12-03 오후 11:01:25] [Debug] [Application] service: Tripolygon.UModeler.UI.IApplicationCache = Tripolygon.UModeler.Editor.UI.UnityEditorApplicationCache
[2025-12-03 오후 11:01:25] [Debug] [Application] service: Tripolygon.UModeler.Hub.HubAuthentication = Tripolygon.UModeler.Hub.HubAuthentication
[2025-12-03 오후 11:01:25] [Debug] [Application] service: Tripolygon.UModeler.UI.IApplicationCache = Tripolygon.UModeler.Editor.UI.UnityEditorApplicationCache
[2025-12-03 오후 11:01:25] [Debug] [Application] service: Tripolygon.UModeler.Editor.UI.ApplicationSettings = Tripolygon.UModeler.Editor.UI.ApplicationSettings
[2025-12-03 오후 11:01:25] [Debug] ActualHost
[2025-12-03 오후 11:01:25] [Debug] [Application] service: Tripolygon.UModeler.UI.ITextureProvider = Tripolygon.UModeler.Editor.UI.UnityEditorTextureProvider
[2025-12-03 오후 11:01:25] [Debug] [Application] service: Tripolygon.UModeler.Hub.IHubService = Tripolygon.UModeler.Hub.HubService
[2025-12-03 오후 11:01:25] [Debug] [Application] service: Tripolygon.UModeler.Hub.Resources.IResourcesApiProvider = Tripolygon.UModeler.Hub.ResourcesApiProviderService
[2025-12-03 오후 11:01:25] [Debug] [Application] service: Tripolygon.UModeler.Authentication.IAuthenticationApiProvider = Tripolygon.UModeler.Editor.AuthenticationApiProviderService
[2025-12-03 오후 11:01:25] [Debug] [Application] service: Tripolygon.UModeler.Hub.IHubAnalyticsService = Tripolygon.UModeler.Hub.HubAnalyticsService
[2025-12-03 오후 11:01:25] [Debug] [Application] service: Tripolygon.UModeler.UI.IApplicationUtilityService = Tripolygon.UModeler.Editor.UI.UnityEditorApplicationUtilityService
[2025-12-03 오후 11:01:25] [Debug] [Application] service: Tripolygon.UModeler.Hub.VSAttributionService = Tripolygon.UModeler.Hub.VSAttributionService
[2025-12-03 오후 11:01:25] [Debug] [Application] service: Tripolygon.UModeler.Editor.UI.ApplicationSettings = Tripolygon.UModeler.Editor.UI.ApplicationSettings
[2025-12-03 오후 11:01:25] [Debug] [Application] service: Tripolygon.UModeler.Hub.Notifications.UpdateHubNotifier = Tripolygon.UModeler.Hub.Notifications.UpdateHubNotifier
[2025-12-03 오후 11:01:25] [Debug] [Application] service: Tripolygon.UModeler.Hub.Resources.IResourcesApiProvider = Tripolygon.UModeler.Hub.ResourcesApiProviderService
[2025-12-03 오후 11:01:25] [Debug] [Application] service: Tripolygon.UModeler.Hub.INoticeService = Tripolygon.UModeler.Hub.Noticies.NoticeService
[2025-12-03 오후 11:01:25] [Debug] [Application] service: Tripolygon.UModeler.Hub.HubFlashService = Tripolygon.UModeler.Hub.HubFlashService
[2025-12-03 오후 11:01:26] [Debug] [Application] Initialize: isReloading=True
[2025-12-03 오후 11:01:25] [Debug] [Application] service: Tripolygon.UModeler.Hub.VSAttributionService = Tripolygon.UModeler.Hub.VSAttributionService
[2025-12-03 오후 11:01:26] [Debug] [Application] Service Initialize: Tripolygon.UModeler.Hub.HubAuthentication
[2025-12-03 오후 11:01:25] [Debug] [Application] service: Tripolygon.UModeler.Hub.Notifications.UpdateProductNotifier = Tripolygon.UModeler.Hub.Notifications.UpdateProductNotifier
[2025-12-03 오후 11:01:26] [Debug] [Application] Service Initialize: Tripolygon.UModeler.Editor.UI.UnityEditorApplicationCache
[2025-12-03 오후 11:01:25] [Debug] [Application] service: Tripolygon.UModeler.Hub.Views.SceneViews.HubSceneViewService = Tripolygon.UModeler.Hub.Views.SceneViews.HubSceneViewService
[2025-12-03 오후 11:01:26] [Debug] [Application] Initialize: isReloading=False
[2025-12-03 오후 11:01:26] [Debug] [Application] Service Initialize: Tripolygon.UModeler.Hub.HubService
[2025-12-03 오후 11:01:26] [Debug] [Application] Service Initialize: Tripolygon.UModeler.Hub.HubAuthentication
[2025-12-03 오후 11:01:26] [Debug] [Application] Service Initialize: Tripolygon.UModeler.Editor.UI.UnityEditorApplicationUtilityService
[2025-12-03 오후 11:01:26] [Debug] [Application] Service Initialize: Tripolygon.UModeler.Editor.UI.UnityEditorApplicationCache
[2025-12-03 오후 11:01:26] [Debug] [Application] Service Initialize: Tripolygon.UModeler.Hub.HubFlashService
[2025-12-03 오후 11:01:26] [Debug] [Application] Service Initialize: Tripolygon.UModeler.Hub.HubService
[2025-12-03 오후 11:01:26] [Debug] [Application] Service Initialize: Tripolygon.UModeler.Editor.UI.UnityEditorApplicationUtilityService
[2025-12-03 오후 11:01:26] [Debug] [HubAnalytics] PosthogClient.SetAutoFlush: Value Changed: True
[2025-12-03 오후 11:01:26] [Debug] [Application] Service Initialize: Tripolygon.UModeler.Hub.HubFlashService
[2025-12-03 오후 11:01:26] [Debug] [HubAnalytics] PosthogClient.SetAutoFlush: Value Changed: True
[2025-12-03 오후 11:01:26] [Debug] [Application] Service Initialize: Tripolygon.UModeler.Hub.HubAnalyticsService
[2025-12-03 오후 11:01:26] [Debug] [Application] Service Initialize: Tripolygon.UModeler.Hub.VSAttributionService
[2025-12-03 오후 11:01:26] [Debug] [Application] Service Initialize: Tripolygon.UModeler.Hub.Notifications.UpdateHubNotifier
[2025-12-03 오후 11:01:26] [Debug] [Application] Service Initialize: Tripolygon.UModeler.Hub.HubAnalyticsService
[2025-12-03 오후 11:01:26] [Debug] [Application] Service Initialize: Tripolygon.UModeler.Hub.Notifications.UpdateProductNotifier
[2025-12-03 오후 11:01:26] [Debug] [Application] Service Initialize: Tripolygon.UModeler.Hub.Notifications.UpdateHubNotifier
[2025-12-03 오후 11:01:26] [Debug] [Application] Service Initialize: Tripolygon.UModeler.Hub.Noticies.NoticeService
[2025-12-03 오후 11:01:26] [Debug] [Application] Service Initialize: Tripolygon.UModeler.Hub.Notifications.UpdateProductNotifier
[2025-12-03 오후 11:01:26] [Debug] [Application] Service Initialize: Tripolygon.UModeler.Hub.Views.SceneViews.HubSceneViewService
[2025-12-03 오후 11:01:26] [Debug] [Application] Service Initialize: Tripolygon.UModeler.Hub.Noticies.NoticeService
[2025-12-03 오후 11:01:27] [Debug] [Application] Service Initialize: Tripolygon.UModeler.Hub.Views.SceneViews.HubSceneViewService
[2025-12-03 오후 11:02:33] [Debug] [Application] Release: isReloading=True
[2025-12-03 오후 11:02:33] [Debug] [Application] Service Release: Tripolygon.UModeler.Hub.Views.SceneViews.HubSceneViewService
[2025-12-03 오후 11:02:33] [Debug] [Application] Service Release: Tripolygon.UModeler.Hub.Noticies.NoticeService
[2025-12-03 오후 11:02:33] [Debug] [Application] Service Release: Tripolygon.UModeler.Hub.Notifications.UpdateProductNotifier
[2025-12-03 오후 11:02:33] [Debug] [Application] Service Release: Tripolygon.UModeler.Hub.Notifications.UpdateHubNotifier
[2025-12-03 오후 11:02:33] [Debug] [Application] Service Release: Tripolygon.UModeler.Hub.VSAttributionService
[2025-12-03 오후 11:02:33] [Debug] [HubAnalytics] PosthogClient.SetAutoFlush: Value Changed: False
[2025-12-03 오후 11:02:33] [Debug] [Application] Service Release: Tripolygon.UModeler.Hub.HubAnalyticsService
[2025-12-03 오후 11:02:33] [Debug] [Application] Service Release: Tripolygon.UModeler.Hub.HubFlashService
[2025-12-03 오후 11:02:33] [Debug] [Application] Service Release: Tripolygon.UModeler.Editor.UI.UnityEditorApplicationUtilityService
[2025-12-03 오후 11:02:33] [Debug] [Application] Service Release: Tripolygon.UModeler.Hub.HubService
[2025-12-03 오후 11:02:33] [Debug] [Application] Service Release: Tripolygon.UModeler.Editor.UI.UnityEditorApplicationCache
[2025-12-03 오후 11:02:33] [Debug] [Application] Service Release: Tripolygon.UModeler.Hub.HubAuthentication
[2025-12-03 오후 11:02:37] [Debug] [Application] service: Tripolygon.UModeler.Hub.HubAuthentication = Tripolygon.UModeler.Hub.HubAuthentication
[2025-12-03 오후 11:02:37] [Debug] [Application] service: Tripolygon.UModeler.UI.IApplicationCache = Tripolygon.UModeler.Editor.UI.UnityEditorApplicationCache
[2025-12-03 오후 11:02:37] [Debug] ActualHost
[2025-12-03 오후 11:02:37] [Debug] [Application] service: Tripolygon.UModeler.Hub.IHubService = Tripolygon.UModeler.Hub.HubService
[2025-12-03 오후 11:02:37] [Debug] [Application] service: Tripolygon.UModeler.Authentication.IAuthenticationApiProvider = Tripolygon.UModeler.Editor.AuthenticationApiProviderService
[2025-12-03 오후 11:02:37] [Debug] [Application] service: Tripolygon.UModeler.UI.IObjectHierarchyService = Tripolygon.UModeler.Editor.UI.UnityEditorObjectHierarchyService
[2025-12-03 오후 11:02:37] [Debug] [Application] service: Tripolygon.UModeler.UI.IApplicationUtilityService = Tripolygon.UModeler.Editor.UI.UnityEditorApplicationUtilityService
[2025-12-03 오후 11:02:37] [Debug] [Application] service: Tripolygon.UModeler.Editor.UI.ApplicationSettings = Tripolygon.UModeler.Editor.UI.ApplicationSettings
[2025-12-03 오후 11:02:37] [Debug] [Application] service: Tripolygon.UModeler.UI.ITextureProvider = Tripolygon.UModeler.Editor.UI.UnityEditorTextureProvider
[2025-12-03 오후 11:02:37] [Debug] [Application] service: Tripolygon.UModeler.Hub.Resources.IResourcesApiProvider = Tripolygon.UModeler.Hub.ResourcesApiProviderService
[2025-12-03 오후 11:02:37] [Debug] [Application] service: Tripolygon.UModeler.Hub.HubFlashService = Tripolygon.UModeler.Hub.HubFlashService
[2025-12-03 오후 11:02:37] [Debug] [Application] service: Tripolygon.UModeler.Hub.IHubAnalyticsService = Tripolygon.UModeler.Hub.HubAnalyticsService
[2025-12-03 오후 11:02:37] [Debug] [Application] service: Tripolygon.UModeler.Hub.VSAttributionService = Tripolygon.UModeler.Hub.VSAttributionService
[2025-12-03 오후 11:02:37] [Debug] [Application] service: Tripolygon.UModeler.Hub.Notifications.UpdateHubNotifier = Tripolygon.UModeler.Hub.Notifications.UpdateHubNotifier
[2025-12-03 오후 11:02:37] [Debug] [Application] service: Tripolygon.UModeler.Hub.Notifications.UpdateProductNotifier = Tripolygon.UModeler.Hub.Notifications.UpdateProductNotifier
[2025-12-03 오후 11:02:37] [Debug] [Application] service: Tripolygon.UModeler.Hub.INoticeService = Tripolygon.UModeler.Hub.Noticies.NoticeService
[2025-12-03 오후 11:02:37] [Debug] [Application] service: Tripolygon.UModeler.Hub.Views.SceneViews.HubSceneViewService = Tripolygon.UModeler.Hub.Views.SceneViews.HubSceneViewService
[2025-12-03 오후 11:02:39] [Debug] [Application] Initialize: isReloading=True
[2025-12-03 오후 11:02:39] [Debug] [Application] Service Initialize: Tripolygon.UModeler.Hub.HubAuthentication
[2025-12-03 오후 11:02:39] [Debug] [Application] Service Initialize: Tripolygon.UModeler.Editor.UI.UnityEditorApplicationCache
[2025-12-03 오후 11:02:39] [Debug] [Application] Service Initialize: Tripolygon.UModeler.Hub.HubService
[2025-12-03 오후 11:02:39] [Debug] [Application] Service Initialize: Tripolygon.UModeler.Editor.UI.UnityEditorApplicationUtilityService
[2025-12-03 오후 11:02:39] [Debug] [Application] Service Initialize: Tripolygon.UModeler.Hub.HubFlashService
[2025-12-03 오후 11:02:39] [Debug] [HubAnalytics] PosthogClient.SetAutoFlush: Value Changed: True
[2025-12-03 오후 11:02:39] [Debug] [Application] Service Initialize: Tripolygon.UModeler.Hub.HubAnalyticsService
[2025-12-03 오후 11:02:39] [Debug] [Application] Service Initialize: Tripolygon.UModeler.Hub.VSAttributionService
[2025-12-03 오후 11:02:39] [Debug] [Application] Service Initialize: Tripolygon.UModeler.Hub.Notifications.UpdateHubNotifier
[2025-12-03 오후 11:02:39] [Debug] [Application] Service Initialize: Tripolygon.UModeler.Hub.Notifications.UpdateProductNotifier
[2025-12-03 오후 11:02:39] [Debug] [Application] Service Initialize: Tripolygon.UModeler.Hub.Noticies.NoticeService
[2025-12-03 오후 11:02:39] [Debug] [Application] Service Initialize: Tripolygon.UModeler.Hub.Views.SceneViews.HubSceneViewService
[2025-12-03 오후 11:02:40] [Debug] [Application] Release: isReloading=True
[2025-12-03 오후 11:02:40] [Debug] [Application] Release: isReloading=True
[2025-12-03 오후 11:02:40] [Debug] [Application] Service Release: Tripolygon.UModeler.Hub.Views.SceneViews.HubSceneViewService
[2025-12-03 오후 11:02:40] [Debug] [Application] Service Release: Tripolygon.UModeler.Hub.Noticies.NoticeService
[2025-12-03 오후 11:02:40] [Debug] [Application] Service Release: Tripolygon.UModeler.Hub.Views.SceneViews.HubSceneViewService
[2025-12-03 오후 11:02:40] [Debug] [Application] Service Release: Tripolygon.UModeler.Hub.Notifications.UpdateProductNotifier
[2025-12-03 오후 11:02:40] [Debug] [Application] Service Release: Tripolygon.UModeler.Hub.Noticies.NoticeService
[2025-12-03 오후 11:02:40] [Debug] [Application] Service Release: Tripolygon.UModeler.Hub.VSAttributionService
[2025-12-03 오후 11:02:40] [Debug] [Application] Service Release: Tripolygon.UModeler.Hub.Notifications.UpdateProductNotifier
[2025-12-03 오후 11:02:40] [Debug] [Application] Service Release: Tripolygon.UModeler.Hub.Notifications.UpdateHubNotifier
[2025-12-03 오후 11:02:40] [Debug] [Application] Service Release: Tripolygon.UModeler.Hub.VSAttributionService
[2025-12-03 오후 11:02:43] [Debug] [Application] service: Tripolygon.UModeler.Hub.HubAuthentication = Tripolygon.UModeler.Hub.HubAuthentication
[2025-12-03 오후 11:02:43] [Debug] [Application] service: Tripolygon.UModeler.UI.IApplicationCache = Tripolygon.UModeler.Editor.UI.UnityEditorApplicationCache
[2025-12-03 오후 11:02:43] [Debug] ActualHost
[2025-12-03 오후 11:02:43] [Debug] [Application] service: Tripolygon.UModeler.Hub.HubAuthentication = Tripolygon.UModeler.Hub.HubAuthentication
[2025-12-03 오후 11:02:43] [Debug] [Application] service: Tripolygon.UModeler.Hub.Resources.IResourcesApiProvider = Tripolygon.UModeler.Hub.ResourcesApiProviderService
[2025-12-03 오후 11:02:43] [Debug] ActualHost
[2025-12-03 오후 11:02:43] [Debug] [Application] service: Tripolygon.UModeler.Hub.IHubAnalyticsService = Tripolygon.UModeler.Hub.HubAnalyticsService
[2025-12-03 오후 11:02:43] [Debug] [Application] service: Tripolygon.UModeler.Authentication.IAuthenticationApiProvider = Tripolygon.UModeler.Editor.AuthenticationApiProviderService
[2025-12-03 오후 11:02:43] [Debug] [Application] service: Tripolygon.UModeler.Hub.Notifications.UpdateHubNotifier = Tripolygon.UModeler.Hub.Notifications.UpdateHubNotifier
[2025-12-03 오후 11:02:43] [Debug] [Application] service: Tripolygon.UModeler.UI.IObjectHierarchyService = Tripolygon.UModeler.Editor.UI.UnityEditorObjectHierarchyService
[2025-12-03 오후 11:02:43] [Debug] [Application] service: Tripolygon.UModeler.Hub.Notifications.UpdateProductNotifier = Tripolygon.UModeler.Hub.Notifications.UpdateProductNotifier
[2025-12-03 오후 11:02:43] [Debug] [Application] service: Tripolygon.UModeler.UI.IApplicationUtilityService = Tripolygon.UModeler.Editor.UI.UnityEditorApplicationUtilityService
[2025-12-03 오후 11:02:43] [Debug] [Application] service: Tripolygon.UModeler.Hub.Views.SceneViews.HubSceneViewService = Tripolygon.UModeler.Hub.Views.SceneViews.HubSceneViewService
[2025-12-03 오후 11:02:43] [Debug] [Application] service: Tripolygon.UModeler.UI.ITextureProvider = Tripolygon.UModeler.Editor.UI.UnityEditorTextureProvider
[2025-12-03 오후 11:02:44] [Debug] [Application] Service Initialize: Tripolygon.UModeler.Hub.HubAuthentication
[2025-12-03 오후 11:02:43] [Debug] [Application] service: Tripolygon.UModeler.Hub.Resources.IResourcesApiProvider = Tripolygon.UModeler.Hub.ResourcesApiProviderService
[2025-12-03 오후 11:02:44] [Debug] [Application] Service Initialize: Tripolygon.UModeler.Editor.UI.UnityEditorApplicationCache
[2025-12-03 오후 11:02:43] [Debug] [Application] service: Tripolygon.UModeler.Hub.IHubAnalyticsService = Tripolygon.UModeler.Hub.HubAnalyticsService
[2025-12-03 오후 11:02:43] [Debug] [Application] service: Tripolygon.UModeler.Hub.VSAttributionService = Tripolygon.UModeler.Hub.VSAttributionService
[2025-12-03 오후 11:02:44] [Debug] [Application] Service Initialize: Tripolygon.UModeler.Hub.HubService
[2025-12-03 오후 11:02:43] [Debug] [Application] service: Tripolygon.UModeler.Hub.Notifications.UpdateProductNotifier = Tripolygon.UModeler.Hub.Notifications.UpdateProductNotifier
[2025-12-03 오후 11:02:44] [Debug] [Application] Service Initialize: Tripolygon.UModeler.Editor.UI.UnityEditorApplicationUtilityService
[2025-12-03 오후 11:02:43] [Debug] [Application] service: Tripolygon.UModeler.Hub.Views.SceneViews.HubSceneViewService = Tripolygon.UModeler.Hub.Views.SceneViews.HubSceneViewService
[2025-12-03 오후 11:02:44] [Debug] [Application] Service Initialize: Tripolygon.UModeler.Hub.HubFlashService
[2025-12-03 오후 11:02:44] [Debug] [Application] Initialize: isReloading=False
[2025-12-03 오후 11:02:44] [Debug] [HubAnalytics] PosthogClient.SetAutoFlush: Value Changed: True
[2025-12-03 오후 11:02:44] [Debug] [Application] Service Initialize: Tripolygon.UModeler.Hub.HubAuthentication
[2025-12-03 오후 11:02:44] [Debug] [Application] Service Initialize: Tripolygon.UModeler.Editor.UI.UnityEditorApplicationCache
[2025-12-03 오후 11:02:44] [Debug] [Application] Service Initialize: Tripolygon.UModeler.Hub.HubService
[2025-12-03 오후 11:02:44] [Debug] [Application] Service Initialize: Tripolygon.UModeler.Hub.HubAnalyticsService
[2025-12-03 오후 11:02:44] [Debug] [Application] Service Initialize: Tripolygon.UModeler.Hub.HubFlashService
[2025-12-03 오후 11:02:44] [Debug] [Application] Service Initialize: Tripolygon.UModeler.Hub.VSAttributionService
[2025-12-03 오후 11:02:44] [Debug] [HubAnalytics] PosthogClient.SetAutoFlush: Value Changed: True
[2025-12-03 오후 11:02:44] [Debug] [Application] Service Initialize: Tripolygon.UModeler.Hub.Notifications.UpdateHubNotifier
[2025-12-03 오후 11:02:44] [Debug] [Application] Service Initialize: Tripolygon.UModeler.Hub.Notifications.UpdateProductNotifier
[2025-12-03 오후 11:02:44] [Debug] [Application] Service Initialize: Tripolygon.UModeler.Hub.Noticies.NoticeService
[2025-12-03 오후 11:02:44] [Debug] [Application] Service Initialize: Tripolygon.UModeler.Hub.HubAnalyticsService
[2025-12-03 오후 11:02:44] [Debug] [Application] Service Initialize: Tripolygon.UModeler.Hub.Views.SceneViews.HubSceneViewService
[2025-12-03 오후 11:02:44] [Debug] [Application] Service Initialize: Tripolygon.UModeler.Hub.VSAttributionService
[2025-12-03 오후 11:02:44] [Debug] [Application] Service Initialize: Tripolygon.UModeler.Hub.Notifications.UpdateHubNotifier
[2025-12-03 오후 11:02:44] [Debug] [Application] Service Initialize: Tripolygon.UModeler.Hub.Notifications.UpdateProductNotifier
[2025-12-03 오후 11:02:44] [Debug] [Application] Service Initialize: Tripolygon.UModeler.Hub.Noticies.NoticeService
[2025-12-03 오후 11:02:44] [Debug] [Application] Service Initialize: Tripolygon.UModeler.Hub.Views.SceneViews.HubSceneViewService
[2025-12-03 오후 11:03:31] [Debug] [Application] Release: isReloading=True
[2025-12-03 오후 11:03:31] [Debug] [Application] Service Release: Tripolygon.UModeler.Hub.Views.SceneViews.HubSceneViewService
[2025-12-03 오후 11:03:31] [Debug] [Application] Service Release: Tripolygon.UModeler.Hub.Noticies.NoticeService
[2025-12-03 오후 11:03:31] [Debug] [Application] Service Release: Tripolygon.UModeler.Hub.Notifications.UpdateProductNotifier
[2025-12-03 오후 11:03:31] [Debug] [Application] Service Release: Tripolygon.UModeler.Hub.Notifications.UpdateHubNotifier
[2025-12-03 오후 11:03:31] [Debug] [Application] Service Release: Tripolygon.UModeler.Hub.VSAttributionService
[2025-12-03 오후 11:03:31] [Debug] [HubAnalytics] PosthogClient.SetAutoFlush: Value Changed: False
[2025-12-03 오후 11:03:31] [Debug] [Application] Service Release: Tripolygon.UModeler.Hub.HubAnalyticsService
[2025-12-03 오후 11:03:31] [Debug] [Application] Service Release: Tripolygon.UModeler.Hub.HubFlashService
[2025-12-03 오후 11:03:31] [Debug] [Application] Service Release: Tripolygon.UModeler.Editor.UI.UnityEditorApplicationUtilityService
[2025-12-03 오후 11:03:31] [Debug] [Application] Service Release: Tripolygon.UModeler.Hub.HubService
[2025-12-03 오후 11:03:31] [Debug] [Application] Service Release: Tripolygon.UModeler.Editor.UI.UnityEditorApplicationCache
[2025-12-03 오후 11:03:31] [Debug] [Application] Service Release: Tripolygon.UModeler.Hub.HubAuthentication
[2025-12-03 오후 11:03:34] [Debug] [Application] service: Tripolygon.UModeler.Hub.HubAuthentication = Tripolygon.UModeler.Hub.HubAuthentication
[2025-12-03 오후 11:03:34] [Debug] [Application] service: Tripolygon.UModeler.UI.IApplicationCache = Tripolygon.UModeler.Editor.UI.UnityEditorApplicationCache
[2025-12-03 오후 11:03:34] [Debug] ActualHost
[2025-12-03 오후 11:03:34] [Debug] [Application] service: Tripolygon.UModeler.Hub.IHubService = Tripolygon.UModeler.Hub.HubService
[2025-12-03 오후 11:03:34] [Debug] [Application] service: Tripolygon.UModeler.Authentication.IAuthenticationApiProvider = Tripolygon.UModeler.Editor.AuthenticationApiProviderService
[2025-12-03 오후 11:03:34] [Debug] [Application] service: Tripolygon.UModeler.UI.IObjectHierarchyService = Tripolygon.UModeler.Editor.UI.UnityEditorObjectHierarchyService
[2025-12-03 오후 11:03:34] [Debug] [Application] service: Tripolygon.UModeler.UI.IApplicationUtilityService = Tripolygon.UModeler.Editor.UI.UnityEditorApplicationUtilityService
[2025-12-03 오후 11:03:34] [Debug] [Application] service: Tripolygon.UModeler.Editor.UI.ApplicationSettings = Tripolygon.UModeler.Editor.UI.ApplicationSettings
[2025-12-03 오후 11:03:34] [Debug] [Application] service: Tripolygon.UModeler.UI.ITextureProvider = Tripolygon.UModeler.Editor.UI.UnityEditorTextureProvider
[2025-12-03 오후 11:03:34] [Debug] [Application] service: Tripolygon.UModeler.Hub.Resources.IResourcesApiProvider = Tripolygon.UModeler.Hub.ResourcesApiProviderService
[2025-12-03 오후 11:03:34] [Debug] [Application] service: Tripolygon.UModeler.Hub.HubFlashService = Tripolygon.UModeler.Hub.HubFlashService
[2025-12-03 오후 11:03:34] [Debug] [Application] service: Tripolygon.UModeler.Hub.IHubAnalyticsService = Tripolygon.UModeler.Hub.HubAnalyticsService
[2025-12-03 오후 11:03:34] [Debug] [Application] service: Tripolygon.UModeler.Hub.VSAttributionService = Tripolygon.UModeler.Hub.VSAttributionService
[2025-12-03 오후 11:03:34] [Debug] [Application] service: Tripolygon.UModeler.Hub.Notifications.UpdateHubNotifier = Tripolygon.UModeler.Hub.Notifications.UpdateHubNotifier
[2025-12-03 오후 11:03:34] [Debug] [Application] service: Tripolygon.UModeler.Hub.Notifications.UpdateProductNotifier = Tripolygon.UModeler.Hub.Notifications.UpdateProductNotifier
[2025-12-03 오후 11:03:34] [Debug] [Application] service: Tripolygon.UModeler.Hub.INoticeService = Tripolygon.UModeler.Hub.Noticies.NoticeService
[2025-12-03 오후 11:03:34] [Debug] [Application] service: Tripolygon.UModeler.Hub.Views.SceneViews.HubSceneViewService = Tripolygon.UModeler.Hub.Views.SceneViews.HubSceneViewService
[2025-12-03 오후 11:03:36] [Debug] [Application] Initialize: isReloading=True
[2025-12-03 오후 11:03:36] [Debug] [Application] Service Initialize: Tripolygon.UModeler.Hub.HubAuthentication
[2025-12-03 오후 11:03:36] [Debug] [Application] Service Initialize: Tripolygon.UModeler.Editor.UI.UnityEditorApplicationCache
[2025-12-03 오후 11:03:36] [Debug] [Application] Service Initialize: Tripolygon.UModeler.Hub.HubService
[2025-12-03 오후 11:03:36] [Debug] [Application] Service Initialize: Tripolygon.UModeler.Editor.UI.UnityEditorApplicationUtilityService
[2025-12-03 오후 11:03:36] [Debug] [Application] Service Initialize: Tripolygon.UModeler.Hub.HubFlashService
[2025-12-03 오후 11:03:36] [Debug] [HubAnalytics] PosthogClient.SetAutoFlush: Value Changed: True
[2025-12-03 오후 11:03:36] [Debug] [Application] Service Initialize: Tripolygon.UModeler.Hub.HubAnalyticsService
[2025-12-03 오후 11:03:36] [Debug] [Application] Service Initialize: Tripolygon.UModeler.Hub.VSAttributionService
[2025-12-03 오후 11:03:36] [Debug] [Application] Service Initialize: Tripolygon.UModeler.Hub.Notifications.UpdateHubNotifier
[2025-12-03 오후 11:03:36] [Debug] [Application] Service Initialize: Tripolygon.UModeler.Hub.Notifications.UpdateProductNotifier
[2025-12-03 오후 11:03:36] [Debug] [Application] Service Initialize: Tripolygon.UModeler.Hub.Noticies.NoticeService
[2025-12-03 오후 11:03:36] [Debug] [Application] Service Initialize: Tripolygon.UModeler.Hub.Views.SceneViews.HubSceneViewService
[2025-12-03 오후 11:03:37] [Debug] [Application] Release: isReloading=True
[2025-12-03 오후 11:03:37] [Debug] [Application] Release: isReloading=True
[2025-12-03 오후 11:03:37] [Debug] [Application] Service Release: Tripolygon.UModeler.Hub.Views.SceneViews.HubSceneViewService
[2025-12-03 오후 11:03:37] [Debug] [Application] Service Release: Tripolygon.UModeler.Hub.Views.SceneViews.HubSceneViewService
[2025-12-03 오후 11:03:37] [Debug] [Application] Service Release: Tripolygon.UModeler.Hub.Noticies.NoticeService
[2025-12-03 오후 11:03:37] [Debug] [Application] Service Release: Tripolygon.UModeler.Hub.Noticies.NoticeService
[2025-12-03 오후 11:03:37] [Debug] [Application] Service Release: Tripolygon.UModeler.Hub.Notifications.UpdateProductNotifier
[2025-12-03 오후 11:03:37] [Debug] [Application] Service Release: Tripolygon.UModeler.Hub.Notifications.UpdateProductNotifier
[2025-12-03 오후 11:03:37] [Debug] [Application] Service Release: Tripolygon.UModeler.Hub.Notifications.UpdateHubNotifier
[2025-12-03 오후 11:03:37] [Debug] [Application] Service Release: Tripolygon.UModeler.Hub.VSAttributionService
[2025-12-03 오후 11:03:37] [Debug] [Application] Service Release: Tripolygon.UModeler.Hub.VSAttributionService
[2025-12-03 오후 11:03:40] [Debug] [Application] service: Tripolygon.UModeler.Hub.HubAuthentication = Tripolygon.UModeler.Hub.HubAuthentication
[2025-12-03 오후 11:03:40] [Debug] [Application] service: Tripolygon.UModeler.UI.IApplicationCache = Tripolygon.UModeler.Editor.UI.UnityEditorApplicationCache
[2025-12-03 오후 11:03:40] [Debug] ActualHost
[2025-12-03 오후 11:03:40] [Debug] [Application] service: Tripolygon.UModeler.Hub.HubAuthentication = Tripolygon.UModeler.Hub.HubAuthentication
[2025-12-03 오후 11:03:40] [Debug] [Application] service: Tripolygon.UModeler.UI.ITextureProvider = Tripolygon.UModeler.Editor.UI.UnityEditorTextureProvider
[2025-12-03 오후 11:03:40] [Debug] [Application] service: Tripolygon.UModeler.UI.IApplicationCache = Tripolygon.UModeler.Editor.UI.UnityEditorApplicationCache
[2025-12-03 오후 11:03:40] [Debug] [Application] service: Tripolygon.UModeler.Hub.HubFlashService = Tripolygon.UModeler.Hub.HubFlashService
[2025-12-03 오후 11:03:40] [Debug] ActualHost
[2025-12-03 오후 11:03:40] [Debug] [Application] service: Tripolygon.UModeler.Hub.IHubAnalyticsService = Tripolygon.UModeler.Hub.HubAnalyticsService
[2025-12-03 오후 11:03:40] [Debug] [Application] service: Tripolygon.UModeler.Hub.Notifications.UpdateHubNotifier = Tripolygon.UModeler.Hub.Notifications.UpdateHubNotifier
[2025-12-03 오후 11:03:40] [Debug] [Application] service: Tripolygon.UModeler.Hub.Notifications.UpdateProductNotifier = Tripolygon.UModeler.Hub.Notifications.UpdateProductNotifier
[2025-12-03 오후 11:03:40] [Debug] [Application] service: Tripolygon.UModeler.Hub.Notifications.UpdateProductNotifier = Tripolygon.UModeler.Hub.Notifications.UpdateProductNotifier
[2025-12-03 오후 11:03:40] [Debug] [Application] service: Tripolygon.UModeler.Hub.Views.SceneViews.HubSceneViewService = Tripolygon.UModeler.Hub.Views.SceneViews.HubSceneViewService
[2025-12-03 오후 11:03:40] [Debug] [Application] service: Tripolygon.UModeler.Hub.Views.SceneViews.HubSceneViewService = Tripolygon.UModeler.Hub.Views.SceneViews.HubSceneViewService
[2025-12-03 오후 11:03:41] [Debug] [Application] Service Initialize: Tripolygon.UModeler.Hub.HubAuthentication
[2025-12-03 오후 11:03:41] [Debug] [Application] Initialize: isReloading=True
[2025-12-03 오후 11:03:41] [Debug] [Application] Service Initialize: Tripolygon.UModeler.Editor.UI.UnityEditorApplicationCache
[2025-12-03 오후 11:03:41] [Debug] [Application] Service Initialize: Tripolygon.UModeler.Hub.HubAuthentication
[2025-12-03 오후 11:03:41] [Debug] [Application] Service Initialize: Tripolygon.UModeler.Editor.UI.UnityEditorApplicationCache
[2025-12-03 오후 11:03:41] [Debug] [Application] Service Initialize: Tripolygon.UModeler.Hub.HubService
[2025-12-03 오후 11:03:41] [Debug] [Application] Service Initialize: Tripolygon.UModeler.Editor.UI.UnityEditorApplicationUtilityService
[2025-12-03 오후 11:03:41] [Debug] [Application] Service Initialize: Tripolygon.UModeler.Hub.HubService
[2025-12-03 오후 11:03:41] [Debug] [Application] Service Initialize: Tripolygon.UModeler.Hub.HubFlashService
[2025-12-03 오후 11:03:41] [Debug] [Application] Service Initialize: Tripolygon.UModeler.Editor.UI.UnityEditorApplicationUtilityService
[2025-12-03 오후 11:03:41] [Debug] [Application] Service Initialize: Tripolygon.UModeler.Hub.HubFlashService
[2025-12-03 오후 11:03:41] [Debug] [HubAnalytics] PosthogClient.SetAutoFlush: Value Changed: True
[2025-12-03 오후 11:03:41] [Debug] [HubAnalytics] PosthogClient.SetAutoFlush: Value Changed: True
[2025-12-03 오후 11:03:41] [Debug] [Application] Service Initialize: Tripolygon.UModeler.Hub.HubAnalyticsService
[2025-12-03 오후 11:03:42] [Debug] [Application] Service Initialize: Tripolygon.UModeler.Hub.VSAttributionService
[2025-12-03 오후 11:03:42] [Debug] [Application] Service Initialize: Tripolygon.UModeler.Hub.HubAnalyticsService
[2025-12-03 오후 11:03:42] [Debug] [Application] Service Initialize: Tripolygon.UModeler.Hub.Notifications.UpdateHubNotifier
[2025-12-03 오후 11:03:42] [Debug] [Application] Service Initialize: Tripolygon.UModeler.Hub.VSAttributionService
[2025-12-03 오후 11:03:42] [Debug] [Application] Service Initialize: Tripolygon.UModeler.Hub.Notifications.UpdateProductNotifier
[2025-12-03 오후 11:03:42] [Debug] [Application] Service Initialize: Tripolygon.UModeler.Hub.Notifications.UpdateHubNotifier
[2025-12-03 오후 11:03:42] [Debug] [Application] Service Initialize: Tripolygon.UModeler.Hub.Noticies.NoticeService
[2025-12-03 오후 11:03:42] [Debug] [Application] Service Initialize: Tripolygon.UModeler.Hub.Notifications.UpdateProductNotifier
[2025-12-03 오후 11:03:42] [Debug] [Application] Service Initialize: Tripolygon.UModeler.Hub.Views.SceneViews.HubSceneViewService
[2025-12-03 오후 11:03:42] [Debug] [Application] Service Initialize: Tripolygon.UModeler.Hub.Noticies.NoticeService
[2025-12-03 오후 11:03:42] [Debug] [Application] Service Initialize: Tripolygon.UModeler.Hub.Views.SceneViews.HubSceneViewService
[2025-12-03 오후 11:05:48] [Debug] [Application] Release: isReloading=True
[2025-12-03 오후 11:05:48] [Debug] [Application] Service Release: Tripolygon.UModeler.Hub.Views.SceneViews.HubSceneViewService
[2025-12-03 오후 11:05:48] [Debug] [Application] Service Release: Tripolygon.UModeler.Hub.Noticies.NoticeService
[2025-12-03 오후 11:05:48] [Debug] [Application] Service Release: Tripolygon.UModeler.Hub.Notifications.UpdateProductNotifier
[2025-12-03 오후 11:05:48] [Debug] [Application] Service Release: Tripolygon.UModeler.Hub.Notifications.UpdateHubNotifier
[2025-12-03 오후 11:05:48] [Debug] [Application] Service Release: Tripolygon.UModeler.Hub.VSAttributionService
[2025-12-03 오후 11:05:48] [Debug] [HubAnalytics] PosthogClient.SetAutoFlush: Value Changed: False
[2025-12-03 오후 11:05:48] [Debug] [Application] Service Release: Tripolygon.UModeler.Hub.HubAnalyticsService
[2025-12-03 오후 11:05:48] [Debug] [Application] Service Release: Tripolygon.UModeler.Hub.HubFlashService
[2025-12-03 오후 11:05:48] [Debug] [Application] Service Release: Tripolygon.UModeler.Editor.UI.UnityEditorApplicationUtilityService
[2025-12-03 오후 11:05:48] [Debug] [Application] Service Release: Tripolygon.UModeler.Hub.HubService
[2025-12-03 오후 11:05:48] [Debug] [Application] Service Release: Tripolygon.UModeler.Editor.UI.UnityEditorApplicationCache
[2025-12-03 오후 11:05:48] [Debug] [Application] Service Release: Tripolygon.UModeler.Hub.HubAuthentication
[2025-12-03 오후 11:05:52] [Debug] [Application] service: Tripolygon.UModeler.Hub.HubAuthentication = Tripolygon.UModeler.Hub.HubAuthentication
[2025-12-03 오후 11:05:52] [Debug] [Application] service: Tripolygon.UModeler.UI.IApplicationCache = Tripolygon.UModeler.Editor.UI.UnityEditorApplicationCache
[2025-12-03 오후 11:05:52] [Debug] ActualHost
[2025-12-03 오후 11:05:52] [Debug] [Application] service: Tripolygon.UModeler.Hub.IHubService = Tripolygon.UModeler.Hub.HubService
[2025-12-03 오후 11:05:52] [Debug] [Application] service: Tripolygon.UModeler.Authentication.IAuthenticationApiProvider = Tripolygon.UModeler.Editor.AuthenticationApiProviderService
[2025-12-03 오후 11:05:52] [Debug] [Application] service: Tripolygon.UModeler.UI.IObjectHierarchyService = Tripolygon.UModeler.Editor.UI.UnityEditorObjectHierarchyService
[2025-12-03 오후 11:05:52] [Debug] [Application] service: Tripolygon.UModeler.UI.IApplicationUtilityService = Tripolygon.UModeler.Editor.UI.UnityEditorApplicationUtilityService
[2025-12-03 오후 11:05:52] [Debug] [Application] service: Tripolygon.UModeler.Editor.UI.ApplicationSettings = Tripolygon.UModeler.Editor.UI.ApplicationSettings
[2025-12-03 오후 11:05:52] [Debug] [Application] service: Tripolygon.UModeler.UI.ITextureProvider = Tripolygon.UModeler.Editor.UI.UnityEditorTextureProvider
[2025-12-03 오후 11:05:52] [Debug] [Application] service: Tripolygon.UModeler.Hub.Resources.IResourcesApiProvider = Tripolygon.UModeler.Hub.ResourcesApiProviderService
[2025-12-03 오후 11:05:52] [Debug] [Application] service: Tripolygon.UModeler.Hub.HubFlashService = Tripolygon.UModeler.Hub.HubFlashService
[2025-12-03 오후 11:05:52] [Debug] [Application] service: Tripolygon.UModeler.Hub.IHubAnalyticsService = Tripolygon.UModeler.Hub.HubAnalyticsService
[2025-12-03 오후 11:05:52] [Debug] [Application] service: Tripolygon.UModeler.Hub.VSAttributionService = Tripolygon.UModeler.Hub.VSAttributionService
[2025-12-03 오후 11:05:52] [Debug] [Application] service: Tripolygon.UModeler.Hub.Notifications.UpdateHubNotifier = Tripolygon.UModeler.Hub.Notifications.UpdateHubNotifier
[2025-12-03 오후 11:05:52] [Debug] [Application] service: Tripolygon.UModeler.Hub.Notifications.UpdateProductNotifier = Tripolygon.UModeler.Hub.Notifications.UpdateProductNotifier
[2025-12-03 오후 11:05:52] [Debug] [Application] service: Tripolygon.UModeler.Hub.INoticeService = Tripolygon.UModeler.Hub.Noticies.NoticeService
[2025-12-03 오후 11:05:52] [Debug] [Application] service: Tripolygon.UModeler.Hub.Views.SceneViews.HubSceneViewService = Tripolygon.UModeler.Hub.Views.SceneViews.HubSceneViewService
[2025-12-03 오후 11:05:54] [Debug] [Application] Initialize: isReloading=True
[2025-12-03 오후 11:05:54] [Debug] [Application] Service Initialize: Tripolygon.UModeler.Hub.HubAuthentication
[2025-12-03 오후 11:05:54] [Debug] [Application] Service Initialize: Tripolygon.UModeler.Editor.UI.UnityEditorApplicationCache
[2025-12-03 오후 11:05:54] [Debug] [Application] Service Initialize: Tripolygon.UModeler.Hub.HubService
[2025-12-03 오후 11:05:54] [Debug] [Application] Service Initialize: Tripolygon.UModeler.Editor.UI.UnityEditorApplicationUtilityService
[2025-12-03 오후 11:05:54] [Debug] [Application] Service Initialize: Tripolygon.UModeler.Hub.HubFlashService
[2025-12-03 오후 11:05:54] [Debug] [HubAnalytics] PosthogClient.SetAutoFlush: Value Changed: True
[2025-12-03 오후 11:05:54] [Debug] [Application] Service Initialize: Tripolygon.UModeler.Hub.HubAnalyticsService
[2025-12-03 오후 11:05:54] [Debug] [Application] Service Initialize: Tripolygon.UModeler.Hub.VSAttributionService
[2025-12-03 오후 11:05:54] [Debug] [Application] Service Initialize: Tripolygon.UModeler.Hub.Notifications.UpdateHubNotifier
[2025-12-03 오후 11:05:54] [Debug] [Application] Service Initialize: Tripolygon.UModeler.Hub.Notifications.UpdateProductNotifier
[2025-12-03 오후 11:05:54] [Debug] [Application] Service Initialize: Tripolygon.UModeler.Hub.Noticies.NoticeService
[2025-12-03 오후 11:05:54] [Debug] [Application] Service Initialize: Tripolygon.UModeler.Hub.Views.SceneViews.HubSceneViewService
[2025-12-03 오후 11:05:55] [Debug] [Application] Release: isReloading=True
[2025-12-03 오후 11:05:55] [Debug] [Application] Release: isReloading=True
[2025-12-03 오후 11:05:55] [Debug] [Application] Service Release: Tripolygon.UModeler.Hub.Views.SceneViews.HubSceneViewService
[2025-12-03 오후 11:05:55] [Debug] [Application] Service Release: Tripolygon.UModeler.Hub.Views.SceneViews.HubSceneViewService
[2025-12-03 오후 11:05:55] [Debug] [Application] Service Release: Tripolygon.UModeler.Hub.Noticies.NoticeService
[2025-12-03 오후 11:05:55] [Debug] [Application] Service Release: Tripolygon.UModeler.Hub.Noticies.NoticeService
[2025-12-03 오후 11:05:55] [Debug] [Application] Service Release: Tripolygon.UModeler.Hub.Notifications.UpdateProductNotifier
[2025-12-03 오후 11:05:55] [Debug] [Application] Service Release: Tripolygon.UModeler.Hub.Notifications.UpdateProductNotifier
[2025-12-03 오후 11:05:55] [Debug] [Application] Service Release: Tripolygon.UModeler.Hub.Notifications.UpdateHubNotifier
[2025-12-03 오후 11:05:55] [Debug] [Application] Service Release: Tripolygon.UModeler.Hub.Notifications.UpdateHubNotifier
[2025-12-03 오후 11:05:55] [Debug] [Application] Service Release: Tripolygon.UModeler.Hub.VSAttributionService
[2025-12-03 오후 11:05:55] [Debug] [Application] Service Release: Tripolygon.UModeler.Hub.VSAttributionService
[2025-12-03 오후 11:05:58] [Debug] [Application] service: Tripolygon.UModeler.Hub.HubAuthentication = Tripolygon.UModeler.Hub.HubAuthentication
[2025-12-03 오후 11:05:58] [Debug] [Application] service: Tripolygon.UModeler.UI.IApplicationCache = Tripolygon.UModeler.Editor.UI.UnityEditorApplicationCache
[2025-12-03 오후 11:05:58] [Debug] ActualHost
[2025-12-03 오후 11:05:58] [Debug] [Application] service: Tripolygon.UModeler.Hub.IHubService = Tripolygon.UModeler.Hub.HubService
[2025-12-03 오후 11:05:58] [Debug] [Application] service: Tripolygon.UModeler.Authentication.IAuthenticationApiProvider = Tripolygon.UModeler.Editor.AuthenticationApiProviderService
[2025-12-03 오후 11:05:58] [Debug] [Application] service: Tripolygon.UModeler.UI.IObjectHierarchyService = Tripolygon.UModeler.Editor.UI.UnityEditorObjectHierarchyService
[2025-12-03 오후 11:05:58] [Debug] [Application] service: Tripolygon.UModeler.Hub.HubAuthentication = Tripolygon.UModeler.Hub.HubAuthentication
[2025-12-03 오후 11:05:58] [Debug] [Application] service: Tripolygon.UModeler.Hub.IHubAnalyticsService = Tripolygon.UModeler.Hub.HubAnalyticsService
[2025-12-03 오후 11:05:58] [Debug] [Application] service: Tripolygon.UModeler.UI.IApplicationCache = Tripolygon.UModeler.Editor.UI.UnityEditorApplicationCache
[2025-12-03 오후 11:05:58] [Debug] [Application] service: Tripolygon.UModeler.Hub.Notifications.UpdateHubNotifier = Tripolygon.UModeler.Hub.Notifications.UpdateHubNotifier
[2025-12-03 오후 11:05:58] [Debug] [Application] service: Tripolygon.UModeler.Hub.IHubService = Tripolygon.UModeler.Hub.HubService
[2025-12-03 오후 11:05:58] [Debug] [Application] service: Tripolygon.UModeler.Hub.INoticeService = Tripolygon.UModeler.Hub.Noticies.NoticeService
[2025-12-03 오후 11:05:58] [Debug] [Application] service: Tripolygon.UModeler.Hub.Views.SceneViews.HubSceneViewService = Tripolygon.UModeler.Hub.Views.SceneViews.HubSceneViewService
[2025-12-03 오후 11:05:58] [Debug] [Application] service: Tripolygon.UModeler.UI.IApplicationUtilityService = Tripolygon.UModeler.Editor.UI.UnityEditorApplicationUtilityService
[2025-12-03 오후 11:05:59] [Debug] [Application] Service Initialize: Tripolygon.UModeler.Hub.HubAuthentication
[2025-12-03 오후 11:05:58] [Debug] [Application] service: Tripolygon.UModeler.Editor.UI.ApplicationSettings = Tripolygon.UModeler.Editor.UI.ApplicationSettings
[2025-12-03 오후 11:05:59] [Debug] [Application] Service Initialize: Tripolygon.UModeler.Editor.UI.UnityEditorApplicationCache
[2025-12-03 오후 11:05:58] [Debug] [Application] service: Tripolygon.UModeler.UI.ITextureProvider = Tripolygon.UModeler.Editor.UI.UnityEditorTextureProvider
[2025-12-03 오후 11:05:58] [Debug] [Application] service: Tripolygon.UModeler.Hub.Resources.IResourcesApiProvider = Tripolygon.UModeler.Hub.ResourcesApiProviderService
[2025-12-03 오후 11:05:59] [Debug] [Application] Service Initialize: Tripolygon.UModeler.Hub.HubService
[2025-12-03 오후 11:05:58] [Debug] [Application] service: Tripolygon.UModeler.Hub.HubFlashService = Tripolygon.UModeler.Hub.HubFlashService
[2025-12-03 오후 11:05:59] [Debug] [Application] Service Initialize: Tripolygon.UModeler.Editor.UI.UnityEditorApplicationUtilityService
[2025-12-03 오후 11:05:58] [Debug] [Application] service: Tripolygon.UModeler.Hub.IHubAnalyticsService = Tripolygon.UModeler.Hub.HubAnalyticsService
[2025-12-03 오후 11:05:59] [Debug] [Application] Service Initialize: Tripolygon.UModeler.Hub.HubFlashService
[2025-12-03 오후 11:05:58] [Debug] [Application] service: Tripolygon.UModeler.Hub.VSAttributionService = Tripolygon.UModeler.Hub.VSAttributionService
[2025-12-03 오후 11:05:58] [Debug] [Application] service: Tripolygon.UModeler.Hub.Notifications.UpdateHubNotifier = Tripolygon.UModeler.Hub.Notifications.UpdateHubNotifier
[2025-12-03 오후 11:05:59] [Debug] [HubAnalytics] PosthogClient.SetAutoFlush: Value Changed: True
[2025-12-03 오후 11:05:58] [Debug] [Application] service: Tripolygon.UModeler.Hub.Notifications.UpdateProductNotifier = Tripolygon.UModeler.Hub.Notifications.UpdateProductNotifier
[2025-12-03 오후 11:05:58] [Debug] [Application] service: Tripolygon.UModeler.Hub.INoticeService = Tripolygon.UModeler.Hub.Noticies.NoticeService
[2025-12-03 오후 11:05:58] [Debug] [Application] service: Tripolygon.UModeler.Hub.Views.SceneViews.HubSceneViewService = Tripolygon.UModeler.Hub.Views.SceneViews.HubSceneViewService
[2025-12-03 오후 11:05:59] [Debug] [Application] Initialize: isReloading=False
[2025-12-03 오후 11:05:59] [Debug] [Application] Service Initialize: Tripolygon.UModeler.Hub.HubAnalyticsService
[2025-12-03 오후 11:05:59] [Debug] [Application] Service Initialize: Tripolygon.UModeler.Hub.HubAuthentication
[2025-12-03 오후 11:05:59] [Debug] [Application] Service Initialize: Tripolygon.UModeler.Hub.VSAttributionService
[2025-12-03 오후 11:05:59] [Debug] [Application] Service Initialize: Tripolygon.UModeler.Editor.UI.UnityEditorApplicationCache
[2025-12-03 오후 11:05:59] [Debug] [Application] Service Initialize: Tripolygon.UModeler.Hub.Notifications.UpdateHubNotifier
[2025-12-03 오후 11:05:59] [Debug] [Application] Service Initialize: Tripolygon.UModeler.Hub.HubService
[2025-12-03 오후 11:05:59] [Debug] [Application] Service Initialize: Tripolygon.UModeler.Hub.Notifications.UpdateProductNotifier
[2025-12-03 오후 11:05:59] [Debug] [Application] Service Initialize: Tripolygon.UModeler.Hub.HubFlashService
[2025-12-03 오후 11:05:59] [Debug] [Application] Service Initialize: Tripolygon.UModeler.Hub.Noticies.NoticeService
[2025-12-03 오후 11:05:59] [Debug] [HubAnalytics] PosthogClient.SetAutoFlush: Value Changed: True
[2025-12-03 오후 11:05:59] [Debug] [Application] Service Initialize: Tripolygon.UModeler.Hub.Views.SceneViews.HubSceneViewService
[2025-12-03 오후 11:05:59] [Debug] [Application] Service Initialize: Tripolygon.UModeler.Hub.HubAnalyticsService
[2025-12-03 오후 11:06:00] [Debug] [Application] Service Initialize: Tripolygon.UModeler.Hub.VSAttributionService
[2025-12-03 오후 11:06:00] [Debug] [Application] Service Initialize: Tripolygon.UModeler.Hub.Notifications.UpdateHubNotifier
[2025-12-03 오후 11:06:00] [Debug] [Application] Service Initialize: Tripolygon.UModeler.Hub.Notifications.UpdateProductNotifier
[2025-12-03 오후 11:06:00] [Debug] [Application] Service Initialize: Tripolygon.UModeler.Hub.Noticies.NoticeService
[2025-12-03 오후 11:06:00] [Debug] [Application] Service Initialize: Tripolygon.UModeler.Hub.Views.SceneViews.HubSceneViewService
[2025-12-03 오후 11:06:32] [Debug] [Application] Release: isReloading=True
[2025-12-03 오후 11:06:32] [Debug] [Application] Service Release: Tripolygon.UModeler.Hub.Views.SceneViews.HubSceneViewService
[2025-12-03 오후 11:06:32] [Debug] [Application] Service Release: Tripolygon.UModeler.Hub.Noticies.NoticeService
[2025-12-03 오후 11:06:32] [Debug] [Application] Service Release: Tripolygon.UModeler.Hub.Notifications.UpdateProductNotifier
[2025-12-03 오후 11:06:32] [Debug] [Application] Service Release: Tripolygon.UModeler.Hub.Notifications.UpdateHubNotifier
[2025-12-03 오후 11:06:32] [Debug] [Application] Service Release: Tripolygon.UModeler.Hub.VSAttributionService
[2025-12-03 오후 11:06:32] [Debug] [HubAnalytics] PosthogClient.SetAutoFlush: Value Changed: False
[2025-12-03 오후 11:06:32] [Debug] [Application] Service Release: Tripolygon.UModeler.Hub.HubAnalyticsService
[2025-12-03 오후 11:06:32] [Debug] [Application] Service Release: Tripolygon.UModeler.Hub.HubFlashService
[2025-12-03 오후 11:06:32] [Debug] [Application] Service Release: Tripolygon.UModeler.Editor.UI.UnityEditorApplicationUtilityService
[2025-12-03 오후 11:06:32] [Debug] [Application] Service Release: Tripolygon.UModeler.Hub.HubService
[2025-12-03 오후 11:06:32] [Debug] [Application] Service Release: Tripolygon.UModeler.Editor.UI.UnityEditorApplicationCache
[2025-12-03 오후 11:06:32] [Debug] [Application] Service Release: Tripolygon.UModeler.Hub.HubAuthentication
[2025-12-03 오후 11:06:35] [Debug] [Application] service: Tripolygon.UModeler.Hub.HubAuthentication = Tripolygon.UModeler.Hub.HubAuthentication
[2025-12-03 오후 11:06:35] [Debug] [Application] service: Tripolygon.UModeler.UI.IApplicationCache = Tripolygon.UModeler.Editor.UI.UnityEditorApplicationCache
[2025-12-03 오후 11:06:35] [Debug] ActualHost
[2025-12-03 오후 11:06:35] [Debug] [Application] service: Tripolygon.UModeler.Hub.IHubService = Tripolygon.UModeler.Hub.HubService
[2025-12-03 오후 11:06:35] [Debug] [Application] service: Tripolygon.UModeler.Authentication.IAuthenticationApiProvider = Tripolygon.UModeler.Editor.AuthenticationApiProviderService
[2025-12-03 오후 11:06:35] [Debug] [Application] service: Tripolygon.UModeler.UI.IObjectHierarchyService = Tripolygon.UModeler.Editor.UI.UnityEditorObjectHierarchyService
[2025-12-03 오후 11:06:35] [Debug] [Application] service: Tripolygon.UModeler.UI.IApplicationUtilityService = Tripolygon.UModeler.Editor.UI.UnityEditorApplicationUtilityService
[2025-12-03 오후 11:06:35] [Debug] [Application] service: Tripolygon.UModeler.Editor.UI.ApplicationSettings = Tripolygon.UModeler.Editor.UI.ApplicationSettings
[2025-12-03 오후 11:06:35] [Debug] [Application] service: Tripolygon.UModeler.UI.ITextureProvider = Tripolygon.UModeler.Editor.UI.UnityEditorTextureProvider
[2025-12-03 오후 11:06:35] [Debug] [Application] service: Tripolygon.UModeler.Hub.Resources.IResourcesApiProvider = Tripolygon.UModeler.Hub.ResourcesApiProviderService
[2025-12-03 오후 11:06:35] [Debug] [Application] service: Tripolygon.UModeler.Hub.HubFlashService = Tripolygon.UModeler.Hub.HubFlashService
[2025-12-03 오후 11:06:35] [Debug] [Application] service: Tripolygon.UModeler.Hub.IHubAnalyticsService = Tripolygon.UModeler.Hub.HubAnalyticsService
[2025-12-03 오후 11:06:35] [Debug] [Application] service: Tripolygon.UModeler.Hub.VSAttributionService = Tripolygon.UModeler.Hub.VSAttributionService
[2025-12-03 오후 11:06:35] [Debug] [Application] service: Tripolygon.UModeler.Hub.Notifications.UpdateHubNotifier = Tripolygon.UModeler.Hub.Notifications.UpdateHubNotifier
[2025-12-03 오후 11:06:35] [Debug] [Application] service: Tripolygon.UModeler.Hub.Notifications.UpdateProductNotifier = Tripolygon.UModeler.Hub.Notifications.UpdateProductNotifier
[2025-12-03 오후 11:06:35] [Debug] [Application] service: Tripolygon.UModeler.Hub.INoticeService = Tripolygon.UModeler.Hub.Noticies.NoticeService
[2025-12-03 오후 11:06:35] [Debug] [Application] service: Tripolygon.UModeler.Hub.Views.SceneViews.HubSceneViewService = Tripolygon.UModeler.Hub.Views.SceneViews.HubSceneViewService
[2025-12-03 오후 11:06:37] [Debug] [Application] Initialize: isReloading=True
[2025-12-03 오후 11:06:37] [Debug] [Application] Service Initialize: Tripolygon.UModeler.Hub.HubAuthentication
[2025-12-03 오후 11:06:37] [Debug] [Application] Service Initialize: Tripolygon.UModeler.Editor.UI.UnityEditorApplicationCache
[2025-12-03 오후 11:06:37] [Debug] [Application] Service Initialize: Tripolygon.UModeler.Hub.HubService
[2025-12-03 오후 11:06:37] [Debug] [Application] Service Initialize: Tripolygon.UModeler.Editor.UI.UnityEditorApplicationUtilityService
[2025-12-03 오후 11:06:37] [Debug] [Application] Service Initialize: Tripolygon.UModeler.Hub.HubFlashService
[2025-12-03 오후 11:06:37] [Debug] [HubAnalytics] PosthogClient.SetAutoFlush: Value Changed: True
[2025-12-03 오후 11:06:37] [Debug] [Application] Service Initialize: Tripolygon.UModeler.Hub.HubAnalyticsService
[2025-12-03 오후 11:06:38] [Debug] [Application] Service Initialize: Tripolygon.UModeler.Hub.VSAttributionService
[2025-12-03 오후 11:06:38] [Debug] [Application] Service Initialize: Tripolygon.UModeler.Hub.Notifications.UpdateHubNotifier
[2025-12-03 오후 11:06:38] [Debug] [Application] Service Initialize: Tripolygon.UModeler.Hub.Notifications.UpdateProductNotifier
[2025-12-03 오후 11:06:38] [Debug] [Application] Service Initialize: Tripolygon.UModeler.Hub.Noticies.NoticeService
[2025-12-03 오후 11:06:38] [Debug] [Application] Service Initialize: Tripolygon.UModeler.Hub.Views.SceneViews.HubSceneViewService
[2025-12-03 오후 11:06:38] [Debug] [Application] Release: isReloading=True
[2025-12-03 오후 11:06:38] [Debug] [Application] Release: isReloading=True
[2025-12-03 오후 11:06:38] [Debug] [Application] Service Release: Tripolygon.UModeler.Hub.Views.SceneViews.HubSceneViewService
[2025-12-03 오후 11:06:38] [Debug] [Application] Service Release: Tripolygon.UModeler.Hub.Views.SceneViews.HubSceneViewService
[2025-12-03 오후 11:06:38] [Debug] [Application] Service Release: Tripolygon.UModeler.Hub.Noticies.NoticeService
[2025-12-03 오후 11:06:38] [Debug] [Application] Service Release: Tripolygon.UModeler.Hub.Noticies.NoticeService
[2025-12-03 오후 11:06:38] [Debug] [Application] Service Release: Tripolygon.UModeler.Hub.Notifications.UpdateProductNotifier
[2025-12-03 오후 11:06:38] [Debug] [Application] Service Release: Tripolygon.UModeler.Hub.Notifications.UpdateProductNotifier
[2025-12-03 오후 11:06:38] [Debug] [Application] Service Release: Tripolygon.UModeler.Hub.Notifications.UpdateHubNotifier
[2025-12-03 오후 11:06:38] [Debug] [Application] Service Release: Tripolygon.UModeler.Hub.Notifications.UpdateHubNotifier
[2025-12-03 오후 11:06:38] [Debug] [Application] Service Release: Tripolygon.UModeler.Hub.VSAttributionService
[2025-12-03 오후 11:06:38] [Debug] [Application] Service Release: Tripolygon.UModeler.Hub.VSAttributionService
[2025-12-03 오후 11:06:41] [Debug] [Application] service: Tripolygon.UModeler.Hub.HubAuthentication = Tripolygon.UModeler.Hub.HubAuthentication
[2025-12-03 오후 11:06:41] [Debug] [Application] service: Tripolygon.UModeler.UI.IApplicationCache = Tripolygon.UModeler.Editor.UI.UnityEditorApplicationCache
[2025-12-03 오후 11:06:41] [Debug] ActualHost
[2025-12-03 오후 11:06:41] [Debug] [Application] service: Tripolygon.UModeler.Hub.IHubService = Tripolygon.UModeler.Hub.HubService
[2025-12-03 오후 11:06:41] [Debug] [Application] service: Tripolygon.UModeler.Hub.HubAuthentication = Tripolygon.UModeler.Hub.HubAuthentication
[2025-12-03 오후 11:06:41] [Debug] [Application] service: Tripolygon.UModeler.Hub.Resources.IResourcesApiProvider = Tripolygon.UModeler.Hub.ResourcesApiProviderService
[2025-12-03 오후 11:06:41] [Debug] [Application] service: Tripolygon.UModeler.UI.IApplicationCache = Tripolygon.UModeler.Editor.UI.UnityEditorApplicationCache
[2025-12-03 오후 11:06:41] [Debug] [Application] service: Tripolygon.UModeler.Hub.IHubAnalyticsService = Tripolygon.UModeler.Hub.HubAnalyticsService
[2025-12-03 오후 11:06:41] [Debug] ActualHost
[2025-12-03 오후 11:06:41] [Debug] [Application] service: Tripolygon.UModeler.Hub.Notifications.UpdateHubNotifier = Tripolygon.UModeler.Hub.Notifications.UpdateHubNotifier
[2025-12-03 오후 11:06:41] [Debug] [Application] service: Tripolygon.UModeler.Hub.IHubService = Tripolygon.UModeler.Hub.HubService
[2025-12-03 오후 11:06:41] [Debug] [Application] service: Tripolygon.UModeler.Hub.INoticeService = Tripolygon.UModeler.Hub.Noticies.NoticeService
[2025-12-03 오후 11:06:41] [Debug] [Application] service: Tripolygon.UModeler.UI.IObjectHierarchyService = Tripolygon.UModeler.Editor.UI.UnityEditorObjectHierarchyService
[2025-12-03 오후 11:06:42] [Debug] [Application] Initialize: isReloading=True
[2025-12-03 오후 11:06:41] [Debug] [Application] service: Tripolygon.UModeler.UI.IApplicationUtilityService = Tripolygon.UModeler.Editor.UI.UnityEditorApplicationUtilityService
[2025-12-03 오후 11:06:43] [Debug] [Application] Service Initialize: Tripolygon.UModeler.Hub.HubAuthentication
[2025-12-03 오후 11:06:41] [Debug] [Application] service: Tripolygon.UModeler.Editor.UI.ApplicationSettings = Tripolygon.UModeler.Editor.UI.ApplicationSettings
[2025-12-03 오후 11:06:43] [Debug] [Application] Service Initialize: Tripolygon.UModeler.Editor.UI.UnityEditorApplicationCache
[2025-12-03 오후 11:06:41] [Debug] [Application] service: Tripolygon.UModeler.Hub.Resources.IResourcesApiProvider = Tripolygon.UModeler.Hub.ResourcesApiProviderService
[2025-12-03 오후 11:06:43] [Debug] [Application] Service Initialize: Tripolygon.UModeler.Hub.HubService
[2025-12-03 오후 11:06:41] [Debug] [Application] service: Tripolygon.UModeler.Hub.HubFlashService = Tripolygon.UModeler.Hub.HubFlashService
[2025-12-03 오후 11:06:43] [Debug] [Application] Service Initialize: Tripolygon.UModeler.Editor.UI.UnityEditorApplicationUtilityService
[2025-12-03 오후 11:06:41] [Debug] [Application] service: Tripolygon.UModeler.Hub.VSAttributionService = Tripolygon.UModeler.Hub.VSAttributionService
[2025-12-03 오후 11:06:43] [Debug] [Application] Service Initialize: Tripolygon.UModeler.Hub.HubFlashService
[2025-12-03 오후 11:06:41] [Debug] [Application] service: Tripolygon.UModeler.Hub.Notifications.UpdateProductNotifier = Tripolygon.UModeler.Hub.Notifications.UpdateProductNotifier
[2025-12-03 오후 11:06:41] [Debug] [Application] service: Tripolygon.UModeler.Hub.INoticeService = Tripolygon.UModeler.Hub.Noticies.NoticeService
[2025-12-03 오후 11:06:43] [Debug] [HubAnalytics] PosthogClient.SetAutoFlush: Value Changed: True
[2025-12-03 오후 11:06:42] [Debug] [Application] Initialize: isReloading=False
[2025-12-03 오후 11:06:43] [Debug] [Application] Service Initialize: Tripolygon.UModeler.Hub.HubAuthentication
[2025-12-03 오후 11:06:43] [Debug] [Application] Service Initialize: Tripolygon.UModeler.Editor.UI.UnityEditorApplicationCache
[2025-12-03 오후 11:06:43] [Debug] [Application] Service Initialize: Tripolygon.UModeler.Hub.HubAnalyticsService
[2025-12-03 오후 11:06:43] [Debug] [Application] Service Initialize: Tripolygon.UModeler.Hub.VSAttributionService
[2025-12-03 오후 11:06:43] [Debug] [Application] Service Initialize: Tripolygon.UModeler.Hub.HubService
[2025-12-03 오후 11:06:43] [Debug] [Application] Service Initialize: Tripolygon.UModeler.Hub.Notifications.UpdateHubNotifier
[2025-12-03 오후 11:06:43] [Debug] [Application] Service Initialize: Tripolygon.UModeler.Editor.UI.UnityEditorApplicationUtilityService
[2025-12-03 오후 11:06:43] [Debug] [Application] Service Initialize: Tripolygon.UModeler.Hub.Notifications.UpdateProductNotifier
[2025-12-03 오후 11:06:43] [Debug] [Application] Service Initialize: Tripolygon.UModeler.Hub.HubFlashService
[2025-12-03 오후 11:06:43] [Debug] [Application] Service Initialize: Tripolygon.UModeler.Hub.Noticies.NoticeService
[2025-12-03 오후 11:06:43] [Debug] [HubAnalytics] PosthogClient.SetAutoFlush: Value Changed: True
[2025-12-03 오후 11:06:43] [Debug] [Application] Service Initialize: Tripolygon.UModeler.Hub.Views.SceneViews.HubSceneViewService
[2025-12-03 오후 11:06:43] [Debug] [Application] Service Initialize: Tripolygon.UModeler.Hub.HubAnalyticsService
[2025-12-03 오후 11:06:43] [Debug] [Application] Service Initialize: Tripolygon.UModeler.Hub.VSAttributionService
[2025-12-03 오후 11:06:43] [Debug] [Application] Service Initialize: Tripolygon.UModeler.Hub.Notifications.UpdateHubNotifier
[2025-12-03 오후 11:06:43] [Debug] [Application] Service Initialize: Tripolygon.UModeler.Hub.Notifications.UpdateProductNotifier
[2025-12-03 오후 11:06:43] [Debug] [Application] Service Initialize: Tripolygon.UModeler.Hub.Noticies.NoticeService
[2025-12-03 오후 11:06:43] [Debug] [Application] Service Initialize: Tripolygon.UModeler.Hub.Views.SceneViews.HubSceneViewService
[2025-12-03 오후 11:07:26] [Debug] [Application] Release: isReloading=True
[2025-12-03 오후 11:07:26] [Debug] [Application] Service Release: Tripolygon.UModeler.Hub.Views.SceneViews.HubSceneViewService
[2025-12-03 오후 11:07:26] [Debug] [Application] Service Release: Tripolygon.UModeler.Hub.Noticies.NoticeService
[2025-12-03 오후 11:07:26] [Debug] [Application] Service Release: Tripolygon.UModeler.Hub.Notifications.UpdateProductNotifier
[2025-12-03 오후 11:07:26] [Debug] [Application] Service Release: Tripolygon.UModeler.Hub.Notifications.UpdateHubNotifier
[2025-12-03 오후 11:07:26] [Debug] [Application] Service Release: Tripolygon.UModeler.Hub.VSAttributionService
[2025-12-03 오후 11:07:26] [Debug] [HubAnalytics] PosthogClient.SetAutoFlush: Value Changed: False
[2025-12-03 오후 11:07:26] [Debug] [Application] Service Release: Tripolygon.UModeler.Hub.HubAnalyticsService
[2025-12-03 오후 11:07:26] [Debug] [Application] Service Release: Tripolygon.UModeler.Hub.HubFlashService
[2025-12-03 오후 11:07:26] [Debug] [Application] Service Release: Tripolygon.UModeler.Editor.UI.UnityEditorApplicationUtilityService
[2025-12-03 오후 11:07:26] [Debug] [Application] Service Release: Tripolygon.UModeler.Hub.HubService
[2025-12-03 오후 11:07:26] [Debug] [Application] Service Release: Tripolygon.UModeler.Editor.UI.UnityEditorApplicationCache
[2025-12-03 오후 11:07:26] [Debug] [Application] Service Release: Tripolygon.UModeler.Hub.HubAuthentication
[2025-12-03 오후 11:07:29] [Debug] [Application] service: Tripolygon.UModeler.Hub.HubAuthentication = Tripolygon.UModeler.Hub.HubAuthentication
[2025-12-03 오후 11:07:29] [Debug] [Application] service: Tripolygon.UModeler.UI.IApplicationCache = Tripolygon.UModeler.Editor.UI.UnityEditorApplicationCache
[2025-12-03 오후 11:07:29] [Debug] ActualHost
[2025-12-03 오후 11:07:29] [Debug] [Application] service: Tripolygon.UModeler.Hub.IHubService = Tripolygon.UModeler.Hub.HubService
[2025-12-03 오후 11:07:29] [Debug] [Application] service: Tripolygon.UModeler.Authentication.IAuthenticationApiProvider = Tripolygon.UModeler.Editor.AuthenticationApiProviderService
[2025-12-03 오후 11:07:29] [Debug] [Application] service: Tripolygon.UModeler.UI.IObjectHierarchyService = Tripolygon.UModeler.Editor.UI.UnityEditorObjectHierarchyService
[2025-12-03 오후 11:07:29] [Debug] [Application] service: Tripolygon.UModeler.UI.IApplicationUtilityService = Tripolygon.UModeler.Editor.UI.UnityEditorApplicationUtilityService
[2025-12-03 오후 11:07:29] [Debug] [Application] service: Tripolygon.UModeler.Editor.UI.ApplicationSettings = Tripolygon.UModeler.Editor.UI.ApplicationSettings
[2025-12-03 오후 11:07:29] [Debug] [Application] service: Tripolygon.UModeler.UI.ITextureProvider = Tripolygon.UModeler.Editor.UI.UnityEditorTextureProvider
[2025-12-03 오후 11:07:29] [Debug] [Application] service: Tripolygon.UModeler.Hub.Resources.IResourcesApiProvider = Tripolygon.UModeler.Hub.ResourcesApiProviderService
[2025-12-03 오후 11:07:29] [Debug] [Application] service: Tripolygon.UModeler.Hub.HubFlashService = Tripolygon.UModeler.Hub.HubFlashService
[2025-12-03 오후 11:07:29] [Debug] [Application] service: Tripolygon.UModeler.Hub.IHubAnalyticsService = Tripolygon.UModeler.Hub.HubAnalyticsService
[2025-12-03 오후 11:07:29] [Debug] [Application] service: Tripolygon.UModeler.Hub.VSAttributionService = Tripolygon.UModeler.Hub.VSAttributionService
[2025-12-03 오후 11:07:29] [Debug] [Application] service: Tripolygon.UModeler.Hub.Notifications.UpdateHubNotifier = Tripolygon.UModeler.Hub.Notifications.UpdateHubNotifier
[2025-12-03 오후 11:07:29] [Debug] [Application] service: Tripolygon.UModeler.Hub.Notifications.UpdateProductNotifier = Tripolygon.UModeler.Hub.Notifications.UpdateProductNotifier
[2025-12-03 오후 11:07:29] [Debug] [Application] service: Tripolygon.UModeler.Hub.INoticeService = Tripolygon.UModeler.Hub.Noticies.NoticeService
[2025-12-03 오후 11:07:29] [Debug] [Application] service: Tripolygon.UModeler.Hub.Views.SceneViews.HubSceneViewService = Tripolygon.UModeler.Hub.Views.SceneViews.HubSceneViewService
[2025-12-03 오후 11:07:31] [Debug] [Application] Initialize: isReloading=True
[2025-12-03 오후 11:07:31] [Debug] [Application] Service Initialize: Tripolygon.UModeler.Hub.HubAuthentication
[2025-12-03 오후 11:07:31] [Debug] [Application] Service Initialize: Tripolygon.UModeler.Editor.UI.UnityEditorApplicationCache
[2025-12-03 오후 11:07:31] [Debug] [Application] Service Initialize: Tripolygon.UModeler.Hub.HubService
[2025-12-03 오후 11:07:31] [Debug] [Application] Service Initialize: Tripolygon.UModeler.Editor.UI.UnityEditorApplicationUtilityService
[2025-12-03 오후 11:07:31] [Debug] [Application] Service Initialize: Tripolygon.UModeler.Hub.HubFlashService
[2025-12-03 오후 11:07:31] [Debug] [HubAnalytics] PosthogClient.SetAutoFlush: Value Changed: True
[2025-12-03 오후 11:07:31] [Debug] [Application] Service Initialize: Tripolygon.UModeler.Hub.HubAnalyticsService
[2025-12-03 오후 11:07:31] [Debug] [Application] Service Initialize: Tripolygon.UModeler.Hub.VSAttributionService
[2025-12-03 오후 11:07:31] [Debug] [Application] Service Initialize: Tripolygon.UModeler.Hub.Notifications.UpdateHubNotifier
[2025-12-03 오후 11:07:31] [Debug] [Application] Service Initialize: Tripolygon.UModeler.Hub.Notifications.UpdateProductNotifier
[2025-12-03 오후 11:07:31] [Debug] [Application] Service Initialize: Tripolygon.UModeler.Hub.Noticies.NoticeService
[2025-12-03 오후 11:07:31] [Debug] [Application] Service Initialize: Tripolygon.UModeler.Hub.Views.SceneViews.HubSceneViewService
[2025-12-03 오후 11:07:32] [Debug] [Application] Release: isReloading=True
[2025-12-03 오후 11:07:32] [Debug] [Application] Release: isReloading=True
[2025-12-03 오후 11:07:32] [Debug] [Application] Service Release: Tripolygon.UModeler.Hub.Views.SceneViews.HubSceneViewService
[2025-12-03 오후 11:07:32] [Debug] [Application] Service Release: Tripolygon.UModeler.Hub.Views.SceneViews.HubSceneViewService
[2025-12-03 오후 11:07:32] [Debug] [Application] Service Release: Tripolygon.UModeler.Hub.Noticies.NoticeService
[2025-12-03 오후 11:07:32] [Debug] [Application] Service Release: Tripolygon.UModeler.Hub.Noticies.NoticeService
[2025-12-03 오후 11:07:32] [Debug] [Application] Service Release: Tripolygon.UModeler.Hub.Notifications.UpdateHubNotifier
[2025-12-03 오후 11:07:32] [Debug] [Application] Service Release: Tripolygon.UModeler.Hub.Notifications.UpdateProductNotifier
[2025-12-03 오후 11:07:32] [Debug] [Application] Service Release: Tripolygon.UModeler.Hub.VSAttributionService
[2025-12-03 오후 11:07:32] [Debug] [Application] Service Release: Tripolygon.UModeler.Hub.Notifications.UpdateHubNotifier
[2025-12-03 오후 11:07:32] [Debug] [Application] Service Release: Tripolygon.UModeler.Hub.VSAttributionService
[2025-12-03 오후 11:07:35] [Debug] [Application] service: Tripolygon.UModeler.Hub.HubAuthentication = Tripolygon.UModeler.Hub.HubAuthentication
[2025-12-03 오후 11:07:35] [Debug] [Application] service: Tripolygon.UModeler.UI.IApplicationCache = Tripolygon.UModeler.Editor.UI.UnityEditorApplicationCache
[2025-12-03 오후 11:07:35] [Debug] ActualHost
[2025-12-03 오후 11:07:35] [Debug] [Application] service: Tripolygon.UModeler.Hub.IHubService = Tripolygon.UModeler.Hub.HubService
[2025-12-03 오후 11:07:35] [Debug] [Application] service: Tripolygon.UModeler.Authentication.IAuthenticationApiProvider = Tripolygon.UModeler.Editor.AuthenticationApiProviderService
[2025-12-03 오후 11:07:35] [Debug] [Application] service: Tripolygon.UModeler.UI.IObjectHierarchyService = Tripolygon.UModeler.Editor.UI.UnityEditorObjectHierarchyService
[2025-12-03 오후 11:07:35] [Debug] [Application] service: Tripolygon.UModeler.Hub.HubAuthentication = Tripolygon.UModeler.Hub.HubAuthentication
[2025-12-03 오후 11:07:35] [Debug] [Application] service: Tripolygon.UModeler.Hub.HubFlashService = Tripolygon.UModeler.Hub.HubFlashService
[2025-12-03 오후 11:07:35] [Debug] [Application] service: Tripolygon.UModeler.UI.IApplicationCache = Tripolygon.UModeler.Editor.UI.UnityEditorApplicationCache
[2025-12-03 오후 11:07:35] [Debug] [Application] service: Tripolygon.UModeler.Hub.IHubAnalyticsService = Tripolygon.UModeler.Hub.HubAnalyticsService
[2025-12-03 오후 11:07:35] [Debug] ActualHost
[2025-12-03 오후 11:07:35] [Debug] [Application] service: Tripolygon.UModeler.Hub.Notifications.UpdateHubNotifier = Tripolygon.UModeler.Hub.Notifications.UpdateHubNotifier
[2025-12-03 오후 11:07:35] [Debug] [Application] service: Tripolygon.UModeler.Hub.IHubService = Tripolygon.UModeler.Hub.HubService
[2025-12-03 오후 11:07:35] [Debug] [Application] service: Tripolygon.UModeler.Hub.Notifications.UpdateProductNotifier = Tripolygon.UModeler.Hub.Notifications.UpdateProductNotifier
[2025-12-03 오후 11:07:35] [Debug] [Application] service: Tripolygon.UModeler.UI.IObjectHierarchyService = Tripolygon.UModeler.Editor.UI.UnityEditorObjectHierarchyService
[2025-12-03 오후 11:07:35] [Debug] [Application] service: Tripolygon.UModeler.Hub.Views.SceneViews.HubSceneViewService = Tripolygon.UModeler.Hub.Views.SceneViews.HubSceneViewService
[2025-12-03 오후 11:07:35] [Debug] [Application] service: Tripolygon.UModeler.Editor.UI.ApplicationSettings = Tripolygon.UModeler.Editor.UI.ApplicationSettings
[2025-12-03 오후 11:07:36] [Debug] [Application] Service Initialize: Tripolygon.UModeler.Hub.HubAuthentication
[2025-12-03 오후 11:07:35] [Debug] [Application] service: Tripolygon.UModeler.Hub.Resources.IResourcesApiProvider = Tripolygon.UModeler.Hub.ResourcesApiProviderService
[2025-12-03 오후 11:07:36] [Debug] [Application] Service Initialize: Tripolygon.UModeler.Editor.UI.UnityEditorApplicationCache
[2025-12-03 오후 11:07:35] [Debug] [Application] service: Tripolygon.UModeler.Hub.HubFlashService = Tripolygon.UModeler.Hub.HubFlashService
[2025-12-03 오후 11:07:35] [Debug] [Application] service: Tripolygon.UModeler.Hub.IHubAnalyticsService = Tripolygon.UModeler.Hub.HubAnalyticsService
[2025-12-03 오후 11:07:36] [Debug] [Application] Service Initialize: Tripolygon.UModeler.Hub.HubService
[2025-12-03 오후 11:07:35] [Debug] [Application] service: Tripolygon.UModeler.Hub.Notifications.UpdateHubNotifier = Tripolygon.UModeler.Hub.Notifications.UpdateHubNotifier
[2025-12-03 오후 11:07:36] [Debug] [Application] Service Initialize: Tripolygon.UModeler.Editor.UI.UnityEditorApplicationUtilityService
[2025-12-03 오후 11:07:35] [Debug] [Application] service: Tripolygon.UModeler.Hub.Notifications.UpdateProductNotifier = Tripolygon.UModeler.Hub.Notifications.UpdateProductNotifier
[2025-12-03 오후 11:07:36] [Debug] [Application] Service Initialize: Tripolygon.UModeler.Hub.HubFlashService
[2025-12-03 오후 11:07:35] [Debug] [Application] service: Tripolygon.UModeler.Hub.Views.SceneViews.HubSceneViewService = Tripolygon.UModeler.Hub.Views.SceneViews.HubSceneViewService
[2025-12-03 오후 11:07:36] [Debug] [Application] Initialize: isReloading=False
[2025-12-03 오후 11:07:36] [Debug] [HubAnalytics] PosthogClient.SetAutoFlush: Value Changed: True
[2025-12-03 오후 11:07:36] [Debug] [Application] Service Initialize: Tripolygon.UModeler.Hub.HubAuthentication
[2025-12-03 오후 11:07:36] [Debug] [Application] Service Initialize: Tripolygon.UModeler.Editor.UI.UnityEditorApplicationCache
[2025-12-03 오후 11:07:36] [Debug] [Application] Service Initialize: Tripolygon.UModeler.Hub.HubService
[2025-12-03 오후 11:07:36] [Debug] [Application] Service Initialize: Tripolygon.UModeler.Hub.HubAnalyticsService
[2025-12-03 오후 11:07:36] [Debug] [Application] Service Initialize: Tripolygon.UModeler.Editor.UI.UnityEditorApplicationUtilityService
[2025-12-03 오후 11:07:36] [Debug] [Application] Service Initialize: Tripolygon.UModeler.Hub.VSAttributionService
[2025-12-03 오후 11:07:37] [Debug] [Application] Service Initialize: Tripolygon.UModeler.Hub.HubFlashService
[2025-12-03 오후 11:07:37] [Debug] [Application] Service Initialize: Tripolygon.UModeler.Hub.Notifications.UpdateHubNotifier
[2025-12-03 오후 11:07:37] [Debug] [HubAnalytics] PosthogClient.SetAutoFlush: Value Changed: True
[2025-12-03 오후 11:07:37] [Debug] [Application] Service Initialize: Tripolygon.UModeler.Hub.Notifications.UpdateProductNotifier
[2025-12-03 오후 11:07:37] [Debug] [Application] Service Initialize: Tripolygon.UModeler.Hub.Noticies.NoticeService
[2025-12-03 오후 11:07:37] [Debug] [Application] Service Initialize: Tripolygon.UModeler.Hub.Views.SceneViews.HubSceneViewService
[2025-12-03 오후 11:07:37] [Debug] [Application] Service Initialize: Tripolygon.UModeler.Hub.HubAnalyticsService
[2025-12-03 오후 11:07:37] [Debug] [Application] Service Initialize: Tripolygon.UModeler.Hub.VSAttributionService
[2025-12-03 오후 11:07:37] [Debug] [Application] Service Initialize: Tripolygon.UModeler.Hub.Notifications.UpdateHubNotifier
[2025-12-03 오후 11:07:37] [Debug] [Application] Service Initialize: Tripolygon.UModeler.Hub.Notifications.UpdateProductNotifier
[2025-12-03 오후 11:07:37] [Debug] [Application] Service Initialize: Tripolygon.UModeler.Hub.Noticies.NoticeService
[2025-12-03 오후 11:07:37] [Debug] [Application] Service Initialize: Tripolygon.UModeler.Hub.Views.SceneViews.HubSceneViewService
[2025-12-03 오후 11:08:25] [Debug] [Application] Release: isReloading=True
[2025-12-03 오후 11:08:25] [Debug] [Application] Service Release: Tripolygon.UModeler.Hub.Views.SceneViews.HubSceneViewService
[2025-12-03 오후 11:08:25] [Debug] [Application] Service Release: Tripolygon.UModeler.Hub.Noticies.NoticeService
[2025-12-03 오후 11:08:25] [Debug] [Application] Service Release: Tripolygon.UModeler.Hub.Notifications.UpdateProductNotifier
[2025-12-03 오후 11:08:25] [Debug] [Application] Service Release: Tripolygon.UModeler.Hub.Notifications.UpdateHubNotifier
[2025-12-03 오후 11:08:25] [Debug] [Application] Service Release: Tripolygon.UModeler.Hub.VSAttributionService
[2025-12-03 오후 11:08:25] [Debug] [HubAnalytics] PosthogClient.SetAutoFlush: Value Changed: False
[2025-12-03 오후 11:08:25] [Debug] [Application] Service Release: Tripolygon.UModeler.Hub.HubAnalyticsService
[2025-12-03 오후 11:08:26] [Debug] [Application] Service Release: Tripolygon.UModeler.Hub.HubFlashService
[2025-12-03 오후 11:08:26] [Debug] [Application] Service Release: Tripolygon.UModeler.Editor.UI.UnityEditorApplicationUtilityService
[2025-12-03 오후 11:08:26] [Debug] [Application] Service Release: Tripolygon.UModeler.Hub.HubService
[2025-12-03 오후 11:08:26] [Debug] [Application] Service Release: Tripolygon.UModeler.Editor.UI.UnityEditorApplicationCache
[2025-12-03 오후 11:08:26] [Debug] [Application] Service Release: Tripolygon.UModeler.Hub.HubAuthentication
[2025-12-03 오후 11:08:29] [Debug] [Application] service: Tripolygon.UModeler.Hub.HubAuthentication = Tripolygon.UModeler.Hub.HubAuthentication
[2025-12-03 오후 11:08:29] [Debug] [Application] service: Tripolygon.UModeler.UI.IApplicationCache = Tripolygon.UModeler.Editor.UI.UnityEditorApplicationCache
[2025-12-03 오후 11:08:29] [Debug] ActualHost
[2025-12-03 오후 11:08:29] [Debug] [Application] service: Tripolygon.UModeler.Hub.IHubService = Tripolygon.UModeler.Hub.HubService
[2025-12-03 오후 11:08:29] [Debug] [Application] service: Tripolygon.UModeler.Authentication.IAuthenticationApiProvider = Tripolygon.UModeler.Editor.AuthenticationApiProviderService
[2025-12-03 오후 11:08:29] [Debug] [Application] service: Tripolygon.UModeler.UI.IObjectHierarchyService = Tripolygon.UModeler.Editor.UI.UnityEditorObjectHierarchyService
[2025-12-03 오후 11:08:29] [Debug] [Application] service: Tripolygon.UModeler.UI.IApplicationUtilityService = Tripolygon.UModeler.Editor.UI.UnityEditorApplicationUtilityService
[2025-12-03 오후 11:08:29] [Debug] [Application] service: Tripolygon.UModeler.Editor.UI.ApplicationSettings = Tripolygon.UModeler.Editor.UI.ApplicationSettings
[2025-12-03 오후 11:08:29] [Debug] [Application] service: Tripolygon.UModeler.UI.ITextureProvider = Tripolygon.UModeler.Editor.UI.UnityEditorTextureProvider
[2025-12-03 오후 11:08:29] [Debug] [Application] service: Tripolygon.UModeler.Hub.Resources.IResourcesApiProvider = Tripolygon.UModeler.Hub.ResourcesApiProviderService
[2025-12-03 오후 11:08:29] [Debug] [Application] service: Tripolygon.UModeler.Hub.HubFlashService = Tripolygon.UModeler.Hub.HubFlashService
[2025-12-03 오후 11:08:29] [Debug] [Application] service: Tripolygon.UModeler.Hub.IHubAnalyticsService = Tripolygon.UModeler.Hub.HubAnalyticsService
[2025-12-03 오후 11:08:29] [Debug] [Application] service: Tripolygon.UModeler.Hub.VSAttributionService = Tripolygon.UModeler.Hub.VSAttributionService
[2025-12-03 오후 11:08:29] [Debug] [Application] service: Tripolygon.UModeler.Hub.Notifications.UpdateHubNotifier = Tripolygon.UModeler.Hub.Notifications.UpdateHubNotifier
[2025-12-03 오후 11:08:29] [Debug] [Application] service: Tripolygon.UModeler.Hub.Notifications.UpdateProductNotifier = Tripolygon.UModeler.Hub.Notifications.UpdateProductNotifier
[2025-12-03 오후 11:08:29] [Debug] [Application] service: Tripolygon.UModeler.Hub.INoticeService = Tripolygon.UModeler.Hub.Noticies.NoticeService
[2025-12-03 오후 11:08:29] [Debug] [Application] service: Tripolygon.UModeler.Hub.Views.SceneViews.HubSceneViewService = Tripolygon.UModeler.Hub.Views.SceneViews.HubSceneViewService
[2025-12-03 오후 11:08:31] [Debug] [Application] Initialize: isReloading=True
[2025-12-03 오후 11:08:31] [Debug] [Application] Service Initialize: Tripolygon.UModeler.Hub.HubAuthentication
[2025-12-03 오후 11:08:31] [Debug] [Application] Service Initialize: Tripolygon.UModeler.Editor.UI.UnityEditorApplicationCache
[2025-12-03 오후 11:08:31] [Debug] [Application] Service Initialize: Tripolygon.UModeler.Hub.HubService
[2025-12-03 오후 11:08:31] [Debug] [Application] Service Initialize: Tripolygon.UModeler.Editor.UI.UnityEditorApplicationUtilityService
[2025-12-03 오후 11:08:31] [Debug] [Application] Service Initialize: Tripolygon.UModeler.Hub.HubFlashService
[2025-12-03 오후 11:08:31] [Debug] [HubAnalytics] PosthogClient.SetAutoFlush: Value Changed: True
[2025-12-03 오후 11:08:31] [Debug] [Application] Service Initialize: Tripolygon.UModeler.Hub.HubAnalyticsService
[2025-12-03 오후 11:08:31] [Debug] [Application] Service Initialize: Tripolygon.UModeler.Hub.VSAttributionService
[2025-12-03 오후 11:08:31] [Debug] [Application] Service Initialize: Tripolygon.UModeler.Hub.Notifications.UpdateHubNotifier
[2025-12-03 오후 11:08:31] [Debug] [Application] Service Initialize: Tripolygon.UModeler.Hub.Notifications.UpdateProductNotifier
[2025-12-03 오후 11:08:31] [Debug] [Application] Service Initialize: Tripolygon.UModeler.Hub.Noticies.NoticeService
[2025-12-03 오후 11:08:31] [Debug] [Application] Service Initialize: Tripolygon.UModeler.Hub.Views.SceneViews.HubSceneViewService
[2025-12-03 오후 11:08:32] [Debug] [Application] Release: isReloading=True
[2025-12-03 오후 11:08:32] [Debug] [Application] Release: isReloading=True
[2025-12-03 오후 11:08:32] [Debug] [Application] Service Release: Tripolygon.UModeler.Hub.Views.SceneViews.HubSceneViewService
[2025-12-03 오후 11:08:32] [Debug] [Application] Service Release: Tripolygon.UModeler.Hub.Views.SceneViews.HubSceneViewService
[2025-12-03 오후 11:08:32] [Debug] [Application] Service Release: Tripolygon.UModeler.Hub.Noticies.NoticeService
[2025-12-03 오후 11:08:32] [Debug] [Application] Service Release: Tripolygon.UModeler.Hub.Noticies.NoticeService
[2025-12-03 오후 11:08:32] [Debug] [Application] Service Release: Tripolygon.UModeler.Hub.Notifications.UpdateProductNotifier
[2025-12-03 오후 11:08:32] [Debug] [Application] Service Release: Tripolygon.UModeler.Hub.Notifications.UpdateProductNotifier
[2025-12-03 오후 11:08:32] [Debug] [Application] Service Release: Tripolygon.UModeler.Hub.Notifications.UpdateHubNotifier
[2025-12-03 오후 11:08:32] [Debug] [Application] Service Release: Tripolygon.UModeler.Hub.Notifications.UpdateHubNotifier
[2025-12-03 오후 11:08:32] [Debug] [Application] Service Release: Tripolygon.UModeler.Hub.VSAttributionService
[2025-12-03 오후 11:08:32] [Debug] [Application] Service Release: Tripolygon.UModeler.Hub.VSAttributionService
[2025-12-03 오후 11:08:35] [Debug] [Application] service: Tripolygon.UModeler.Hub.HubAuthentication = Tripolygon.UModeler.Hub.HubAuthentication
[2025-12-03 오후 11:08:35] [Debug] [Application] service: Tripolygon.UModeler.UI.ITextureProvider = Tripolygon.UModeler.Editor.UI.UnityEditorTextureProvider
[2025-12-03 오후 11:08:35] [Debug] [Application] service: Tripolygon.UModeler.Editor.UI.ApplicationSettings = Tripolygon.UModeler.Editor.UI.ApplicationSettings
[2025-12-03 오후 11:08:35] [Debug] [Application] service: Tripolygon.UModeler.Hub.Resources.IResourcesApiProvider = Tripolygon.UModeler.Hub.ResourcesApiProviderService
[2025-12-03 오후 11:08:35] [Debug] [Application] service: Tripolygon.UModeler.UI.ITextureProvider = Tripolygon.UModeler.Editor.UI.UnityEditorTextureProvider
[2025-12-03 오후 11:08:35] [Debug] [Application] service: Tripolygon.UModeler.Hub.IHubAnalyticsService = Tripolygon.UModeler.Hub.HubAnalyticsService
[2025-12-03 오후 11:08:35] [Debug] [Application] service: Tripolygon.UModeler.Hub.HubFlashService = Tripolygon.UModeler.Hub.HubFlashService
[2025-12-03 오후 11:08:35] [Debug] [Application] service: Tripolygon.UModeler.Hub.Notifications.UpdateHubNotifier = Tripolygon.UModeler.Hub.Notifications.UpdateHubNotifier
[2025-12-03 오후 11:08:35] [Debug] [Application] service: Tripolygon.UModeler.Hub.IHubAnalyticsService = Tripolygon.UModeler.Hub.HubAnalyticsService
[2025-12-03 오후 11:08:35] [Debug] [Application] service: Tripolygon.UModeler.Hub.Notifications.UpdateProductNotifier = Tripolygon.UModeler.Hub.Notifications.UpdateProductNotifier
[2025-12-03 오후 11:08:35] [Debug] [Application] service: Tripolygon.UModeler.Hub.VSAttributionService = Tripolygon.UModeler.Hub.VSAttributionService
[2025-12-03 오후 11:08:35] [Debug] [Application] service: Tripolygon.UModeler.Hub.INoticeService = Tripolygon.UModeler.Hub.Noticies.NoticeService
[2025-12-03 오후 11:08:35] [Debug] [Application] service: Tripolygon.UModeler.Hub.Notifications.UpdateHubNotifier = Tripolygon.UModeler.Hub.Notifications.UpdateHubNotifier
[2025-12-03 오후 11:08:35] [Debug] [Application] service: Tripolygon.UModeler.Hub.Views.SceneViews.HubSceneViewService = Tripolygon.UModeler.Hub.Views.SceneViews.HubSceneViewService
[2025-12-03 오후 11:08:35] [Debug] [Application] service: Tripolygon.UModeler.Hub.Notifications.UpdateProductNotifier = Tripolygon.UModeler.Hub.Notifications.UpdateProductNotifier
[2025-12-03 오후 11:08:36] [Debug] [Application] Initialize: isReloading=True
[2025-12-03 오후 11:08:35] [Debug] [Application] service: Tripolygon.UModeler.Hub.INoticeService = Tripolygon.UModeler.Hub.Noticies.NoticeService
[2025-12-03 오후 11:08:36] [Debug] [Application] Service Initialize: Tripolygon.UModeler.Hub.HubAuthentication
[2025-12-03 오후 11:08:35] [Debug] [Application] service: Tripolygon.UModeler.Hub.Views.SceneViews.HubSceneViewService = Tripolygon.UModeler.Hub.Views.SceneViews.HubSceneViewService
[2025-12-03 오후 11:08:36] [Debug] [Application] Service Initialize: Tripolygon.UModeler.Editor.UI.UnityEditorApplicationCache
[2025-12-03 오후 11:08:36] [Debug] [Application] Service Initialize: Tripolygon.UModeler.Hub.HubAuthentication
[2025-12-03 오후 11:08:36] [Debug] [Application] Service Initialize: Tripolygon.UModeler.Editor.UI.UnityEditorApplicationCache
[2025-12-03 오후 11:08:36] [Debug] [Application] Service Initialize: Tripolygon.UModeler.Hub.HubService
[2025-12-03 오후 11:08:36] [Debug] [Application] Service Initialize: Tripolygon.UModeler.Editor.UI.UnityEditorApplicationUtilityService
[2025-12-03 오후 11:08:36] [Debug] [Application] Service Initialize: Tripolygon.UModeler.Hub.HubService
[2025-12-03 오후 11:08:36] [Debug] [Application] Service Initialize: Tripolygon.UModeler.Hub.HubFlashService
[2025-12-03 오후 11:08:36] [Debug] [Application] Service Initialize: Tripolygon.UModeler.Editor.UI.UnityEditorApplicationUtilityService
[2025-12-03 오후 11:08:37] [Debug] [Application] Service Initialize: Tripolygon.UModeler.Hub.HubFlashService
[2025-12-03 오후 11:08:37] [Debug] [HubAnalytics] PosthogClient.SetAutoFlush: Value Changed: True
[2025-12-03 오후 11:08:37] [Debug] [HubAnalytics] PosthogClient.SetAutoFlush: Value Changed: True
[2025-12-03 오후 11:08:37] [Debug] [Application] Service Initialize: Tripolygon.UModeler.Hub.HubAnalyticsService
[2025-12-03 오후 11:08:37] [Debug] [Application] Service Initialize: Tripolygon.UModeler.Hub.HubAnalyticsService
[2025-12-03 오후 11:08:37] [Debug] [Application] Service Initialize: Tripolygon.UModeler.Hub.VSAttributionService
[2025-12-03 오후 11:08:37] [Debug] [Application] Service Initialize: Tripolygon.UModeler.Hub.VSAttributionService
[2025-12-03 오후 11:08:37] [Debug] [Application] Service Initialize: Tripolygon.UModeler.Hub.Notifications.UpdateHubNotifier
[2025-12-03 오후 11:08:37] [Debug] [Application] Service Initialize: Tripolygon.UModeler.Hub.Notifications.UpdateHubNotifier
[2025-12-03 오후 11:08:37] [Debug] [Application] Service Initialize: Tripolygon.UModeler.Hub.Notifications.UpdateProductNotifier
[2025-12-03 오후 11:08:37] [Debug] [Application] Service Initialize: Tripolygon.UModeler.Hub.Noticies.NoticeService
[2025-12-03 오후 11:08:37] [Debug] [Application] Service Initialize: Tripolygon.UModeler.Hub.Noticies.NoticeService
[2025-12-03 오후 11:08:37] [Debug] [Application] Service Initialize: Tripolygon.UModeler.Hub.Views.SceneViews.HubSceneViewService
[2025-12-03 오후 11:08:37] [Debug] [Application] Service Initialize: Tripolygon.UModeler.Hub.Views.SceneViews.HubSceneViewService
[2025-12-03 오후 11:09:07] [Debug] [Application] Release: isReloading=True
[2025-12-03 오후 11:09:07] [Debug] [Application] Service Release: Tripolygon.UModeler.Hub.Views.SceneViews.HubSceneViewService
[2025-12-03 오후 11:09:07] [Debug] [Application] Service Release: Tripolygon.UModeler.Hub.Noticies.NoticeService
[2025-12-03 오후 11:09:07] [Debug] [Application] Service Release: Tripolygon.UModeler.Hub.Notifications.UpdateProductNotifier
[2025-12-03 오후 11:09:07] [Debug] [Application] Service Release: Tripolygon.UModeler.Hub.Notifications.UpdateHubNotifier
[2025-12-03 오후 11:09:07] [Debug] [Application] Service Release: Tripolygon.UModeler.Hub.VSAttributionService
[2025-12-03 오후 11:09:07] [Debug] [HubAnalytics] PosthogClient.SetAutoFlush: Value Changed: False
[2025-12-03 오후 11:09:07] [Debug] [Application] Service Release: Tripolygon.UModeler.Hub.HubAnalyticsService
[2025-12-03 오후 11:09:07] [Debug] [Application] Service Release: Tripolygon.UModeler.Hub.HubFlashService
[2025-12-03 오후 11:09:07] [Debug] [Application] Service Release: Tripolygon.UModeler.Editor.UI.UnityEditorApplicationUtilityService
[2025-12-03 오후 11:09:07] [Debug] [Application] Service Release: Tripolygon.UModeler.Hub.HubService
[2025-12-03 오후 11:09:07] [Debug] [Application] Service Release: Tripolygon.UModeler.Editor.UI.UnityEditorApplicationCache
[2025-12-03 오후 11:09:07] [Debug] [Application] Service Release: Tripolygon.UModeler.Hub.HubAuthentication
[2025-12-03 오후 11:09:10] [Debug] [Application] service: Tripolygon.UModeler.Hub.HubAuthentication = Tripolygon.UModeler.Hub.HubAuthentication
[2025-12-03 오후 11:09:10] [Debug] [Application] service: Tripolygon.UModeler.UI.IApplicationCache = Tripolygon.UModeler.Editor.UI.UnityEditorApplicationCache
[2025-12-03 오후 11:09:10] [Debug] ActualHost
[2025-12-03 오후 11:09:10] [Debug] [Application] service: Tripolygon.UModeler.Hub.IHubService = Tripolygon.UModeler.Hub.HubService
[2025-12-03 오후 11:09:10] [Debug] [Application] service: Tripolygon.UModeler.Authentication.IAuthenticationApiProvider = Tripolygon.UModeler.Editor.AuthenticationApiProviderService
[2025-12-03 오후 11:09:10] [Debug] [Application] service: Tripolygon.UModeler.UI.IObjectHierarchyService = Tripolygon.UModeler.Editor.UI.UnityEditorObjectHierarchyService
[2025-12-03 오후 11:09:10] [Debug] [Application] service: Tripolygon.UModeler.UI.IApplicationUtilityService = Tripolygon.UModeler.Editor.UI.UnityEditorApplicationUtilityService
[2025-12-03 오후 11:09:10] [Debug] [Application] service: Tripolygon.UModeler.Editor.UI.ApplicationSettings = Tripolygon.UModeler.Editor.UI.ApplicationSettings
[2025-12-03 오후 11:09:10] [Debug] [Application] service: Tripolygon.UModeler.UI.ITextureProvider = Tripolygon.UModeler.Editor.UI.UnityEditorTextureProvider
[2025-12-03 오후 11:09:10] [Debug] [Application] service: Tripolygon.UModeler.Hub.Resources.IResourcesApiProvider = Tripolygon.UModeler.Hub.ResourcesApiProviderService
[2025-12-03 오후 11:09:10] [Debug] [Application] service: Tripolygon.UModeler.Hub.HubFlashService = Tripolygon.UModeler.Hub.HubFlashService
[2025-12-03 오후 11:09:10] [Debug] [Application] service: Tripolygon.UModeler.Hub.IHubAnalyticsService = Tripolygon.UModeler.Hub.HubAnalyticsService
[2025-12-03 오후 11:09:10] [Debug] [Application] service: Tripolygon.UModeler.Hub.VSAttributionService = Tripolygon.UModeler.Hub.VSAttributionService
[2025-12-03 오후 11:09:10] [Debug] [Application] service: Tripolygon.UModeler.Hub.Notifications.UpdateHubNotifier = Tripolygon.UModeler.Hub.Notifications.UpdateHubNotifier
[2025-12-03 오후 11:09:10] [Debug] [Application] service: Tripolygon.UModeler.Hub.Notifications.UpdateProductNotifier = Tripolygon.UModeler.Hub.Notifications.UpdateProductNotifier
[2025-12-03 오후 11:09:10] [Debug] [Application] service: Tripolygon.UModeler.Hub.INoticeService = Tripolygon.UModeler.Hub.Noticies.NoticeService
[2025-12-03 오후 11:09:10] [Debug] [Application] service: Tripolygon.UModeler.Hub.Views.SceneViews.HubSceneViewService = Tripolygon.UModeler.Hub.Views.SceneViews.HubSceneViewService
[2025-12-03 오후 11:09:12] [Debug] [Application] Initialize: isReloading=True
[2025-12-03 오후 11:09:12] [Debug] [Application] Service Initialize: Tripolygon.UModeler.Hub.HubAuthentication
[2025-12-03 오후 11:09:12] [Debug] [Application] Service Initialize: Tripolygon.UModeler.Editor.UI.UnityEditorApplicationCache
[2025-12-03 오후 11:09:12] [Debug] [Application] Service Initialize: Tripolygon.UModeler.Hub.HubService
[2025-12-03 오후 11:09:12] [Debug] [Application] Service Initialize: Tripolygon.UModeler.Editor.UI.UnityEditorApplicationUtilityService
[2025-12-03 오후 11:09:12] [Debug] [Application] Service Initialize: Tripolygon.UModeler.Hub.HubFlashService
[2025-12-03 오후 11:09:12] [Debug] [HubAnalytics] PosthogClient.SetAutoFlush: Value Changed: True
[2025-12-03 오후 11:09:12] [Debug] [Application] Service Initialize: Tripolygon.UModeler.Hub.HubAnalyticsService
[2025-12-03 오후 11:09:12] [Debug] [Application] Service Initialize: Tripolygon.UModeler.Hub.VSAttributionService
[2025-12-03 오후 11:09:12] [Debug] [Application] Service Initialize: Tripolygon.UModeler.Hub.Notifications.UpdateHubNotifier
[2025-12-03 오후 11:09:12] [Debug] [Application] Service Initialize: Tripolygon.UModeler.Hub.Notifications.UpdateProductNotifier
[2025-12-03 오후 11:09:12] [Debug] [Application] Service Initialize: Tripolygon.UModeler.Hub.Noticies.NoticeService
[2025-12-03 오후 11:09:12] [Debug] [Application] Service Initialize: Tripolygon.UModeler.Hub.Views.SceneViews.HubSceneViewService
[2025-12-03 오후 11:09:13] [Debug] [Application] Release: isReloading=True
[2025-12-03 오후 11:09:13] [Debug] [Application] Release: isReloading=True
[2025-12-03 오후 11:09:13] [Debug] [Application] Service Release: Tripolygon.UModeler.Hub.Views.SceneViews.HubSceneViewService
[2025-12-03 오후 11:09:13] [Debug] [Application] Service Release: Tripolygon.UModeler.Hub.Views.SceneViews.HubSceneViewService
[2025-12-03 오후 11:09:13] [Debug] [Application] Service Release: Tripolygon.UModeler.Hub.Noticies.NoticeService
[2025-12-03 오후 11:09:13] [Debug] [Application] Service Release: Tripolygon.UModeler.Hub.Noticies.NoticeService
[2025-12-03 오후 11:09:13] [Debug] [Application] Service Release: Tripolygon.UModeler.Hub.Notifications.UpdateProductNotifier
[2025-12-03 오후 11:09:13] [Debug] [Application] Service Release: Tripolygon.UModeler.Hub.Notifications.UpdateProductNotifier
[2025-12-03 오후 11:09:13] [Debug] [Application] Service Release: Tripolygon.UModeler.Hub.Notifications.UpdateHubNotifier
[2025-12-03 오후 11:09:13] [Debug] [Application] Service Release: Tripolygon.UModeler.Hub.Notifications.UpdateHubNotifier
[2025-12-03 오후 11:09:13] [Debug] [Application] Service Release: Tripolygon.UModeler.Hub.VSAttributionService
[2025-12-03 오후 11:09:13] [Debug] [Application] Service Release: Tripolygon.UModeler.Hub.VSAttributionService
[2025-12-03 오후 11:09:16] [Debug] [Application] service: Tripolygon.UModeler.Hub.HubAuthentication = Tripolygon.UModeler.Hub.HubAuthentication
[2025-12-03 오후 11:09:16] [Debug] [Application] service: Tripolygon.UModeler.UI.IApplicationCache = Tripolygon.UModeler.Editor.UI.UnityEditorApplicationCache
[2025-12-03 오후 11:09:16] [Debug] ActualHost
[2025-12-03 오후 11:09:16] [Debug] [Application] service: Tripolygon.UModeler.Hub.HubAuthentication = Tripolygon.UModeler.Hub.HubAuthentication
[2025-12-03 오후 11:09:16] [Debug] [Application] service: Tripolygon.UModeler.UI.ITextureProvider = Tripolygon.UModeler.Editor.UI.UnityEditorTextureProvider
[2025-12-03 오후 11:09:16] [Debug] [Application] service: Tripolygon.UModeler.Hub.Resources.IResourcesApiProvider = Tripolygon.UModeler.Hub.ResourcesApiProviderService
[2025-12-03 오후 11:09:16] [Debug] [Application] service: Tripolygon.UModeler.Hub.IHubService = Tripolygon.UModeler.Hub.HubService
[2025-12-03 오후 11:09:16] [Debug] [Application] service: Tripolygon.UModeler.Hub.IHubAnalyticsService = Tripolygon.UModeler.Hub.HubAnalyticsService
[2025-12-03 오후 11:09:16] [Debug] [Application] service: Tripolygon.UModeler.Authentication.IAuthenticationApiProvider = Tripolygon.UModeler.Editor.AuthenticationApiProviderService
[2025-12-03 오후 11:09:16] [Debug] [Application] service: Tripolygon.UModeler.Hub.VSAttributionService = Tripolygon.UModeler.Hub.VSAttributionService
[2025-12-03 오후 11:09:16] [Debug] [Application] service: Tripolygon.UModeler.UI.IApplicationUtilityService = Tripolygon.UModeler.Editor.UI.UnityEditorApplicationUtilityService
[2025-12-03 오후 11:09:16] [Debug] [Application] service: Tripolygon.UModeler.Hub.Notifications.UpdateProductNotifier = Tripolygon.UModeler.Hub.Notifications.UpdateProductNotifier
[2025-12-03 오후 11:09:16] [Debug] [Application] service: Tripolygon.UModeler.Editor.UI.ApplicationSettings = Tripolygon.UModeler.Editor.UI.ApplicationSettings
[2025-12-03 오후 11:09:16] [Debug] [Application] service: Tripolygon.UModeler.Hub.INoticeService = Tripolygon.UModeler.Hub.Noticies.NoticeService
[2025-12-03 오후 11:09:16] [Debug] [Application] service: Tripolygon.UModeler.UI.ITextureProvider = Tripolygon.UModeler.Editor.UI.UnityEditorTextureProvider
[2025-12-03 오후 11:09:16] [Debug] [Application] service: Tripolygon.UModeler.Hub.Views.SceneViews.HubSceneViewService = Tripolygon.UModeler.Hub.Views.SceneViews.HubSceneViewService
[2025-12-03 오후 11:09:16] [Debug] [Application] service: Tripolygon.UModeler.Hub.Resources.IResourcesApiProvider = Tripolygon.UModeler.Hub.ResourcesApiProviderService
[2025-12-03 오후 11:09:17] [Debug] [Application] Initialize: isReloading=True
[2025-12-03 오후 11:09:16] [Debug] [Application] service: Tripolygon.UModeler.Hub.IHubAnalyticsService = Tripolygon.UModeler.Hub.HubAnalyticsService
[2025-12-03 오후 11:09:18] [Debug] [Application] Service Initialize: Tripolygon.UModeler.Hub.HubAuthentication
[2025-12-03 오후 11:09:16] [Debug] [Application] service: Tripolygon.UModeler.Hub.Notifications.UpdateHubNotifier = Tripolygon.UModeler.Hub.Notifications.UpdateHubNotifier
[2025-12-03 오후 11:09:18] [Debug] [Application] Service Initialize: Tripolygon.UModeler.Editor.UI.UnityEditorApplicationCache
[2025-12-03 오후 11:09:16] [Debug] [Application] service: Tripolygon.UModeler.Hub.INoticeService = Tripolygon.UModeler.Hub.Noticies.NoticeService
[2025-12-03 오후 11:09:16] [Debug] [Application] service: Tripolygon.UModeler.Hub.Views.SceneViews.HubSceneViewService = Tripolygon.UModeler.Hub.Views.SceneViews.HubSceneViewService
[2025-12-03 오후 11:09:18] [Debug] [Application] Service Initialize: Tripolygon.UModeler.Hub.HubService
[2025-12-03 오후 11:09:18] [Debug] [Application] Service Initialize: Tripolygon.UModeler.Hub.HubAuthentication
[2025-12-03 오후 11:09:18] [Debug] [Application] Service Initialize: Tripolygon.UModeler.Editor.UI.UnityEditorApplicationUtilityService
[2025-12-03 오후 11:09:18] [Debug] [Application] Service Initialize: Tripolygon.UModeler.Editor.UI.UnityEditorApplicationCache
[2025-12-03 오후 11:09:18] [Debug] [Application] Service Initialize: Tripolygon.UModeler.Hub.HubFlashService
[2025-12-03 오후 11:09:18] [Debug] [Application] Service Initialize: Tripolygon.UModeler.Hub.HubService
[2025-12-03 오후 11:09:18] [Debug] [Application] Service Initialize: Tripolygon.UModeler.Editor.UI.UnityEditorApplicationUtilityService
[2025-12-03 오후 11:09:18] [Debug] [HubAnalytics] PosthogClient.SetAutoFlush: Value Changed: True
[2025-12-03 오후 11:09:18] [Debug] [Application] Service Initialize: Tripolygon.UModeler.Hub.HubFlashService
[2025-12-03 오후 11:09:18] [Debug] [HubAnalytics] PosthogClient.SetAutoFlush: Value Changed: True
[2025-12-03 오후 11:09:18] [Debug] [Application] Service Initialize: Tripolygon.UModeler.Hub.HubAnalyticsService
[2025-12-03 오후 11:09:18] [Debug] [Application] Service Initialize: Tripolygon.UModeler.Hub.VSAttributionService
[2025-12-03 오후 11:09:18] [Debug] [Application] Service Initialize: Tripolygon.UModeler.Hub.Notifications.UpdateHubNotifier
[2025-12-03 오후 11:09:18] [Debug] [Application] Service Initialize: Tripolygon.UModeler.Hub.HubAnalyticsService
[2025-12-03 오후 11:09:18] [Debug] [Application] Service Initialize: Tripolygon.UModeler.Hub.Notifications.UpdateProductNotifier
[2025-12-03 오후 11:09:18] [Debug] [Application] Service Initialize: Tripolygon.UModeler.Hub.VSAttributionService
[2025-12-03 오후 11:09:18] [Debug] [Application] Service Initialize: Tripolygon.UModeler.Hub.Noticies.NoticeService
[2025-12-03 오후 11:09:18] [Debug] [Application] Service Initialize: Tripolygon.UModeler.Hub.Notifications.UpdateHubNotifier
[2025-12-03 오후 11:09:18] [Debug] [Application] Service Initialize: Tripolygon.UModeler.Hub.Views.SceneViews.HubSceneViewService
[2025-12-03 오후 11:09:18] [Debug] [Application] Service Initialize: Tripolygon.UModeler.Hub.Notifications.UpdateProductNotifier
[2025-12-03 오후 11:09:18] [Debug] [Application] Service Initialize: Tripolygon.UModeler.Hub.Noticies.NoticeService
[2025-12-03 오후 11:09:18] [Debug] [Application] Service Initialize: Tripolygon.UModeler.Hub.Views.SceneViews.HubSceneViewService
[2025-12-03 오후 11:10:11] [Debug] [Application] Release: isReloading=True
[2025-12-03 오후 11:10:11] [Debug] [Application] Service Release: Tripolygon.UModeler.Hub.Views.SceneViews.HubSceneViewService
[2025-12-03 오후 11:10:11] [Debug] [Application] Service Release: Tripolygon.UModeler.Hub.Noticies.NoticeService
[2025-12-03 오후 11:10:11] [Debug] [Application] Service Release: Tripolygon.UModeler.Hub.Notifications.UpdateProductNotifier
[2025-12-03 오후 11:10:11] [Debug] [Application] Service Release: Tripolygon.UModeler.Hub.Notifications.UpdateHubNotifier
[2025-12-03 오후 11:10:11] [Debug] [Application] Service Release: Tripolygon.UModeler.Hub.VSAttributionService
[2025-12-03 오후 11:10:11] [Debug] [HubAnalytics] PosthogClient.SetAutoFlush: Value Changed: False
[2025-12-03 오후 11:10:11] [Debug] [Application] Service Release: Tripolygon.UModeler.Hub.HubAnalyticsService
[2025-12-03 오후 11:10:12] [Debug] [Application] Service Release: Tripolygon.UModeler.Hub.HubFlashService
[2025-12-03 오후 11:10:12] [Debug] [Application] Service Release: Tripolygon.UModeler.Editor.UI.UnityEditorApplicationUtilityService
[2025-12-03 오후 11:10:12] [Debug] [Application] Service Release: Tripolygon.UModeler.Hub.HubService
[2025-12-03 오후 11:10:12] [Debug] [Application] Service Release: Tripolygon.UModeler.Editor.UI.UnityEditorApplicationCache
[2025-12-03 오후 11:10:12] [Debug] [Application] Service Release: Tripolygon.UModeler.Hub.HubAuthentication
[2025-12-03 오후 11:10:15] [Debug] [Application] service: Tripolygon.UModeler.Hub.HubAuthentication = Tripolygon.UModeler.Hub.HubAuthentication
[2025-12-03 오후 11:10:15] [Debug] [Application] service: Tripolygon.UModeler.UI.IApplicationCache = Tripolygon.UModeler.Editor.UI.UnityEditorApplicationCache
[2025-12-03 오후 11:10:15] [Debug] ActualHost
[2025-12-03 오후 11:10:15] [Debug] [Application] service: Tripolygon.UModeler.Hub.IHubService = Tripolygon.UModeler.Hub.HubService
[2025-12-03 오후 11:10:15] [Debug] [Application] service: Tripolygon.UModeler.Authentication.IAuthenticationApiProvider = Tripolygon.UModeler.Editor.AuthenticationApiProviderService
[2025-12-03 오후 11:10:15] [Debug] [Application] service: Tripolygon.UModeler.UI.IObjectHierarchyService = Tripolygon.UModeler.Editor.UI.UnityEditorObjectHierarchyService
[2025-12-03 오후 11:10:15] [Debug] [Application] service: Tripolygon.UModeler.UI.IApplicationUtilityService = Tripolygon.UModeler.Editor.UI.UnityEditorApplicationUtilityService
[2025-12-03 오후 11:10:15] [Debug] [Application] service: Tripolygon.UModeler.Editor.UI.ApplicationSettings = Tripolygon.UModeler.Editor.UI.ApplicationSettings
[2025-12-03 오후 11:10:15] [Debug] [Application] service: Tripolygon.UModeler.UI.ITextureProvider = Tripolygon.UModeler.Editor.UI.UnityEditorTextureProvider
[2025-12-03 오후 11:10:15] [Debug] [Application] service: Tripolygon.UModeler.Hub.Resources.IResourcesApiProvider = Tripolygon.UModeler.Hub.ResourcesApiProviderService
[2025-12-03 오후 11:10:15] [Debug] [Application] service: Tripolygon.UModeler.Hub.HubFlashService = Tripolygon.UModeler.Hub.HubFlashService
[2025-12-03 오후 11:10:15] [Debug] [Application] service: Tripolygon.UModeler.Hub.IHubAnalyticsService = Tripolygon.UModeler.Hub.HubAnalyticsService
[2025-12-03 오후 11:10:15] [Debug] [Application] service: Tripolygon.UModeler.Hub.VSAttributionService = Tripolygon.UModeler.Hub.VSAttributionService
[2025-12-03 오후 11:10:15] [Debug] [Application] service: Tripolygon.UModeler.Hub.Notifications.UpdateHubNotifier = Tripolygon.UModeler.Hub.Notifications.UpdateHubNotifier
[2025-12-03 오후 11:10:15] [Debug] [Application] service: Tripolygon.UModeler.Hub.Notifications.UpdateProductNotifier = Tripolygon.UModeler.Hub.Notifications.UpdateProductNotifier
[2025-12-03 오후 11:10:15] [Debug] [Application] service: Tripolygon.UModeler.Hub.INoticeService = Tripolygon.UModeler.Hub.Noticies.NoticeService
[2025-12-03 오후 11:10:15] [Debug] [Application] service: Tripolygon.UModeler.Hub.Views.SceneViews.HubSceneViewService = Tripolygon.UModeler.Hub.Views.SceneViews.HubSceneViewService
[2025-12-03 오후 11:10:17] [Debug] [Application] Initialize: isReloading=True
[2025-12-03 오후 11:10:17] [Debug] [Application] Service Initialize: Tripolygon.UModeler.Hub.HubAuthentication
[2025-12-03 오후 11:10:17] [Debug] [Application] Service Initialize: Tripolygon.UModeler.Editor.UI.UnityEditorApplicationCache
[2025-12-03 오후 11:10:17] [Debug] [Application] Service Initialize: Tripolygon.UModeler.Hub.HubService
[2025-12-03 오후 11:10:17] [Debug] [Application] Service Initialize: Tripolygon.UModeler.Editor.UI.UnityEditorApplicationUtilityService
[2025-12-03 오후 11:10:17] [Debug] [Application] Service Initialize: Tripolygon.UModeler.Hub.HubFlashService
[2025-12-03 오후 11:10:17] [Debug] [HubAnalytics] PosthogClient.SetAutoFlush: Value Changed: True
[2025-12-03 오후 11:10:17] [Debug] [Application] Service Initialize: Tripolygon.UModeler.Hub.HubAnalyticsService
[2025-12-03 오후 11:10:17] [Debug] [Application] Service Initialize: Tripolygon.UModeler.Hub.VSAttributionService
[2025-12-03 오후 11:10:17] [Debug] [Application] Service Initialize: Tripolygon.UModeler.Hub.Notifications.UpdateHubNotifier
[2025-12-03 오후 11:10:17] [Debug] [Application] Service Initialize: Tripolygon.UModeler.Hub.Notifications.UpdateProductNotifier
[2025-12-03 오후 11:10:17] [Debug] [Application] Service Initialize: Tripolygon.UModeler.Hub.Noticies.NoticeService
[2025-12-03 오후 11:10:17] [Debug] [Application] Service Initialize: Tripolygon.UModeler.Hub.Views.SceneViews.HubSceneViewService
[2025-12-03 오후 11:10:18] [Debug] [Application] Release: isReloading=True
[2025-12-03 오후 11:10:18] [Debug] [Application] Service Release: Tripolygon.UModeler.Hub.Views.SceneViews.HubSceneViewService
[2025-12-03 오후 11:10:18] [Debug] [Application] Release: isReloading=True
[2025-12-03 오후 11:10:18] [Debug] [Application] Service Release: Tripolygon.UModeler.Hub.Noticies.NoticeService
[2025-12-03 오후 11:10:18] [Debug] [Application] Service Release: Tripolygon.UModeler.Hub.Views.SceneViews.HubSceneViewService
[2025-12-03 오후 11:10:18] [Debug] [Application] Service Release: Tripolygon.UModeler.Hub.Notifications.UpdateProductNotifier
[2025-12-03 오후 11:10:18] [Debug] [Application] Service Release: Tripolygon.UModeler.Hub.Noticies.NoticeService
[2025-12-03 오후 11:10:18] [Debug] [Application] Service Release: Tripolygon.UModeler.Hub.Notifications.UpdateHubNotifier
[2025-12-03 오후 11:10:18] [Debug] [Application] Service Release: Tripolygon.UModeler.Hub.Notifications.UpdateProductNotifier
[2025-12-03 오후 11:10:18] [Debug] [Application] Service Release: Tripolygon.UModeler.Hub.VSAttributionService
[2025-12-03 오후 11:10:18] [Debug] [Application] Service Release: Tripolygon.UModeler.Hub.Notifications.UpdateHubNotifier
[2025-12-03 오후 11:10:18] [Debug] [Application] Service Release: Tripolygon.UModeler.Hub.VSAttributionService
[2025-12-03 오후 11:10:21] [Debug] [Application] service: Tripolygon.UModeler.Hub.HubAuthentication = Tripolygon.UModeler.Hub.HubAuthentication
[2025-12-03 오후 11:10:21] [Debug] [Application] service: Tripolygon.UModeler.Hub.HubAuthentication = Tripolygon.UModeler.Hub.HubAuthentication
[2025-12-03 오후 11:10:21] [Debug] [Application] service: Tripolygon.UModeler.UI.IApplicationUtilityService = Tripolygon.UModeler.Editor.UI.UnityEditorApplicationUtilityService
[2025-12-03 오후 11:10:21] [Debug] [Application] service: Tripolygon.UModeler.UI.IApplicationCache = Tripolygon.UModeler.Editor.UI.UnityEditorApplicationCache
[2025-12-03 오후 11:10:21] [Debug] [Application] service: Tripolygon.UModeler.Editor.UI.ApplicationSettings = Tripolygon.UModeler.Editor.UI.ApplicationSettings
[2025-12-03 오후 11:10:21] [Debug] ActualHost
[2025-12-03 오후 11:10:21] [Debug] [Application] service: Tripolygon.UModeler.Hub.Resources.IResourcesApiProvider = Tripolygon.UModeler.Hub.ResourcesApiProviderService
[2025-12-03 오후 11:10:21] [Debug] [Application] service: Tripolygon.UModeler.Authentication.IAuthenticationApiProvider = Tripolygon.UModeler.Editor.AuthenticationApiProviderService
[2025-12-03 오후 11:10:21] [Debug] [Application] service: Tripolygon.UModeler.Hub.IHubAnalyticsService = Tripolygon.UModeler.Hub.HubAnalyticsService
[2025-12-03 오후 11:10:21] [Debug] [Application] service: Tripolygon.UModeler.UI.IApplicationUtilityService = Tripolygon.UModeler.Editor.UI.UnityEditorApplicationUtilityService
[2025-12-03 오후 11:10:21] [Debug] [Application] service: Tripolygon.UModeler.Hub.Notifications.UpdateHubNotifier = Tripolygon.UModeler.Hub.Notifications.UpdateHubNotifier
[2025-12-03 오후 11:10:21] [Debug] [Application] service: Tripolygon.UModeler.Editor.UI.ApplicationSettings = Tripolygon.UModeler.Editor.UI.ApplicationSettings
[2025-12-03 오후 11:10:21] [Debug] [Application] service: Tripolygon.UModeler.Hub.Notifications.UpdateProductNotifier = Tripolygon.UModeler.Hub.Notifications.UpdateProductNotifier
[2025-12-03 오후 11:10:21] [Debug] [Application] service: Tripolygon.UModeler.UI.ITextureProvider = Tripolygon.UModeler.Editor.UI.UnityEditorTextureProvider
[2025-12-03 오후 11:10:21] [Debug] [Application] service: Tripolygon.UModeler.Hub.Views.SceneViews.HubSceneViewService = Tripolygon.UModeler.Hub.Views.SceneViews.HubSceneViewService
[2025-12-03 오후 11:10:21] [Debug] [Application] service: Tripolygon.UModeler.Hub.HubFlashService = Tripolygon.UModeler.Hub.HubFlashService
[2025-12-03 오후 11:10:22] [Debug] [Application] Initialize: isReloading=True
[2025-12-03 오후 11:10:21] [Debug] [Application] service: Tripolygon.UModeler.Hub.IHubAnalyticsService = Tripolygon.UModeler.Hub.HubAnalyticsService
[2025-12-03 오후 11:10:22] [Debug] [Application] Service Initialize: Tripolygon.UModeler.Hub.HubAuthentication
[2025-12-03 오후 11:10:21] [Debug] [Application] service: Tripolygon.UModeler.Hub.VSAttributionService = Tripolygon.UModeler.Hub.VSAttributionService
[2025-12-03 오후 11:10:21] [Debug] [Application] service: Tripolygon.UModeler.Hub.Notifications.UpdateHubNotifier = Tripolygon.UModeler.Hub.Notifications.UpdateHubNotifier
[2025-12-03 오후 11:10:21] [Debug] [Application] service: Tripolygon.UModeler.Hub.Notifications.UpdateProductNotifier = Tripolygon.UModeler.Hub.Notifications.UpdateProductNotifier
[2025-12-03 오후 11:10:22] [Debug] [Application] Service Initialize: Tripolygon.UModeler.Hub.HubService
[2025-12-03 오후 11:10:21] [Debug] [Application] service: Tripolygon.UModeler.Hub.Views.SceneViews.HubSceneViewService = Tripolygon.UModeler.Hub.Views.SceneViews.HubSceneViewService
[2025-12-03 오후 11:10:22] [Debug] [Application] Service Initialize: Tripolygon.UModeler.Editor.UI.UnityEditorApplicationUtilityService
[2025-12-03 오후 11:10:22] [Debug] [Application] Service Initialize: Tripolygon.UModeler.Hub.HubAuthentication
[2025-12-03 오후 11:10:22] [Debug] [Application] Service Initialize: Tripolygon.UModeler.Hub.HubFlashService
[2025-12-03 오후 11:10:23] [Debug] [Application] Service Initialize: Tripolygon.UModeler.Editor.UI.UnityEditorApplicationCache
[2025-12-03 오후 11:10:23] [Debug] [HubAnalytics] PosthogClient.SetAutoFlush: Value Changed: True
[2025-12-03 오후 11:10:23] [Debug] [Application] Service Initialize: Tripolygon.UModeler.Hub.HubService
[2025-12-03 오후 11:10:23] [Debug] [Application] Service Initialize: Tripolygon.UModeler.Editor.UI.UnityEditorApplicationUtilityService
[2025-12-03 오후 11:10:23] [Debug] [Application] Service Initialize: Tripolygon.UModeler.Hub.HubFlashService
[2025-12-03 오후 11:10:23] [Debug] [Application] Service Initialize: Tripolygon.UModeler.Hub.HubAnalyticsService
[2025-12-03 오후 11:10:23] [Debug] [HubAnalytics] PosthogClient.SetAutoFlush: Value Changed: True
[2025-12-03 오후 11:10:23] [Debug] [Application] Service Initialize: Tripolygon.UModeler.Hub.VSAttributionService
[2025-12-03 오후 11:10:23] [Debug] [Application] Service Initialize: Tripolygon.UModeler.Hub.Notifications.UpdateHubNotifier
[2025-12-03 오후 11:10:23] [Debug] [Application] Service Initialize: Tripolygon.UModeler.Hub.Notifications.UpdateProductNotifier
[2025-12-03 오후 11:10:23] [Debug] [Application] Service Initialize: Tripolygon.UModeler.Hub.HubAnalyticsService
[2025-12-03 오후 11:10:23] [Debug] [Application] Service Initialize: Tripolygon.UModeler.Hub.Noticies.NoticeService
[2025-12-03 오후 11:10:23] [Debug] [Application] Service Initialize: Tripolygon.UModeler.Hub.VSAttributionService
[2025-12-03 오후 11:10:23] [Debug] [Application] Service Initialize: Tripolygon.UModeler.Hub.Views.SceneViews.HubSceneViewService
[2025-12-03 오후 11:10:23] [Debug] [Application] Service Initialize: Tripolygon.UModeler.Hub.Notifications.UpdateHubNotifier
[2025-12-03 오후 11:10:23] [Debug] [Application] Service Initialize: Tripolygon.UModeler.Hub.Notifications.UpdateProductNotifier
[2025-12-03 오후 11:10:23] [Debug] [Application] Service Initialize: Tripolygon.UModeler.Hub.Noticies.NoticeService
[2025-12-03 오후 11:10:23] [Debug] [Application] Service Initialize: Tripolygon.UModeler.Hub.Views.SceneViews.HubSceneViewService
[2025-12-03 오후 11:10:40] [Debug] [Application] Release: isReloading=True
[2025-12-03 오후 11:10:40] [Debug] [Application] Service Release: Tripolygon.UModeler.Hub.Views.SceneViews.HubSceneViewService
[2025-12-03 오후 11:10:40] [Debug] [Application] Service Release: Tripolygon.UModeler.Hub.Noticies.NoticeService
[2025-12-03 오후 11:10:40] [Debug] [Application] Service Release: Tripolygon.UModeler.Hub.Notifications.UpdateProductNotifier
[2025-12-03 오후 11:10:40] [Debug] [Application] Service Release: Tripolygon.UModeler.Hub.Notifications.UpdateHubNotifier
[2025-12-03 오후 11:10:40] [Debug] [Application] Service Release: Tripolygon.UModeler.Hub.VSAttributionService
[2025-12-03 오후 11:10:40] [Debug] [HubAnalytics] PosthogClient.SetAutoFlush: Value Changed: False
[2025-12-03 오후 11:10:40] [Debug] [Application] Service Release: Tripolygon.UModeler.Hub.HubAnalyticsService
[2025-12-03 오후 11:10:40] [Debug] [Application] Service Release: Tripolygon.UModeler.Hub.HubFlashService
[2025-12-03 오후 11:10:40] [Debug] [Application] Service Release: Tripolygon.UModeler.Editor.UI.UnityEditorApplicationUtilityService
[2025-12-03 오후 11:10:40] [Debug] [Application] Service Release: Tripolygon.UModeler.Hub.HubService
[2025-12-03 오후 11:10:40] [Debug] [Application] Service Release: Tripolygon.UModeler.Editor.UI.UnityEditorApplicationCache
[2025-12-03 오후 11:10:40] [Debug] [Application] Service Release: Tripolygon.UModeler.Hub.HubAuthentication
[2025-12-03 오후 11:10:44] [Debug] [Application] service: Tripolygon.UModeler.Hub.HubAuthentication = Tripolygon.UModeler.Hub.HubAuthentication
[2025-12-03 오후 11:10:44] [Debug] [Application] service: Tripolygon.UModeler.UI.IApplicationCache = Tripolygon.UModeler.Editor.UI.UnityEditorApplicationCache
[2025-12-03 오후 11:10:44] [Debug] ActualHost
[2025-12-03 오후 11:10:44] [Debug] [Application] service: Tripolygon.UModeler.Hub.IHubService = Tripolygon.UModeler.Hub.HubService
[2025-12-03 오후 11:10:44] [Debug] [Application] service: Tripolygon.UModeler.Authentication.IAuthenticationApiProvider = Tripolygon.UModeler.Editor.AuthenticationApiProviderService
[2025-12-03 오후 11:10:44] [Debug] [Application] service: Tripolygon.UModeler.UI.IObjectHierarchyService = Tripolygon.UModeler.Editor.UI.UnityEditorObjectHierarchyService
[2025-12-03 오후 11:10:44] [Debug] [Application] service: Tripolygon.UModeler.UI.IApplicationUtilityService = Tripolygon.UModeler.Editor.UI.UnityEditorApplicationUtilityService
[2025-12-03 오후 11:10:44] [Debug] [Application] service: Tripolygon.UModeler.Editor.UI.ApplicationSettings = Tripolygon.UModeler.Editor.UI.ApplicationSettings
[2025-12-03 오후 11:10:44] [Debug] [Application] service: Tripolygon.UModeler.UI.ITextureProvider = Tripolygon.UModeler.Editor.UI.UnityEditorTextureProvider
[2025-12-03 오후 11:10:44] [Debug] [Application] service: Tripolygon.UModeler.Hub.Resources.IResourcesApiProvider = Tripolygon.UModeler.Hub.ResourcesApiProviderService
[2025-12-03 오후 11:10:44] [Debug] [Application] service: Tripolygon.UModeler.Hub.HubFlashService = Tripolygon.UModeler.Hub.HubFlashService
[2025-12-03 오후 11:10:44] [Debug] [Application] service: Tripolygon.UModeler.Hub.IHubAnalyticsService = Tripolygon.UModeler.Hub.HubAnalyticsService
[2025-12-03 오후 11:10:44] [Debug] [Application] service: Tripolygon.UModeler.Hub.VSAttributionService = Tripolygon.UModeler.Hub.VSAttributionService
[2025-12-03 오후 11:10:44] [Debug] [Application] service: Tripolygon.UModeler.Hub.Notifications.UpdateHubNotifier = Tripolygon.UModeler.Hub.Notifications.UpdateHubNotifier
[2025-12-03 오후 11:10:44] [Debug] [Application] service: Tripolygon.UModeler.Hub.Notifications.UpdateProductNotifier = Tripolygon.UModeler.Hub.Notifications.UpdateProductNotifier
[2025-12-03 오후 11:10:44] [Debug] [Application] service: Tripolygon.UModeler.Hub.INoticeService = Tripolygon.UModeler.Hub.Noticies.NoticeService
[2025-12-03 오후 11:10:44] [Debug] [Application] service: Tripolygon.UModeler.Hub.Views.SceneViews.HubSceneViewService = Tripolygon.UModeler.Hub.Views.SceneViews.HubSceneViewService
[2025-12-03 오후 11:10:46] [Debug] [Application] Initialize: isReloading=True
[2025-12-03 오후 11:10:46] [Debug] [Application] Service Initialize: Tripolygon.UModeler.Hub.HubAuthentication
[2025-12-03 오후 11:10:46] [Debug] [Application] Service Initialize: Tripolygon.UModeler.Editor.UI.UnityEditorApplicationCache
[2025-12-03 오후 11:10:46] [Debug] [Application] Service Initialize: Tripolygon.UModeler.Hub.HubService
[2025-12-03 오후 11:10:46] [Debug] [Application] Service Initialize: Tripolygon.UModeler.Editor.UI.UnityEditorApplicationUtilityService
[2025-12-03 오후 11:10:46] [Debug] [Application] Service Initialize: Tripolygon.UModeler.Hub.HubFlashService
[2025-12-03 오후 11:10:46] [Debug] [HubAnalytics] PosthogClient.SetAutoFlush: Value Changed: True
[2025-12-03 오후 11:10:46] [Debug] [Application] Service Initialize: Tripolygon.UModeler.Hub.HubAnalyticsService
[2025-12-03 오후 11:10:46] [Debug] [Application] Service Initialize: Tripolygon.UModeler.Hub.VSAttributionService
[2025-12-03 오후 11:10:46] [Debug] [Application] Service Initialize: Tripolygon.UModeler.Hub.Notifications.UpdateHubNotifier
[2025-12-03 오후 11:10:46] [Debug] [Application] Service Initialize: Tripolygon.UModeler.Hub.Notifications.UpdateProductNotifier
[2025-12-03 오후 11:10:46] [Debug] [Application] Service Initialize: Tripolygon.UModeler.Hub.Noticies.NoticeService
[2025-12-03 오후 11:10:46] [Debug] [Application] Service Initialize: Tripolygon.UModeler.Hub.Views.SceneViews.HubSceneViewService
[2025-12-03 오후 11:10:47] [Debug] [Application] Release: isReloading=True
[2025-12-03 오후 11:10:47] [Debug] [Application] Release: isReloading=True
[2025-12-03 오후 11:10:47] [Debug] [Application] Service Release: Tripolygon.UModeler.Hub.Views.SceneViews.HubSceneViewService
[2025-12-03 오후 11:10:47] [Debug] [Application] Service Release: Tripolygon.UModeler.Hub.Views.SceneViews.HubSceneViewService
[2025-12-03 오후 11:10:47] [Debug] [Application] Service Release: Tripolygon.UModeler.Hub.Noticies.NoticeService
[2025-12-03 오후 11:10:47] [Debug] [Application] Service Release: Tripolygon.UModeler.Hub.Noticies.NoticeService
[2025-12-03 오후 11:10:47] [Debug] [Application] Service Release: Tripolygon.UModeler.Hub.Notifications.UpdateProductNotifier
[2025-12-03 오후 11:10:47] [Debug] [Application] Service Release: Tripolygon.UModeler.Hub.Notifications.UpdateProductNotifier
[2025-12-03 오후 11:10:47] [Debug] [Application] Service Release: Tripolygon.UModeler.Hub.Notifications.UpdateHubNotifier
[2025-12-03 오후 11:10:47] [Debug] [Application] Service Release: Tripolygon.UModeler.Hub.Notifications.UpdateHubNotifier
[2025-12-03 오후 11:10:47] [Debug] [Application] Service Release: Tripolygon.UModeler.Hub.VSAttributionService
[2025-12-03 오후 11:10:47] [Debug] [Application] Service Release: Tripolygon.UModeler.Hub.VSAttributionService
[2025-12-03 오후 11:10:50] [Debug] [Application] service: Tripolygon.UModeler.Hub.HubAuthentication = Tripolygon.UModeler.Hub.HubAuthentication
[2025-12-03 오후 11:10:50] [Debug] [Application] service: Tripolygon.UModeler.Hub.HubAuthentication = Tripolygon.UModeler.Hub.HubAuthentication
[2025-12-03 오후 11:10:50] [Debug] [Application] service: Tripolygon.UModeler.UI.IApplicationUtilityService = Tripolygon.UModeler.Editor.UI.UnityEditorApplicationUtilityService
[2025-12-03 오후 11:10:50] [Debug] [Application] service: Tripolygon.UModeler.UI.IApplicationCache = Tripolygon.UModeler.Editor.UI.UnityEditorApplicationCache
[2025-12-03 오후 11:10:50] [Debug] [Application] service: Tripolygon.UModeler.Editor.UI.ApplicationSettings = Tripolygon.UModeler.Editor.UI.ApplicationSettings
[2025-12-03 오후 11:10:50] [Debug] [Application] service: Tripolygon.UModeler.Hub.IHubService = Tripolygon.UModeler.Hub.HubService
[2025-12-03 오후 11:10:50] [Debug] [Application] service: Tripolygon.UModeler.UI.ITextureProvider = Tripolygon.UModeler.Editor.UI.UnityEditorTextureProvider
[2025-12-03 오후 11:10:50] [Debug] [Application] service: Tripolygon.UModeler.Authentication.IAuthenticationApiProvider = Tripolygon.UModeler.Editor.AuthenticationApiProviderService
[2025-12-03 오후 11:10:50] [Debug] [Application] service: Tripolygon.UModeler.Hub.HubFlashService = Tripolygon.UModeler.Hub.HubFlashService
[2025-12-03 오후 11:10:50] [Debug] [Application] service: Tripolygon.UModeler.UI.IObjectHierarchyService = Tripolygon.UModeler.Editor.UI.UnityEditorObjectHierarchyService
[2025-12-03 오후 11:10:50] [Debug] [Application] service: Tripolygon.UModeler.Hub.IHubAnalyticsService = Tripolygon.UModeler.Hub.HubAnalyticsService
[2025-12-03 오후 11:10:50] [Debug] [Application] service: Tripolygon.UModeler.Editor.UI.ApplicationSettings = Tripolygon.UModeler.Editor.UI.ApplicationSettings
[2025-12-03 오후 11:10:50] [Debug] [Application] service: Tripolygon.UModeler.Hub.VSAttributionService = Tripolygon.UModeler.Hub.VSAttributionService
[2025-12-03 오후 11:10:50] [Debug] [Application] service: Tripolygon.UModeler.UI.ITextureProvider = Tripolygon.UModeler.Editor.UI.UnityEditorTextureProvider
[2025-12-03 오후 11:10:50] [Debug] [Application] service: Tripolygon.UModeler.Hub.Notifications.UpdateHubNotifier = Tripolygon.UModeler.Hub.Notifications.UpdateHubNotifier
[2025-12-03 오후 11:10:50] [Debug] [Application] service: Tripolygon.UModeler.Hub.HubFlashService = Tripolygon.UModeler.Hub.HubFlashService
[2025-12-03 오후 11:10:50] [Debug] [Application] service: Tripolygon.UModeler.Hub.INoticeService = Tripolygon.UModeler.Hub.Noticies.NoticeService
[2025-12-03 오후 11:10:50] [Debug] [Application] service: Tripolygon.UModeler.Hub.VSAttributionService = Tripolygon.UModeler.Hub.VSAttributionService
[2025-12-03 오후 11:10:51] [Debug] [Application] Initialize: isReloading=True
[2025-12-03 오후 11:10:50] [Debug] [Application] service: Tripolygon.UModeler.Hub.Notifications.UpdateProductNotifier = Tripolygon.UModeler.Hub.Notifications.UpdateProductNotifier
[2025-12-03 오후 11:10:51] [Debug] [Application] Service Initialize: Tripolygon.UModeler.Hub.HubAuthentication
[2025-12-03 오후 11:10:50] [Debug] [Application] service: Tripolygon.UModeler.Hub.Views.SceneViews.HubSceneViewService = Tripolygon.UModeler.Hub.Views.SceneViews.HubSceneViewService
[2025-12-03 오후 11:10:51] [Debug] [Application] Service Initialize: Tripolygon.UModeler.Editor.UI.UnityEditorApplicationCache
[2025-12-03 오후 11:10:51] [Debug] [Application] Initialize: isReloading=False
[2025-12-03 오후 11:10:51] [Debug] [Application] Service Initialize: Tripolygon.UModeler.Hub.HubAuthentication
[2025-12-03 오후 11:10:51] [Debug] [Application] Service Initialize: Tripolygon.UModeler.Hub.HubService
[2025-12-03 오후 11:10:51] [Debug] [Application] Service Initialize: Tripolygon.UModeler.Editor.UI.UnityEditorApplicationCache
[2025-12-03 오후 11:10:51] [Debug] [Application] Service Initialize: Tripolygon.UModeler.Editor.UI.UnityEditorApplicationUtilityService
[2025-12-03 오후 11:10:51] [Debug] [Application] Service Initialize: Tripolygon.UModeler.Hub.HubService
[2025-12-03 오후 11:10:51] [Debug] [Application] Service Initialize: Tripolygon.UModeler.Hub.HubFlashService
[2025-12-03 오후 11:10:51] [Debug] [Application] Service Initialize: Tripolygon.UModeler.Editor.UI.UnityEditorApplicationUtilityService
[2025-12-03 오후 11:10:51] [Debug] [Application] Service Initialize: Tripolygon.UModeler.Hub.HubFlashService
[2025-12-03 오후 11:10:51] [Debug] [HubAnalytics] PosthogClient.SetAutoFlush: Value Changed: True
[2025-12-03 오후 11:10:51] [Debug] [HubAnalytics] PosthogClient.SetAutoFlush: Value Changed: True
[2025-12-03 오후 11:10:51] [Debug] [Application] Service Initialize: Tripolygon.UModeler.Hub.HubAnalyticsService
[2025-12-03 오후 11:10:51] [Debug] [Application] Service Initialize: Tripolygon.UModeler.Hub.HubAnalyticsService
[2025-12-03 오후 11:10:51] [Debug] [Application] Service Initialize: Tripolygon.UModeler.Hub.VSAttributionService
[2025-12-03 오후 11:10:51] [Debug] [Application] Service Initialize: Tripolygon.UModeler.Hub.VSAttributionService
[2025-12-03 오후 11:10:51] [Debug] [Application] Service Initialize: Tripolygon.UModeler.Hub.Notifications.UpdateHubNotifier
[2025-12-03 오후 11:10:51] [Debug] [Application] Service Initialize: Tripolygon.UModeler.Hub.Notifications.UpdateHubNotifier
[2025-12-03 오후 11:10:51] [Debug] [Application] Service Initialize: Tripolygon.UModeler.Hub.Notifications.UpdateProductNotifier
[2025-12-03 오후 11:10:51] [Debug] [Application] Service Initialize: Tripolygon.UModeler.Hub.Notifications.UpdateProductNotifier
[2025-12-03 오후 11:10:51] [Debug] [Application] Service Initialize: Tripolygon.UModeler.Hub.Noticies.NoticeService
[2025-12-03 오후 11:10:52] [Debug] [Application] Service Initialize: Tripolygon.UModeler.Hub.Noticies.NoticeService
[2025-12-03 오후 11:10:52] [Debug] [Application] Service Initialize: Tripolygon.UModeler.Hub.Views.SceneViews.HubSceneViewService
[2025-12-03 오후 11:10:52] [Debug] [Application] Service Initialize: Tripolygon.UModeler.Hub.Views.SceneViews.HubSceneViewService
[2025-12-03 오후 11:11:39] [Debug] [Application] Release: isReloading=False
[2025-12-03 오후 11:11:39] [Debug] [Application] Service Release: Tripolygon.UModeler.Hub.Views.SceneViews.HubSceneViewService
[2025-12-03 오후 11:11:39] [Debug] [Application] Service Release: Tripolygon.UModeler.Hub.Noticies.NoticeService
[2025-12-03 오후 11:11:39] [Debug] [Application] Service Release: Tripolygon.UModeler.Hub.Notifications.UpdateProductNotifier
[2025-12-03 오후 11:11:39] [Debug] [Application] Service Release: Tripolygon.UModeler.Hub.Notifications.UpdateHubNotifier
[2025-12-03 오후 11:11:39] [Debug] [Application] Service Release: Tripolygon.UModeler.Hub.VSAttributionService
[2025-12-03 오후 11:11:39] [Debug] [HubAnalytics] OnAppEnd
[2025-12-03 오후 11:11:39] [Debug] [HubAnalytics] PosthogClient.SetAutoFlush: Value Changed: False
[2025-12-03 오후 11:11:39] [Debug] [HubAnalytics] PosthogClient.BatchAsync: Sending Queue Items={"api_key":"phc_DQ6tsN03HRXTr9hNBfi3DierOY5Y0SisUxgxjuAmZG5","batch":[{"event":"app end","properties":{"$set":{"sdk_region_id":"ko-KR","sdk_region_name":"South Korea","sdk_language":"Korean","sdk_os_architecture":"X64","sdk_time_zone":"Korea Standard Time","product_version":"1.1.6"},"$os":"WINDOWS","$os_name":"WINDOWS","$session_id":"6112f47c-bc2a-4113-97b3-e5de8f581d07_f7adda53-d340-4cd9-9279-2cc368e308d2","distinct_id":"b436f785064ea140538673dd9b84f3f59c821871","product_name":"UModeler Hub","product_version":"1.1.6","platform_name":"Unity","platform_version":"6000.0.29f1","screen_width":1920,"screen_height":1080,"viewport_width":1240,"viewport_height":379,"unity_systeminfo_language":"Korean","unity_systeminfo_os":"Windows 10  (10.0.19045) 64bit","unity_systeminfo_graphicsDeviceType":"Direct3D11","unity_systeminfo_graphicsDeviceVendor":"NVIDIA","unity_systeminfo_graphicsDeviceName":"NVIDIA GeForce RTX 2060","unity_systeminfo_deviceType":"Desktop","unity_systeminfo_processorType":"Intel(R) Core(TM) i7-9700F CPU @ 3.00GHz"},"timestamp":"2025-12-03T14:11:39.4912429Z"}]}
[2025-12-03 오후 11:11:40] [Debug] [HubAnalytics] PosthogClient.BatchAsync: Sent 1 queue item(s).
[2025-12-03 오후 11:11:40] [Debug] [Application] Service Release: Tripolygon.UModeler.Hub.HubAnalyticsService
[2025-12-03 오후 11:11:40] [Debug] [Application] Service Release: Tripolygon.UModeler.Hub.HubFlashService
[2025-12-03 오후 11:11:40] [Debug] [Application] Service Release: Tripolygon.UModeler.Editor.UI.UnityEditorApplicationUtilityService
[2025-12-03 오후 11:11:40] [Debug] [Application] Service Release: Tripolygon.UModeler.Hub.HubService
[2025-12-03 오후 11:11:40] [Debug] [Application] Service Release: Tripolygon.UModeler.Editor.UI.UnityEditorApplicationCache
[2025-12-03 오후 11:11:40] [Debug] [Application] Service Release: Tripolygon.UModeler.Hub.HubAuthentication
